ISO-10303-21;
HEADER;
FILE_DESCRIPTION(('KiCad electronic assembly'),'2;1');
FILE_NAME('power.step','2025-04-17T18:31:32',('Pcbnew'),('Kicad'),
  'Open CASCADE STEP processor 7.8','KiCad to STEP converter','Unknown'
  );
FILE_SCHEMA(('AUTOMOTIVE_DESIGN { 1 0 10303 214 1 1 1 1 }'));
ENDSEC;
DATA;
#1 = APPLICATION_PROTOCOL_DEFINITION('international standard',
  'automotive_design',2000,#2);
#2 = APPLICATION_CONTEXT(
  'core data for automotive mechanical design processes');
#3 = SHAPE_DEFINITION_REPRESENTATION(#4,#10);
#4 = PRODUCT_DEFINITION_SHAPE('','',#5);
#5 = PRODUCT_DEFINITION('design','',#6,#9);
#6 = PRODUCT_DEFINITION_FORMATION('','',#7);
#7 = PRODUCT('power 1','power 1','',(#8));
#8 = PRODUCT_CONTEXT('',#2,'mechanical');
#9 = PRODUCT_DEFINITION_CONTEXT('part definition',#2,'design');
#10 = SHAPE_REPRESENTATION('',(#11,#15,#19,#23,#27,#31,#35,#39,#43,#47,
    #51,#55,#59,#63),#67);
#11 = AXIS2_PLACEMENT_3D('',#12,#13,#14);
#12 = CARTESIAN_POINT('',(0.,0.,0.));
#13 = DIRECTION('',(0.,0.,1.));
#14 = DIRECTION('',(1.,0.,-0.));
#15 = AXIS2_PLACEMENT_3D('',#16,#17,#18);
#16 = CARTESIAN_POINT('',(38.5,-35.355,1.595));
#17 = DIRECTION('',(-0.,0.,1.));
#18 = DIRECTION('',(1.110223024625E-16,-1.,0.));
#19 = AXIS2_PLACEMENT_3D('',#20,#21,#22);
#20 = CARTESIAN_POINT('',(35.5,-53.975,1.595));
#21 = DIRECTION('',(0.,-0.,1.));
#22 = DIRECTION('',(1.110223024625E-16,1.,0.));
#23 = AXIS2_PLACEMENT_3D('',#24,#25,#26);
#24 = CARTESIAN_POINT('',(49.46,-31.,1.595));
#25 = DIRECTION('',(0.,-0.,1.));
#26 = DIRECTION('',(1.110223024625E-16,1.,0.));
#27 = AXIS2_PLACEMENT_3D('',#28,#29,#30);
#28 = CARTESIAN_POINT('',(30.,-49.5,1.595));
#29 = DIRECTION('',(0.,0.,1.));
#30 = DIRECTION('',(-1.,1.224646799147E-16,0.));
#31 = AXIS2_PLACEMENT_3D('',#32,#33,#34);
#32 = CARTESIAN_POINT('',(35.5,-35.355,1.595));
#33 = DIRECTION('',(-0.,0.,1.));
#34 = DIRECTION('',(1.110223024625E-16,-1.,0.));
#35 = AXIS2_PLACEMENT_3D('',#36,#37,#38);
#36 = CARTESIAN_POINT('',(30.,-41.5,1.595));
#37 = DIRECTION('',(0.,0.,1.));
#38 = DIRECTION('',(-1.,1.224646799147E-16,0.));
#39 = AXIS2_PLACEMENT_3D('',#40,#41,#42);
#40 = CARTESIAN_POINT('',(49.42,-59.,1.595));
#41 = DIRECTION('',(0.,-0.,1.));
#42 = DIRECTION('',(1.110223024625E-16,1.,0.));
#43 = AXIS2_PLACEMENT_3D('',#44,#45,#46);
#44 = CARTESIAN_POINT('',(36.5,-30.975,1.595));
#45 = DIRECTION('',(-0.,0.,1.));
#46 = DIRECTION('',(1.110223024625E-16,-1.,0.));
#47 = AXIS2_PLACEMENT_3D('',#48,#49,#50);
#48 = CARTESIAN_POINT('',(54.5,-39.975,1.595));
#49 = DIRECTION('',(-0.,0.,1.));
#50 = DIRECTION('',(1.110223024625E-16,-1.,0.));
#51 = AXIS2_PLACEMENT_3D('',#52,#53,#54);
#52 = CARTESIAN_POINT('',(38.5,-53.975,1.595));
#53 = DIRECTION('',(0.,-0.,1.));
#54 = DIRECTION('',(1.110223024625E-16,1.,0.));
#55 = AXIS2_PLACEMENT_3D('',#56,#57,#58);
#56 = CARTESIAN_POINT('',(36.5,-58.975,1.595));
#57 = DIRECTION('',(-0.,0.,1.));
#58 = DIRECTION('',(1.110223024625E-16,-1.,0.));
#59 = AXIS2_PLACEMENT_3D('',#60,#61,#62);
#60 = CARTESIAN_POINT('',(45.,-43.45,1.595));
#61 = DIRECTION('',(-0.,0.,1.));
#62 = DIRECTION('',(1.110223024625E-16,-1.,0.));
#63 = AXIS2_PLACEMENT_3D('',#64,#65,#66);
#64 = CARTESIAN_POINT('',(0.,0.,0.));
#65 = DIRECTION('',(0.,0.,1.));
#66 = DIRECTION('',(1.,0.,-0.));
#67 = ( GEOMETRIC_REPRESENTATION_CONTEXT(3) 
GLOBAL_UNCERTAINTY_ASSIGNED_CONTEXT((#71)) GLOBAL_UNIT_ASSIGNED_CONTEXT(
(#68,#69,#70)) REPRESENTATION_CONTEXT('Context #1',
  '3D Context with UNIT and UNCERTAINTY') );
#68 = ( LENGTH_UNIT() NAMED_UNIT(*) SI_UNIT(.MILLI.,.METRE.) );
#69 = ( NAMED_UNIT(*) PLANE_ANGLE_UNIT() SI_UNIT($,.RADIAN.) );
#70 = ( NAMED_UNIT(*) SI_UNIT($,.STERADIAN.) SOLID_ANGLE_UNIT() );
#71 = UNCERTAINTY_MEASURE_WITH_UNIT(LENGTH_MEASURE(1.E-07),#68,
  'distance_accuracy_value','confusion accuracy');
#72 = PRODUCT_RELATED_PRODUCT_CATEGORY('part',$,(#7));
#73 = SHAPE_DEFINITION_REPRESENTATION(#74,#80);
#74 = PRODUCT_DEFINITION_SHAPE('','',#75);
#75 = PRODUCT_DEFINITION('design','',#76,#79);
#76 = PRODUCT_DEFINITION_FORMATION('','',#77);
#77 = PRODUCT('R_Axial_DIN0207_L6.3mm_D2.5mm_P7.62mm_Horizontal',
  'R_Axial_DIN0207_L6.3mm_D2.5mm_P7.62mm_Horizontal','',(#78));
#78 = PRODUCT_CONTEXT('',#2,'mechanical');
#79 = PRODUCT_DEFINITION_CONTEXT('part definition',#2,'design');
#80 = ADVANCED_BREP_SHAPE_REPRESENTATION('',(#11,#81),#744);
#81 = MANIFOLD_SOLID_BREP('',#82);
#82 = CLOSED_SHELL('',(#83,#116,#142,#162,#345,#370,#396,#416,#441,#466,
    #475,#501,#684,#710,#735));
#83 = ADVANCED_FACE('',(#84),#111,.T.);
#84 = FACE_BOUND('',#85,.T.);
#85 = EDGE_LOOP('',(#86,#95,#103,#110));
#86 = ORIENTED_EDGE('',*,*,#87,.T.);
#87 = EDGE_CURVE('',#88,#88,#90,.T.);
#88 = VERTEX_POINT('',#89);
#89 = CARTESIAN_POINT('',(1.285,1.25,1.25));
#90 = CIRCLE('',#91,1.25);
#91 = AXIS2_PLACEMENT_3D('',#92,#93,#94);
#92 = CARTESIAN_POINT('',(1.285,0.,1.25));
#93 = DIRECTION('',(1.,0.,0.));
#94 = DIRECTION('',(-0.,1.,0.));
#95 = ORIENTED_EDGE('',*,*,#96,.T.);
#96 = EDGE_CURVE('',#88,#97,#99,.T.);
#97 = VERTEX_POINT('',#98);
#98 = CARTESIAN_POINT('',(2.235,1.25,1.25));
#99 = LINE('',#100,#101);
#100 = CARTESIAN_POINT('',(0.66,1.25,1.25));
#101 = VECTOR('',#102,1.);
#102 = DIRECTION('',(1.,0.,0.));
#103 = ORIENTED_EDGE('',*,*,#104,.F.);
#104 = EDGE_CURVE('',#97,#97,#105,.T.);
#105 = CIRCLE('',#106,1.25);
#106 = AXIS2_PLACEMENT_3D('',#107,#108,#109);
#107 = CARTESIAN_POINT('',(2.235,0.,1.25));
#108 = DIRECTION('',(1.,0.,0.));
#109 = DIRECTION('',(-0.,1.,0.));
#110 = ORIENTED_EDGE('',*,*,#96,.F.);
#111 = CYLINDRICAL_SURFACE('',#112,1.25);
#112 = AXIS2_PLACEMENT_3D('',#113,#114,#115);
#113 = CARTESIAN_POINT('',(0.66,0.,1.25));
#114 = DIRECTION('',(-1.,-0.,-0.));
#115 = DIRECTION('',(0.,1.,0.));
#116 = ADVANCED_FACE('',(#117),#137,.T.);
#117 = FACE_BOUND('',#118,.T.);
#118 = EDGE_LOOP('',(#119,#128,#135,#136));
#119 = ORIENTED_EDGE('',*,*,#120,.T.);
#120 = EDGE_CURVE('',#121,#121,#123,.T.);
#121 = VERTEX_POINT('',#122);
#122 = CARTESIAN_POINT('',(0.66,0.625,1.25));
#123 = CIRCLE('',#124,0.625);
#124 = AXIS2_PLACEMENT_3D('',#125,#126,#127);
#125 = CARTESIAN_POINT('',(0.66,0.,1.25));
#126 = DIRECTION('',(1.,0.,0.));
#127 = DIRECTION('',(-0.,1.,0.));
#128 = ORIENTED_EDGE('',*,*,#129,.F.);
#129 = EDGE_CURVE('',#88,#121,#130,.T.);
#130 = CIRCLE('',#131,0.625);
#131 = AXIS2_PLACEMENT_3D('',#132,#133,#134);
#132 = CARTESIAN_POINT('',(1.285,0.625,1.25));
#133 = DIRECTION('',(0.,-0.,1.));
#134 = DIRECTION('',(0.,1.,0.));
#135 = ORIENTED_EDGE('',*,*,#87,.F.);
#136 = ORIENTED_EDGE('',*,*,#129,.T.);
#137 = TOROIDAL_SURFACE('',#138,0.625,0.625);
#138 = AXIS2_PLACEMENT_3D('',#139,#140,#141);
#139 = CARTESIAN_POINT('',(1.285,0.,1.25));
#140 = DIRECTION('',(-1.,0.,0.));
#141 = DIRECTION('',(0.,1.,0.));
#142 = ADVANCED_FACE('',(#143,#146),#157,.F.);
#143 = FACE_BOUND('',#144,.F.);
#144 = EDGE_LOOP('',(#145));
#145 = ORIENTED_EDGE('',*,*,#104,.F.);
#146 = FACE_BOUND('',#147,.F.);
#147 = EDGE_LOOP('',(#148));
#148 = ORIENTED_EDGE('',*,*,#149,.F.);
#149 = EDGE_CURVE('',#150,#150,#152,.T.);
#150 = VERTEX_POINT('',#151);
#151 = CARTESIAN_POINT('',(2.235,1.125,1.25));
#152 = CIRCLE('',#153,1.125);
#153 = AXIS2_PLACEMENT_3D('',#154,#155,#156);
#154 = CARTESIAN_POINT('',(2.235,0.,1.25));
#155 = DIRECTION('',(-1.,0.,0.));
#156 = DIRECTION('',(0.,1.,0.));
#157 = PLANE('',#158);
#158 = AXIS2_PLACEMENT_3D('',#159,#160,#161);
#159 = CARTESIAN_POINT('',(2.235,1.25,1.25));
#160 = DIRECTION('',(-1.,0.,0.));
#161 = DIRECTION('',(0.,0.,-1.));
#162 = ADVANCED_FACE('',(#163,#166),#340,.T.);
#163 = FACE_BOUND('',#164,.T.);
#164 = EDGE_LOOP('',(#165));
#165 = ORIENTED_EDGE('',*,*,#120,.F.);
#166 = FACE_BOUND('',#167,.T.);
#167 = EDGE_LOOP('',(#168));
#168 = ORIENTED_EDGE('',*,*,#169,.F.);
#169 = EDGE_CURVE('',#170,#170,#172,.T.);
#170 = VERTEX_POINT('',#171);
#171 = CARTESIAN_POINT('',(0.66,1.102182119233E-16,0.899909083395));
#172 = B_SPLINE_CURVE_WITH_KNOTS('',6,(#173,#174,#175,#176,#177,#178,
    #179,#180,#181,#182,#183,#184,#185,#186,#187,#188,#189,#190,#191,
    #192,#193,#194,#195,#196,#197,#198,#199,#200,#201,#202,#203,#204,
    #205,#206,#207,#208,#209,#210,#211,#212,#213,#214,#215,#216,#217,
    #218,#219,#220,#221,#222,#223,#224,#225,#226,#227,#228,#229,#230,
    #231,#232,#233,#234,#235,#236,#237,#238,#239,#240,#241,#242,#243,
    #244,#245,#246,#247,#248,#249,#250,#251,#252,#253,#254,#255,#256,
    #257,#258,#259,#260,#261,#262,#263,#264,#265,#266,#267,#268,#269,
    #270,#271,#272,#273,#274,#275,#276,#277,#278,#279,#280,#281,#282,
    #283,#284,#285,#286,#287,#288,#289,#290,#291,#292,#293,#294,#295,
    #296,#297,#298,#299,#300,#301,#302,#303,#304,#305,#306,#307,#308,
    #309,#310,#311,#312,#313,#314,#315,#316,#317,#318,#319,#320,#321,
    #322,#323,#324,#325,#326,#327,#328,#329,#330,#331,#332,#333,#334,
    #335,#336,#337,#338,#339),.UNSPECIFIED.,.T.,.F.,(1,6,5,5,5,5,5,5,5,5
    ,5,5,5,5,5,5,5,5,5,5,5,5,5,5,5,5,5,5,5,5,5,5,5,5,6,1),(
    -3.7441643477E-02,0.,2.521870323933E-02,5.431496394384E-02,
    8.648919549843E-02,0.120700162351,0.155854554579,0.191019956077,
    0.22552099352,0.258944151729,0.291091798271,0.321919308947,
    0.351475044446,0.379851974729,0.407153625953,0.43347490921,
    0.458900868731,0.483545347382,0.505902822615,0.530283950565,
    0.555351989471,0.581274789002,0.608140584187,0.636038742308,
    0.665070462617,0.695336577837,0.72690990423,0.759792997252,
    0.79386262098,0.828806470397,0.864066503475,0.898816439436,
    0.932013287381,0.962558356523,1.,1.025218703239),.UNSPECIFIED.);
#173 = CARTESIAN_POINT('',(0.66,0.,0.899909083395));
#174 = CARTESIAN_POINT('',(0.66,-9.861963323296E-03,0.899909084471));
#175 = CARTESIAN_POINT('',(0.66,-1.960383099012E-02,0.900333558971));
#176 = CARTESIAN_POINT('',(0.66,-2.90667633729E-02,0.901163095205));
#177 = CARTESIAN_POINT('',(0.66,-3.818473840012E-02,0.902336888075));
#178 = CARTESIAN_POINT('',(0.66,-4.697555886318E-02,0.903805406252));
#179 = CARTESIAN_POINT('',(0.66,-6.541217845247E-02,0.907588617289));
#180 = CARTESIAN_POINT('',(0.66,-7.491989955217E-02,0.909985996381));
#181 = CARTESIAN_POINT('',(0.66,-8.408858685729E-02,0.912709602459));
#182 = CARTESIAN_POINT('',(0.66,-9.29431150905E-02,0.915726339128));
#183 = CARTESIAN_POINT('',(0.66,-0.101504886237,0.919011492948));
#184 = CARTESIAN_POINT('',(0.66,-0.118958160976,0.926453793498));
#185 = CARTESIAN_POINT('',(0.66,-0.127787740677,0.930666021227));
#186 = CARTESIAN_POINT('',(0.66,-0.136306213845,0.935155972835));
#187 = CARTESIAN_POINT('',(0.66,-0.144532125259,0.939904061777));
#188 = CARTESIAN_POINT('',(0.66,-0.152479834979,0.944895594586));
#189 = CARTESIAN_POINT('',(0.66,-0.168328675181,0.955672717204));
#190 = CARTESIAN_POINT('',(0.66,-0.176194628708,0.961488338811));
#191 = CARTESIAN_POINT('',(0.66,-0.183772627725,0.967551590964));
#192 = CARTESIAN_POINT('',(0.66,-0.191071921446,0.973851630909));
#193 = CARTESIAN_POINT('',(0.66,-0.19809849539,0.980379998969));
#194 = CARTESIAN_POINT('',(0.66,-0.211800252103,0.99406561399));
#195 = CARTESIAN_POINT('',(0.66,-0.218460183619,1.001235038361));
#196 = CARTESIAN_POINT('',(0.66,-0.224839916669,1.008630424477));
#197 = CARTESIAN_POINT('',(0.66,-0.230940302033,1.016245317007));
#198 = CARTESIAN_POINT('',(0.66,-0.236759778797,1.024074009311));
#199 = CARTESIAN_POINT('',(0.66,-0.247832030244,1.040150827903));
#200 = CARTESIAN_POINT('',(0.66,-0.253084597548,1.048398894868));
#201 = CARTESIAN_POINT('',(0.66,-0.258049056373,1.056850063306));
#202 = CARTESIAN_POINT('',(0.66,-0.262719990238,1.065498702059));
#203 = CARTESIAN_POINT('',(0.66,-0.267090249501,1.07433884651));
#204 = CARTESIAN_POINT('',(0.66,-0.275134936213,1.092219038761));
#205 = CARTESIAN_POINT('',(0.66,-0.278821023102,1.101251941956));
#206 = CARTESIAN_POINT('',(0.66,-0.282200792082,1.110456832947));
#207 = CARTESIAN_POINT('',(0.66,-0.285264705632,1.119826546568));
#208 = CARTESIAN_POINT('',(0.66,-0.288002108658,1.129352827713));
#209 = CARTESIAN_POINT('',(0.66,-0.29272539517,1.148397615962));
#210 = CARTESIAN_POINT('',(0.66,-0.29473218058,1.157906910826));
#211 = CARTESIAN_POINT('',(0.66,-0.296410836061,1.167545600214));
#212 = CARTESIAN_POINT('',(0.66,-0.297750151594,1.177303530334));
#213 = CARTESIAN_POINT('',(0.66,-0.298738455802,1.187169009313));
#214 = CARTESIAN_POINT('',(0.66,-0.299964918417,1.206708514181));
#215 = CARTESIAN_POINT('',(0.66,-0.300230384291,1.216375379318));
#216 = CARTESIAN_POINT('',(0.66,-0.300149186912,1.226117491764));
#217 = CARTESIAN_POINT('',(0.66,-0.299710710819,1.235921272022));
#218 = CARTESIAN_POINT('',(0.66,-0.298904551758,1.245771471938));
#219 = CARTESIAN_POINT('',(0.66,-0.296585103724,1.265125169703));
#220 = CARTESIAN_POINT('',(0.66,-0.295102339165,1.274626258325));
#221 = CARTESIAN_POINT('',(0.66,-0.293263240337,1.284139377081));
#222 = CARTESIAN_POINT('',(0.66,-0.291059628806,1.293647957516));
#223 = CARTESIAN_POINT('',(0.66,-0.288484130363,1.303133926208));
#224 = CARTESIAN_POINT('',(0.66,-0.282698083788,1.321631884472));
#225 = CARTESIAN_POINT('',(0.66,-0.279518227914,1.330647303479));
#226 = CARTESIAN_POINT('',(0.66,-0.275984860345,1.33960658093));
#227 = CARTESIAN_POINT('',(0.66,-0.272093455342,1.348491200819));
#228 = CARTESIAN_POINT('',(0.66,-0.267840708483,1.357281511993));
#229 = CARTESIAN_POINT('',(0.66,-0.258792476906,1.374285940745));
#230 = CARTESIAN_POINT('',(0.66,-0.254025481533,1.382509111114));
#231 = CARTESIAN_POINT('',(0.66,-0.248921768643,1.390607755283));
#232 = CARTESIAN_POINT('',(0.66,-0.243480982245,1.398562700734));
#233 = CARTESIAN_POINT('',(0.66,-0.237704192262,1.406354086406));
#234 = CARTESIAN_POINT('',(0.66,-0.22571513259,1.421280378602));
#235 = CARTESIAN_POINT('',(0.66,-0.219527706492,1.428429037341));
#236 = CARTESIAN_POINT('',(0.66,-0.213033892817,1.435388992124));
#237 = CARTESIAN_POINT('',(0.66,-0.206237433156,1.442141613477));
#238 = CARTESIAN_POINT('',(0.66,-0.199143534101,1.448667989237));
#239 = CARTESIAN_POINT('',(0.66,-0.184639374507,1.46100431938));
#240 = CARTESIAN_POINT('',(0.66,-0.177249666015,1.466831638372));
#241 = CARTESIAN_POINT('',(0.66,-0.169595736209,1.472413656662));
#242 = CARTESIAN_POINT('',(0.66,-0.161685054894,1.477733175901));
#243 = CARTESIAN_POINT('',(0.66,-0.153526567249,1.482773024258));
#244 = CARTESIAN_POINT('',(0.66,-0.137020407721,1.492097753386));
#245 = CARTESIAN_POINT('',(0.66,-0.128688747003,1.496402530856));
#246 = CARTESIAN_POINT('',(0.66,-0.12014499879,1.500414878928));
#247 = CARTESIAN_POINT('',(0.66,-0.111400259626,1.504119593216));
#248 = CARTESIAN_POINT('',(0.66,-0.102467435485,1.507501774849));
#249 = CARTESIAN_POINT('',(0.66,-8.453493192811E-02,1.513498294635));
#250 = CARTESIAN_POINT('',(0.66,-7.554639694304E-02,1.516132890753));
#251 = CARTESIAN_POINT('',(0.66,-6.64085144705E-02,1.518437847791));
#252 = CARTESIAN_POINT('',(0.66,-5.713783351899E-02,1.520400106432));
#253 = CARTESIAN_POINT('',(0.66,-4.775488525608E-02,1.522007764907));
#254 = CARTESIAN_POINT('',(0.66,-2.969295309097E-02,1.524379864025));
#255 = CARTESIAN_POINT('',(0.66,-2.102888075484E-02,1.525208782901));
#256 = CARTESIAN_POINT('',(0.66,-1.231401679426E-02,1.525730893697));
#257 = CARTESIAN_POINT('',(0.66,-3.572675622322E-03,1.525941364018));
#258 = CARTESIAN_POINT('',(0.66,5.168222805428E-03,1.525838983228));
#259 = CARTESIAN_POINT('',(0.66,2.337847467049E-02,1.524978205181));
#260 = CARTESIAN_POINT('',(0.66,3.284375814827E-02,1.524161190409));
#261 = CARTESIAN_POINT('',(0.66,4.224166817951E-02,1.522980309203));
#262 = CARTESIAN_POINT('',(0.66,5.154498116248E-02,1.52144453626));
#263 = CARTESIAN_POINT('',(0.66,6.073223707979E-02,1.519565307122));
#264 = CARTESIAN_POINT('',(0.66,7.909772773064E-02,1.515080653378));
#265 = CARTESIAN_POINT('',(0.66,8.826753248322E-02,1.512456350085));
#266 = CARTESIAN_POINT('',(0.66,9.727917108862E-02,1.509494369221));
#267 = CARTESIAN_POINT('',(0.66,0.106117308319,1.506208374239));
#268 = CARTESIAN_POINT('',(0.66,0.114768939441,1.502612541932));
#269 = CARTESIAN_POINT('',(0.66,0.131966117695,1.494697909774));
#270 = CARTESIAN_POINT('',(0.66,0.140497702999,1.490358571609));
#271 = CARTESIAN_POINT('',(0.66,0.148806061897,1.485719660214));
#272 = CARTESIAN_POINT('',(0.66,0.156880650792,1.480797427009));
#273 = CARTESIAN_POINT('',(0.66,0.164712466725,1.47560826256));
#274 = CARTESIAN_POINT('',(0.66,0.180151423764,1.464531255078));
#275 = CARTESIAN_POINT('',(0.66,0.187739958872,1.458624810593));
#276 = CARTESIAN_POINT('',(0.66,0.195051326582,1.452467732556));
#277 = CARTESIAN_POINT('',(0.66,0.202078661493,1.446078253645));
#278 = CARTESIAN_POINT('',(0.66,0.208816558921,1.439474469779));
#279 = CARTESIAN_POINT('',(0.66,0.221953232148,1.425612904145));
#280 = CARTESIAN_POINT('',(0.66,0.228328983313,1.41833967682));
#281 = CARTESIAN_POINT('',(0.66,0.234383958936,1.410874731309));
#282 = CARTESIAN_POINT('',(0.66,0.240115246881,1.403237638329));
#283 = CARTESIAN_POINT('',(0.66,0.245521392347,1.395447466144));
#284 = CARTESIAN_POINT('',(0.66,0.255889855564,1.379276097975));
#285 = CARTESIAN_POINT('',(0.66,0.260825146013,1.370883681886));
#286 = CARTESIAN_POINT('',(0.66,0.265408341569,1.362366377835));
#287 = CARTESIAN_POINT('',(0.66,0.269640849736,1.353744088225));
#288 = CARTESIAN_POINT('',(0.66,0.273525413156,1.345035772328));
#289 = CARTESIAN_POINT('',(0.66,0.280757352367,1.327109961101));
#290 = CARTESIAN_POINT('',(0.66,0.284074759274,1.317886517643));
#291 = CARTESIAN_POINT('',(0.66,0.287023012024,1.308609403309));
#292 = CARTESIAN_POINT('',(0.66,0.289607802772,1.299297542852));
#293 = CARTESIAN_POINT('',(0.66,0.291835834134,1.289968498384));
#294 = CARTESIAN_POINT('',(0.66,0.295674958709,1.270905470981));
#295 = CARTESIAN_POINT('',(0.66,0.297255116553,1.261171411794));
#296 = CARTESIAN_POINT('',(0.66,0.298464074992,1.251454521799));
#297 = CARTESIAN_POINT('',(0.66,0.299311100714,1.241771401083));
#298 = CARTESIAN_POINT('',(0.66,0.299805944827,1.232137019844));
#299 = CARTESIAN_POINT('',(0.66,0.30011808361,1.212595326012));
#300 = CARTESIAN_POINT('',(0.66,0.299906283631,1.202693348802));
#301 = CARTESIAN_POINT('',(0.66,0.299334987113,1.192873693594));
#302 = CARTESIAN_POINT('',(0.66,0.298415571185,1.183149633751));
#303 = CARTESIAN_POINT('',(0.66,0.297159245916,1.173532809156));
#304 = CARTESIAN_POINT('',(0.66,0.293937772017,1.154190866917));
#305 = CARTESIAN_POINT('',(0.66,0.291948568133,1.144474505513));
#306 = CARTESIAN_POINT('',(0.66,0.289621677512,1.134895129825));
#307 = CARTESIAN_POINT('',(0.66,0.286968496105,1.125462405282));
#308 = CARTESIAN_POINT('',(0.66,0.283999580964,1.116184674916));
#309 = CARTESIAN_POINT('',(0.66,0.277365684897,1.097719334783));
#310 = CARTESIAN_POINT('',(0.66,0.273684712853,1.08854034335));
#311 = CARTESIAN_POINT('',(0.66,0.269692176119,1.079539433524));
#312 = CARTESIAN_POINT('',(0.66,0.265397048483,1.07072335418));
#313 = CARTESIAN_POINT('',(0.66,0.260806835513,1.062098154612));
#314 = CARTESIAN_POINT('',(0.66,0.251004164416,1.045163946312));
#315 = CARTESIAN_POINT('',(0.66,0.245786379559,1.036858764173));
#316 = CARTESIAN_POINT('',(0.66,0.240280407048,1.028758964174));
#317 = CARTESIAN_POINT('',(0.66,0.234490342534,1.020870115558));
#318 = CARTESIAN_POINT('',(0.66,0.228418190257,1.013198030747));
#319 = CARTESIAN_POINT('',(0.66,0.215801462132,0.998407266407));
#320 = CARTESIAN_POINT('',(0.66,0.209265037039,0.991282398269));
#321 = CARTESIAN_POINT('',(0.66,0.202454011648,0.98438004474));
#322 = CARTESIAN_POINT('',(0.66,0.195365844133,0.977707070031));
#323 = CARTESIAN_POINT('',(0.66,0.187995125017,0.971271927442));
#324 = CARTESIAN_POINT('',(0.66,0.173012685338,0.959175110633));
#325 = CARTESIAN_POINT('',(0.66,0.165426730288,0.953491920673));
#326 = CARTESIAN_POINT('',(0.66,0.157566473117,0.948044968651));
#327 = CARTESIAN_POINT('',(0.66,0.149421191466,0.9428457983));
#328 = CARTESIAN_POINT('',(0.66,0.140976348171,0.937909629891));
#329 = CARTESIAN_POINT('',(0.66,0.124148062588,0.928975570166));
#330 = CARTESIAN_POINT('',(0.66,0.115814079383,0.924934455913));
#331 = CARTESIAN_POINT('',(0.66,0.107194119667,0.921149233675));
#332 = CARTESIAN_POINT('',(0.66,9.826941158436E-02,0.91763978502));
#333 = CARTESIAN_POINT('',(0.66,8.901687105598E-02,0.914432779149));
#334 = CARTESIAN_POINT('',(0.66,6.762842160337E-02,0.908048369916));
#335 = CARTESIAN_POINT('',(0.66,5.540310162877E-02,0.905067930004));
#336 = CARTESIAN_POINT('',(0.66,4.253150709481E-02,0.902628405907));
#337 = CARTESIAN_POINT('',(0.66,2.893757304003E-02,0.900850137762));
#338 = CARTESIAN_POINT('',(0.66,1.468319780375E-02,0.899909084997));
#339 = CARTESIAN_POINT('',(0.66,0.,0.899909083395));
#340 = PLANE('',#341);
#341 = AXIS2_PLACEMENT_3D('',#342,#343,#344);
#342 = CARTESIAN_POINT('',(0.66,1.25,1.25));
#343 = DIRECTION('',(-1.,0.,0.));
#344 = DIRECTION('',(0.,0.,-1.));
#345 = ADVANCED_FACE('',(#346),#365,.T.);
#346 = FACE_BOUND('',#347,.T.);
#347 = EDGE_LOOP('',(#348,#357,#363,#364));
#348 = ORIENTED_EDGE('',*,*,#349,.T.);
#349 = EDGE_CURVE('',#350,#350,#352,.T.);
#350 = VERTEX_POINT('',#351);
#351 = CARTESIAN_POINT('',(5.385,1.125,1.25));
#352 = CIRCLE('',#353,1.125);
#353 = AXIS2_PLACEMENT_3D('',#354,#355,#356);
#354 = CARTESIAN_POINT('',(5.385,0.,1.25));
#355 = DIRECTION('',(-1.,0.,0.));
#356 = DIRECTION('',(0.,1.,0.));
#357 = ORIENTED_EDGE('',*,*,#358,.F.);
#358 = EDGE_CURVE('',#150,#350,#359,.T.);
#359 = LINE('',#360,#361);
#360 = CARTESIAN_POINT('',(0.66,1.125,1.25));
#361 = VECTOR('',#362,1.);
#362 = DIRECTION('',(1.,0.,0.));
#363 = ORIENTED_EDGE('',*,*,#149,.F.);
#364 = ORIENTED_EDGE('',*,*,#358,.T.);
#365 = CYLINDRICAL_SURFACE('',#366,1.125);
#366 = AXIS2_PLACEMENT_3D('',#367,#368,#369);
#367 = CARTESIAN_POINT('',(0.66,0.,1.25));
#368 = DIRECTION('',(-1.,-0.,-0.));
#369 = DIRECTION('',(0.,1.,0.));
#370 = ADVANCED_FACE('',(#371),#391,.T.);
#371 = FACE_BOUND('',#372,.T.);
#372 = EDGE_LOOP('',(#373,#382,#389,#390));
#373 = ORIENTED_EDGE('',*,*,#374,.T.);
#374 = EDGE_CURVE('',#375,#375,#377,.T.);
#375 = VERTEX_POINT('',#376);
#376 = CARTESIAN_POINT('',(0.3,0.,0.35));
#377 = CIRCLE('',#378,0.3);
#378 = AXIS2_PLACEMENT_3D('',#379,#380,#381);
#379 = CARTESIAN_POINT('',(0.,0.,0.35));
#380 = DIRECTION('',(0.,0.,1.));
#381 = DIRECTION('',(1.,0.,-0.));
#382 = ORIENTED_EDGE('',*,*,#383,.T.);
#383 = EDGE_CURVE('',#375,#170,#384,.T.);
#384 = CIRCLE('',#385,0.6);
#385 = AXIS2_PLACEMENT_3D('',#386,#387,#388);
#386 = CARTESIAN_POINT('',(0.9,1.102182119233E-16,0.35));
#387 = DIRECTION('',(0.,1.,-0.));
#388 = DIRECTION('',(-1.,0.,4.93432455389E-16));
#389 = ORIENTED_EDGE('',*,*,#169,.T.);
#390 = ORIENTED_EDGE('',*,*,#383,.F.);
#391 = TOROIDAL_SURFACE('',#392,0.9,0.3);
#392 = AXIS2_PLACEMENT_3D('',#393,#394,#395);
#393 = CARTESIAN_POINT('',(0.9,0.,0.35));
#394 = DIRECTION('',(0.,1.,0.));
#395 = DIRECTION('',(-1.,0.,4.93432455389E-16));
#396 = ADVANCED_FACE('',(#397,#408),#411,.T.);
#397 = FACE_BOUND('',#398,.T.);
#398 = EDGE_LOOP('',(#399));
#399 = ORIENTED_EDGE('',*,*,#400,.F.);
#400 = EDGE_CURVE('',#401,#401,#403,.T.);
#401 = VERTEX_POINT('',#402);
#402 = CARTESIAN_POINT('',(5.385,1.25,1.25));
#403 = CIRCLE('',#404,1.25);
#404 = AXIS2_PLACEMENT_3D('',#405,#406,#407);
#405 = CARTESIAN_POINT('',(5.385,0.,1.25));
#406 = DIRECTION('',(1.,0.,0.));
#407 = DIRECTION('',(-0.,1.,0.));
#408 = FACE_BOUND('',#409,.T.);
#409 = EDGE_LOOP('',(#410));
#410 = ORIENTED_EDGE('',*,*,#349,.F.);
#411 = PLANE('',#412);
#412 = AXIS2_PLACEMENT_3D('',#413,#414,#415);
#413 = CARTESIAN_POINT('',(5.385,1.25,1.25));
#414 = DIRECTION('',(-1.,0.,0.));
#415 = DIRECTION('',(0.,0.,-1.));
#416 = ADVANCED_FACE('',(#417),#436,.T.);
#417 = FACE_BOUND('',#418,.T.);
#418 = EDGE_LOOP('',(#419,#427,#428,#429));
#419 = ORIENTED_EDGE('',*,*,#420,.T.);
#420 = EDGE_CURVE('',#421,#375,#423,.T.);
#421 = VERTEX_POINT('',#422);
#422 = CARTESIAN_POINT('',(0.3,-7.347880794884E-17,-3.));
#423 = LINE('',#424,#425);
#424 = CARTESIAN_POINT('',(0.3,0.,-3.));
#425 = VECTOR('',#426,1.);
#426 = DIRECTION('',(0.,0.,1.));
#427 = ORIENTED_EDGE('',*,*,#374,.F.);
#428 = ORIENTED_EDGE('',*,*,#420,.F.);
#429 = ORIENTED_EDGE('',*,*,#430,.T.);
#430 = EDGE_CURVE('',#421,#421,#431,.T.);
#431 = CIRCLE('',#432,0.3);
#432 = AXIS2_PLACEMENT_3D('',#433,#434,#435);
#433 = CARTESIAN_POINT('',(0.,0.,-3.));
#434 = DIRECTION('',(0.,0.,1.));
#435 = DIRECTION('',(1.,0.,-0.));
#436 = CYLINDRICAL_SURFACE('',#437,0.3);
#437 = AXIS2_PLACEMENT_3D('',#438,#439,#440);
#438 = CARTESIAN_POINT('',(0.,0.,-3.));
#439 = DIRECTION('',(0.,0.,1.));
#440 = DIRECTION('',(1.,0.,-0.));
#441 = ADVANCED_FACE('',(#442),#461,.T.);
#442 = FACE_BOUND('',#443,.T.);
#443 = EDGE_LOOP('',(#444,#445,#453,#460));
#444 = ORIENTED_EDGE('',*,*,#400,.T.);
#445 = ORIENTED_EDGE('',*,*,#446,.T.);
#446 = EDGE_CURVE('',#401,#447,#449,.T.);
#447 = VERTEX_POINT('',#448);
#448 = CARTESIAN_POINT('',(6.335,1.25,1.25));
#449 = LINE('',#450,#451);
#450 = CARTESIAN_POINT('',(5.385,1.25,1.25));
#451 = VECTOR('',#452,1.);
#452 = DIRECTION('',(1.,0.,0.));
#453 = ORIENTED_EDGE('',*,*,#454,.F.);
#454 = EDGE_CURVE('',#447,#447,#455,.T.);
#455 = CIRCLE('',#456,1.25);
#456 = AXIS2_PLACEMENT_3D('',#457,#458,#459);
#457 = CARTESIAN_POINT('',(6.335,0.,1.25));
#458 = DIRECTION('',(1.,0.,0.));
#459 = DIRECTION('',(-0.,1.,0.));
#460 = ORIENTED_EDGE('',*,*,#446,.F.);
#461 = CYLINDRICAL_SURFACE('',#462,1.25);
#462 = AXIS2_PLACEMENT_3D('',#463,#464,#465);
#463 = CARTESIAN_POINT('',(5.385,0.,1.25));
#464 = DIRECTION('',(-1.,-0.,-0.));
#465 = DIRECTION('',(0.,1.,0.));
#466 = ADVANCED_FACE('',(#467),#470,.T.);
#467 = FACE_BOUND('',#468,.F.);
#468 = EDGE_LOOP('',(#469));
#469 = ORIENTED_EDGE('',*,*,#430,.T.);
#470 = PLANE('',#471);
#471 = AXIS2_PLACEMENT_3D('',#472,#473,#474);
#472 = CARTESIAN_POINT('',(0.3,0.,-3.));
#473 = DIRECTION('',(0.,0.,-1.));
#474 = DIRECTION('',(-1.,0.,0.));
#475 = ADVANCED_FACE('',(#476),#496,.T.);
#476 = FACE_BOUND('',#477,.T.);
#477 = EDGE_LOOP('',(#478,#487,#488,#489));
#478 = ORIENTED_EDGE('',*,*,#479,.F.);
#479 = EDGE_CURVE('',#447,#480,#482,.T.);
#480 = VERTEX_POINT('',#481);
#481 = CARTESIAN_POINT('',(6.96,0.625,1.25));
#482 = CIRCLE('',#483,0.625);
#483 = AXIS2_PLACEMENT_3D('',#484,#485,#486);
#484 = CARTESIAN_POINT('',(6.335,0.625,1.25));
#485 = DIRECTION('',(0.,0.,-1.));
#486 = DIRECTION('',(0.,1.,0.));
#487 = ORIENTED_EDGE('',*,*,#454,.T.);
#488 = ORIENTED_EDGE('',*,*,#479,.T.);
#489 = ORIENTED_EDGE('',*,*,#490,.F.);
#490 = EDGE_CURVE('',#480,#480,#491,.T.);
#491 = CIRCLE('',#492,0.625);
#492 = AXIS2_PLACEMENT_3D('',#493,#494,#495);
#493 = CARTESIAN_POINT('',(6.96,0.,1.25));
#494 = DIRECTION('',(1.,0.,0.));
#495 = DIRECTION('',(-0.,1.,0.));
#496 = TOROIDAL_SURFACE('',#497,0.625,0.625);
#497 = AXIS2_PLACEMENT_3D('',#498,#499,#500);
#498 = CARTESIAN_POINT('',(6.335,0.,1.25));
#499 = DIRECTION('',(1.,0.,0.));
#500 = DIRECTION('',(-0.,1.,0.));
#501 = ADVANCED_FACE('',(#502,#505),#679,.F.);
#502 = FACE_BOUND('',#503,.F.);
#503 = EDGE_LOOP('',(#504));
#504 = ORIENTED_EDGE('',*,*,#490,.F.);
#505 = FACE_BOUND('',#506,.F.);
#506 = EDGE_LOOP('',(#507));
#507 = ORIENTED_EDGE('',*,*,#508,.F.);
#508 = EDGE_CURVE('',#509,#509,#511,.T.);
#509 = VERTEX_POINT('',#510);
#510 = CARTESIAN_POINT('',(6.96,1.102182119233E-16,0.899909083395));
#511 = B_SPLINE_CURVE_WITH_KNOTS('',6,(#512,#513,#514,#515,#516,#517,
    #518,#519,#520,#521,#522,#523,#524,#525,#526,#527,#528,#529,#530,
    #531,#532,#533,#534,#535,#536,#537,#538,#539,#540,#541,#542,#543,
    #544,#545,#546,#547,#548,#549,#550,#551,#552,#553,#554,#555,#556,
    #557,#558,#559,#560,#561,#562,#563,#564,#565,#566,#567,#568,#569,
    #570,#571,#572,#573,#574,#575,#576,#577,#578,#579,#580,#581,#582,
    #583,#584,#585,#586,#587,#588,#589,#590,#591,#592,#593,#594,#595,
    #596,#597,#598,#599,#600,#601,#602,#603,#604,#605,#606,#607,#608,
    #609,#610,#611,#612,#613,#614,#615,#616,#617,#618,#619,#620,#621,
    #622,#623,#624,#625,#626,#627,#628,#629,#630,#631,#632,#633,#634,
    #635,#636,#637,#638,#639,#640,#641,#642,#643,#644,#645,#646,#647,
    #648,#649,#650,#651,#652,#653,#654,#655,#656,#657,#658,#659,#660,
    #661,#662,#663,#664,#665,#666,#667,#668,#669,#670,#671,#672,#673,
    #674,#675,#676,#677,#678),.UNSPECIFIED.,.T.,.F.,(1,6,5,5,5,5,5,5,5,5
    ,5,5,5,5,5,5,5,5,5,5,5,5,5,5,5,5,5,5,5,5,5,5,5,5,6,1),(
    -3.7454922963E-02,0.,2.522151735631E-02,5.431626764274E-02,
    8.648932873413E-02,0.120698905604,0.15585219498,0.191016701755,
    0.225517033144,0.258939642143,0.291086884381,0.32191412294,
    0.351469698498,0.379846555914,0.407148198058,0.433469525493,
    0.458895614127,0.483540398702,0.505898369155,0.530279933853,
    0.555348100008,0.581270886766,0.608136607836,0.636034631737,
    0.665066137875,0.695331933304,0.726904811218,0.759787311372,
    0.793856187529,0.828799116201,0.864057997078,0.898806507422,
    0.932001552493,0.962545077037,1.,1.025221517356),.UNSPECIFIED.);
#512 = CARTESIAN_POINT('',(6.96,0.,0.899909083395));
#513 = CARTESIAN_POINT('',(6.96,-9.860167462582E-03,0.89990896861));
#514 = CARTESIAN_POINT('',(6.96,-1.96044152314E-02,0.900333777569));
#515 = CARTESIAN_POINT('',(6.96,-2.906856746895E-02,0.901162791225));
#516 = CARTESIAN_POINT('',(6.96,-3.818494668051E-02,0.902337445313));
#517 = CARTESIAN_POINT('',(6.96,-4.697397432956E-02,0.903804960014));
#518 = CARTESIAN_POINT('',(6.96,-6.54122858756E-02,0.907588661461));
#519 = CARTESIAN_POINT('',(6.96,-7.491985816654E-02,0.909985989386));
#520 = CARTESIAN_POINT('',(6.96,-8.408849098391E-02,0.912709553602));
#521 = CARTESIAN_POINT('',(6.96,-9.294310465939E-02,0.915726321464));
#522 = CARTESIAN_POINT('',(6.96,-0.10150496885,0.919011549987));
#523 = CARTESIAN_POINT('',(6.96,-0.118958221281,0.926453836747));
#524 = CARTESIAN_POINT('',(6.96,-0.127787715696,0.930666010737));
#525 = CARTESIAN_POINT('',(6.96,-0.136306161655,0.935155928941));
#526 = CARTESIAN_POINT('',(6.96,-0.144532121634,0.939904049757));
#527 = CARTESIAN_POINT('',(6.96,-0.152479877126,0.944895641374));
#528 = CARTESIAN_POINT('',(6.96,-0.168328600516,0.955672815412));
#529 = CARTESIAN_POINT('',(6.96,-0.176194773963,0.961488214941));
#530 = CARTESIAN_POINT('',(6.96,-0.183772608747,0.967551566344));
#531 = CARTESIAN_POINT('',(6.96,-0.191071765541,0.973851742068));
#532 = CARTESIAN_POINT('',(6.96,-0.198098606692,0.980379951052));
#533 = CARTESIAN_POINT('',(6.96,-0.211800202804,0.994065659178));
#534 = CARTESIAN_POINT('',(6.96,-0.218460270558,1.001234983766));
#535 = CARTESIAN_POINT('',(6.96,-0.224839910615,1.00863041136));
#536 = CARTESIAN_POINT('',(6.96,-0.230940211566,1.016245364777));
#537 = CARTESIAN_POINT('',(6.96,-0.236759839456,1.024073990789));
#538 = CARTESIAN_POINT('',(6.96,-0.247832003876,1.040150861324));
#539 = CARTESIAN_POINT('',(6.96,-0.253084568675,1.048398903269));
#540 = CARTESIAN_POINT('',(6.96,-0.258049049185,1.05685004652));
#541 = CARTESIAN_POINT('',(6.96,-0.2627200155,1.065498685566));
#542 = CARTESIAN_POINT('',(6.96,-0.267090290802,1.074338848812));
#543 = CARTESIAN_POINT('',(6.96,-0.275134913375,1.092219064394));
#544 = CARTESIAN_POINT('',(6.96,-0.278821000575,1.10125194666));
#545 = CARTESIAN_POINT('',(6.96,-0.282200788118,1.110456818481));
#546 = CARTESIAN_POINT('',(6.96,-0.285264726102,1.119826534893));
#547 = CARTESIAN_POINT('',(6.96,-0.288002139566,1.129352832871));
#548 = CARTESIAN_POINT('',(6.96,-0.292725370416,1.148397637921));
#549 = CARTESIAN_POINT('',(6.96,-0.29473215882,1.157906911838));
#550 = CARTESIAN_POINT('',(6.96,-0.296410834199,1.16754558505));
#551 = CARTESIAN_POINT('',(6.96,-0.297750172302,1.177303521997));
#552 = CARTESIAN_POINT('',(6.96,-0.298738484134,1.187169019587));
#553 = CARTESIAN_POINT('',(6.96,-0.29996489055,1.20670853133));
#554 = CARTESIAN_POINT('',(6.96,-0.300230362775,1.216375375657));
#555 = CARTESIAN_POINT('',(6.96,-0.300149187552,1.22611747583));
#556 = CARTESIAN_POINT('',(6.96,-0.299710732489,1.235921267953));
#557 = CARTESIAN_POINT('',(6.96,-0.298904577874,1.245771488577));
#558 = CARTESIAN_POINT('',(6.96,-0.296585075031,1.265125180201));
#559 = CARTESIAN_POINT('',(6.96,-0.295102319855,1.27462625024));
#560 = CARTESIAN_POINT('',(6.96,-0.293263243612,1.284139361954));
#561 = CARTESIAN_POINT('',(6.96,-0.29105964956,1.293647958229));
#562 = CARTESIAN_POINT('',(6.96,-0.288484151749,1.303133947704));
#563 = CARTESIAN_POINT('',(6.96,-0.282698057797,1.321631888118));
#564 = CARTESIAN_POINT('',(6.96,-0.279518212828,1.330647292743));
#565 = CARTESIAN_POINT('',(6.96,-0.275984865526,1.339606568389));
#566 = CARTESIAN_POINT('',(6.96,-0.27209347283,1.348491205415));
#567 = CARTESIAN_POINT('',(6.96,-0.26784072321,1.357281534804));
#568 = CARTESIAN_POINT('',(6.96,-0.258792456003,1.374285939199));
#569 = CARTESIAN_POINT('',(6.96,-0.254025471274,1.382509099941));
#570 = CARTESIAN_POINT('',(6.96,-0.248921774536,1.390607746147));
#571 = CARTESIAN_POINT('',(6.96,-0.24348099529,1.398562707415));
#572 = CARTESIAN_POINT('',(6.96,-0.237704200488,1.406354107177));
#573 = CARTESIAN_POINT('',(6.96,-0.225715116467,1.421280374005));
#574 = CARTESIAN_POINT('',(6.96,-0.219527700064,1.428429026844));
#575 = CARTESIAN_POINT('',(6.96,-0.213033898729,1.435388985848));
#576 = CARTESIAN_POINT('',(6.96,-0.206237442407,1.442141620875));
#577 = CARTESIAN_POINT('',(6.96,-0.199143537578,1.448668007007));
#578 = CARTESIAN_POINT('',(6.96,-0.184639358866,1.461004311837));
#579 = CARTESIAN_POINT('',(6.96,-0.177249661366,1.46683162664));
#580 = CARTESIAN_POINT('',(6.96,-0.169595743404,1.472413651413));
#581 = CARTESIAN_POINT('',(6.96,-0.161685063001,1.477733185029));
#582 = CARTESIAN_POINT('',(6.96,-0.153526567552,1.482773042789));
#583 = CARTESIAN_POINT('',(6.96,-0.137020377957,1.492097733275));
#584 = CARTESIAN_POINT('',(6.96,-0.128688741655,1.496402506097));
#585 = CARTESIAN_POINT('',(6.96,-0.120145015698,1.500414870926));
#586 = CARTESIAN_POINT('',(6.96,-0.111400273136,1.504119613979));
#587 = CARTESIAN_POINT('',(6.96,-0.102467429294,1.507501811642));
#588 = CARTESIAN_POINT('',(6.96,-8.453487359643E-02,1.513498183633));
#589 = CARTESIAN_POINT('',(6.96,-7.554644720911E-02,1.51613308184));
#590 = CARTESIAN_POINT('',(6.96,-6.640854708582E-02,1.518437839156));
#591 = CARTESIAN_POINT('',(6.96,-5.713780068804E-02,1.520399910874));
#592 = CARTESIAN_POINT('',(6.96,-4.775487845774E-02,1.522007893513));
#593 = CARTESIAN_POINT('',(6.96,-2.969292548283E-02,1.52437977876));
#594 = CARTESIAN_POINT('',(6.96,-2.102889094976E-02,1.525208924822));
#595 = CARTESIAN_POINT('',(6.96,-1.231404153143E-02,1.525730890851));
#596 = CARTESIAN_POINT('',(6.96,-3.572679276074E-03,1.525941220805));
#597 = CARTESIAN_POINT('',(6.96,5.168243033088E-03,1.52583907475));
#598 = CARTESIAN_POINT('',(6.96,2.337844678287E-02,1.524978413229));
#599 = CARTESIAN_POINT('',(6.96,3.284373024997E-02,1.524160868463));
#600 = CARTESIAN_POINT('',(6.96,4.224172239025E-02,1.522980299422));
#601 = CARTESIAN_POINT('',(6.96,5.154503802108E-02,1.521444853212));
#602 = CARTESIAN_POINT('',(6.96,6.073215666605E-02,1.519565119195));
#603 = CARTESIAN_POINT('',(6.96,7.909771199475E-02,1.515080715405));
#604 = CARTESIAN_POINT('',(6.96,8.82675531125E-02,1.512456387335));
#605 = CARTESIAN_POINT('',(6.96,9.727920151967E-02,1.509494357792));
#606 = CARTESIAN_POINT('',(6.96,0.106117302403,1.506208331254));
#607 = CARTESIAN_POINT('',(6.96,0.114768890523,1.502612503667));
#608 = CARTESIAN_POINT('',(6.96,0.1319661163,1.494697932395));
#609 = CARTESIAN_POINT('',(6.96,0.140497712216,1.490358583428));
#610 = CARTESIAN_POINT('',(6.96,0.148806071355,1.485719654426));
#611 = CARTESIAN_POINT('',(6.96,0.156880646133,1.480797412311));
#612 = CARTESIAN_POINT('',(6.96,0.164712447986,1.475608252032));
#613 = CARTESIAN_POINT('',(6.96,0.180151425777,1.46453127229));
#614 = CARTESIAN_POINT('',(6.96,0.187739967164,1.45862481836));
#615 = CARTESIAN_POINT('',(6.96,0.195051332691,1.452467727028));
#616 = CARTESIAN_POINT('',(6.96,0.20207865613,1.446078243141));
#617 = CARTESIAN_POINT('',(6.96,0.208816543867,1.439474464151));
#618 = CARTESIAN_POINT('',(6.96,0.221953238059,1.425612923524));
#619 = CARTESIAN_POINT('',(6.96,0.228328994524,1.418339683896));
#620 = CARTESIAN_POINT('',(6.96,0.234383964852,1.410874723556));
#621 = CARTESIAN_POINT('',(6.96,0.240115238483,1.403237627432));
#622 = CARTESIAN_POINT('',(6.96,0.245521373748,1.395447463058));
#623 = CARTESIAN_POINT('',(6.96,0.25588986733,1.379276120213));
#624 = CARTESIAN_POINT('',(6.96,0.260825161615,1.370883687614));
#625 = CARTESIAN_POINT('',(6.96,0.265408347201,1.362366366749));
#626 = CARTESIAN_POINT('',(6.96,0.269640836772,1.353744077057));
#627 = CARTESIAN_POINT('',(6.96,0.273525389215,1.345035773446));
#628 = CARTESIAN_POINT('',(6.96,0.280757370989,1.327109983642));
#629 = CARTESIAN_POINT('',(6.96,0.284074778857,1.317886520225));
#630 = CARTESIAN_POINT('',(6.96,0.28702301626,1.308609389122));
#631 = CARTESIAN_POINT('',(6.96,0.289607785113,1.29929753334));
#632 = CARTESIAN_POINT('',(6.96,0.291835806202,1.289968505808));
#633 = CARTESIAN_POINT('',(6.96,0.295674983107,1.270905490066));
#634 = CARTESIAN_POINT('',(6.96,0.297255138129,1.261171409814));
#635 = CARTESIAN_POINT('',(6.96,0.298464076807,1.251454505978));
#636 = CARTESIAN_POINT('',(6.96,0.299311079865,1.241771395371));
#637 = CARTESIAN_POINT('',(6.96,0.299805916194,1.232137034265));
#638 = CARTESIAN_POINT('',(6.96,0.300118111197,1.212595339038));
#639 = CARTESIAN_POINT('',(6.96,0.299906304864,1.202693342182));
#640 = CARTESIAN_POINT('',(6.96,0.299334986276,1.192873677979));
#641 = CARTESIAN_POINT('',(6.96,0.298415549391,1.183149632812));
#642 = CARTESIAN_POINT('',(6.96,0.29715921972,1.173532829284));
#643 = CARTESIAN_POINT('',(6.96,0.293937801394,1.154190874));
#644 = CARTESIAN_POINT('',(6.96,0.291948588365,1.144474495238));
#645 = CARTESIAN_POINT('',(6.96,0.28962167445,1.134895115228));
#646 = CARTESIAN_POINT('',(6.96,0.286968474246,1.125462408515));
#647 = CARTESIAN_POINT('',(6.96,0.283999557728,1.116184698885));
#648 = CARTESIAN_POINT('',(6.96,0.277365720041,1.097719338125));
#649 = CARTESIAN_POINT('',(6.96,0.273684735103,1.088540329457));
#650 = CARTESIAN_POINT('',(6.96,0.269692170683,1.079539418357));
#651 = CARTESIAN_POINT('',(6.96,0.265397023465,1.070723360764));
#652 = CARTESIAN_POINT('',(6.96,0.260806811571,1.062098183552));
#653 = CARTESIAN_POINT('',(6.96,0.251004219697,1.045163947022));
#654 = CARTESIAN_POINT('',(6.96,0.245786411547,1.036858741787));
#655 = CARTESIAN_POINT('',(6.96,0.240280395782,1.028758943151));
#656 = CARTESIAN_POINT('',(6.96,0.234490304979,1.02087012779));
#657 = CARTESIAN_POINT('',(6.96,0.22841815861,1.013198074729));
#658 = CARTESIAN_POINT('',(6.96,0.215801547815,0.998407234883));
#659 = CARTESIAN_POINT('',(6.96,0.209264913083,0.99128247471));
#660 = CARTESIAN_POINT('',(6.96,0.202454000094,0.984380026053));
#661 = CARTESIAN_POINT('',(6.96,0.195365961507,0.977706983911));
#662 = CARTESIAN_POINT('',(6.96,0.187995061392,0.971271997058));
#663 = CARTESIAN_POINT('',(6.96,0.173012837564,0.959175029375));
#664 = CARTESIAN_POINT('',(6.96,0.165426529007,0.953492099376));
#665 = CARTESIAN_POINT('',(6.96,0.157566437944,0.948044934321));
#666 = CARTESIAN_POINT('',(6.96,0.149421373308,0.942845601948));
#667 = CARTESIAN_POINT('',(6.96,0.140976264593,0.937909781461));
#668 = CARTESIAN_POINT('',(6.96,0.124148131162,0.928975627958));
#669 = CARTESIAN_POINT('',(6.96,0.115814071992,0.924934439518));
#670 = CARTESIAN_POINT('',(6.96,0.107194037794,0.921149181784));
#671 = CARTESIAN_POINT('',(6.96,9.826937450524E-02,0.917639774974));
#672 = CARTESIAN_POINT('',(6.96,8.901696421491E-02,0.914432828225));
#673 = CARTESIAN_POINT('',(6.96,6.762356037127E-02,0.908046964389));
#674 = CARTESIAN_POINT('',(6.96,5.540377745077E-02,0.905068595899));
#675 = CARTESIAN_POINT('',(6.96,4.253681255711E-02,0.902629529668));
#676 = CARTESIAN_POINT('',(6.96,2.893994360873E-02,0.900849442899));
#677 = CARTESIAN_POINT('',(6.96,1.46772221458E-02,0.899909046356));
#678 = CARTESIAN_POINT('',(6.96,0.,0.899909083395));
#679 = PLANE('',#680);
#680 = AXIS2_PLACEMENT_3D('',#681,#682,#683);
#681 = CARTESIAN_POINT('',(6.96,1.25,1.25));
#682 = DIRECTION('',(-1.,0.,0.));
#683 = DIRECTION('',(0.,0.,-1.));
#684 = ADVANCED_FACE('',(#685),#705,.T.);
#685 = FACE_BOUND('',#686,.T.);
#686 = EDGE_LOOP('',(#687,#688,#697,#704));
#687 = ORIENTED_EDGE('',*,*,#508,.F.);
#688 = ORIENTED_EDGE('',*,*,#689,.T.);
#689 = EDGE_CURVE('',#509,#690,#692,.T.);
#690 = VERTEX_POINT('',#691);
#691 = CARTESIAN_POINT('',(7.32,0.,0.35));
#692 = CIRCLE('',#693,0.6);
#693 = AXIS2_PLACEMENT_3D('',#694,#695,#696);
#694 = CARTESIAN_POINT('',(6.72,1.102182119233E-16,0.35));
#695 = DIRECTION('',(0.,1.,0.));
#696 = DIRECTION('',(0.,-0.,1.));
#697 = ORIENTED_EDGE('',*,*,#698,.T.);
#698 = EDGE_CURVE('',#690,#690,#699,.T.);
#699 = CIRCLE('',#700,0.3);
#700 = AXIS2_PLACEMENT_3D('',#701,#702,#703);
#701 = CARTESIAN_POINT('',(7.62,0.,0.35));
#702 = DIRECTION('',(3.828568698927E-16,-0.,1.));
#703 = DIRECTION('',(1.,0.,-3.828568698927E-16));
#704 = ORIENTED_EDGE('',*,*,#689,.F.);
#705 = TOROIDAL_SURFACE('',#706,0.9,0.3);
#706 = AXIS2_PLACEMENT_3D('',#707,#708,#709);
#707 = CARTESIAN_POINT('',(6.72,0.,0.35));
#708 = DIRECTION('',(0.,1.,0.));
#709 = DIRECTION('',(0.,-0.,1.));
#710 = ADVANCED_FACE('',(#711),#730,.T.);
#711 = FACE_BOUND('',#712,.T.);
#712 = EDGE_LOOP('',(#713,#721,#728,#729));
#713 = ORIENTED_EDGE('',*,*,#714,.T.);
#714 = EDGE_CURVE('',#690,#715,#717,.T.);
#715 = VERTEX_POINT('',#716);
#716 = CARTESIAN_POINT('',(7.32,-7.347880794884E-17,-3.));
#717 = LINE('',#718,#719);
#718 = CARTESIAN_POINT('',(7.32,0.,0.35));
#719 = VECTOR('',#720,1.);
#720 = DIRECTION('',(0.,0.,-1.));
#721 = ORIENTED_EDGE('',*,*,#722,.F.);
#722 = EDGE_CURVE('',#715,#715,#723,.T.);
#723 = CIRCLE('',#724,0.3);
#724 = AXIS2_PLACEMENT_3D('',#725,#726,#727);
#725 = CARTESIAN_POINT('',(7.62,0.,-3.));
#726 = DIRECTION('',(0.,0.,-1.));
#727 = DIRECTION('',(-1.,0.,0.));
#728 = ORIENTED_EDGE('',*,*,#714,.F.);
#729 = ORIENTED_EDGE('',*,*,#698,.F.);
#730 = CYLINDRICAL_SURFACE('',#731,0.3);
#731 = AXIS2_PLACEMENT_3D('',#732,#733,#734);
#732 = CARTESIAN_POINT('',(7.62,0.,0.35));
#733 = DIRECTION('',(0.,0.,-1.));
#734 = DIRECTION('',(-1.,0.,0.));
#735 = ADVANCED_FACE('',(#736),#739,.F.);
#736 = FACE_BOUND('',#737,.T.);
#737 = EDGE_LOOP('',(#738));
#738 = ORIENTED_EDGE('',*,*,#722,.T.);
#739 = PLANE('',#740);
#740 = AXIS2_PLACEMENT_3D('',#741,#742,#743);
#741 = CARTESIAN_POINT('',(7.32,0.,-3.));
#742 = DIRECTION('',(0.,0.,1.));
#743 = DIRECTION('',(1.,0.,-0.));
#744 = ( GEOMETRIC_REPRESENTATION_CONTEXT(3) 
GLOBAL_UNCERTAINTY_ASSIGNED_CONTEXT((#748)) GLOBAL_UNIT_ASSIGNED_CONTEXT
((#745,#746,#747)) REPRESENTATION_CONTEXT('Context #1',
  '3D Context with UNIT and UNCERTAINTY') );
#745 = ( LENGTH_UNIT() NAMED_UNIT(*) SI_UNIT(.MILLI.,.METRE.) );
#746 = ( NAMED_UNIT(*) PLANE_ANGLE_UNIT() SI_UNIT($,.RADIAN.) );
#747 = ( NAMED_UNIT(*) SI_UNIT($,.STERADIAN.) SOLID_ANGLE_UNIT() );
#748 = UNCERTAINTY_MEASURE_WITH_UNIT(LENGTH_MEASURE(1.E-07),#745,
  'distance_accuracy_value','confusion accuracy');
#749 = CONTEXT_DEPENDENT_SHAPE_REPRESENTATION(#750,#752);
#750 = ( REPRESENTATION_RELATIONSHIP('','',#80,#10) 
REPRESENTATION_RELATIONSHIP_WITH_TRANSFORMATION(#751) 
SHAPE_REPRESENTATION_RELATIONSHIP() );
#751 = ITEM_DEFINED_TRANSFORMATION('','',#11,#15);
#752 = PRODUCT_DEFINITION_SHAPE('Placement','Placement of an item',#753
  );
#753 = NEXT_ASSEMBLY_USAGE_OCCURRENCE('1','R3','',#5,#75,$);
#754 = PRODUCT_RELATED_PRODUCT_CATEGORY('part',$,(#77));
#755 = CONTEXT_DEPENDENT_SHAPE_REPRESENTATION(#756,#758);
#756 = ( REPRESENTATION_RELATIONSHIP('','',#80,#10) 
REPRESENTATION_RELATIONSHIP_WITH_TRANSFORMATION(#757) 
SHAPE_REPRESENTATION_RELATIONSHIP() );
#757 = ITEM_DEFINED_TRANSFORMATION('','',#11,#19);
#758 = PRODUCT_DEFINITION_SHAPE('Placement','Placement of an item',#759
  );
#759 = NEXT_ASSEMBLY_USAGE_OCCURRENCE('2','R2','',#5,#75,$);
#760 = SHAPE_DEFINITION_REPRESENTATION(#761,#767);
#761 = PRODUCT_DEFINITION_SHAPE('','',#762);
#762 = PRODUCT_DEFINITION('design','',#763,#766);
#763 = PRODUCT_DEFINITION_FORMATION('','',#764);
#764 = PRODUCT('PinHeader_1x03_P2.54mm_Vertical',
  'PinHeader_1x03_P2.54mm_Vertical','',(#765));
#765 = PRODUCT_CONTEXT('',#2,'mechanical');
#766 = PRODUCT_DEFINITION_CONTEXT('part definition',#2,'design');
#767 = ADVANCED_BREP_SHAPE_REPRESENTATION('',(#11,#768),#2874);
#768 = MANIFOLD_SOLID_BREP('',#769);
#769 = CLOSED_SHELL('',(#770,#810,#841,#872,#1119,#1366,#1383,#1400,
    #1417,#1434,#1451,#1468,#1485,#1502,#1519,#1536,#1553,#1570,#1587,
    #1604,#1621,#1638,#1650,#1681,#1705,#1729,#1746,#1777,#1801,#1825,
    #1842,#1873,#1897,#1921,#1938,#1969,#1993,#2017,#2034,#2065,#2089,
    #2113,#2130,#2161,#2185,#2209,#2226,#2257,#2281,#2305,#2322,#2353,
    #2377,#2401,#2418,#2449,#2473,#2497,#2514,#2545,#2569,#2593,#2610,
    #2641,#2665,#2689,#2706,#2737,#2761,#2785,#2802,#2814,#2826,#2838,
    #2850,#2862));
#770 = ADVANCED_FACE('',(#771),#805,.F.);
#771 = FACE_BOUND('',#772,.F.);
#772 = EDGE_LOOP('',(#773,#783,#791,#799));
#773 = ORIENTED_EDGE('',*,*,#774,.T.);
#774 = EDGE_CURVE('',#775,#777,#779,.T.);
#775 = VERTEX_POINT('',#776);
#776 = CARTESIAN_POINT('',(-1.016,1.27,0.));
#777 = VERTEX_POINT('',#778);
#778 = CARTESIAN_POINT('',(-1.016,1.27,2.54));
#779 = LINE('',#780,#781);
#780 = CARTESIAN_POINT('',(-1.016,1.27,0.));
#781 = VECTOR('',#782,1.);
#782 = DIRECTION('',(0.,0.,1.));
#783 = ORIENTED_EDGE('',*,*,#784,.T.);
#784 = EDGE_CURVE('',#777,#785,#787,.T.);
#785 = VERTEX_POINT('',#786);
#786 = CARTESIAN_POINT('',(-1.27,1.016,2.54));
#787 = LINE('',#788,#789);
#788 = CARTESIAN_POINT('',(-1.016,1.27,2.54));
#789 = VECTOR('',#790,1.);
#790 = DIRECTION('',(-0.707106781187,-0.707106781187,0.));
#791 = ORIENTED_EDGE('',*,*,#792,.F.);
#792 = EDGE_CURVE('',#793,#785,#795,.T.);
#793 = VERTEX_POINT('',#794);
#794 = CARTESIAN_POINT('',(-1.27,1.016,0.));
#795 = LINE('',#796,#797);
#796 = CARTESIAN_POINT('',(-1.27,1.016,0.));
#797 = VECTOR('',#798,1.);
#798 = DIRECTION('',(0.,0.,1.));
#799 = ORIENTED_EDGE('',*,*,#800,.F.);
#800 = EDGE_CURVE('',#775,#793,#801,.T.);
#801 = LINE('',#802,#803);
#802 = CARTESIAN_POINT('',(-1.016,1.27,0.));
#803 = VECTOR('',#804,1.);
#804 = DIRECTION('',(-0.707106781187,-0.707106781187,0.));
#805 = PLANE('',#806);
#806 = AXIS2_PLACEMENT_3D('',#807,#808,#809);
#807 = CARTESIAN_POINT('',(-1.016,1.27,0.));
#808 = DIRECTION('',(0.707106781187,-0.707106781187,0.));
#809 = DIRECTION('',(-0.707106781187,-0.707106781187,0.));
#810 = ADVANCED_FACE('',(#811),#836,.F.);
#811 = FACE_BOUND('',#812,.F.);
#812 = EDGE_LOOP('',(#813,#823,#829,#830));
#813 = ORIENTED_EDGE('',*,*,#814,.T.);
#814 = EDGE_CURVE('',#815,#817,#819,.T.);
#815 = VERTEX_POINT('',#816);
#816 = CARTESIAN_POINT('',(1.016,1.27,0.));
#817 = VERTEX_POINT('',#818);
#818 = CARTESIAN_POINT('',(1.016,1.27,2.54));
#819 = LINE('',#820,#821);
#820 = CARTESIAN_POINT('',(1.016,1.27,0.));
#821 = VECTOR('',#822,1.);
#822 = DIRECTION('',(0.,0.,1.));
#823 = ORIENTED_EDGE('',*,*,#824,.T.);
#824 = EDGE_CURVE('',#817,#777,#825,.T.);
#825 = LINE('',#826,#827);
#826 = CARTESIAN_POINT('',(1.016,1.27,2.54));
#827 = VECTOR('',#828,1.);
#828 = DIRECTION('',(-1.,0.,0.));
#829 = ORIENTED_EDGE('',*,*,#774,.F.);
#830 = ORIENTED_EDGE('',*,*,#831,.F.);
#831 = EDGE_CURVE('',#815,#775,#832,.T.);
#832 = LINE('',#833,#834);
#833 = CARTESIAN_POINT('',(1.016,1.27,0.));
#834 = VECTOR('',#835,1.);
#835 = DIRECTION('',(-1.,0.,0.));
#836 = PLANE('',#837);
#837 = AXIS2_PLACEMENT_3D('',#838,#839,#840);
#838 = CARTESIAN_POINT('',(1.016,1.27,0.));
#839 = DIRECTION('',(0.,-1.,0.));
#840 = DIRECTION('',(-1.,0.,0.));
#841 = ADVANCED_FACE('',(#842),#867,.F.);
#842 = FACE_BOUND('',#843,.F.);
#843 = EDGE_LOOP('',(#844,#845,#853,#861));
#844 = ORIENTED_EDGE('',*,*,#792,.T.);
#845 = ORIENTED_EDGE('',*,*,#846,.T.);
#846 = EDGE_CURVE('',#785,#847,#849,.T.);
#847 = VERTEX_POINT('',#848);
#848 = CARTESIAN_POINT('',(-1.27,-1.016,2.54));
#849 = LINE('',#850,#851);
#850 = CARTESIAN_POINT('',(-1.27,1.016,2.54));
#851 = VECTOR('',#852,1.);
#852 = DIRECTION('',(0.,-1.,0.));
#853 = ORIENTED_EDGE('',*,*,#854,.F.);
#854 = EDGE_CURVE('',#855,#847,#857,.T.);
#855 = VERTEX_POINT('',#856);
#856 = CARTESIAN_POINT('',(-1.27,-1.016,0.));
#857 = LINE('',#858,#859);
#858 = CARTESIAN_POINT('',(-1.27,-1.016,0.));
#859 = VECTOR('',#860,1.);
#860 = DIRECTION('',(0.,0.,1.));
#861 = ORIENTED_EDGE('',*,*,#862,.F.);
#862 = EDGE_CURVE('',#793,#855,#863,.T.);
#863 = LINE('',#864,#865);
#864 = CARTESIAN_POINT('',(-1.27,1.016,0.));
#865 = VECTOR('',#866,1.);
#866 = DIRECTION('',(0.,-1.,0.));
#867 = PLANE('',#868);
#868 = AXIS2_PLACEMENT_3D('',#869,#870,#871);
#869 = CARTESIAN_POINT('',(-1.27,1.016,0.));
#870 = DIRECTION('',(1.,0.,0.));
#871 = DIRECTION('',(0.,-1.,0.));
#872 = ADVANCED_FACE('',(#873,#1012,#1046,#1080),#1114,.F.);
#873 = FACE_BOUND('',#874,.F.);
#874 = EDGE_LOOP('',(#875,#876,#877,#885,#893,#901,#909,#917,#925,#933,
    #941,#949,#957,#965,#973,#981,#989,#997,#1005,#1011));
#875 = ORIENTED_EDGE('',*,*,#800,.T.);
#876 = ORIENTED_EDGE('',*,*,#862,.T.);
#877 = ORIENTED_EDGE('',*,*,#878,.T.);
#878 = EDGE_CURVE('',#855,#879,#881,.T.);
#879 = VERTEX_POINT('',#880);
#880 = CARTESIAN_POINT('',(-1.016,-1.27,0.));
#881 = LINE('',#882,#883);
#882 = CARTESIAN_POINT('',(-1.27,-1.016,0.));
#883 = VECTOR('',#884,1.);
#884 = DIRECTION('',(0.707106781187,-0.707106781187,0.));
#885 = ORIENTED_EDGE('',*,*,#886,.T.);
#886 = EDGE_CURVE('',#879,#887,#889,.T.);
#887 = VERTEX_POINT('',#888);
#888 = CARTESIAN_POINT('',(-1.27,-1.524,0.));
#889 = LINE('',#890,#891);
#890 = CARTESIAN_POINT('',(-1.016,-1.27,0.));
#891 = VECTOR('',#892,1.);
#892 = DIRECTION('',(-0.707106781187,-0.707106781187,0.));
#893 = ORIENTED_EDGE('',*,*,#894,.T.);
#894 = EDGE_CURVE('',#887,#895,#897,.T.);
#895 = VERTEX_POINT('',#896);
#896 = CARTESIAN_POINT('',(-1.27,-3.556,0.));
#897 = LINE('',#898,#899);
#898 = CARTESIAN_POINT('',(-1.27,-1.524,0.));
#899 = VECTOR('',#900,1.);
#900 = DIRECTION('',(0.,-1.,0.));
#901 = ORIENTED_EDGE('',*,*,#902,.T.);
#902 = EDGE_CURVE('',#895,#903,#905,.T.);
#903 = VERTEX_POINT('',#904);
#904 = CARTESIAN_POINT('',(-1.016,-3.81,0.));
#905 = LINE('',#906,#907);
#906 = CARTESIAN_POINT('',(-1.27,-3.556,0.));
#907 = VECTOR('',#908,1.);
#908 = DIRECTION('',(0.707106781187,-0.707106781187,0.));
#909 = ORIENTED_EDGE('',*,*,#910,.T.);
#910 = EDGE_CURVE('',#903,#911,#913,.T.);
#911 = VERTEX_POINT('',#912);
#912 = CARTESIAN_POINT('',(-1.27,-4.064,0.));
#913 = LINE('',#914,#915);
#914 = CARTESIAN_POINT('',(-1.016,-3.81,0.));
#915 = VECTOR('',#916,1.);
#916 = DIRECTION('',(-0.707106781187,-0.707106781187,0.));
#917 = ORIENTED_EDGE('',*,*,#918,.T.);
#918 = EDGE_CURVE('',#911,#919,#921,.T.);
#919 = VERTEX_POINT('',#920);
#920 = CARTESIAN_POINT('',(-1.27,-6.096,0.));
#921 = LINE('',#922,#923);
#922 = CARTESIAN_POINT('',(-1.27,-4.064,0.));
#923 = VECTOR('',#924,1.);
#924 = DIRECTION('',(0.,-1.,0.));
#925 = ORIENTED_EDGE('',*,*,#926,.T.);
#926 = EDGE_CURVE('',#919,#927,#929,.T.);
#927 = VERTEX_POINT('',#928);
#928 = CARTESIAN_POINT('',(-1.016,-6.35,0.));
#929 = LINE('',#930,#931);
#930 = CARTESIAN_POINT('',(-1.27,-6.096,0.));
#931 = VECTOR('',#932,1.);
#932 = DIRECTION('',(0.707106781187,-0.707106781187,0.));
#933 = ORIENTED_EDGE('',*,*,#934,.T.);
#934 = EDGE_CURVE('',#927,#935,#937,.T.);
#935 = VERTEX_POINT('',#936);
#936 = CARTESIAN_POINT('',(1.016,-6.35,0.));
#937 = LINE('',#938,#939);
#938 = CARTESIAN_POINT('',(-1.016,-6.35,0.));
#939 = VECTOR('',#940,1.);
#940 = DIRECTION('',(1.,0.,0.));
#941 = ORIENTED_EDGE('',*,*,#942,.T.);
#942 = EDGE_CURVE('',#935,#943,#945,.T.);
#943 = VERTEX_POINT('',#944);
#944 = CARTESIAN_POINT('',(1.27,-6.096,0.));
#945 = LINE('',#946,#947);
#946 = CARTESIAN_POINT('',(1.016,-6.35,0.));
#947 = VECTOR('',#948,1.);
#948 = DIRECTION('',(0.707106781187,0.707106781187,0.));
#949 = ORIENTED_EDGE('',*,*,#950,.T.);
#950 = EDGE_CURVE('',#943,#951,#953,.T.);
#951 = VERTEX_POINT('',#952);
#952 = CARTESIAN_POINT('',(1.27,-4.064,0.));
#953 = LINE('',#954,#955);
#954 = CARTESIAN_POINT('',(1.27,-6.096,0.));
#955 = VECTOR('',#956,1.);
#956 = DIRECTION('',(0.,1.,0.));
#957 = ORIENTED_EDGE('',*,*,#958,.T.);
#958 = EDGE_CURVE('',#951,#959,#961,.T.);
#959 = VERTEX_POINT('',#960);
#960 = CARTESIAN_POINT('',(1.016,-3.81,0.));
#961 = LINE('',#962,#963);
#962 = CARTESIAN_POINT('',(1.27,-4.064,0.));
#963 = VECTOR('',#964,1.);
#964 = DIRECTION('',(-0.707106781187,0.707106781187,0.));
#965 = ORIENTED_EDGE('',*,*,#966,.T.);
#966 = EDGE_CURVE('',#959,#967,#969,.T.);
#967 = VERTEX_POINT('',#968);
#968 = CARTESIAN_POINT('',(1.27,-3.556,0.));
#969 = LINE('',#970,#971);
#970 = CARTESIAN_POINT('',(1.016,-3.81,0.));
#971 = VECTOR('',#972,1.);
#972 = DIRECTION('',(0.707106781187,0.707106781187,0.));
#973 = ORIENTED_EDGE('',*,*,#974,.T.);
#974 = EDGE_CURVE('',#967,#975,#977,.T.);
#975 = VERTEX_POINT('',#976);
#976 = CARTESIAN_POINT('',(1.27,-1.524,0.));
#977 = LINE('',#978,#979);
#978 = CARTESIAN_POINT('',(1.27,-3.556,0.));
#979 = VECTOR('',#980,1.);
#980 = DIRECTION('',(0.,1.,0.));
#981 = ORIENTED_EDGE('',*,*,#982,.T.);
#982 = EDGE_CURVE('',#975,#983,#985,.T.);
#983 = VERTEX_POINT('',#984);
#984 = CARTESIAN_POINT('',(1.016,-1.27,0.));
#985 = LINE('',#986,#987);
#986 = CARTESIAN_POINT('',(1.27,-1.524,0.));
#987 = VECTOR('',#988,1.);
#988 = DIRECTION('',(-0.707106781187,0.707106781187,0.));
#989 = ORIENTED_EDGE('',*,*,#990,.T.);
#990 = EDGE_CURVE('',#983,#991,#993,.T.);
#991 = VERTEX_POINT('',#992);
#992 = CARTESIAN_POINT('',(1.27,-1.016,0.));
#993 = LINE('',#994,#995);
#994 = CARTESIAN_POINT('',(1.016,-1.27,0.));
#995 = VECTOR('',#996,1.);
#996 = DIRECTION('',(0.707106781187,0.707106781187,0.));
#997 = ORIENTED_EDGE('',*,*,#998,.T.);
#998 = EDGE_CURVE('',#991,#999,#1001,.T.);
#999 = VERTEX_POINT('',#1000);
#1000 = CARTESIAN_POINT('',(1.27,1.016,0.));
#1001 = LINE('',#1002,#1003);
#1002 = CARTESIAN_POINT('',(1.27,-1.016,0.));
#1003 = VECTOR('',#1004,1.);
#1004 = DIRECTION('',(0.,1.,0.));
#1005 = ORIENTED_EDGE('',*,*,#1006,.T.);
#1006 = EDGE_CURVE('',#999,#815,#1007,.T.);
#1007 = LINE('',#1008,#1009);
#1008 = CARTESIAN_POINT('',(1.27,1.016,0.));
#1009 = VECTOR('',#1010,1.);
#1010 = DIRECTION('',(-0.707106781187,0.707106781187,0.));
#1011 = ORIENTED_EDGE('',*,*,#831,.T.);
#1012 = FACE_BOUND('',#1013,.F.);
#1013 = EDGE_LOOP('',(#1014,#1024,#1032,#1040));
#1014 = ORIENTED_EDGE('',*,*,#1015,.F.);
#1015 = EDGE_CURVE('',#1016,#1018,#1020,.T.);
#1016 = VERTEX_POINT('',#1017);
#1017 = CARTESIAN_POINT('',(0.32,-0.32,0.));
#1018 = VERTEX_POINT('',#1019);
#1019 = CARTESIAN_POINT('',(0.32,0.32,0.));
#1020 = LINE('',#1021,#1022);
#1021 = CARTESIAN_POINT('',(0.32,-1.43,0.));
#1022 = VECTOR('',#1023,1.);
#1023 = DIRECTION('',(0.,1.,0.));
#1024 = ORIENTED_EDGE('',*,*,#1025,.T.);
#1025 = EDGE_CURVE('',#1016,#1026,#1028,.T.);
#1026 = VERTEX_POINT('',#1027);
#1027 = CARTESIAN_POINT('',(-0.32,-0.32,0.));
#1028 = LINE('',#1029,#1030);
#1029 = CARTESIAN_POINT('',(-0.16,-0.32,0.));
#1030 = VECTOR('',#1031,1.);
#1031 = DIRECTION('',(-1.,0.,0.));
#1032 = ORIENTED_EDGE('',*,*,#1033,.T.);
#1033 = EDGE_CURVE('',#1026,#1034,#1036,.T.);
#1034 = VERTEX_POINT('',#1035);
#1035 = CARTESIAN_POINT('',(-0.32,0.32,0.));
#1036 = LINE('',#1037,#1038);
#1037 = CARTESIAN_POINT('',(-0.32,-1.43,0.));
#1038 = VECTOR('',#1039,1.);
#1039 = DIRECTION('',(0.,1.,0.));
#1040 = ORIENTED_EDGE('',*,*,#1041,.F.);
#1041 = EDGE_CURVE('',#1018,#1034,#1042,.T.);
#1042 = LINE('',#1043,#1044);
#1043 = CARTESIAN_POINT('',(-0.16,0.32,0.));
#1044 = VECTOR('',#1045,1.);
#1045 = DIRECTION('',(-1.,0.,0.));
#1046 = FACE_BOUND('',#1047,.F.);
#1047 = EDGE_LOOP('',(#1048,#1058,#1066,#1074));
#1048 = ORIENTED_EDGE('',*,*,#1049,.T.);
#1049 = EDGE_CURVE('',#1050,#1052,#1054,.T.);
#1050 = VERTEX_POINT('',#1051);
#1051 = CARTESIAN_POINT('',(0.32,-2.86,0.));
#1052 = VERTEX_POINT('',#1053);
#1053 = CARTESIAN_POINT('',(-0.32,-2.86,0.));
#1054 = LINE('',#1055,#1056);
#1055 = CARTESIAN_POINT('',(-0.16,-2.86,0.));
#1056 = VECTOR('',#1057,1.);
#1057 = DIRECTION('',(-1.,0.,0.));
#1058 = ORIENTED_EDGE('',*,*,#1059,.T.);
#1059 = EDGE_CURVE('',#1052,#1060,#1062,.T.);
#1060 = VERTEX_POINT('',#1061);
#1061 = CARTESIAN_POINT('',(-0.32,-2.22,0.));
#1062 = LINE('',#1063,#1064);
#1063 = CARTESIAN_POINT('',(-0.32,-2.7,0.));
#1064 = VECTOR('',#1065,1.);
#1065 = DIRECTION('',(0.,1.,0.));
#1066 = ORIENTED_EDGE('',*,*,#1067,.F.);
#1067 = EDGE_CURVE('',#1068,#1060,#1070,.T.);
#1068 = VERTEX_POINT('',#1069);
#1069 = CARTESIAN_POINT('',(0.32,-2.22,0.));
#1070 = LINE('',#1071,#1072);
#1071 = CARTESIAN_POINT('',(-0.16,-2.22,0.));
#1072 = VECTOR('',#1073,1.);
#1073 = DIRECTION('',(-1.,0.,0.));
#1074 = ORIENTED_EDGE('',*,*,#1075,.F.);
#1075 = EDGE_CURVE('',#1050,#1068,#1076,.T.);
#1076 = LINE('',#1077,#1078);
#1077 = CARTESIAN_POINT('',(0.32,-2.7,0.));
#1078 = VECTOR('',#1079,1.);
#1079 = DIRECTION('',(0.,1.,0.));
#1080 = FACE_BOUND('',#1081,.F.);
#1081 = EDGE_LOOP('',(#1082,#1092,#1100,#1108));
#1082 = ORIENTED_EDGE('',*,*,#1083,.F.);
#1083 = EDGE_CURVE('',#1084,#1086,#1088,.T.);
#1084 = VERTEX_POINT('',#1085);
#1085 = CARTESIAN_POINT('',(0.32,-4.76,0.));
#1086 = VERTEX_POINT('',#1087);
#1087 = CARTESIAN_POINT('',(-0.32,-4.76,0.));
#1088 = LINE('',#1089,#1090);
#1089 = CARTESIAN_POINT('',(-0.16,-4.76,0.));
#1090 = VECTOR('',#1091,1.);
#1091 = DIRECTION('',(-1.,0.,0.));
#1092 = ORIENTED_EDGE('',*,*,#1093,.F.);
#1093 = EDGE_CURVE('',#1094,#1084,#1096,.T.);
#1094 = VERTEX_POINT('',#1095);
#1095 = CARTESIAN_POINT('',(0.32,-5.4,0.));
#1096 = LINE('',#1097,#1098);
#1097 = CARTESIAN_POINT('',(0.32,-3.97,0.));
#1098 = VECTOR('',#1099,1.);
#1099 = DIRECTION('',(0.,1.,0.));
#1100 = ORIENTED_EDGE('',*,*,#1101,.T.);
#1101 = EDGE_CURVE('',#1094,#1102,#1104,.T.);
#1102 = VERTEX_POINT('',#1103);
#1103 = CARTESIAN_POINT('',(-0.32,-5.4,0.));
#1104 = LINE('',#1105,#1106);
#1105 = CARTESIAN_POINT('',(-0.16,-5.4,0.));
#1106 = VECTOR('',#1107,1.);
#1107 = DIRECTION('',(-1.,0.,0.));
#1108 = ORIENTED_EDGE('',*,*,#1109,.T.);
#1109 = EDGE_CURVE('',#1102,#1086,#1110,.T.);
#1110 = LINE('',#1111,#1112);
#1111 = CARTESIAN_POINT('',(-0.32,-3.97,0.));
#1112 = VECTOR('',#1113,1.);
#1113 = DIRECTION('',(0.,1.,0.));
#1114 = PLANE('',#1115);
#1115 = AXIS2_PLACEMENT_3D('',#1116,#1117,#1118);
#1116 = CARTESIAN_POINT('',(5.398204781459E-17,-2.54,0.));
#1117 = DIRECTION('',(0.,0.,1.));
#1118 = DIRECTION('',(1.,0.,-0.));
#1119 = ADVANCED_FACE('',(#1120,#1259,#1293,#1327),#1361,.T.);
#1120 = FACE_BOUND('',#1121,.T.);
#1121 = EDGE_LOOP('',(#1122,#1123,#1124,#1132,#1140,#1148,#1156,#1164,
    #1172,#1180,#1188,#1196,#1204,#1212,#1220,#1228,#1236,#1244,#1252,
    #1258));
#1122 = ORIENTED_EDGE('',*,*,#784,.T.);
#1123 = ORIENTED_EDGE('',*,*,#846,.T.);
#1124 = ORIENTED_EDGE('',*,*,#1125,.T.);
#1125 = EDGE_CURVE('',#847,#1126,#1128,.T.);
#1126 = VERTEX_POINT('',#1127);
#1127 = CARTESIAN_POINT('',(-1.016,-1.27,2.54));
#1128 = LINE('',#1129,#1130);
#1129 = CARTESIAN_POINT('',(-1.27,-1.016,2.54));
#1130 = VECTOR('',#1131,1.);
#1131 = DIRECTION('',(0.707106781187,-0.707106781187,0.));
#1132 = ORIENTED_EDGE('',*,*,#1133,.T.);
#1133 = EDGE_CURVE('',#1126,#1134,#1136,.T.);
#1134 = VERTEX_POINT('',#1135);
#1135 = CARTESIAN_POINT('',(-1.27,-1.524,2.54));
#1136 = LINE('',#1137,#1138);
#1137 = CARTESIAN_POINT('',(-1.016,-1.27,2.54));
#1138 = VECTOR('',#1139,1.);
#1139 = DIRECTION('',(-0.707106781187,-0.707106781187,0.));
#1140 = ORIENTED_EDGE('',*,*,#1141,.T.);
#1141 = EDGE_CURVE('',#1134,#1142,#1144,.T.);
#1142 = VERTEX_POINT('',#1143);
#1143 = CARTESIAN_POINT('',(-1.27,-3.556,2.54));
#1144 = LINE('',#1145,#1146);
#1145 = CARTESIAN_POINT('',(-1.27,-1.524,2.54));
#1146 = VECTOR('',#1147,1.);
#1147 = DIRECTION('',(0.,-1.,0.));
#1148 = ORIENTED_EDGE('',*,*,#1149,.T.);
#1149 = EDGE_CURVE('',#1142,#1150,#1152,.T.);
#1150 = VERTEX_POINT('',#1151);
#1151 = CARTESIAN_POINT('',(-1.016,-3.81,2.54));
#1152 = LINE('',#1153,#1154);
#1153 = CARTESIAN_POINT('',(-1.27,-3.556,2.54));
#1154 = VECTOR('',#1155,1.);
#1155 = DIRECTION('',(0.707106781187,-0.707106781187,0.));
#1156 = ORIENTED_EDGE('',*,*,#1157,.T.);
#1157 = EDGE_CURVE('',#1150,#1158,#1160,.T.);
#1158 = VERTEX_POINT('',#1159);
#1159 = CARTESIAN_POINT('',(-1.27,-4.064,2.54));
#1160 = LINE('',#1161,#1162);
#1161 = CARTESIAN_POINT('',(-1.016,-3.81,2.54));
#1162 = VECTOR('',#1163,1.);
#1163 = DIRECTION('',(-0.707106781187,-0.707106781187,0.));
#1164 = ORIENTED_EDGE('',*,*,#1165,.T.);
#1165 = EDGE_CURVE('',#1158,#1166,#1168,.T.);
#1166 = VERTEX_POINT('',#1167);
#1167 = CARTESIAN_POINT('',(-1.27,-6.096,2.54));
#1168 = LINE('',#1169,#1170);
#1169 = CARTESIAN_POINT('',(-1.27,-4.064,2.54));
#1170 = VECTOR('',#1171,1.);
#1171 = DIRECTION('',(0.,-1.,0.));
#1172 = ORIENTED_EDGE('',*,*,#1173,.T.);
#1173 = EDGE_CURVE('',#1166,#1174,#1176,.T.);
#1174 = VERTEX_POINT('',#1175);
#1175 = CARTESIAN_POINT('',(-1.016,-6.35,2.54));
#1176 = LINE('',#1177,#1178);
#1177 = CARTESIAN_POINT('',(-1.27,-6.096,2.54));
#1178 = VECTOR('',#1179,1.);
#1179 = DIRECTION('',(0.707106781187,-0.707106781187,0.));
#1180 = ORIENTED_EDGE('',*,*,#1181,.T.);
#1181 = EDGE_CURVE('',#1174,#1182,#1184,.T.);
#1182 = VERTEX_POINT('',#1183);
#1183 = CARTESIAN_POINT('',(1.016,-6.35,2.54));
#1184 = LINE('',#1185,#1186);
#1185 = CARTESIAN_POINT('',(-1.016,-6.35,2.54));
#1186 = VECTOR('',#1187,1.);
#1187 = DIRECTION('',(1.,0.,0.));
#1188 = ORIENTED_EDGE('',*,*,#1189,.T.);
#1189 = EDGE_CURVE('',#1182,#1190,#1192,.T.);
#1190 = VERTEX_POINT('',#1191);
#1191 = CARTESIAN_POINT('',(1.27,-6.096,2.54));
#1192 = LINE('',#1193,#1194);
#1193 = CARTESIAN_POINT('',(1.016,-6.35,2.54));
#1194 = VECTOR('',#1195,1.);
#1195 = DIRECTION('',(0.707106781187,0.707106781187,0.));
#1196 = ORIENTED_EDGE('',*,*,#1197,.T.);
#1197 = EDGE_CURVE('',#1190,#1198,#1200,.T.);
#1198 = VERTEX_POINT('',#1199);
#1199 = CARTESIAN_POINT('',(1.27,-4.064,2.54));
#1200 = LINE('',#1201,#1202);
#1201 = CARTESIAN_POINT('',(1.27,-6.096,2.54));
#1202 = VECTOR('',#1203,1.);
#1203 = DIRECTION('',(0.,1.,0.));
#1204 = ORIENTED_EDGE('',*,*,#1205,.T.);
#1205 = EDGE_CURVE('',#1198,#1206,#1208,.T.);
#1206 = VERTEX_POINT('',#1207);
#1207 = CARTESIAN_POINT('',(1.016,-3.81,2.54));
#1208 = LINE('',#1209,#1210);
#1209 = CARTESIAN_POINT('',(1.27,-4.064,2.54));
#1210 = VECTOR('',#1211,1.);
#1211 = DIRECTION('',(-0.707106781187,0.707106781187,0.));
#1212 = ORIENTED_EDGE('',*,*,#1213,.T.);
#1213 = EDGE_CURVE('',#1206,#1214,#1216,.T.);
#1214 = VERTEX_POINT('',#1215);
#1215 = CARTESIAN_POINT('',(1.27,-3.556,2.54));
#1216 = LINE('',#1217,#1218);
#1217 = CARTESIAN_POINT('',(1.016,-3.81,2.54));
#1218 = VECTOR('',#1219,1.);
#1219 = DIRECTION('',(0.707106781187,0.707106781187,0.));
#1220 = ORIENTED_EDGE('',*,*,#1221,.T.);
#1221 = EDGE_CURVE('',#1214,#1222,#1224,.T.);
#1222 = VERTEX_POINT('',#1223);
#1223 = CARTESIAN_POINT('',(1.27,-1.524,2.54));
#1224 = LINE('',#1225,#1226);
#1225 = CARTESIAN_POINT('',(1.27,-3.556,2.54));
#1226 = VECTOR('',#1227,1.);
#1227 = DIRECTION('',(0.,1.,0.));
#1228 = ORIENTED_EDGE('',*,*,#1229,.T.);
#1229 = EDGE_CURVE('',#1222,#1230,#1232,.T.);
#1230 = VERTEX_POINT('',#1231);
#1231 = CARTESIAN_POINT('',(1.016,-1.27,2.54));
#1232 = LINE('',#1233,#1234);
#1233 = CARTESIAN_POINT('',(1.27,-1.524,2.54));
#1234 = VECTOR('',#1235,1.);
#1235 = DIRECTION('',(-0.707106781187,0.707106781187,0.));
#1236 = ORIENTED_EDGE('',*,*,#1237,.T.);
#1237 = EDGE_CURVE('',#1230,#1238,#1240,.T.);
#1238 = VERTEX_POINT('',#1239);
#1239 = CARTESIAN_POINT('',(1.27,-1.016,2.54));
#1240 = LINE('',#1241,#1242);
#1241 = CARTESIAN_POINT('',(1.016,-1.27,2.54));
#1242 = VECTOR('',#1243,1.);
#1243 = DIRECTION('',(0.707106781187,0.707106781187,0.));
#1244 = ORIENTED_EDGE('',*,*,#1245,.T.);
#1245 = EDGE_CURVE('',#1238,#1246,#1248,.T.);
#1246 = VERTEX_POINT('',#1247);
#1247 = CARTESIAN_POINT('',(1.27,1.016,2.54));
#1248 = LINE('',#1249,#1250);
#1249 = CARTESIAN_POINT('',(1.27,-1.016,2.54));
#1250 = VECTOR('',#1251,1.);
#1251 = DIRECTION('',(0.,1.,0.));
#1252 = ORIENTED_EDGE('',*,*,#1253,.T.);
#1253 = EDGE_CURVE('',#1246,#817,#1254,.T.);
#1254 = LINE('',#1255,#1256);
#1255 = CARTESIAN_POINT('',(1.27,1.016,2.54));
#1256 = VECTOR('',#1257,1.);
#1257 = DIRECTION('',(-0.707106781187,0.707106781187,0.));
#1258 = ORIENTED_EDGE('',*,*,#824,.T.);
#1259 = FACE_BOUND('',#1260,.T.);
#1260 = EDGE_LOOP('',(#1261,#1271,#1279,#1287));
#1261 = ORIENTED_EDGE('',*,*,#1262,.F.);
#1262 = EDGE_CURVE('',#1263,#1265,#1267,.T.);
#1263 = VERTEX_POINT('',#1264);
#1264 = CARTESIAN_POINT('',(0.32,-0.32,2.54));
#1265 = VERTEX_POINT('',#1266);
#1266 = CARTESIAN_POINT('',(0.32,0.32,2.54));
#1267 = LINE('',#1268,#1269);
#1268 = CARTESIAN_POINT('',(0.32,-1.43,2.54));
#1269 = VECTOR('',#1270,1.);
#1270 = DIRECTION('',(0.,1.,0.));
#1271 = ORIENTED_EDGE('',*,*,#1272,.T.);
#1272 = EDGE_CURVE('',#1263,#1273,#1275,.T.);
#1273 = VERTEX_POINT('',#1274);
#1274 = CARTESIAN_POINT('',(-0.32,-0.32,2.54));
#1275 = LINE('',#1276,#1277);
#1276 = CARTESIAN_POINT('',(-0.16,-0.32,2.54));
#1277 = VECTOR('',#1278,1.);
#1278 = DIRECTION('',(-1.,0.,0.));
#1279 = ORIENTED_EDGE('',*,*,#1280,.T.);
#1280 = EDGE_CURVE('',#1273,#1281,#1283,.T.);
#1281 = VERTEX_POINT('',#1282);
#1282 = CARTESIAN_POINT('',(-0.32,0.32,2.54));
#1283 = LINE('',#1284,#1285);
#1284 = CARTESIAN_POINT('',(-0.32,-1.43,2.54));
#1285 = VECTOR('',#1286,1.);
#1286 = DIRECTION('',(0.,1.,0.));
#1287 = ORIENTED_EDGE('',*,*,#1288,.F.);
#1288 = EDGE_CURVE('',#1265,#1281,#1289,.T.);
#1289 = LINE('',#1290,#1291);
#1290 = CARTESIAN_POINT('',(-0.16,0.32,2.54));
#1291 = VECTOR('',#1292,1.);
#1292 = DIRECTION('',(-1.,0.,0.));
#1293 = FACE_BOUND('',#1294,.T.);
#1294 = EDGE_LOOP('',(#1295,#1305,#1313,#1321));
#1295 = ORIENTED_EDGE('',*,*,#1296,.T.);
#1296 = EDGE_CURVE('',#1297,#1299,#1301,.T.);
#1297 = VERTEX_POINT('',#1298);
#1298 = CARTESIAN_POINT('',(0.32,-2.86,2.54));
#1299 = VERTEX_POINT('',#1300);
#1300 = CARTESIAN_POINT('',(-0.32,-2.86,2.54));
#1301 = LINE('',#1302,#1303);
#1302 = CARTESIAN_POINT('',(-0.16,-2.86,2.54));
#1303 = VECTOR('',#1304,1.);
#1304 = DIRECTION('',(-1.,0.,0.));
#1305 = ORIENTED_EDGE('',*,*,#1306,.T.);
#1306 = EDGE_CURVE('',#1299,#1307,#1309,.T.);
#1307 = VERTEX_POINT('',#1308);
#1308 = CARTESIAN_POINT('',(-0.32,-2.22,2.54));
#1309 = LINE('',#1310,#1311);
#1310 = CARTESIAN_POINT('',(-0.32,-2.7,2.54));
#1311 = VECTOR('',#1312,1.);
#1312 = DIRECTION('',(0.,1.,0.));
#1313 = ORIENTED_EDGE('',*,*,#1314,.F.);
#1314 = EDGE_CURVE('',#1315,#1307,#1317,.T.);
#1315 = VERTEX_POINT('',#1316);
#1316 = CARTESIAN_POINT('',(0.32,-2.22,2.54));
#1317 = LINE('',#1318,#1319);
#1318 = CARTESIAN_POINT('',(-0.16,-2.22,2.54));
#1319 = VECTOR('',#1320,1.);
#1320 = DIRECTION('',(-1.,0.,0.));
#1321 = ORIENTED_EDGE('',*,*,#1322,.F.);
#1322 = EDGE_CURVE('',#1297,#1315,#1323,.T.);
#1323 = LINE('',#1324,#1325);
#1324 = CARTESIAN_POINT('',(0.32,-2.7,2.54));
#1325 = VECTOR('',#1326,1.);
#1326 = DIRECTION('',(0.,1.,0.));
#1327 = FACE_BOUND('',#1328,.T.);
#1328 = EDGE_LOOP('',(#1329,#1339,#1347,#1355));
#1329 = ORIENTED_EDGE('',*,*,#1330,.F.);
#1330 = EDGE_CURVE('',#1331,#1333,#1335,.T.);
#1331 = VERTEX_POINT('',#1332);
#1332 = CARTESIAN_POINT('',(0.32,-4.76,2.54));
#1333 = VERTEX_POINT('',#1334);
#1334 = CARTESIAN_POINT('',(-0.32,-4.76,2.54));
#1335 = LINE('',#1336,#1337);
#1336 = CARTESIAN_POINT('',(-0.16,-4.76,2.54));
#1337 = VECTOR('',#1338,1.);
#1338 = DIRECTION('',(-1.,0.,0.));
#1339 = ORIENTED_EDGE('',*,*,#1340,.F.);
#1340 = EDGE_CURVE('',#1341,#1331,#1343,.T.);
#1341 = VERTEX_POINT('',#1342);
#1342 = CARTESIAN_POINT('',(0.32,-5.4,2.54));
#1343 = LINE('',#1344,#1345);
#1344 = CARTESIAN_POINT('',(0.32,-3.97,2.54));
#1345 = VECTOR('',#1346,1.);
#1346 = DIRECTION('',(0.,1.,0.));
#1347 = ORIENTED_EDGE('',*,*,#1348,.T.);
#1348 = EDGE_CURVE('',#1341,#1349,#1351,.T.);
#1349 = VERTEX_POINT('',#1350);
#1350 = CARTESIAN_POINT('',(-0.32,-5.4,2.54));
#1351 = LINE('',#1352,#1353);
#1352 = CARTESIAN_POINT('',(-0.16,-5.4,2.54));
#1353 = VECTOR('',#1354,1.);
#1354 = DIRECTION('',(-1.,0.,0.));
#1355 = ORIENTED_EDGE('',*,*,#1356,.T.);
#1356 = EDGE_CURVE('',#1349,#1333,#1357,.T.);
#1357 = LINE('',#1358,#1359);
#1358 = CARTESIAN_POINT('',(-0.32,-3.97,2.54));
#1359 = VECTOR('',#1360,1.);
#1360 = DIRECTION('',(0.,1.,0.));
#1361 = PLANE('',#1362);
#1362 = AXIS2_PLACEMENT_3D('',#1363,#1364,#1365);
#1363 = CARTESIAN_POINT('',(5.398204781459E-17,-2.54,2.54));
#1364 = DIRECTION('',(0.,0.,1.));
#1365 = DIRECTION('',(1.,0.,-0.));
#1366 = ADVANCED_FACE('',(#1367),#1378,.F.);
#1367 = FACE_BOUND('',#1368,.F.);
#1368 = EDGE_LOOP('',(#1369,#1375,#1376,#1377));
#1369 = ORIENTED_EDGE('',*,*,#1370,.T.);
#1370 = EDGE_CURVE('',#999,#1246,#1371,.T.);
#1371 = LINE('',#1372,#1373);
#1372 = CARTESIAN_POINT('',(1.27,1.016,0.));
#1373 = VECTOR('',#1374,1.);
#1374 = DIRECTION('',(0.,0.,1.));
#1375 = ORIENTED_EDGE('',*,*,#1253,.T.);
#1376 = ORIENTED_EDGE('',*,*,#814,.F.);
#1377 = ORIENTED_EDGE('',*,*,#1006,.F.);
#1378 = PLANE('',#1379);
#1379 = AXIS2_PLACEMENT_3D('',#1380,#1381,#1382);
#1380 = CARTESIAN_POINT('',(1.27,1.016,0.));
#1381 = DIRECTION('',(-0.707106781187,-0.707106781187,0.));
#1382 = DIRECTION('',(-0.707106781187,0.707106781187,0.));
#1383 = ADVANCED_FACE('',(#1384),#1395,.F.);
#1384 = FACE_BOUND('',#1385,.F.);
#1385 = EDGE_LOOP('',(#1386,#1387,#1388,#1394));
#1386 = ORIENTED_EDGE('',*,*,#854,.T.);
#1387 = ORIENTED_EDGE('',*,*,#1125,.T.);
#1388 = ORIENTED_EDGE('',*,*,#1389,.F.);
#1389 = EDGE_CURVE('',#879,#1126,#1390,.T.);
#1390 = LINE('',#1391,#1392);
#1391 = CARTESIAN_POINT('',(-1.016,-1.27,0.));
#1392 = VECTOR('',#1393,1.);
#1393 = DIRECTION('',(0.,0.,1.));
#1394 = ORIENTED_EDGE('',*,*,#878,.F.);
#1395 = PLANE('',#1396);
#1396 = AXIS2_PLACEMENT_3D('',#1397,#1398,#1399);
#1397 = CARTESIAN_POINT('',(-1.27,-1.016,0.));
#1398 = DIRECTION('',(0.707106781187,0.707106781187,0.));
#1399 = DIRECTION('',(0.707106781187,-0.707106781187,0.));
#1400 = ADVANCED_FACE('',(#1401),#1412,.F.);
#1401 = FACE_BOUND('',#1402,.F.);
#1402 = EDGE_LOOP('',(#1403,#1409,#1410,#1411));
#1403 = ORIENTED_EDGE('',*,*,#1404,.T.);
#1404 = EDGE_CURVE('',#991,#1238,#1405,.T.);
#1405 = LINE('',#1406,#1407);
#1406 = CARTESIAN_POINT('',(1.27,-1.016,0.));
#1407 = VECTOR('',#1408,1.);
#1408 = DIRECTION('',(0.,0.,1.));
#1409 = ORIENTED_EDGE('',*,*,#1245,.T.);
#1410 = ORIENTED_EDGE('',*,*,#1370,.F.);
#1411 = ORIENTED_EDGE('',*,*,#998,.F.);
#1412 = PLANE('',#1413);
#1413 = AXIS2_PLACEMENT_3D('',#1414,#1415,#1416);
#1414 = CARTESIAN_POINT('',(1.27,-1.016,0.));
#1415 = DIRECTION('',(-1.,0.,0.));
#1416 = DIRECTION('',(0.,1.,0.));
#1417 = ADVANCED_FACE('',(#1418),#1429,.F.);
#1418 = FACE_BOUND('',#1419,.F.);
#1419 = EDGE_LOOP('',(#1420,#1421,#1422,#1428));
#1420 = ORIENTED_EDGE('',*,*,#1389,.T.);
#1421 = ORIENTED_EDGE('',*,*,#1133,.T.);
#1422 = ORIENTED_EDGE('',*,*,#1423,.F.);
#1423 = EDGE_CURVE('',#887,#1134,#1424,.T.);
#1424 = LINE('',#1425,#1426);
#1425 = CARTESIAN_POINT('',(-1.27,-1.524,0.));
#1426 = VECTOR('',#1427,1.);
#1427 = DIRECTION('',(0.,0.,1.));
#1428 = ORIENTED_EDGE('',*,*,#886,.F.);
#1429 = PLANE('',#1430);
#1430 = AXIS2_PLACEMENT_3D('',#1431,#1432,#1433);
#1431 = CARTESIAN_POINT('',(-1.016,-1.27,0.));
#1432 = DIRECTION('',(0.707106781187,-0.707106781187,0.));
#1433 = DIRECTION('',(-0.707106781187,-0.707106781187,0.));
#1434 = ADVANCED_FACE('',(#1435),#1446,.F.);
#1435 = FACE_BOUND('',#1436,.F.);
#1436 = EDGE_LOOP('',(#1437,#1443,#1444,#1445));
#1437 = ORIENTED_EDGE('',*,*,#1438,.T.);
#1438 = EDGE_CURVE('',#983,#1230,#1439,.T.);
#1439 = LINE('',#1440,#1441);
#1440 = CARTESIAN_POINT('',(1.016,-1.27,0.));
#1441 = VECTOR('',#1442,1.);
#1442 = DIRECTION('',(0.,0.,1.));
#1443 = ORIENTED_EDGE('',*,*,#1237,.T.);
#1444 = ORIENTED_EDGE('',*,*,#1404,.F.);
#1445 = ORIENTED_EDGE('',*,*,#990,.F.);
#1446 = PLANE('',#1447);
#1447 = AXIS2_PLACEMENT_3D('',#1448,#1449,#1450);
#1448 = CARTESIAN_POINT('',(1.016,-1.27,0.));
#1449 = DIRECTION('',(-0.707106781187,0.707106781187,0.));
#1450 = DIRECTION('',(0.707106781187,0.707106781187,0.));
#1451 = ADVANCED_FACE('',(#1452),#1463,.F.);
#1452 = FACE_BOUND('',#1453,.F.);
#1453 = EDGE_LOOP('',(#1454,#1455,#1456,#1462));
#1454 = ORIENTED_EDGE('',*,*,#1423,.T.);
#1455 = ORIENTED_EDGE('',*,*,#1141,.T.);
#1456 = ORIENTED_EDGE('',*,*,#1457,.F.);
#1457 = EDGE_CURVE('',#895,#1142,#1458,.T.);
#1458 = LINE('',#1459,#1460);
#1459 = CARTESIAN_POINT('',(-1.27,-3.556,0.));
#1460 = VECTOR('',#1461,1.);
#1461 = DIRECTION('',(0.,0.,1.));
#1462 = ORIENTED_EDGE('',*,*,#894,.F.);
#1463 = PLANE('',#1464);
#1464 = AXIS2_PLACEMENT_3D('',#1465,#1466,#1467);
#1465 = CARTESIAN_POINT('',(-1.27,-1.524,0.));
#1466 = DIRECTION('',(1.,0.,0.));
#1467 = DIRECTION('',(0.,-1.,0.));
#1468 = ADVANCED_FACE('',(#1469),#1480,.F.);
#1469 = FACE_BOUND('',#1470,.F.);
#1470 = EDGE_LOOP('',(#1471,#1477,#1478,#1479));
#1471 = ORIENTED_EDGE('',*,*,#1472,.T.);
#1472 = EDGE_CURVE('',#975,#1222,#1473,.T.);
#1473 = LINE('',#1474,#1475);
#1474 = CARTESIAN_POINT('',(1.27,-1.524,0.));
#1475 = VECTOR('',#1476,1.);
#1476 = DIRECTION('',(0.,0.,1.));
#1477 = ORIENTED_EDGE('',*,*,#1229,.T.);
#1478 = ORIENTED_EDGE('',*,*,#1438,.F.);
#1479 = ORIENTED_EDGE('',*,*,#982,.F.);
#1480 = PLANE('',#1481);
#1481 = AXIS2_PLACEMENT_3D('',#1482,#1483,#1484);
#1482 = CARTESIAN_POINT('',(1.27,-1.524,0.));
#1483 = DIRECTION('',(-0.707106781187,-0.707106781187,0.));
#1484 = DIRECTION('',(-0.707106781187,0.707106781187,0.));
#1485 = ADVANCED_FACE('',(#1486),#1497,.F.);
#1486 = FACE_BOUND('',#1487,.F.);
#1487 = EDGE_LOOP('',(#1488,#1489,#1490,#1496));
#1488 = ORIENTED_EDGE('',*,*,#1457,.T.);
#1489 = ORIENTED_EDGE('',*,*,#1149,.T.);
#1490 = ORIENTED_EDGE('',*,*,#1491,.F.);
#1491 = EDGE_CURVE('',#903,#1150,#1492,.T.);
#1492 = LINE('',#1493,#1494);
#1493 = CARTESIAN_POINT('',(-1.016,-3.81,0.));
#1494 = VECTOR('',#1495,1.);
#1495 = DIRECTION('',(0.,0.,1.));
#1496 = ORIENTED_EDGE('',*,*,#902,.F.);
#1497 = PLANE('',#1498);
#1498 = AXIS2_PLACEMENT_3D('',#1499,#1500,#1501);
#1499 = CARTESIAN_POINT('',(-1.27,-3.556,0.));
#1500 = DIRECTION('',(0.707106781187,0.707106781187,0.));
#1501 = DIRECTION('',(0.707106781187,-0.707106781187,0.));
#1502 = ADVANCED_FACE('',(#1503),#1514,.F.);
#1503 = FACE_BOUND('',#1504,.F.);
#1504 = EDGE_LOOP('',(#1505,#1511,#1512,#1513));
#1505 = ORIENTED_EDGE('',*,*,#1506,.T.);
#1506 = EDGE_CURVE('',#967,#1214,#1507,.T.);
#1507 = LINE('',#1508,#1509);
#1508 = CARTESIAN_POINT('',(1.27,-3.556,0.));
#1509 = VECTOR('',#1510,1.);
#1510 = DIRECTION('',(0.,0.,1.));
#1511 = ORIENTED_EDGE('',*,*,#1221,.T.);
#1512 = ORIENTED_EDGE('',*,*,#1472,.F.);
#1513 = ORIENTED_EDGE('',*,*,#974,.F.);
#1514 = PLANE('',#1515);
#1515 = AXIS2_PLACEMENT_3D('',#1516,#1517,#1518);
#1516 = CARTESIAN_POINT('',(1.27,-3.556,0.));
#1517 = DIRECTION('',(-1.,0.,0.));
#1518 = DIRECTION('',(0.,1.,0.));
#1519 = ADVANCED_FACE('',(#1520),#1531,.F.);
#1520 = FACE_BOUND('',#1521,.F.);
#1521 = EDGE_LOOP('',(#1522,#1523,#1524,#1530));
#1522 = ORIENTED_EDGE('',*,*,#1491,.T.);
#1523 = ORIENTED_EDGE('',*,*,#1157,.T.);
#1524 = ORIENTED_EDGE('',*,*,#1525,.F.);
#1525 = EDGE_CURVE('',#911,#1158,#1526,.T.);
#1526 = LINE('',#1527,#1528);
#1527 = CARTESIAN_POINT('',(-1.27,-4.064,0.));
#1528 = VECTOR('',#1529,1.);
#1529 = DIRECTION('',(0.,0.,1.));
#1530 = ORIENTED_EDGE('',*,*,#910,.F.);
#1531 = PLANE('',#1532);
#1532 = AXIS2_PLACEMENT_3D('',#1533,#1534,#1535);
#1533 = CARTESIAN_POINT('',(-1.016,-3.81,0.));
#1534 = DIRECTION('',(0.707106781187,-0.707106781187,0.));
#1535 = DIRECTION('',(-0.707106781187,-0.707106781187,0.));
#1536 = ADVANCED_FACE('',(#1537),#1548,.F.);
#1537 = FACE_BOUND('',#1538,.F.);
#1538 = EDGE_LOOP('',(#1539,#1545,#1546,#1547));
#1539 = ORIENTED_EDGE('',*,*,#1540,.T.);
#1540 = EDGE_CURVE('',#959,#1206,#1541,.T.);
#1541 = LINE('',#1542,#1543);
#1542 = CARTESIAN_POINT('',(1.016,-3.81,0.));
#1543 = VECTOR('',#1544,1.);
#1544 = DIRECTION('',(0.,0.,1.));
#1545 = ORIENTED_EDGE('',*,*,#1213,.T.);
#1546 = ORIENTED_EDGE('',*,*,#1506,.F.);
#1547 = ORIENTED_EDGE('',*,*,#966,.F.);
#1548 = PLANE('',#1549);
#1549 = AXIS2_PLACEMENT_3D('',#1550,#1551,#1552);
#1550 = CARTESIAN_POINT('',(1.016,-3.81,0.));
#1551 = DIRECTION('',(-0.707106781187,0.707106781187,0.));
#1552 = DIRECTION('',(0.707106781187,0.707106781187,0.));
#1553 = ADVANCED_FACE('',(#1554),#1565,.F.);
#1554 = FACE_BOUND('',#1555,.F.);
#1555 = EDGE_LOOP('',(#1556,#1557,#1558,#1564));
#1556 = ORIENTED_EDGE('',*,*,#1525,.T.);
#1557 = ORIENTED_EDGE('',*,*,#1165,.T.);
#1558 = ORIENTED_EDGE('',*,*,#1559,.F.);
#1559 = EDGE_CURVE('',#919,#1166,#1560,.T.);
#1560 = LINE('',#1561,#1562);
#1561 = CARTESIAN_POINT('',(-1.27,-6.096,0.));
#1562 = VECTOR('',#1563,1.);
#1563 = DIRECTION('',(0.,0.,1.));
#1564 = ORIENTED_EDGE('',*,*,#918,.F.);
#1565 = PLANE('',#1566);
#1566 = AXIS2_PLACEMENT_3D('',#1567,#1568,#1569);
#1567 = CARTESIAN_POINT('',(-1.27,-4.064,0.));
#1568 = DIRECTION('',(1.,0.,0.));
#1569 = DIRECTION('',(0.,-1.,0.));
#1570 = ADVANCED_FACE('',(#1571),#1582,.F.);
#1571 = FACE_BOUND('',#1572,.F.);
#1572 = EDGE_LOOP('',(#1573,#1579,#1580,#1581));
#1573 = ORIENTED_EDGE('',*,*,#1574,.T.);
#1574 = EDGE_CURVE('',#951,#1198,#1575,.T.);
#1575 = LINE('',#1576,#1577);
#1576 = CARTESIAN_POINT('',(1.27,-4.064,0.));
#1577 = VECTOR('',#1578,1.);
#1578 = DIRECTION('',(0.,0.,1.));
#1579 = ORIENTED_EDGE('',*,*,#1205,.T.);
#1580 = ORIENTED_EDGE('',*,*,#1540,.F.);
#1581 = ORIENTED_EDGE('',*,*,#958,.F.);
#1582 = PLANE('',#1583);
#1583 = AXIS2_PLACEMENT_3D('',#1584,#1585,#1586);
#1584 = CARTESIAN_POINT('',(1.27,-4.064,0.));
#1585 = DIRECTION('',(-0.707106781187,-0.707106781187,0.));
#1586 = DIRECTION('',(-0.707106781187,0.707106781187,0.));
#1587 = ADVANCED_FACE('',(#1588),#1599,.F.);
#1588 = FACE_BOUND('',#1589,.F.);
#1589 = EDGE_LOOP('',(#1590,#1591,#1592,#1598));
#1590 = ORIENTED_EDGE('',*,*,#1559,.T.);
#1591 = ORIENTED_EDGE('',*,*,#1173,.T.);
#1592 = ORIENTED_EDGE('',*,*,#1593,.F.);
#1593 = EDGE_CURVE('',#927,#1174,#1594,.T.);
#1594 = LINE('',#1595,#1596);
#1595 = CARTESIAN_POINT('',(-1.016,-6.35,0.));
#1596 = VECTOR('',#1597,1.);
#1597 = DIRECTION('',(0.,0.,1.));
#1598 = ORIENTED_EDGE('',*,*,#926,.F.);
#1599 = PLANE('',#1600);
#1600 = AXIS2_PLACEMENT_3D('',#1601,#1602,#1603);
#1601 = CARTESIAN_POINT('',(-1.27,-6.096,0.));
#1602 = DIRECTION('',(0.707106781187,0.707106781187,0.));
#1603 = DIRECTION('',(0.707106781187,-0.707106781187,0.));
#1604 = ADVANCED_FACE('',(#1605),#1616,.F.);
#1605 = FACE_BOUND('',#1606,.F.);
#1606 = EDGE_LOOP('',(#1607,#1613,#1614,#1615));
#1607 = ORIENTED_EDGE('',*,*,#1608,.T.);
#1608 = EDGE_CURVE('',#943,#1190,#1609,.T.);
#1609 = LINE('',#1610,#1611);
#1610 = CARTESIAN_POINT('',(1.27,-6.096,0.));
#1611 = VECTOR('',#1612,1.);
#1612 = DIRECTION('',(0.,0.,1.));
#1613 = ORIENTED_EDGE('',*,*,#1197,.T.);
#1614 = ORIENTED_EDGE('',*,*,#1574,.F.);
#1615 = ORIENTED_EDGE('',*,*,#950,.F.);
#1616 = PLANE('',#1617);
#1617 = AXIS2_PLACEMENT_3D('',#1618,#1619,#1620);
#1618 = CARTESIAN_POINT('',(1.27,-6.096,0.));
#1619 = DIRECTION('',(-1.,0.,0.));
#1620 = DIRECTION('',(0.,1.,0.));
#1621 = ADVANCED_FACE('',(#1622),#1633,.F.);
#1622 = FACE_BOUND('',#1623,.F.);
#1623 = EDGE_LOOP('',(#1624,#1625,#1626,#1632));
#1624 = ORIENTED_EDGE('',*,*,#1593,.T.);
#1625 = ORIENTED_EDGE('',*,*,#1181,.T.);
#1626 = ORIENTED_EDGE('',*,*,#1627,.F.);
#1627 = EDGE_CURVE('',#935,#1182,#1628,.T.);
#1628 = LINE('',#1629,#1630);
#1629 = CARTESIAN_POINT('',(1.016,-6.35,0.));
#1630 = VECTOR('',#1631,1.);
#1631 = DIRECTION('',(0.,0.,1.));
#1632 = ORIENTED_EDGE('',*,*,#934,.F.);
#1633 = PLANE('',#1634);
#1634 = AXIS2_PLACEMENT_3D('',#1635,#1636,#1637);
#1635 = CARTESIAN_POINT('',(-1.016,-6.35,0.));
#1636 = DIRECTION('',(0.,1.,0.));
#1637 = DIRECTION('',(1.,0.,0.));
#1638 = ADVANCED_FACE('',(#1639),#1645,.F.);
#1639 = FACE_BOUND('',#1640,.F.);
#1640 = EDGE_LOOP('',(#1641,#1642,#1643,#1644));
#1641 = ORIENTED_EDGE('',*,*,#1627,.T.);
#1642 = ORIENTED_EDGE('',*,*,#1189,.T.);
#1643 = ORIENTED_EDGE('',*,*,#1608,.F.);
#1644 = ORIENTED_EDGE('',*,*,#942,.F.);
#1645 = PLANE('',#1646);
#1646 = AXIS2_PLACEMENT_3D('',#1647,#1648,#1649);
#1647 = CARTESIAN_POINT('',(1.016,-6.35,0.));
#1648 = DIRECTION('',(-0.707106781187,0.707106781187,0.));
#1649 = DIRECTION('',(0.707106781187,0.707106781187,0.));
#1650 = ADVANCED_FACE('',(#1651),#1676,.T.);
#1651 = FACE_BOUND('',#1652,.T.);
#1652 = EDGE_LOOP('',(#1653,#1661,#1669,#1675));
#1653 = ORIENTED_EDGE('',*,*,#1654,.F.);
#1654 = EDGE_CURVE('',#1655,#1016,#1657,.T.);
#1655 = VERTEX_POINT('',#1656);
#1656 = CARTESIAN_POINT('',(0.32,-0.32,-2.84));
#1657 = LINE('',#1658,#1659);
#1658 = CARTESIAN_POINT('',(0.32,-0.32,-3.));
#1659 = VECTOR('',#1660,1.);
#1660 = DIRECTION('',(0.,0.,1.));
#1661 = ORIENTED_EDGE('',*,*,#1662,.T.);
#1662 = EDGE_CURVE('',#1655,#1663,#1665,.T.);
#1663 = VERTEX_POINT('',#1664);
#1664 = CARTESIAN_POINT('',(0.32,0.32,-2.84));
#1665 = LINE('',#1666,#1667);
#1666 = CARTESIAN_POINT('',(0.32,-0.32,-2.84));
#1667 = VECTOR('',#1668,1.);
#1668 = DIRECTION('',(0.,1.,0.));
#1669 = ORIENTED_EDGE('',*,*,#1670,.T.);
#1670 = EDGE_CURVE('',#1663,#1018,#1671,.T.);
#1671 = LINE('',#1672,#1673);
#1672 = CARTESIAN_POINT('',(0.32,0.32,-3.));
#1673 = VECTOR('',#1674,1.);
#1674 = DIRECTION('',(0.,0.,1.));
#1675 = ORIENTED_EDGE('',*,*,#1015,.F.);
#1676 = PLANE('',#1677);
#1677 = AXIS2_PLACEMENT_3D('',#1678,#1679,#1680);
#1678 = CARTESIAN_POINT('',(0.32,-0.32,-3.));
#1679 = DIRECTION('',(1.,0.,0.));
#1680 = DIRECTION('',(0.,0.,1.));
#1681 = ADVANCED_FACE('',(#1682),#1700,.T.);
#1682 = FACE_BOUND('',#1683,.T.);
#1683 = EDGE_LOOP('',(#1684,#1685,#1693,#1699));
#1684 = ORIENTED_EDGE('',*,*,#1670,.F.);
#1685 = ORIENTED_EDGE('',*,*,#1686,.F.);
#1686 = EDGE_CURVE('',#1687,#1663,#1689,.T.);
#1687 = VERTEX_POINT('',#1688);
#1688 = CARTESIAN_POINT('',(-0.32,0.32,-2.84));
#1689 = LINE('',#1690,#1691);
#1690 = CARTESIAN_POINT('',(-0.32,0.32,-2.84));
#1691 = VECTOR('',#1692,1.);
#1692 = DIRECTION('',(1.,0.,0.));
#1693 = ORIENTED_EDGE('',*,*,#1694,.T.);
#1694 = EDGE_CURVE('',#1687,#1034,#1695,.T.);
#1695 = LINE('',#1696,#1697);
#1696 = CARTESIAN_POINT('',(-0.32,0.32,-3.));
#1697 = VECTOR('',#1698,1.);
#1698 = DIRECTION('',(0.,0.,1.));
#1699 = ORIENTED_EDGE('',*,*,#1041,.F.);
#1700 = PLANE('',#1701);
#1701 = AXIS2_PLACEMENT_3D('',#1702,#1703,#1704);
#1702 = CARTESIAN_POINT('',(-0.32,0.32,-3.));
#1703 = DIRECTION('',(0.,1.,0.));
#1704 = DIRECTION('',(0.,-0.,1.));
#1705 = ADVANCED_FACE('',(#1706),#1724,.F.);
#1706 = FACE_BOUND('',#1707,.F.);
#1707 = EDGE_LOOP('',(#1708,#1716,#1722,#1723));
#1708 = ORIENTED_EDGE('',*,*,#1709,.F.);
#1709 = EDGE_CURVE('',#1710,#1026,#1712,.T.);
#1710 = VERTEX_POINT('',#1711);
#1711 = CARTESIAN_POINT('',(-0.32,-0.32,-2.84));
#1712 = LINE('',#1713,#1714);
#1713 = CARTESIAN_POINT('',(-0.32,-0.32,-3.));
#1714 = VECTOR('',#1715,1.);
#1715 = DIRECTION('',(0.,0.,1.));
#1716 = ORIENTED_EDGE('',*,*,#1717,.T.);
#1717 = EDGE_CURVE('',#1710,#1687,#1718,.T.);
#1718 = LINE('',#1719,#1720);
#1719 = CARTESIAN_POINT('',(-0.32,-0.32,-2.84));
#1720 = VECTOR('',#1721,1.);
#1721 = DIRECTION('',(0.,1.,0.));
#1722 = ORIENTED_EDGE('',*,*,#1694,.T.);
#1723 = ORIENTED_EDGE('',*,*,#1033,.F.);
#1724 = PLANE('',#1725);
#1725 = AXIS2_PLACEMENT_3D('',#1726,#1727,#1728);
#1726 = CARTESIAN_POINT('',(-0.32,-0.32,-3.));
#1727 = DIRECTION('',(1.,0.,0.));
#1728 = DIRECTION('',(0.,0.,1.));
#1729 = ADVANCED_FACE('',(#1730),#1741,.F.);
#1730 = FACE_BOUND('',#1731,.F.);
#1731 = EDGE_LOOP('',(#1732,#1733,#1739,#1740));
#1732 = ORIENTED_EDGE('',*,*,#1654,.F.);
#1733 = ORIENTED_EDGE('',*,*,#1734,.F.);
#1734 = EDGE_CURVE('',#1710,#1655,#1735,.T.);
#1735 = LINE('',#1736,#1737);
#1736 = CARTESIAN_POINT('',(-0.32,-0.32,-2.84));
#1737 = VECTOR('',#1738,1.);
#1738 = DIRECTION('',(1.,0.,0.));
#1739 = ORIENTED_EDGE('',*,*,#1709,.T.);
#1740 = ORIENTED_EDGE('',*,*,#1025,.F.);
#1741 = PLANE('',#1742);
#1742 = AXIS2_PLACEMENT_3D('',#1743,#1744,#1745);
#1743 = CARTESIAN_POINT('',(-0.32,-0.32,-3.));
#1744 = DIRECTION('',(0.,1.,0.));
#1745 = DIRECTION('',(0.,-0.,1.));
#1746 = ADVANCED_FACE('',(#1747),#1772,.F.);
#1747 = FACE_BOUND('',#1748,.F.);
#1748 = EDGE_LOOP('',(#1749,#1757,#1765,#1771));
#1749 = ORIENTED_EDGE('',*,*,#1750,.F.);
#1750 = EDGE_CURVE('',#1751,#1050,#1753,.T.);
#1751 = VERTEX_POINT('',#1752);
#1752 = CARTESIAN_POINT('',(0.32,-2.86,-2.84));
#1753 = LINE('',#1754,#1755);
#1754 = CARTESIAN_POINT('',(0.32,-2.86,-3.));
#1755 = VECTOR('',#1756,1.);
#1756 = DIRECTION('',(0.,0.,1.));
#1757 = ORIENTED_EDGE('',*,*,#1758,.F.);
#1758 = EDGE_CURVE('',#1759,#1751,#1761,.T.);
#1759 = VERTEX_POINT('',#1760);
#1760 = CARTESIAN_POINT('',(-0.32,-2.86,-2.84));
#1761 = LINE('',#1762,#1763);
#1762 = CARTESIAN_POINT('',(-0.32,-2.86,-2.84));
#1763 = VECTOR('',#1764,1.);
#1764 = DIRECTION('',(1.,0.,0.));
#1765 = ORIENTED_EDGE('',*,*,#1766,.T.);
#1766 = EDGE_CURVE('',#1759,#1052,#1767,.T.);
#1767 = LINE('',#1768,#1769);
#1768 = CARTESIAN_POINT('',(-0.32,-2.86,-3.));
#1769 = VECTOR('',#1770,1.);
#1770 = DIRECTION('',(0.,0.,1.));
#1771 = ORIENTED_EDGE('',*,*,#1049,.F.);
#1772 = PLANE('',#1773);
#1773 = AXIS2_PLACEMENT_3D('',#1774,#1775,#1776);
#1774 = CARTESIAN_POINT('',(-0.32,-2.86,-3.));
#1775 = DIRECTION('',(0.,1.,0.));
#1776 = DIRECTION('',(0.,-0.,1.));
#1777 = ADVANCED_FACE('',(#1778),#1796,.T.);
#1778 = FACE_BOUND('',#1779,.T.);
#1779 = EDGE_LOOP('',(#1780,#1781,#1789,#1795));
#1780 = ORIENTED_EDGE('',*,*,#1750,.F.);
#1781 = ORIENTED_EDGE('',*,*,#1782,.T.);
#1782 = EDGE_CURVE('',#1751,#1783,#1785,.T.);
#1783 = VERTEX_POINT('',#1784);
#1784 = CARTESIAN_POINT('',(0.32,-2.22,-2.84));
#1785 = LINE('',#1786,#1787);
#1786 = CARTESIAN_POINT('',(0.32,-2.86,-2.84));
#1787 = VECTOR('',#1788,1.);
#1788 = DIRECTION('',(0.,1.,0.));
#1789 = ORIENTED_EDGE('',*,*,#1790,.T.);
#1790 = EDGE_CURVE('',#1783,#1068,#1791,.T.);
#1791 = LINE('',#1792,#1793);
#1792 = CARTESIAN_POINT('',(0.32,-2.22,-3.));
#1793 = VECTOR('',#1794,1.);
#1794 = DIRECTION('',(0.,0.,1.));
#1795 = ORIENTED_EDGE('',*,*,#1075,.F.);
#1796 = PLANE('',#1797);
#1797 = AXIS2_PLACEMENT_3D('',#1798,#1799,#1800);
#1798 = CARTESIAN_POINT('',(0.32,-2.86,-3.));
#1799 = DIRECTION('',(1.,0.,0.));
#1800 = DIRECTION('',(0.,0.,1.));
#1801 = ADVANCED_FACE('',(#1802),#1820,.T.);
#1802 = FACE_BOUND('',#1803,.T.);
#1803 = EDGE_LOOP('',(#1804,#1805,#1813,#1819));
#1804 = ORIENTED_EDGE('',*,*,#1790,.F.);
#1805 = ORIENTED_EDGE('',*,*,#1806,.F.);
#1806 = EDGE_CURVE('',#1807,#1783,#1809,.T.);
#1807 = VERTEX_POINT('',#1808);
#1808 = CARTESIAN_POINT('',(-0.32,-2.22,-2.84));
#1809 = LINE('',#1810,#1811);
#1810 = CARTESIAN_POINT('',(-0.32,-2.22,-2.84));
#1811 = VECTOR('',#1812,1.);
#1812 = DIRECTION('',(1.,0.,0.));
#1813 = ORIENTED_EDGE('',*,*,#1814,.T.);
#1814 = EDGE_CURVE('',#1807,#1060,#1815,.T.);
#1815 = LINE('',#1816,#1817);
#1816 = CARTESIAN_POINT('',(-0.32,-2.22,-3.));
#1817 = VECTOR('',#1818,1.);
#1818 = DIRECTION('',(0.,0.,1.));
#1819 = ORIENTED_EDGE('',*,*,#1067,.F.);
#1820 = PLANE('',#1821);
#1821 = AXIS2_PLACEMENT_3D('',#1822,#1823,#1824);
#1822 = CARTESIAN_POINT('',(-0.32,-2.22,-3.));
#1823 = DIRECTION('',(0.,1.,0.));
#1824 = DIRECTION('',(0.,-0.,1.));
#1825 = ADVANCED_FACE('',(#1826),#1837,.F.);
#1826 = FACE_BOUND('',#1827,.F.);
#1827 = EDGE_LOOP('',(#1828,#1829,#1835,#1836));
#1828 = ORIENTED_EDGE('',*,*,#1766,.F.);
#1829 = ORIENTED_EDGE('',*,*,#1830,.T.);
#1830 = EDGE_CURVE('',#1759,#1807,#1831,.T.);
#1831 = LINE('',#1832,#1833);
#1832 = CARTESIAN_POINT('',(-0.32,-2.86,-2.84));
#1833 = VECTOR('',#1834,1.);
#1834 = DIRECTION('',(0.,1.,0.));
#1835 = ORIENTED_EDGE('',*,*,#1814,.T.);
#1836 = ORIENTED_EDGE('',*,*,#1059,.F.);
#1837 = PLANE('',#1838);
#1838 = AXIS2_PLACEMENT_3D('',#1839,#1840,#1841);
#1839 = CARTESIAN_POINT('',(-0.32,-2.86,-3.));
#1840 = DIRECTION('',(1.,0.,0.));
#1841 = DIRECTION('',(0.,0.,1.));
#1842 = ADVANCED_FACE('',(#1843),#1868,.T.);
#1843 = FACE_BOUND('',#1844,.T.);
#1844 = EDGE_LOOP('',(#1845,#1853,#1861,#1867));
#1845 = ORIENTED_EDGE('',*,*,#1846,.F.);
#1846 = EDGE_CURVE('',#1847,#1084,#1849,.T.);
#1847 = VERTEX_POINT('',#1848);
#1848 = CARTESIAN_POINT('',(0.32,-4.76,-2.84));
#1849 = LINE('',#1850,#1851);
#1850 = CARTESIAN_POINT('',(0.32,-4.76,-3.));
#1851 = VECTOR('',#1852,1.);
#1852 = DIRECTION('',(0.,0.,1.));
#1853 = ORIENTED_EDGE('',*,*,#1854,.F.);
#1854 = EDGE_CURVE('',#1855,#1847,#1857,.T.);
#1855 = VERTEX_POINT('',#1856);
#1856 = CARTESIAN_POINT('',(-0.32,-4.76,-2.84));
#1857 = LINE('',#1858,#1859);
#1858 = CARTESIAN_POINT('',(-0.32,-4.76,-2.84));
#1859 = VECTOR('',#1860,1.);
#1860 = DIRECTION('',(1.,0.,0.));
#1861 = ORIENTED_EDGE('',*,*,#1862,.T.);
#1862 = EDGE_CURVE('',#1855,#1086,#1863,.T.);
#1863 = LINE('',#1864,#1865);
#1864 = CARTESIAN_POINT('',(-0.32,-4.76,-3.));
#1865 = VECTOR('',#1866,1.);
#1866 = DIRECTION('',(0.,0.,1.));
#1867 = ORIENTED_EDGE('',*,*,#1083,.F.);
#1868 = PLANE('',#1869);
#1869 = AXIS2_PLACEMENT_3D('',#1870,#1871,#1872);
#1870 = CARTESIAN_POINT('',(-0.32,-4.76,-3.));
#1871 = DIRECTION('',(0.,1.,0.));
#1872 = DIRECTION('',(0.,-0.,1.));
#1873 = ADVANCED_FACE('',(#1874),#1892,.F.);
#1874 = FACE_BOUND('',#1875,.F.);
#1875 = EDGE_LOOP('',(#1876,#1884,#1890,#1891));
#1876 = ORIENTED_EDGE('',*,*,#1877,.F.);
#1877 = EDGE_CURVE('',#1878,#1102,#1880,.T.);
#1878 = VERTEX_POINT('',#1879);
#1879 = CARTESIAN_POINT('',(-0.32,-5.4,-2.84));
#1880 = LINE('',#1881,#1882);
#1881 = CARTESIAN_POINT('',(-0.32,-5.4,-3.));
#1882 = VECTOR('',#1883,1.);
#1883 = DIRECTION('',(0.,0.,1.));
#1884 = ORIENTED_EDGE('',*,*,#1885,.T.);
#1885 = EDGE_CURVE('',#1878,#1855,#1886,.T.);
#1886 = LINE('',#1887,#1888);
#1887 = CARTESIAN_POINT('',(-0.32,-5.4,-2.84));
#1888 = VECTOR('',#1889,1.);
#1889 = DIRECTION('',(0.,1.,0.));
#1890 = ORIENTED_EDGE('',*,*,#1862,.T.);
#1891 = ORIENTED_EDGE('',*,*,#1109,.F.);
#1892 = PLANE('',#1893);
#1893 = AXIS2_PLACEMENT_3D('',#1894,#1895,#1896);
#1894 = CARTESIAN_POINT('',(-0.32,-5.4,-3.));
#1895 = DIRECTION('',(1.,0.,0.));
#1896 = DIRECTION('',(0.,0.,1.));
#1897 = ADVANCED_FACE('',(#1898),#1916,.F.);
#1898 = FACE_BOUND('',#1899,.F.);
#1899 = EDGE_LOOP('',(#1900,#1908,#1914,#1915));
#1900 = ORIENTED_EDGE('',*,*,#1901,.F.);
#1901 = EDGE_CURVE('',#1902,#1094,#1904,.T.);
#1902 = VERTEX_POINT('',#1903);
#1903 = CARTESIAN_POINT('',(0.32,-5.4,-2.84));
#1904 = LINE('',#1905,#1906);
#1905 = CARTESIAN_POINT('',(0.32,-5.4,-3.));
#1906 = VECTOR('',#1907,1.);
#1907 = DIRECTION('',(0.,0.,1.));
#1908 = ORIENTED_EDGE('',*,*,#1909,.F.);
#1909 = EDGE_CURVE('',#1878,#1902,#1910,.T.);
#1910 = LINE('',#1911,#1912);
#1911 = CARTESIAN_POINT('',(-0.32,-5.4,-2.84));
#1912 = VECTOR('',#1913,1.);
#1913 = DIRECTION('',(1.,0.,0.));
#1914 = ORIENTED_EDGE('',*,*,#1877,.T.);
#1915 = ORIENTED_EDGE('',*,*,#1101,.F.);
#1916 = PLANE('',#1917);
#1917 = AXIS2_PLACEMENT_3D('',#1918,#1919,#1920);
#1918 = CARTESIAN_POINT('',(-0.32,-5.4,-3.));
#1919 = DIRECTION('',(0.,1.,0.));
#1920 = DIRECTION('',(0.,-0.,1.));
#1921 = ADVANCED_FACE('',(#1922),#1933,.T.);
#1922 = FACE_BOUND('',#1923,.T.);
#1923 = EDGE_LOOP('',(#1924,#1925,#1931,#1932));
#1924 = ORIENTED_EDGE('',*,*,#1901,.F.);
#1925 = ORIENTED_EDGE('',*,*,#1926,.T.);
#1926 = EDGE_CURVE('',#1902,#1847,#1927,.T.);
#1927 = LINE('',#1928,#1929);
#1928 = CARTESIAN_POINT('',(0.32,-5.4,-2.84));
#1929 = VECTOR('',#1930,1.);
#1930 = DIRECTION('',(0.,1.,0.));
#1931 = ORIENTED_EDGE('',*,*,#1846,.T.);
#1932 = ORIENTED_EDGE('',*,*,#1093,.F.);
#1933 = PLANE('',#1934);
#1934 = AXIS2_PLACEMENT_3D('',#1935,#1936,#1937);
#1935 = CARTESIAN_POINT('',(0.32,-5.4,-3.));
#1936 = DIRECTION('',(1.,0.,0.));
#1937 = DIRECTION('',(0.,0.,1.));
#1938 = ADVANCED_FACE('',(#1939),#1964,.T.);
#1939 = FACE_BOUND('',#1940,.T.);
#1940 = EDGE_LOOP('',(#1941,#1949,#1950,#1958));
#1941 = ORIENTED_EDGE('',*,*,#1942,.F.);
#1942 = EDGE_CURVE('',#1263,#1943,#1945,.T.);
#1943 = VERTEX_POINT('',#1944);
#1944 = CARTESIAN_POINT('',(0.32,-0.32,8.38));
#1945 = LINE('',#1946,#1947);
#1946 = CARTESIAN_POINT('',(0.32,-0.32,-3.));
#1947 = VECTOR('',#1948,1.);
#1948 = DIRECTION('',(0.,0.,1.));
#1949 = ORIENTED_EDGE('',*,*,#1262,.T.);
#1950 = ORIENTED_EDGE('',*,*,#1951,.T.);
#1951 = EDGE_CURVE('',#1265,#1952,#1954,.T.);
#1952 = VERTEX_POINT('',#1953);
#1953 = CARTESIAN_POINT('',(0.32,0.32,8.38));
#1954 = LINE('',#1955,#1956);
#1955 = CARTESIAN_POINT('',(0.32,0.32,-3.));
#1956 = VECTOR('',#1957,1.);
#1957 = DIRECTION('',(0.,0.,1.));
#1958 = ORIENTED_EDGE('',*,*,#1959,.F.);
#1959 = EDGE_CURVE('',#1943,#1952,#1960,.T.);
#1960 = LINE('',#1961,#1962);
#1961 = CARTESIAN_POINT('',(0.32,-0.32,8.38));
#1962 = VECTOR('',#1963,1.);
#1963 = DIRECTION('',(0.,1.,0.));
#1964 = PLANE('',#1965);
#1965 = AXIS2_PLACEMENT_3D('',#1966,#1967,#1968);
#1966 = CARTESIAN_POINT('',(0.32,-0.32,-3.));
#1967 = DIRECTION('',(1.,0.,0.));
#1968 = DIRECTION('',(0.,0.,1.));
#1969 = ADVANCED_FACE('',(#1970),#1988,.T.);
#1970 = FACE_BOUND('',#1971,.T.);
#1971 = EDGE_LOOP('',(#1972,#1973,#1974,#1982));
#1972 = ORIENTED_EDGE('',*,*,#1951,.F.);
#1973 = ORIENTED_EDGE('',*,*,#1288,.T.);
#1974 = ORIENTED_EDGE('',*,*,#1975,.T.);
#1975 = EDGE_CURVE('',#1281,#1976,#1978,.T.);
#1976 = VERTEX_POINT('',#1977);
#1977 = CARTESIAN_POINT('',(-0.32,0.32,8.38));
#1978 = LINE('',#1979,#1980);
#1979 = CARTESIAN_POINT('',(-0.32,0.32,-3.));
#1980 = VECTOR('',#1981,1.);
#1981 = DIRECTION('',(0.,0.,1.));
#1982 = ORIENTED_EDGE('',*,*,#1983,.T.);
#1983 = EDGE_CURVE('',#1976,#1952,#1984,.T.);
#1984 = LINE('',#1985,#1986);
#1985 = CARTESIAN_POINT('',(-0.32,0.32,8.38));
#1986 = VECTOR('',#1987,1.);
#1987 = DIRECTION('',(1.,0.,0.));
#1988 = PLANE('',#1989);
#1989 = AXIS2_PLACEMENT_3D('',#1990,#1991,#1992);
#1990 = CARTESIAN_POINT('',(-0.32,0.32,-3.));
#1991 = DIRECTION('',(0.,1.,0.));
#1992 = DIRECTION('',(0.,-0.,1.));
#1993 = ADVANCED_FACE('',(#1994),#2012,.F.);
#1994 = FACE_BOUND('',#1995,.F.);
#1995 = EDGE_LOOP('',(#1996,#2004,#2005,#2006));
#1996 = ORIENTED_EDGE('',*,*,#1997,.F.);
#1997 = EDGE_CURVE('',#1273,#1998,#2000,.T.);
#1998 = VERTEX_POINT('',#1999);
#1999 = CARTESIAN_POINT('',(-0.32,-0.32,8.38));
#2000 = LINE('',#2001,#2002);
#2001 = CARTESIAN_POINT('',(-0.32,-0.32,-3.));
#2002 = VECTOR('',#2003,1.);
#2003 = DIRECTION('',(0.,0.,1.));
#2004 = ORIENTED_EDGE('',*,*,#1280,.T.);
#2005 = ORIENTED_EDGE('',*,*,#1975,.T.);
#2006 = ORIENTED_EDGE('',*,*,#2007,.F.);
#2007 = EDGE_CURVE('',#1998,#1976,#2008,.T.);
#2008 = LINE('',#2009,#2010);
#2009 = CARTESIAN_POINT('',(-0.32,-0.32,8.38));
#2010 = VECTOR('',#2011,1.);
#2011 = DIRECTION('',(0.,1.,0.));
#2012 = PLANE('',#2013);
#2013 = AXIS2_PLACEMENT_3D('',#2014,#2015,#2016);
#2014 = CARTESIAN_POINT('',(-0.32,-0.32,-3.));
#2015 = DIRECTION('',(1.,0.,0.));
#2016 = DIRECTION('',(0.,0.,1.));
#2017 = ADVANCED_FACE('',(#2018),#2029,.F.);
#2018 = FACE_BOUND('',#2019,.F.);
#2019 = EDGE_LOOP('',(#2020,#2021,#2022,#2023));
#2020 = ORIENTED_EDGE('',*,*,#1942,.F.);
#2021 = ORIENTED_EDGE('',*,*,#1272,.T.);
#2022 = ORIENTED_EDGE('',*,*,#1997,.T.);
#2023 = ORIENTED_EDGE('',*,*,#2024,.T.);
#2024 = EDGE_CURVE('',#1998,#1943,#2025,.T.);
#2025 = LINE('',#2026,#2027);
#2026 = CARTESIAN_POINT('',(-0.32,-0.32,8.38));
#2027 = VECTOR('',#2028,1.);
#2028 = DIRECTION('',(1.,0.,0.));
#2029 = PLANE('',#2030);
#2030 = AXIS2_PLACEMENT_3D('',#2031,#2032,#2033);
#2031 = CARTESIAN_POINT('',(-0.32,-0.32,-3.));
#2032 = DIRECTION('',(0.,1.,0.));
#2033 = DIRECTION('',(0.,-0.,1.));
#2034 = ADVANCED_FACE('',(#2035),#2060,.F.);
#2035 = FACE_BOUND('',#2036,.F.);
#2036 = EDGE_LOOP('',(#2037,#2045,#2046,#2054));
#2037 = ORIENTED_EDGE('',*,*,#2038,.F.);
#2038 = EDGE_CURVE('',#1297,#2039,#2041,.T.);
#2039 = VERTEX_POINT('',#2040);
#2040 = CARTESIAN_POINT('',(0.32,-2.86,8.38));
#2041 = LINE('',#2042,#2043);
#2042 = CARTESIAN_POINT('',(0.32,-2.86,-3.));
#2043 = VECTOR('',#2044,1.);
#2044 = DIRECTION('',(0.,0.,1.));
#2045 = ORIENTED_EDGE('',*,*,#1296,.T.);
#2046 = ORIENTED_EDGE('',*,*,#2047,.T.);
#2047 = EDGE_CURVE('',#1299,#2048,#2050,.T.);
#2048 = VERTEX_POINT('',#2049);
#2049 = CARTESIAN_POINT('',(-0.32,-2.86,8.38));
#2050 = LINE('',#2051,#2052);
#2051 = CARTESIAN_POINT('',(-0.32,-2.86,-3.));
#2052 = VECTOR('',#2053,1.);
#2053 = DIRECTION('',(0.,0.,1.));
#2054 = ORIENTED_EDGE('',*,*,#2055,.T.);
#2055 = EDGE_CURVE('',#2048,#2039,#2056,.T.);
#2056 = LINE('',#2057,#2058);
#2057 = CARTESIAN_POINT('',(-0.32,-2.86,8.38));
#2058 = VECTOR('',#2059,1.);
#2059 = DIRECTION('',(1.,0.,0.));
#2060 = PLANE('',#2061);
#2061 = AXIS2_PLACEMENT_3D('',#2062,#2063,#2064);
#2062 = CARTESIAN_POINT('',(-0.32,-2.86,-3.));
#2063 = DIRECTION('',(0.,1.,0.));
#2064 = DIRECTION('',(0.,-0.,1.));
#2065 = ADVANCED_FACE('',(#2066),#2084,.T.);
#2066 = FACE_BOUND('',#2067,.T.);
#2067 = EDGE_LOOP('',(#2068,#2069,#2070,#2078));
#2068 = ORIENTED_EDGE('',*,*,#2038,.F.);
#2069 = ORIENTED_EDGE('',*,*,#1322,.T.);
#2070 = ORIENTED_EDGE('',*,*,#2071,.T.);
#2071 = EDGE_CURVE('',#1315,#2072,#2074,.T.);
#2072 = VERTEX_POINT('',#2073);
#2073 = CARTESIAN_POINT('',(0.32,-2.22,8.38));
#2074 = LINE('',#2075,#2076);
#2075 = CARTESIAN_POINT('',(0.32,-2.22,-3.));
#2076 = VECTOR('',#2077,1.);
#2077 = DIRECTION('',(0.,0.,1.));
#2078 = ORIENTED_EDGE('',*,*,#2079,.F.);
#2079 = EDGE_CURVE('',#2039,#2072,#2080,.T.);
#2080 = LINE('',#2081,#2082);
#2081 = CARTESIAN_POINT('',(0.32,-2.86,8.38));
#2082 = VECTOR('',#2083,1.);
#2083 = DIRECTION('',(0.,1.,0.));
#2084 = PLANE('',#2085);
#2085 = AXIS2_PLACEMENT_3D('',#2086,#2087,#2088);
#2086 = CARTESIAN_POINT('',(0.32,-2.86,-3.));
#2087 = DIRECTION('',(1.,0.,0.));
#2088 = DIRECTION('',(0.,0.,1.));
#2089 = ADVANCED_FACE('',(#2090),#2108,.T.);
#2090 = FACE_BOUND('',#2091,.T.);
#2091 = EDGE_LOOP('',(#2092,#2093,#2094,#2102));
#2092 = ORIENTED_EDGE('',*,*,#2071,.F.);
#2093 = ORIENTED_EDGE('',*,*,#1314,.T.);
#2094 = ORIENTED_EDGE('',*,*,#2095,.T.);
#2095 = EDGE_CURVE('',#1307,#2096,#2098,.T.);
#2096 = VERTEX_POINT('',#2097);
#2097 = CARTESIAN_POINT('',(-0.32,-2.22,8.38));
#2098 = LINE('',#2099,#2100);
#2099 = CARTESIAN_POINT('',(-0.32,-2.22,-3.));
#2100 = VECTOR('',#2101,1.);
#2101 = DIRECTION('',(0.,0.,1.));
#2102 = ORIENTED_EDGE('',*,*,#2103,.T.);
#2103 = EDGE_CURVE('',#2096,#2072,#2104,.T.);
#2104 = LINE('',#2105,#2106);
#2105 = CARTESIAN_POINT('',(-0.32,-2.22,8.38));
#2106 = VECTOR('',#2107,1.);
#2107 = DIRECTION('',(1.,0.,0.));
#2108 = PLANE('',#2109);
#2109 = AXIS2_PLACEMENT_3D('',#2110,#2111,#2112);
#2110 = CARTESIAN_POINT('',(-0.32,-2.22,-3.));
#2111 = DIRECTION('',(0.,1.,0.));
#2112 = DIRECTION('',(0.,-0.,1.));
#2113 = ADVANCED_FACE('',(#2114),#2125,.F.);
#2114 = FACE_BOUND('',#2115,.F.);
#2115 = EDGE_LOOP('',(#2116,#2117,#2118,#2119));
#2116 = ORIENTED_EDGE('',*,*,#2047,.F.);
#2117 = ORIENTED_EDGE('',*,*,#1306,.T.);
#2118 = ORIENTED_EDGE('',*,*,#2095,.T.);
#2119 = ORIENTED_EDGE('',*,*,#2120,.F.);
#2120 = EDGE_CURVE('',#2048,#2096,#2121,.T.);
#2121 = LINE('',#2122,#2123);
#2122 = CARTESIAN_POINT('',(-0.32,-2.86,8.38));
#2123 = VECTOR('',#2124,1.);
#2124 = DIRECTION('',(0.,1.,0.));
#2125 = PLANE('',#2126);
#2126 = AXIS2_PLACEMENT_3D('',#2127,#2128,#2129);
#2127 = CARTESIAN_POINT('',(-0.32,-2.86,-3.));
#2128 = DIRECTION('',(1.,0.,0.));
#2129 = DIRECTION('',(0.,0.,1.));
#2130 = ADVANCED_FACE('',(#2131),#2156,.T.);
#2131 = FACE_BOUND('',#2132,.T.);
#2132 = EDGE_LOOP('',(#2133,#2141,#2142,#2150));
#2133 = ORIENTED_EDGE('',*,*,#2134,.F.);
#2134 = EDGE_CURVE('',#1331,#2135,#2137,.T.);
#2135 = VERTEX_POINT('',#2136);
#2136 = CARTESIAN_POINT('',(0.32,-4.76,8.38));
#2137 = LINE('',#2138,#2139);
#2138 = CARTESIAN_POINT('',(0.32,-4.76,-3.));
#2139 = VECTOR('',#2140,1.);
#2140 = DIRECTION('',(0.,0.,1.));
#2141 = ORIENTED_EDGE('',*,*,#1330,.T.);
#2142 = ORIENTED_EDGE('',*,*,#2143,.T.);
#2143 = EDGE_CURVE('',#1333,#2144,#2146,.T.);
#2144 = VERTEX_POINT('',#2145);
#2145 = CARTESIAN_POINT('',(-0.32,-4.76,8.38));
#2146 = LINE('',#2147,#2148);
#2147 = CARTESIAN_POINT('',(-0.32,-4.76,-3.));
#2148 = VECTOR('',#2149,1.);
#2149 = DIRECTION('',(0.,0.,1.));
#2150 = ORIENTED_EDGE('',*,*,#2151,.T.);
#2151 = EDGE_CURVE('',#2144,#2135,#2152,.T.);
#2152 = LINE('',#2153,#2154);
#2153 = CARTESIAN_POINT('',(-0.32,-4.76,8.38));
#2154 = VECTOR('',#2155,1.);
#2155 = DIRECTION('',(1.,0.,0.));
#2156 = PLANE('',#2157);
#2157 = AXIS2_PLACEMENT_3D('',#2158,#2159,#2160);
#2158 = CARTESIAN_POINT('',(-0.32,-4.76,-3.));
#2159 = DIRECTION('',(0.,1.,0.));
#2160 = DIRECTION('',(0.,-0.,1.));
#2161 = ADVANCED_FACE('',(#2162),#2180,.F.);
#2162 = FACE_BOUND('',#2163,.F.);
#2163 = EDGE_LOOP('',(#2164,#2172,#2173,#2174));
#2164 = ORIENTED_EDGE('',*,*,#2165,.F.);
#2165 = EDGE_CURVE('',#1349,#2166,#2168,.T.);
#2166 = VERTEX_POINT('',#2167);
#2167 = CARTESIAN_POINT('',(-0.32,-5.4,8.38));
#2168 = LINE('',#2169,#2170);
#2169 = CARTESIAN_POINT('',(-0.32,-5.4,-3.));
#2170 = VECTOR('',#2171,1.);
#2171 = DIRECTION('',(0.,0.,1.));
#2172 = ORIENTED_EDGE('',*,*,#1356,.T.);
#2173 = ORIENTED_EDGE('',*,*,#2143,.T.);
#2174 = ORIENTED_EDGE('',*,*,#2175,.F.);
#2175 = EDGE_CURVE('',#2166,#2144,#2176,.T.);
#2176 = LINE('',#2177,#2178);
#2177 = CARTESIAN_POINT('',(-0.32,-5.4,8.38));
#2178 = VECTOR('',#2179,1.);
#2179 = DIRECTION('',(0.,1.,0.));
#2180 = PLANE('',#2181);
#2181 = AXIS2_PLACEMENT_3D('',#2182,#2183,#2184);
#2182 = CARTESIAN_POINT('',(-0.32,-5.4,-3.));
#2183 = DIRECTION('',(1.,0.,0.));
#2184 = DIRECTION('',(0.,0.,1.));
#2185 = ADVANCED_FACE('',(#2186),#2204,.F.);
#2186 = FACE_BOUND('',#2187,.F.);
#2187 = EDGE_LOOP('',(#2188,#2196,#2197,#2198));
#2188 = ORIENTED_EDGE('',*,*,#2189,.F.);
#2189 = EDGE_CURVE('',#1341,#2190,#2192,.T.);
#2190 = VERTEX_POINT('',#2191);
#2191 = CARTESIAN_POINT('',(0.32,-5.4,8.38));
#2192 = LINE('',#2193,#2194);
#2193 = CARTESIAN_POINT('',(0.32,-5.4,-3.));
#2194 = VECTOR('',#2195,1.);
#2195 = DIRECTION('',(0.,0.,1.));
#2196 = ORIENTED_EDGE('',*,*,#1348,.T.);
#2197 = ORIENTED_EDGE('',*,*,#2165,.T.);
#2198 = ORIENTED_EDGE('',*,*,#2199,.T.);
#2199 = EDGE_CURVE('',#2166,#2190,#2200,.T.);
#2200 = LINE('',#2201,#2202);
#2201 = CARTESIAN_POINT('',(-0.32,-5.4,8.38));
#2202 = VECTOR('',#2203,1.);
#2203 = DIRECTION('',(1.,0.,0.));
#2204 = PLANE('',#2205);
#2205 = AXIS2_PLACEMENT_3D('',#2206,#2207,#2208);
#2206 = CARTESIAN_POINT('',(-0.32,-5.4,-3.));
#2207 = DIRECTION('',(0.,1.,0.));
#2208 = DIRECTION('',(0.,-0.,1.));
#2209 = ADVANCED_FACE('',(#2210),#2221,.T.);
#2210 = FACE_BOUND('',#2211,.T.);
#2211 = EDGE_LOOP('',(#2212,#2213,#2214,#2215));
#2212 = ORIENTED_EDGE('',*,*,#2189,.F.);
#2213 = ORIENTED_EDGE('',*,*,#1340,.T.);
#2214 = ORIENTED_EDGE('',*,*,#2134,.T.);
#2215 = ORIENTED_EDGE('',*,*,#2216,.F.);
#2216 = EDGE_CURVE('',#2190,#2135,#2217,.T.);
#2217 = LINE('',#2218,#2219);
#2218 = CARTESIAN_POINT('',(0.32,-5.4,8.38));
#2219 = VECTOR('',#2220,1.);
#2220 = DIRECTION('',(0.,1.,0.));
#2221 = PLANE('',#2222);
#2222 = AXIS2_PLACEMENT_3D('',#2223,#2224,#2225);
#2223 = CARTESIAN_POINT('',(0.32,-5.4,-3.));
#2224 = DIRECTION('',(1.,0.,0.));
#2225 = DIRECTION('',(0.,0.,1.));
#2226 = ADVANCED_FACE('',(#2227),#2252,.F.);
#2227 = FACE_BOUND('',#2228,.F.);
#2228 = EDGE_LOOP('',(#2229,#2237,#2238,#2246));
#2229 = ORIENTED_EDGE('',*,*,#2230,.F.);
#2230 = EDGE_CURVE('',#1655,#2231,#2233,.T.);
#2231 = VERTEX_POINT('',#2232);
#2232 = CARTESIAN_POINT('',(0.16,-0.16,-3.));
#2233 = LINE('',#2234,#2235);
#2234 = CARTESIAN_POINT('',(0.16,-0.16,-3.));
#2235 = VECTOR('',#2236,1.);
#2236 = DIRECTION('',(-0.57735026919,0.57735026919,-0.57735026919));
#2237 = ORIENTED_EDGE('',*,*,#1662,.T.);
#2238 = ORIENTED_EDGE('',*,*,#2239,.T.);
#2239 = EDGE_CURVE('',#1663,#2240,#2242,.T.);
#2240 = VERTEX_POINT('',#2241);
#2241 = CARTESIAN_POINT('',(0.16,0.16,-3.));
#2242 = LINE('',#2243,#2244);
#2243 = CARTESIAN_POINT('',(5.333333333333E-02,5.333333333333E-02,
    -3.106666666667));
#2244 = VECTOR('',#2245,1.);
#2245 = DIRECTION('',(-0.57735026919,-0.57735026919,-0.57735026919));
#2246 = ORIENTED_EDGE('',*,*,#2247,.F.);
#2247 = EDGE_CURVE('',#2231,#2240,#2248,.T.);
#2248 = LINE('',#2249,#2250);
#2249 = CARTESIAN_POINT('',(0.16,-0.32,-3.));
#2250 = VECTOR('',#2251,1.);
#2251 = DIRECTION('',(0.,1.,0.));
#2252 = PLANE('',#2253);
#2253 = AXIS2_PLACEMENT_3D('',#2254,#2255,#2256);
#2254 = CARTESIAN_POINT('',(0.24,-0.32,-2.92));
#2255 = DIRECTION('',(-0.707106781187,1.735167508357E-18,0.707106781187)
  );
#2256 = DIRECTION('',(1.226948711654E-18,1.,-1.226948711654E-18));
#2257 = ADVANCED_FACE('',(#2258),#2276,.F.);
#2258 = FACE_BOUND('',#2259,.T.);
#2259 = EDGE_LOOP('',(#2260,#2268,#2269,#2270));
#2260 = ORIENTED_EDGE('',*,*,#2261,.F.);
#2261 = EDGE_CURVE('',#1687,#2262,#2264,.T.);
#2262 = VERTEX_POINT('',#2263);
#2263 = CARTESIAN_POINT('',(-0.16,0.16,-3.));
#2264 = LINE('',#2265,#2266);
#2265 = CARTESIAN_POINT('',(-0.16,0.16,-3.));
#2266 = VECTOR('',#2267,1.);
#2267 = DIRECTION('',(0.57735026919,-0.57735026919,-0.57735026919));
#2268 = ORIENTED_EDGE('',*,*,#1686,.T.);
#2269 = ORIENTED_EDGE('',*,*,#2239,.T.);
#2270 = ORIENTED_EDGE('',*,*,#2271,.F.);
#2271 = EDGE_CURVE('',#2262,#2240,#2272,.T.);
#2272 = LINE('',#2273,#2274);
#2273 = CARTESIAN_POINT('',(-0.32,0.16,-3.));
#2274 = VECTOR('',#2275,1.);
#2275 = DIRECTION('',(1.,0.,0.));
#2276 = PLANE('',#2277);
#2277 = AXIS2_PLACEMENT_3D('',#2278,#2279,#2280);
#2278 = CARTESIAN_POINT('',(-0.32,0.24,-2.92));
#2279 = DIRECTION('',(-1.735167508357E-18,-0.707106781187,0.707106781187
    ));
#2280 = DIRECTION('',(-1.,1.226948711654E-18,-1.226948711654E-18));
#2281 = ADVANCED_FACE('',(#2282),#2300,.T.);
#2282 = FACE_BOUND('',#2283,.T.);
#2283 = EDGE_LOOP('',(#2284,#2292,#2293,#2294));
#2284 = ORIENTED_EDGE('',*,*,#2285,.F.);
#2285 = EDGE_CURVE('',#1710,#2286,#2288,.T.);
#2286 = VERTEX_POINT('',#2287);
#2287 = CARTESIAN_POINT('',(-0.16,-0.16,-3.));
#2288 = LINE('',#2289,#2290);
#2289 = CARTESIAN_POINT('',(-0.266666666667,-0.266666666667,
    -2.893333333333));
#2290 = VECTOR('',#2291,1.);
#2291 = DIRECTION('',(0.57735026919,0.57735026919,-0.57735026919));
#2292 = ORIENTED_EDGE('',*,*,#1717,.T.);
#2293 = ORIENTED_EDGE('',*,*,#2261,.T.);
#2294 = ORIENTED_EDGE('',*,*,#2295,.F.);
#2295 = EDGE_CURVE('',#2286,#2262,#2296,.T.);
#2296 = LINE('',#2297,#2298);
#2297 = CARTESIAN_POINT('',(-0.16,-0.32,-3.));
#2298 = VECTOR('',#2299,1.);
#2299 = DIRECTION('',(0.,1.,0.));
#2300 = PLANE('',#2301);
#2301 = AXIS2_PLACEMENT_3D('',#2302,#2303,#2304);
#2302 = CARTESIAN_POINT('',(-0.24,-0.32,-2.92));
#2303 = DIRECTION('',(-0.707106781187,-1.735167508357E-18,
    -0.707106781187));
#2304 = DIRECTION('',(-1.226948711654E-18,1.,-1.226948711654E-18));
#2305 = ADVANCED_FACE('',(#2306),#2317,.T.);
#2306 = FACE_BOUND('',#2307,.F.);
#2307 = EDGE_LOOP('',(#2308,#2309,#2310,#2311));
#2308 = ORIENTED_EDGE('',*,*,#2285,.F.);
#2309 = ORIENTED_EDGE('',*,*,#1734,.T.);
#2310 = ORIENTED_EDGE('',*,*,#2230,.T.);
#2311 = ORIENTED_EDGE('',*,*,#2312,.F.);
#2312 = EDGE_CURVE('',#2286,#2231,#2313,.T.);
#2313 = LINE('',#2314,#2315);
#2314 = CARTESIAN_POINT('',(-0.32,-0.16,-3.));
#2315 = VECTOR('',#2316,1.);
#2316 = DIRECTION('',(1.,0.,0.));
#2317 = PLANE('',#2318);
#2318 = AXIS2_PLACEMENT_3D('',#2319,#2320,#2321);
#2319 = CARTESIAN_POINT('',(-0.32,-0.24,-2.92));
#2320 = DIRECTION('',(1.735167508357E-18,-0.707106781187,-0.707106781187
    ));
#2321 = DIRECTION('',(-1.,-1.226948711654E-18,-1.226948711654E-18));
#2322 = ADVANCED_FACE('',(#2323),#2348,.T.);
#2323 = FACE_BOUND('',#2324,.F.);
#2324 = EDGE_LOOP('',(#2325,#2333,#2334,#2342));
#2325 = ORIENTED_EDGE('',*,*,#2326,.F.);
#2326 = EDGE_CURVE('',#1759,#2327,#2329,.T.);
#2327 = VERTEX_POINT('',#2328);
#2328 = CARTESIAN_POINT('',(-0.16,-2.7,-3.));
#2329 = LINE('',#2330,#2331);
#2330 = CARTESIAN_POINT('',(-0.266666666667,-2.806666666667,
    -2.893333333333));
#2331 = VECTOR('',#2332,1.);
#2332 = DIRECTION('',(0.57735026919,0.57735026919,-0.57735026919));
#2333 = ORIENTED_EDGE('',*,*,#1758,.T.);
#2334 = ORIENTED_EDGE('',*,*,#2335,.T.);
#2335 = EDGE_CURVE('',#1751,#2336,#2338,.T.);
#2336 = VERTEX_POINT('',#2337);
#2337 = CARTESIAN_POINT('',(0.16,-2.7,-3.));
#2338 = LINE('',#2339,#2340);
#2339 = CARTESIAN_POINT('',(0.16,-2.7,-3.));
#2340 = VECTOR('',#2341,1.);
#2341 = DIRECTION('',(-0.57735026919,0.57735026919,-0.57735026919));
#2342 = ORIENTED_EDGE('',*,*,#2343,.F.);
#2343 = EDGE_CURVE('',#2327,#2336,#2344,.T.);
#2344 = LINE('',#2345,#2346);
#2345 = CARTESIAN_POINT('',(-0.32,-2.7,-3.));
#2346 = VECTOR('',#2347,1.);
#2347 = DIRECTION('',(1.,0.,0.));
#2348 = PLANE('',#2349);
#2349 = AXIS2_PLACEMENT_3D('',#2350,#2351,#2352);
#2350 = CARTESIAN_POINT('',(-0.32,-2.78,-2.92));
#2351 = DIRECTION('',(1.735167508357E-18,-0.707106781187,-0.707106781187
    ));
#2352 = DIRECTION('',(-1.,-1.226948711654E-18,-1.226948711654E-18));
#2353 = ADVANCED_FACE('',(#2354),#2372,.F.);
#2354 = FACE_BOUND('',#2355,.F.);
#2355 = EDGE_LOOP('',(#2356,#2357,#2358,#2366));
#2356 = ORIENTED_EDGE('',*,*,#2335,.F.);
#2357 = ORIENTED_EDGE('',*,*,#1782,.T.);
#2358 = ORIENTED_EDGE('',*,*,#2359,.T.);
#2359 = EDGE_CURVE('',#1783,#2360,#2362,.T.);
#2360 = VERTEX_POINT('',#2361);
#2361 = CARTESIAN_POINT('',(0.16,-2.38,-3.));
#2362 = LINE('',#2363,#2364);
#2363 = CARTESIAN_POINT('',(5.333333333333E-02,-2.486666666667,
    -3.106666666667));
#2364 = VECTOR('',#2365,1.);
#2365 = DIRECTION('',(-0.57735026919,-0.57735026919,-0.57735026919));
#2366 = ORIENTED_EDGE('',*,*,#2367,.F.);
#2367 = EDGE_CURVE('',#2336,#2360,#2368,.T.);
#2368 = LINE('',#2369,#2370);
#2369 = CARTESIAN_POINT('',(0.16,-2.86,-3.));
#2370 = VECTOR('',#2371,1.);
#2371 = DIRECTION('',(0.,1.,0.));
#2372 = PLANE('',#2373);
#2373 = AXIS2_PLACEMENT_3D('',#2374,#2375,#2376);
#2374 = CARTESIAN_POINT('',(0.24,-2.86,-2.92));
#2375 = DIRECTION('',(-0.707106781187,1.735167508357E-18,0.707106781187)
  );
#2376 = DIRECTION('',(1.226948711654E-18,1.,-1.226948711654E-18));
#2377 = ADVANCED_FACE('',(#2378),#2396,.F.);
#2378 = FACE_BOUND('',#2379,.T.);
#2379 = EDGE_LOOP('',(#2380,#2388,#2389,#2390));
#2380 = ORIENTED_EDGE('',*,*,#2381,.F.);
#2381 = EDGE_CURVE('',#1807,#2382,#2384,.T.);
#2382 = VERTEX_POINT('',#2383);
#2383 = CARTESIAN_POINT('',(-0.16,-2.38,-3.));
#2384 = LINE('',#2385,#2386);
#2385 = CARTESIAN_POINT('',(-0.16,-2.38,-3.));
#2386 = VECTOR('',#2387,1.);
#2387 = DIRECTION('',(0.57735026919,-0.57735026919,-0.57735026919));
#2388 = ORIENTED_EDGE('',*,*,#1806,.T.);
#2389 = ORIENTED_EDGE('',*,*,#2359,.T.);
#2390 = ORIENTED_EDGE('',*,*,#2391,.F.);
#2391 = EDGE_CURVE('',#2382,#2360,#2392,.T.);
#2392 = LINE('',#2393,#2394);
#2393 = CARTESIAN_POINT('',(-0.32,-2.38,-3.));
#2394 = VECTOR('',#2395,1.);
#2395 = DIRECTION('',(1.,0.,0.));
#2396 = PLANE('',#2397);
#2397 = AXIS2_PLACEMENT_3D('',#2398,#2399,#2400);
#2398 = CARTESIAN_POINT('',(-0.32,-2.3,-2.92));
#2399 = DIRECTION('',(-1.735167508357E-18,-0.707106781187,0.707106781187
    ));
#2400 = DIRECTION('',(-1.,1.226948711654E-18,-1.226948711654E-18));
#2401 = ADVANCED_FACE('',(#2402),#2413,.T.);
#2402 = FACE_BOUND('',#2403,.T.);
#2403 = EDGE_LOOP('',(#2404,#2405,#2406,#2407));
#2404 = ORIENTED_EDGE('',*,*,#2326,.F.);
#2405 = ORIENTED_EDGE('',*,*,#1830,.T.);
#2406 = ORIENTED_EDGE('',*,*,#2381,.T.);
#2407 = ORIENTED_EDGE('',*,*,#2408,.F.);
#2408 = EDGE_CURVE('',#2327,#2382,#2409,.T.);
#2409 = LINE('',#2410,#2411);
#2410 = CARTESIAN_POINT('',(-0.16,-2.86,-3.));
#2411 = VECTOR('',#2412,1.);
#2412 = DIRECTION('',(0.,1.,0.));
#2413 = PLANE('',#2414);
#2414 = AXIS2_PLACEMENT_3D('',#2415,#2416,#2417);
#2415 = CARTESIAN_POINT('',(-0.24,-2.86,-2.92));
#2416 = DIRECTION('',(-0.707106781187,-1.735167508357E-18,
    -0.707106781187));
#2417 = DIRECTION('',(-1.226948711654E-18,1.,-1.226948711654E-18));
#2418 = ADVANCED_FACE('',(#2419),#2444,.F.);
#2419 = FACE_BOUND('',#2420,.T.);
#2420 = EDGE_LOOP('',(#2421,#2429,#2430,#2438));
#2421 = ORIENTED_EDGE('',*,*,#2422,.F.);
#2422 = EDGE_CURVE('',#1855,#2423,#2425,.T.);
#2423 = VERTEX_POINT('',#2424);
#2424 = CARTESIAN_POINT('',(-0.16,-4.92,-3.));
#2425 = LINE('',#2426,#2427);
#2426 = CARTESIAN_POINT('',(-0.16,-4.92,-3.));
#2427 = VECTOR('',#2428,1.);
#2428 = DIRECTION('',(0.57735026919,-0.57735026919,-0.57735026919));
#2429 = ORIENTED_EDGE('',*,*,#1854,.T.);
#2430 = ORIENTED_EDGE('',*,*,#2431,.T.);
#2431 = EDGE_CURVE('',#1847,#2432,#2434,.T.);
#2432 = VERTEX_POINT('',#2433);
#2433 = CARTESIAN_POINT('',(0.16,-4.92,-3.));
#2434 = LINE('',#2435,#2436);
#2435 = CARTESIAN_POINT('',(5.333333333333E-02,-5.026666666667,
    -3.106666666667));
#2436 = VECTOR('',#2437,1.);
#2437 = DIRECTION('',(-0.57735026919,-0.57735026919,-0.57735026919));
#2438 = ORIENTED_EDGE('',*,*,#2439,.F.);
#2439 = EDGE_CURVE('',#2423,#2432,#2440,.T.);
#2440 = LINE('',#2441,#2442);
#2441 = CARTESIAN_POINT('',(-0.32,-4.92,-3.));
#2442 = VECTOR('',#2443,1.);
#2443 = DIRECTION('',(1.,0.,0.));
#2444 = PLANE('',#2445);
#2445 = AXIS2_PLACEMENT_3D('',#2446,#2447,#2448);
#2446 = CARTESIAN_POINT('',(-0.32,-4.84,-2.92));
#2447 = DIRECTION('',(-1.735167508357E-18,-0.707106781187,0.707106781187
    ));
#2448 = DIRECTION('',(-1.,1.226948711654E-18,-1.226948711654E-18));
#2449 = ADVANCED_FACE('',(#2450),#2468,.T.);
#2450 = FACE_BOUND('',#2451,.T.);
#2451 = EDGE_LOOP('',(#2452,#2460,#2461,#2462));
#2452 = ORIENTED_EDGE('',*,*,#2453,.F.);
#2453 = EDGE_CURVE('',#1878,#2454,#2456,.T.);
#2454 = VERTEX_POINT('',#2455);
#2455 = CARTESIAN_POINT('',(-0.16,-5.24,-3.));
#2456 = LINE('',#2457,#2458);
#2457 = CARTESIAN_POINT('',(-0.266666666667,-5.346666666667,
    -2.893333333333));
#2458 = VECTOR('',#2459,1.);
#2459 = DIRECTION('',(0.57735026919,0.57735026919,-0.57735026919));
#2460 = ORIENTED_EDGE('',*,*,#1885,.T.);
#2461 = ORIENTED_EDGE('',*,*,#2422,.T.);
#2462 = ORIENTED_EDGE('',*,*,#2463,.F.);
#2463 = EDGE_CURVE('',#2454,#2423,#2464,.T.);
#2464 = LINE('',#2465,#2466);
#2465 = CARTESIAN_POINT('',(-0.16,-5.4,-3.));
#2466 = VECTOR('',#2467,1.);
#2467 = DIRECTION('',(0.,1.,0.));
#2468 = PLANE('',#2469);
#2469 = AXIS2_PLACEMENT_3D('',#2470,#2471,#2472);
#2470 = CARTESIAN_POINT('',(-0.24,-5.4,-2.92));
#2471 = DIRECTION('',(-0.707106781187,-1.735167508357E-18,
    -0.707106781187));
#2472 = DIRECTION('',(-1.226948711654E-18,1.,-1.226948711654E-18));
#2473 = ADVANCED_FACE('',(#2474),#2492,.T.);
#2474 = FACE_BOUND('',#2475,.F.);
#2475 = EDGE_LOOP('',(#2476,#2477,#2478,#2486));
#2476 = ORIENTED_EDGE('',*,*,#2453,.F.);
#2477 = ORIENTED_EDGE('',*,*,#1909,.T.);
#2478 = ORIENTED_EDGE('',*,*,#2479,.T.);
#2479 = EDGE_CURVE('',#1902,#2480,#2482,.T.);
#2480 = VERTEX_POINT('',#2481);
#2481 = CARTESIAN_POINT('',(0.16,-5.24,-3.));
#2482 = LINE('',#2483,#2484);
#2483 = CARTESIAN_POINT('',(0.16,-5.24,-3.));
#2484 = VECTOR('',#2485,1.);
#2485 = DIRECTION('',(-0.57735026919,0.57735026919,-0.57735026919));
#2486 = ORIENTED_EDGE('',*,*,#2487,.F.);
#2487 = EDGE_CURVE('',#2454,#2480,#2488,.T.);
#2488 = LINE('',#2489,#2490);
#2489 = CARTESIAN_POINT('',(-0.32,-5.24,-3.));
#2490 = VECTOR('',#2491,1.);
#2491 = DIRECTION('',(1.,0.,0.));
#2492 = PLANE('',#2493);
#2493 = AXIS2_PLACEMENT_3D('',#2494,#2495,#2496);
#2494 = CARTESIAN_POINT('',(-0.32,-5.32,-2.92));
#2495 = DIRECTION('',(1.735167508357E-18,-0.707106781187,-0.707106781187
    ));
#2496 = DIRECTION('',(-1.,-1.226948711654E-18,-1.226948711654E-18));
#2497 = ADVANCED_FACE('',(#2498),#2509,.F.);
#2498 = FACE_BOUND('',#2499,.F.);
#2499 = EDGE_LOOP('',(#2500,#2501,#2502,#2503));
#2500 = ORIENTED_EDGE('',*,*,#2479,.F.);
#2501 = ORIENTED_EDGE('',*,*,#1926,.T.);
#2502 = ORIENTED_EDGE('',*,*,#2431,.T.);
#2503 = ORIENTED_EDGE('',*,*,#2504,.F.);
#2504 = EDGE_CURVE('',#2480,#2432,#2505,.T.);
#2505 = LINE('',#2506,#2507);
#2506 = CARTESIAN_POINT('',(0.16,-5.4,-3.));
#2507 = VECTOR('',#2508,1.);
#2508 = DIRECTION('',(0.,1.,0.));
#2509 = PLANE('',#2510);
#2510 = AXIS2_PLACEMENT_3D('',#2511,#2512,#2513);
#2511 = CARTESIAN_POINT('',(0.24,-5.4,-2.92));
#2512 = DIRECTION('',(-0.707106781187,1.735167508357E-18,0.707106781187)
  );
#2513 = DIRECTION('',(1.226948711654E-18,1.,-1.226948711654E-18));
#2514 = ADVANCED_FACE('',(#2515),#2540,.T.);
#2515 = FACE_BOUND('',#2516,.T.);
#2516 = EDGE_LOOP('',(#2517,#2525,#2526,#2534));
#2517 = ORIENTED_EDGE('',*,*,#2518,.F.);
#2518 = EDGE_CURVE('',#1943,#2519,#2521,.T.);
#2519 = VERTEX_POINT('',#2520);
#2520 = CARTESIAN_POINT('',(0.16,-0.16,8.54));
#2521 = LINE('',#2522,#2523);
#2522 = CARTESIAN_POINT('',(0.16,-0.16,8.54));
#2523 = VECTOR('',#2524,1.);
#2524 = DIRECTION('',(-0.57735026919,0.57735026919,0.57735026919));
#2525 = ORIENTED_EDGE('',*,*,#1959,.T.);
#2526 = ORIENTED_EDGE('',*,*,#2527,.T.);
#2527 = EDGE_CURVE('',#1952,#2528,#2530,.T.);
#2528 = VERTEX_POINT('',#2529);
#2529 = CARTESIAN_POINT('',(0.16,0.16,8.54));
#2530 = LINE('',#2531,#2532);
#2531 = CARTESIAN_POINT('',(5.333333333333E-02,5.333333333333E-02,
    8.646666666667));
#2532 = VECTOR('',#2533,1.);
#2533 = DIRECTION('',(-0.57735026919,-0.57735026919,0.57735026919));
#2534 = ORIENTED_EDGE('',*,*,#2535,.F.);
#2535 = EDGE_CURVE('',#2519,#2528,#2536,.T.);
#2536 = LINE('',#2537,#2538);
#2537 = CARTESIAN_POINT('',(0.16,-0.32,8.54));
#2538 = VECTOR('',#2539,1.);
#2539 = DIRECTION('',(0.,1.,0.));
#2540 = PLANE('',#2541);
#2541 = AXIS2_PLACEMENT_3D('',#2542,#2543,#2544);
#2542 = CARTESIAN_POINT('',(0.24,-0.32,8.46));
#2543 = DIRECTION('',(0.707106781187,-1.735167508357E-18,0.707106781187)
  );
#2544 = DIRECTION('',(1.226948711654E-18,1.,1.226948711654E-18));
#2545 = ADVANCED_FACE('',(#2546),#2564,.T.);
#2546 = FACE_BOUND('',#2547,.F.);
#2547 = EDGE_LOOP('',(#2548,#2556,#2557,#2558));
#2548 = ORIENTED_EDGE('',*,*,#2549,.F.);
#2549 = EDGE_CURVE('',#1976,#2550,#2552,.T.);
#2550 = VERTEX_POINT('',#2551);
#2551 = CARTESIAN_POINT('',(-0.16,0.16,8.54));
#2552 = LINE('',#2553,#2554);
#2553 = CARTESIAN_POINT('',(-0.16,0.16,8.54));
#2554 = VECTOR('',#2555,1.);
#2555 = DIRECTION('',(0.57735026919,-0.57735026919,0.57735026919));
#2556 = ORIENTED_EDGE('',*,*,#1983,.T.);
#2557 = ORIENTED_EDGE('',*,*,#2527,.T.);
#2558 = ORIENTED_EDGE('',*,*,#2559,.F.);
#2559 = EDGE_CURVE('',#2550,#2528,#2560,.T.);
#2560 = LINE('',#2561,#2562);
#2561 = CARTESIAN_POINT('',(-0.32,0.16,8.54));
#2562 = VECTOR('',#2563,1.);
#2563 = DIRECTION('',(1.,0.,0.));
#2564 = PLANE('',#2565);
#2565 = AXIS2_PLACEMENT_3D('',#2566,#2567,#2568);
#2566 = CARTESIAN_POINT('',(-0.32,0.24,8.46));
#2567 = DIRECTION('',(1.735167508357E-18,0.707106781187,0.707106781187)
  );
#2568 = DIRECTION('',(-1.,1.226948711654E-18,1.226948711654E-18));
#2569 = ADVANCED_FACE('',(#2570),#2588,.F.);
#2570 = FACE_BOUND('',#2571,.F.);
#2571 = EDGE_LOOP('',(#2572,#2580,#2581,#2582));
#2572 = ORIENTED_EDGE('',*,*,#2573,.F.);
#2573 = EDGE_CURVE('',#1998,#2574,#2576,.T.);
#2574 = VERTEX_POINT('',#2575);
#2575 = CARTESIAN_POINT('',(-0.16,-0.16,8.54));
#2576 = LINE('',#2577,#2578);
#2577 = CARTESIAN_POINT('',(-0.266666666667,-0.266666666667,
    8.433333333333));
#2578 = VECTOR('',#2579,1.);
#2579 = DIRECTION('',(0.57735026919,0.57735026919,0.57735026919));
#2580 = ORIENTED_EDGE('',*,*,#2007,.T.);
#2581 = ORIENTED_EDGE('',*,*,#2549,.T.);
#2582 = ORIENTED_EDGE('',*,*,#2583,.F.);
#2583 = EDGE_CURVE('',#2574,#2550,#2584,.T.);
#2584 = LINE('',#2585,#2586);
#2585 = CARTESIAN_POINT('',(-0.16,-0.32,8.54));
#2586 = VECTOR('',#2587,1.);
#2587 = DIRECTION('',(0.,1.,0.));
#2588 = PLANE('',#2589);
#2589 = AXIS2_PLACEMENT_3D('',#2590,#2591,#2592);
#2590 = CARTESIAN_POINT('',(-0.24,-0.32,8.46));
#2591 = DIRECTION('',(0.707106781187,1.735167508357E-18,-0.707106781187)
  );
#2592 = DIRECTION('',(-1.226948711654E-18,1.,1.226948711654E-18));
#2593 = ADVANCED_FACE('',(#2594),#2605,.F.);
#2594 = FACE_BOUND('',#2595,.T.);
#2595 = EDGE_LOOP('',(#2596,#2597,#2598,#2599));
#2596 = ORIENTED_EDGE('',*,*,#2573,.F.);
#2597 = ORIENTED_EDGE('',*,*,#2024,.T.);
#2598 = ORIENTED_EDGE('',*,*,#2518,.T.);
#2599 = ORIENTED_EDGE('',*,*,#2600,.F.);
#2600 = EDGE_CURVE('',#2574,#2519,#2601,.T.);
#2601 = LINE('',#2602,#2603);
#2602 = CARTESIAN_POINT('',(-0.32,-0.16,8.54));
#2603 = VECTOR('',#2604,1.);
#2604 = DIRECTION('',(1.,0.,0.));
#2605 = PLANE('',#2606);
#2606 = AXIS2_PLACEMENT_3D('',#2607,#2608,#2609);
#2607 = CARTESIAN_POINT('',(-0.32,-0.24,8.46));
#2608 = DIRECTION('',(-1.735167508357E-18,0.707106781187,-0.707106781187
    ));
#2609 = DIRECTION('',(-1.,-1.226948711654E-18,1.226948711654E-18));
#2610 = ADVANCED_FACE('',(#2611),#2636,.F.);
#2611 = FACE_BOUND('',#2612,.T.);
#2612 = EDGE_LOOP('',(#2613,#2621,#2622,#2630));
#2613 = ORIENTED_EDGE('',*,*,#2614,.F.);
#2614 = EDGE_CURVE('',#2048,#2615,#2617,.T.);
#2615 = VERTEX_POINT('',#2616);
#2616 = CARTESIAN_POINT('',(-0.16,-2.7,8.54));
#2617 = LINE('',#2618,#2619);
#2618 = CARTESIAN_POINT('',(-0.266666666667,-2.806666666667,
    8.433333333333));
#2619 = VECTOR('',#2620,1.);
#2620 = DIRECTION('',(0.57735026919,0.57735026919,0.57735026919));
#2621 = ORIENTED_EDGE('',*,*,#2055,.T.);
#2622 = ORIENTED_EDGE('',*,*,#2623,.T.);
#2623 = EDGE_CURVE('',#2039,#2624,#2626,.T.);
#2624 = VERTEX_POINT('',#2625);
#2625 = CARTESIAN_POINT('',(0.16,-2.7,8.54));
#2626 = LINE('',#2627,#2628);
#2627 = CARTESIAN_POINT('',(0.16,-2.7,8.54));
#2628 = VECTOR('',#2629,1.);
#2629 = DIRECTION('',(-0.57735026919,0.57735026919,0.57735026919));
#2630 = ORIENTED_EDGE('',*,*,#2631,.F.);
#2631 = EDGE_CURVE('',#2615,#2624,#2632,.T.);
#2632 = LINE('',#2633,#2634);
#2633 = CARTESIAN_POINT('',(-0.32,-2.7,8.54));
#2634 = VECTOR('',#2635,1.);
#2635 = DIRECTION('',(1.,0.,0.));
#2636 = PLANE('',#2637);
#2637 = AXIS2_PLACEMENT_3D('',#2638,#2639,#2640);
#2638 = CARTESIAN_POINT('',(-0.32,-2.78,8.46));
#2639 = DIRECTION('',(-1.735167508357E-18,0.707106781187,-0.707106781187
    ));
#2640 = DIRECTION('',(-1.,-1.226948711654E-18,1.226948711654E-18));
#2641 = ADVANCED_FACE('',(#2642),#2660,.T.);
#2642 = FACE_BOUND('',#2643,.T.);
#2643 = EDGE_LOOP('',(#2644,#2645,#2646,#2654));
#2644 = ORIENTED_EDGE('',*,*,#2623,.F.);
#2645 = ORIENTED_EDGE('',*,*,#2079,.T.);
#2646 = ORIENTED_EDGE('',*,*,#2647,.T.);
#2647 = EDGE_CURVE('',#2072,#2648,#2650,.T.);
#2648 = VERTEX_POINT('',#2649);
#2649 = CARTESIAN_POINT('',(0.16,-2.38,8.54));
#2650 = LINE('',#2651,#2652);
#2651 = CARTESIAN_POINT('',(5.333333333333E-02,-2.486666666667,
    8.646666666667));
#2652 = VECTOR('',#2653,1.);
#2653 = DIRECTION('',(-0.57735026919,-0.57735026919,0.57735026919));
#2654 = ORIENTED_EDGE('',*,*,#2655,.F.);
#2655 = EDGE_CURVE('',#2624,#2648,#2656,.T.);
#2656 = LINE('',#2657,#2658);
#2657 = CARTESIAN_POINT('',(0.16,-2.86,8.54));
#2658 = VECTOR('',#2659,1.);
#2659 = DIRECTION('',(0.,1.,0.));
#2660 = PLANE('',#2661);
#2661 = AXIS2_PLACEMENT_3D('',#2662,#2663,#2664);
#2662 = CARTESIAN_POINT('',(0.24,-2.86,8.46));
#2663 = DIRECTION('',(0.707106781187,-1.735167508357E-18,0.707106781187)
  );
#2664 = DIRECTION('',(1.226948711654E-18,1.,1.226948711654E-18));
#2665 = ADVANCED_FACE('',(#2666),#2684,.T.);
#2666 = FACE_BOUND('',#2667,.F.);
#2667 = EDGE_LOOP('',(#2668,#2676,#2677,#2678));
#2668 = ORIENTED_EDGE('',*,*,#2669,.F.);
#2669 = EDGE_CURVE('',#2096,#2670,#2672,.T.);
#2670 = VERTEX_POINT('',#2671);
#2671 = CARTESIAN_POINT('',(-0.16,-2.38,8.54));
#2672 = LINE('',#2673,#2674);
#2673 = CARTESIAN_POINT('',(-0.16,-2.38,8.54));
#2674 = VECTOR('',#2675,1.);
#2675 = DIRECTION('',(0.57735026919,-0.57735026919,0.57735026919));
#2676 = ORIENTED_EDGE('',*,*,#2103,.T.);
#2677 = ORIENTED_EDGE('',*,*,#2647,.T.);
#2678 = ORIENTED_EDGE('',*,*,#2679,.F.);
#2679 = EDGE_CURVE('',#2670,#2648,#2680,.T.);
#2680 = LINE('',#2681,#2682);
#2681 = CARTESIAN_POINT('',(-0.32,-2.38,8.54));
#2682 = VECTOR('',#2683,1.);
#2683 = DIRECTION('',(1.,0.,0.));
#2684 = PLANE('',#2685);
#2685 = AXIS2_PLACEMENT_3D('',#2686,#2687,#2688);
#2686 = CARTESIAN_POINT('',(-0.32,-2.3,8.46));
#2687 = DIRECTION('',(1.735167508357E-18,0.707106781187,0.707106781187)
  );
#2688 = DIRECTION('',(-1.,1.226948711654E-18,1.226948711654E-18));
#2689 = ADVANCED_FACE('',(#2690),#2701,.F.);
#2690 = FACE_BOUND('',#2691,.F.);
#2691 = EDGE_LOOP('',(#2692,#2693,#2694,#2695));
#2692 = ORIENTED_EDGE('',*,*,#2614,.F.);
#2693 = ORIENTED_EDGE('',*,*,#2120,.T.);
#2694 = ORIENTED_EDGE('',*,*,#2669,.T.);
#2695 = ORIENTED_EDGE('',*,*,#2696,.F.);
#2696 = EDGE_CURVE('',#2615,#2670,#2697,.T.);
#2697 = LINE('',#2698,#2699);
#2698 = CARTESIAN_POINT('',(-0.16,-2.86,8.54));
#2699 = VECTOR('',#2700,1.);
#2700 = DIRECTION('',(0.,1.,0.));
#2701 = PLANE('',#2702);
#2702 = AXIS2_PLACEMENT_3D('',#2703,#2704,#2705);
#2703 = CARTESIAN_POINT('',(-0.24,-2.86,8.46));
#2704 = DIRECTION('',(0.707106781187,1.735167508357E-18,-0.707106781187)
  );
#2705 = DIRECTION('',(-1.226948711654E-18,1.,1.226948711654E-18));
#2706 = ADVANCED_FACE('',(#2707),#2732,.T.);
#2707 = FACE_BOUND('',#2708,.F.);
#2708 = EDGE_LOOP('',(#2709,#2717,#2718,#2726));
#2709 = ORIENTED_EDGE('',*,*,#2710,.F.);
#2710 = EDGE_CURVE('',#2144,#2711,#2713,.T.);
#2711 = VERTEX_POINT('',#2712);
#2712 = CARTESIAN_POINT('',(-0.16,-4.92,8.54));
#2713 = LINE('',#2714,#2715);
#2714 = CARTESIAN_POINT('',(-0.16,-4.92,8.54));
#2715 = VECTOR('',#2716,1.);
#2716 = DIRECTION('',(0.57735026919,-0.57735026919,0.57735026919));
#2717 = ORIENTED_EDGE('',*,*,#2151,.T.);
#2718 = ORIENTED_EDGE('',*,*,#2719,.T.);
#2719 = EDGE_CURVE('',#2135,#2720,#2722,.T.);
#2720 = VERTEX_POINT('',#2721);
#2721 = CARTESIAN_POINT('',(0.16,-4.92,8.54));
#2722 = LINE('',#2723,#2724);
#2723 = CARTESIAN_POINT('',(5.333333333333E-02,-5.026666666667,
    8.646666666667));
#2724 = VECTOR('',#2725,1.);
#2725 = DIRECTION('',(-0.57735026919,-0.57735026919,0.57735026919));
#2726 = ORIENTED_EDGE('',*,*,#2727,.F.);
#2727 = EDGE_CURVE('',#2711,#2720,#2728,.T.);
#2728 = LINE('',#2729,#2730);
#2729 = CARTESIAN_POINT('',(-0.32,-4.92,8.54));
#2730 = VECTOR('',#2731,1.);
#2731 = DIRECTION('',(1.,0.,0.));
#2732 = PLANE('',#2733);
#2733 = AXIS2_PLACEMENT_3D('',#2734,#2735,#2736);
#2734 = CARTESIAN_POINT('',(-0.32,-4.84,8.46));
#2735 = DIRECTION('',(1.735167508357E-18,0.707106781187,0.707106781187)
  );
#2736 = DIRECTION('',(-1.,1.226948711654E-18,1.226948711654E-18));
#2737 = ADVANCED_FACE('',(#2738),#2756,.F.);
#2738 = FACE_BOUND('',#2739,.F.);
#2739 = EDGE_LOOP('',(#2740,#2748,#2749,#2750));
#2740 = ORIENTED_EDGE('',*,*,#2741,.F.);
#2741 = EDGE_CURVE('',#2166,#2742,#2744,.T.);
#2742 = VERTEX_POINT('',#2743);
#2743 = CARTESIAN_POINT('',(-0.16,-5.24,8.54));
#2744 = LINE('',#2745,#2746);
#2745 = CARTESIAN_POINT('',(-0.266666666667,-5.346666666667,
    8.433333333333));
#2746 = VECTOR('',#2747,1.);
#2747 = DIRECTION('',(0.57735026919,0.57735026919,0.57735026919));
#2748 = ORIENTED_EDGE('',*,*,#2175,.T.);
#2749 = ORIENTED_EDGE('',*,*,#2710,.T.);
#2750 = ORIENTED_EDGE('',*,*,#2751,.F.);
#2751 = EDGE_CURVE('',#2742,#2711,#2752,.T.);
#2752 = LINE('',#2753,#2754);
#2753 = CARTESIAN_POINT('',(-0.16,-5.4,8.54));
#2754 = VECTOR('',#2755,1.);
#2755 = DIRECTION('',(0.,1.,0.));
#2756 = PLANE('',#2757);
#2757 = AXIS2_PLACEMENT_3D('',#2758,#2759,#2760);
#2758 = CARTESIAN_POINT('',(-0.24,-5.4,8.46));
#2759 = DIRECTION('',(0.707106781187,1.735167508357E-18,-0.707106781187)
  );
#2760 = DIRECTION('',(-1.226948711654E-18,1.,1.226948711654E-18));
#2761 = ADVANCED_FACE('',(#2762),#2780,.F.);
#2762 = FACE_BOUND('',#2763,.T.);
#2763 = EDGE_LOOP('',(#2764,#2765,#2766,#2774));
#2764 = ORIENTED_EDGE('',*,*,#2741,.F.);
#2765 = ORIENTED_EDGE('',*,*,#2199,.T.);
#2766 = ORIENTED_EDGE('',*,*,#2767,.T.);
#2767 = EDGE_CURVE('',#2190,#2768,#2770,.T.);
#2768 = VERTEX_POINT('',#2769);
#2769 = CARTESIAN_POINT('',(0.16,-5.24,8.54));
#2770 = LINE('',#2771,#2772);
#2771 = CARTESIAN_POINT('',(0.16,-5.24,8.54));
#2772 = VECTOR('',#2773,1.);
#2773 = DIRECTION('',(-0.57735026919,0.57735026919,0.57735026919));
#2774 = ORIENTED_EDGE('',*,*,#2775,.F.);
#2775 = EDGE_CURVE('',#2742,#2768,#2776,.T.);
#2776 = LINE('',#2777,#2778);
#2777 = CARTESIAN_POINT('',(-0.32,-5.24,8.54));
#2778 = VECTOR('',#2779,1.);
#2779 = DIRECTION('',(1.,0.,0.));
#2780 = PLANE('',#2781);
#2781 = AXIS2_PLACEMENT_3D('',#2782,#2783,#2784);
#2782 = CARTESIAN_POINT('',(-0.32,-5.32,8.46));
#2783 = DIRECTION('',(-1.735167508357E-18,0.707106781187,-0.707106781187
    ));
#2784 = DIRECTION('',(-1.,-1.226948711654E-18,1.226948711654E-18));
#2785 = ADVANCED_FACE('',(#2786),#2797,.T.);
#2786 = FACE_BOUND('',#2787,.T.);
#2787 = EDGE_LOOP('',(#2788,#2789,#2790,#2791));
#2788 = ORIENTED_EDGE('',*,*,#2767,.F.);
#2789 = ORIENTED_EDGE('',*,*,#2216,.T.);
#2790 = ORIENTED_EDGE('',*,*,#2719,.T.);
#2791 = ORIENTED_EDGE('',*,*,#2792,.F.);
#2792 = EDGE_CURVE('',#2768,#2720,#2793,.T.);
#2793 = LINE('',#2794,#2795);
#2794 = CARTESIAN_POINT('',(0.16,-5.4,8.54));
#2795 = VECTOR('',#2796,1.);
#2796 = DIRECTION('',(0.,1.,0.));
#2797 = PLANE('',#2798);
#2798 = AXIS2_PLACEMENT_3D('',#2799,#2800,#2801);
#2799 = CARTESIAN_POINT('',(0.24,-5.4,8.46));
#2800 = DIRECTION('',(0.707106781187,-1.735167508357E-18,0.707106781187)
  );
#2801 = DIRECTION('',(1.226948711654E-18,1.,1.226948711654E-18));
#2802 = ADVANCED_FACE('',(#2803),#2809,.F.);
#2803 = FACE_BOUND('',#2804,.F.);
#2804 = EDGE_LOOP('',(#2805,#2806,#2807,#2808));
#2805 = ORIENTED_EDGE('',*,*,#2271,.F.);
#2806 = ORIENTED_EDGE('',*,*,#2295,.F.);
#2807 = ORIENTED_EDGE('',*,*,#2312,.T.);
#2808 = ORIENTED_EDGE('',*,*,#2247,.T.);
#2809 = PLANE('',#2810);
#2810 = AXIS2_PLACEMENT_3D('',#2811,#2812,#2813);
#2811 = CARTESIAN_POINT('',(-0.32,-0.32,-3.));
#2812 = DIRECTION('',(0.,0.,1.));
#2813 = DIRECTION('',(1.,0.,-0.));
#2814 = ADVANCED_FACE('',(#2815),#2821,.F.);
#2815 = FACE_BOUND('',#2816,.F.);
#2816 = EDGE_LOOP('',(#2817,#2818,#2819,#2820));
#2817 = ORIENTED_EDGE('',*,*,#2391,.F.);
#2818 = ORIENTED_EDGE('',*,*,#2408,.F.);
#2819 = ORIENTED_EDGE('',*,*,#2343,.T.);
#2820 = ORIENTED_EDGE('',*,*,#2367,.T.);
#2821 = PLANE('',#2822);
#2822 = AXIS2_PLACEMENT_3D('',#2823,#2824,#2825);
#2823 = CARTESIAN_POINT('',(-0.32,-2.86,-3.));
#2824 = DIRECTION('',(0.,0.,1.));
#2825 = DIRECTION('',(1.,0.,-0.));
#2826 = ADVANCED_FACE('',(#2827),#2833,.F.);
#2827 = FACE_BOUND('',#2828,.F.);
#2828 = EDGE_LOOP('',(#2829,#2830,#2831,#2832));
#2829 = ORIENTED_EDGE('',*,*,#2439,.F.);
#2830 = ORIENTED_EDGE('',*,*,#2463,.F.);
#2831 = ORIENTED_EDGE('',*,*,#2487,.T.);
#2832 = ORIENTED_EDGE('',*,*,#2504,.T.);
#2833 = PLANE('',#2834);
#2834 = AXIS2_PLACEMENT_3D('',#2835,#2836,#2837);
#2835 = CARTESIAN_POINT('',(-0.32,-5.4,-3.));
#2836 = DIRECTION('',(0.,0.,1.));
#2837 = DIRECTION('',(1.,0.,-0.));
#2838 = ADVANCED_FACE('',(#2839),#2845,.T.);
#2839 = FACE_BOUND('',#2840,.T.);
#2840 = EDGE_LOOP('',(#2841,#2842,#2843,#2844));
#2841 = ORIENTED_EDGE('',*,*,#2600,.T.);
#2842 = ORIENTED_EDGE('',*,*,#2535,.T.);
#2843 = ORIENTED_EDGE('',*,*,#2559,.F.);
#2844 = ORIENTED_EDGE('',*,*,#2583,.F.);
#2845 = PLANE('',#2846);
#2846 = AXIS2_PLACEMENT_3D('',#2847,#2848,#2849);
#2847 = CARTESIAN_POINT('',(-0.32,-0.32,8.54));
#2848 = DIRECTION('',(0.,0.,1.));
#2849 = DIRECTION('',(1.,0.,-0.));
#2850 = ADVANCED_FACE('',(#2851),#2857,.T.);
#2851 = FACE_BOUND('',#2852,.T.);
#2852 = EDGE_LOOP('',(#2853,#2854,#2855,#2856));
#2853 = ORIENTED_EDGE('',*,*,#2631,.T.);
#2854 = ORIENTED_EDGE('',*,*,#2655,.T.);
#2855 = ORIENTED_EDGE('',*,*,#2679,.F.);
#2856 = ORIENTED_EDGE('',*,*,#2696,.F.);
#2857 = PLANE('',#2858);
#2858 = AXIS2_PLACEMENT_3D('',#2859,#2860,#2861);
#2859 = CARTESIAN_POINT('',(-0.32,-2.86,8.54));
#2860 = DIRECTION('',(0.,0.,1.));
#2861 = DIRECTION('',(1.,0.,-0.));
#2862 = ADVANCED_FACE('',(#2863),#2869,.T.);
#2863 = FACE_BOUND('',#2864,.T.);
#2864 = EDGE_LOOP('',(#2865,#2866,#2867,#2868));
#2865 = ORIENTED_EDGE('',*,*,#2775,.T.);
#2866 = ORIENTED_EDGE('',*,*,#2792,.T.);
#2867 = ORIENTED_EDGE('',*,*,#2727,.F.);
#2868 = ORIENTED_EDGE('',*,*,#2751,.F.);
#2869 = PLANE('',#2870);
#2870 = AXIS2_PLACEMENT_3D('',#2871,#2872,#2873);
#2871 = CARTESIAN_POINT('',(-0.32,-5.4,8.54));
#2872 = DIRECTION('',(0.,0.,1.));
#2873 = DIRECTION('',(1.,0.,-0.));
#2874 = ( GEOMETRIC_REPRESENTATION_CONTEXT(3) 
GLOBAL_UNCERTAINTY_ASSIGNED_CONTEXT((#2878)) 
GLOBAL_UNIT_ASSIGNED_CONTEXT((#2875,#2876,#2877)) REPRESENTATION_CONTEXT
('Context #1','3D Context with UNIT and UNCERTAINTY') );
#2875 = ( LENGTH_UNIT() NAMED_UNIT(*) SI_UNIT(.MILLI.,.METRE.) );
#2876 = ( NAMED_UNIT(*) PLANE_ANGLE_UNIT() SI_UNIT($,.RADIAN.) );
#2877 = ( NAMED_UNIT(*) SI_UNIT($,.STERADIAN.) SOLID_ANGLE_UNIT() );
#2878 = UNCERTAINTY_MEASURE_WITH_UNIT(LENGTH_MEASURE(1.E-07),#2875,
  'distance_accuracy_value','confusion accuracy');
#2879 = CONTEXT_DEPENDENT_SHAPE_REPRESENTATION(#2880,#2882);
#2880 = ( REPRESENTATION_RELATIONSHIP('','',#767,#10) 
REPRESENTATION_RELATIONSHIP_WITH_TRANSFORMATION(#2881) 
SHAPE_REPRESENTATION_RELATIONSHIP() );
#2881 = ITEM_DEFINED_TRANSFORMATION('','',#11,#23);
#2882 = PRODUCT_DEFINITION_SHAPE('Placement','Placement of an item',
  #2883);
#2883 = NEXT_ASSEMBLY_USAGE_OCCURRENCE('3','J5','',#5,#762,$);
#2884 = PRODUCT_RELATED_PRODUCT_CATEGORY('part',$,(#764));
#2885 = SHAPE_DEFINITION_REPRESENTATION(#2886,#2892);
#2886 = PRODUCT_DEFINITION_SHAPE('','',#2887);
#2887 = PRODUCT_DEFINITION('design','',#2888,#2891);
#2888 = PRODUCT_DEFINITION_FORMATION('','',#2889);
#2889 = PRODUCT('JST_XH_B3B-XH-A_1x03_P2.50mm_Vertical',
  'JST_XH_B3B-XH-A_1x03_P2.50mm_Vertical','',(#2890));
#2890 = PRODUCT_CONTEXT('',#2,'mechanical');
#2891 = PRODUCT_DEFINITION_CONTEXT('part definition',#2,'design');
#2892 = ADVANCED_BREP_SHAPE_REPRESENTATION('',(#11,#2893),#6414);
#2893 = MANIFOLD_SOLID_BREP('',#2894);
#2894 = CLOSED_SHELL('',(#2895,#2967,#3006,#3030,#3095,#3119,#3239,#3263
    ,#3328,#3353,#3402,#3419,#3443,#3460,#3630,#3654,#3888,#3912,#3945,
    #3969,#4000,#4017,#4050,#4074,#4105,#4122,#4155,#4179,#4210,#4222,
    #4255,#4272,#4289,#4301,#4415,#4432,#4449,#4466,#4483,#4500,#4517,
    #4534,#4551,#4568,#4585,#4602,#4619,#4636,#4653,#4665,#4682,#4699,
    #4716,#4762,#4808,#4854,#4885,#4909,#4933,#4950,#4981,#5005,#5029,
    #5046,#5077,#5101,#5125,#5142,#5205,#5229,#5285,#5302,#5333,#5357,
    #5381,#5398,#5461,#5485,#5541,#5558,#5589,#5613,#5637,#5654,#5685,
    #5709,#5733,#5750,#5781,#5805,#5829,#5846,#5893,#5924,#5936,#5953,
    #5979,#6012,#6043,#6067,#6091,#6108,#6155,#6186,#6198,#6215,#6241,
    #6274,#6286,#6298,#6310,#6327,#6344,#6356,#6368,#6385,#6402));
#2895 = ADVANCED_FACE('',(#2896),#2962,.T.);
#2896 = FACE_BOUND('',#2897,.T.);
#2897 = EDGE_LOOP('',(#2898,#2908,#2916,#2924,#2932,#2940,#2948,#2956));
#2898 = ORIENTED_EDGE('',*,*,#2899,.T.);
#2899 = EDGE_CURVE('',#2900,#2902,#2904,.T.);
#2900 = VERTEX_POINT('',#2901);
#2901 = CARTESIAN_POINT('',(-1.8,0.5,7.));
#2902 = VERTEX_POINT('',#2903);
#2903 = CARTESIAN_POINT('',(-2.45,0.5,7.));
#2904 = LINE('',#2905,#2906);
#2905 = CARTESIAN_POINT('',(7.45,0.5,7.));
#2906 = VECTOR('',#2907,1.);
#2907 = DIRECTION('',(-1.,1.224646799147E-16,0.));
#2908 = ORIENTED_EDGE('',*,*,#2909,.T.);
#2909 = EDGE_CURVE('',#2902,#2910,#2912,.T.);
#2910 = VERTEX_POINT('',#2911);
#2911 = CARTESIAN_POINT('',(-2.45,-3.4,7.));
#2912 = LINE('',#2913,#2914);
#2913 = CARTESIAN_POINT('',(-2.45,2.35,7.));
#2914 = VECTOR('',#2915,1.);
#2915 = DIRECTION('',(-1.224646799147E-16,-1.,0.));
#2916 = ORIENTED_EDGE('',*,*,#2917,.T.);
#2917 = EDGE_CURVE('',#2910,#2918,#2920,.T.);
#2918 = VERTEX_POINT('',#2919);
#2919 = CARTESIAN_POINT('',(7.45,-3.4,7.));
#2920 = LINE('',#2921,#2922);
#2921 = CARTESIAN_POINT('',(-2.45,-3.4,7.));
#2922 = VECTOR('',#2923,1.);
#2923 = DIRECTION('',(1.,-1.224646799147E-16,0.));
#2924 = ORIENTED_EDGE('',*,*,#2925,.T.);
#2925 = EDGE_CURVE('',#2918,#2926,#2928,.T.);
#2926 = VERTEX_POINT('',#2927);
#2927 = CARTESIAN_POINT('',(7.45,0.5,7.));
#2928 = LINE('',#2929,#2930);
#2929 = CARTESIAN_POINT('',(7.45,-3.4,7.));
#2930 = VECTOR('',#2931,1.);
#2931 = DIRECTION('',(1.224646799147E-16,1.,0.));
#2932 = ORIENTED_EDGE('',*,*,#2933,.T.);
#2933 = EDGE_CURVE('',#2926,#2934,#2936,.T.);
#2934 = VERTEX_POINT('',#2935);
#2935 = CARTESIAN_POINT('',(6.8,0.5,7.));
#2936 = LINE('',#2937,#2938);
#2937 = CARTESIAN_POINT('',(7.45,0.5,7.));
#2938 = VECTOR('',#2939,1.);
#2939 = DIRECTION('',(-1.,1.224646799147E-16,0.));
#2940 = ORIENTED_EDGE('',*,*,#2941,.F.);
#2941 = EDGE_CURVE('',#2942,#2934,#2944,.T.);
#2942 = VERTEX_POINT('',#2943);
#2943 = CARTESIAN_POINT('',(6.8,-2.85,7.));
#2944 = LINE('',#2945,#2946);
#2945 = CARTESIAN_POINT('',(6.8,-2.65,7.));
#2946 = VECTOR('',#2947,1.);
#2947 = DIRECTION('',(1.224646799147E-16,1.,0.));
#2948 = ORIENTED_EDGE('',*,*,#2949,.F.);
#2949 = EDGE_CURVE('',#2950,#2942,#2952,.T.);
#2950 = VERTEX_POINT('',#2951);
#2951 = CARTESIAN_POINT('',(-1.8,-2.85,7.));
#2952 = LINE('',#2953,#2954);
#2953 = CARTESIAN_POINT('',(-1.6,-2.85,7.));
#2954 = VECTOR('',#2955,1.);
#2955 = DIRECTION('',(1.,-1.224646799147E-16,0.));
#2956 = ORIENTED_EDGE('',*,*,#2957,.F.);
#2957 = EDGE_CURVE('',#2900,#2950,#2958,.T.);
#2958 = LINE('',#2959,#2960);
#2959 = CARTESIAN_POINT('',(-1.8,0.5,7.));
#2960 = VECTOR('',#2961,1.);
#2961 = DIRECTION('',(-1.224646799147E-16,-1.,0.));
#2962 = PLANE('',#2963);
#2963 = AXIS2_PLACEMENT_3D('',#2964,#2965,#2966);
#2964 = CARTESIAN_POINT('',(2.5,-0.525,7.));
#2965 = DIRECTION('',(0.,0.,1.));
#2966 = DIRECTION('',(-1.,1.224646799147E-16,0.));
#2967 = ADVANCED_FACE('',(#2968),#3001,.T.);
#2968 = FACE_BOUND('',#2969,.T.);
#2969 = EDGE_LOOP('',(#2970,#2980,#2988,#2994,#2995));
#2970 = ORIENTED_EDGE('',*,*,#2971,.T.);
#2971 = EDGE_CURVE('',#2972,#2974,#2976,.T.);
#2972 = VERTEX_POINT('',#2973);
#2973 = CARTESIAN_POINT('',(-1.6,0.5,6.8));
#2974 = VERTEX_POINT('',#2975);
#2975 = CARTESIAN_POINT('',(-1.6,0.5,3.65));
#2976 = LINE('',#2977,#2978);
#2977 = CARTESIAN_POINT('',(-1.6,0.5,5.325));
#2978 = VECTOR('',#2979,1.);
#2979 = DIRECTION('',(-0.,0.,-1.));
#2980 = ORIENTED_EDGE('',*,*,#2981,.T.);
#2981 = EDGE_CURVE('',#2974,#2982,#2984,.T.);
#2982 = VERTEX_POINT('',#2983);
#2983 = CARTESIAN_POINT('',(-2.45,0.5,3.65));
#2984 = LINE('',#2985,#2986);
#2985 = CARTESIAN_POINT('',(7.45,0.5,3.65));
#2986 = VECTOR('',#2987,1.);
#2987 = DIRECTION('',(-1.,1.224646799147E-16,0.));
#2988 = ORIENTED_EDGE('',*,*,#2989,.T.);
#2989 = EDGE_CURVE('',#2982,#2902,#2990,.T.);
#2990 = LINE('',#2991,#2992);
#2991 = CARTESIAN_POINT('',(-2.45,0.5,1.825));
#2992 = VECTOR('',#2993,1.);
#2993 = DIRECTION('',(0.,0.,1.));
#2994 = ORIENTED_EDGE('',*,*,#2899,.F.);
#2995 = ORIENTED_EDGE('',*,*,#2996,.T.);
#2996 = EDGE_CURVE('',#2900,#2972,#2997,.T.);
#2997 = LINE('',#2998,#2999);
#2998 = CARTESIAN_POINT('',(1.4,0.5,3.8));
#2999 = VECTOR('',#3000,1.);
#3000 = DIRECTION('',(0.707106781187,-8.659560562349E-17,-0.707106781187
    ));
#3001 = PLANE('',#3002);
#3002 = AXIS2_PLACEMENT_3D('',#3003,#3004,#3005);
#3003 = CARTESIAN_POINT('',(7.45,0.5,3.65));
#3004 = DIRECTION('',(1.224646799147E-16,1.,0.));
#3005 = DIRECTION('',(0.,-0.,1.));
#3006 = ADVANCED_FACE('',(#3007),#3025,.F.);
#3007 = FACE_BOUND('',#3008,.T.);
#3008 = EDGE_LOOP('',(#3009,#3010,#3011,#3019));
#3009 = ORIENTED_EDGE('',*,*,#2996,.F.);
#3010 = ORIENTED_EDGE('',*,*,#2957,.T.);
#3011 = ORIENTED_EDGE('',*,*,#3012,.T.);
#3012 = EDGE_CURVE('',#2950,#3013,#3015,.T.);
#3013 = VERTEX_POINT('',#3014);
#3014 = CARTESIAN_POINT('',(-1.6,-2.65,6.8));
#3015 = LINE('',#3016,#3017);
#3016 = CARTESIAN_POINT('',(-1.141666666667,-2.191666666667,
    6.341666666667));
#3017 = VECTOR('',#3018,1.);
#3018 = DIRECTION('',(0.57735026919,0.57735026919,-0.57735026919));
#3019 = ORIENTED_EDGE('',*,*,#3020,.F.);
#3020 = EDGE_CURVE('',#2972,#3013,#3021,.T.);
#3021 = LINE('',#3022,#3023);
#3022 = CARTESIAN_POINT('',(-1.6,0.5,6.8));
#3023 = VECTOR('',#3024,1.);
#3024 = DIRECTION('',(-1.224646799147E-16,-1.,0.));
#3025 = PLANE('',#3026);
#3026 = AXIS2_PLACEMENT_3D('',#3027,#3028,#3029);
#3027 = CARTESIAN_POINT('',(-1.7,0.5,6.9));
#3028 = DIRECTION('',(-0.707106781187,8.659560562349E-17,-0.707106781187
    ));
#3029 = DIRECTION('',(1.224646799147E-16,1.,-2.105272540809E-29));
#3030 = ADVANCED_FACE('',(#3031),#3090,.F.);
#3031 = FACE_BOUND('',#3032,.F.);
#3032 = EDGE_LOOP('',(#3033,#3043,#3051,#3059,#3067,#3076,#3082,#3083,
    #3084));
#3033 = ORIENTED_EDGE('',*,*,#3034,.F.);
#3034 = EDGE_CURVE('',#3035,#3037,#3039,.T.);
#3035 = VERTEX_POINT('',#3036);
#3036 = CARTESIAN_POINT('',(-2.45,2.35,0.));
#3037 = VERTEX_POINT('',#3038);
#3038 = CARTESIAN_POINT('',(-2.45,-3.4,0.));
#3039 = LINE('',#3040,#3041);
#3040 = CARTESIAN_POINT('',(-2.45,2.35,0.));
#3041 = VECTOR('',#3042,1.);
#3042 = DIRECTION('',(-1.224646799147E-16,-1.,0.));
#3043 = ORIENTED_EDGE('',*,*,#3044,.T.);
#3044 = EDGE_CURVE('',#3035,#3045,#3047,.T.);
#3045 = VERTEX_POINT('',#3046);
#3046 = CARTESIAN_POINT('',(-2.45,2.35,7.));
#3047 = LINE('',#3048,#3049);
#3048 = CARTESIAN_POINT('',(-2.45,2.35,0.));
#3049 = VECTOR('',#3050,1.);
#3050 = DIRECTION('',(0.,0.,1.));
#3051 = ORIENTED_EDGE('',*,*,#3052,.T.);
#3052 = EDGE_CURVE('',#3045,#3053,#3055,.T.);
#3053 = VERTEX_POINT('',#3054);
#3054 = CARTESIAN_POINT('',(-2.45,1.5,7.));
#3055 = LINE('',#3056,#3057);
#3056 = CARTESIAN_POINT('',(-2.45,2.35,7.));
#3057 = VECTOR('',#3058,1.);
#3058 = DIRECTION('',(-1.224646799147E-16,-1.,0.));
#3059 = ORIENTED_EDGE('',*,*,#3060,.T.);
#3060 = EDGE_CURVE('',#3053,#3061,#3063,.T.);
#3061 = VERTEX_POINT('',#3062);
#3062 = CARTESIAN_POINT('',(-2.45,1.5,4.15));
#3063 = LINE('',#3064,#3065);
#3064 = CARTESIAN_POINT('',(-2.45,1.5,3.5));
#3065 = VECTOR('',#3066,1.);
#3066 = DIRECTION('',(-0.,0.,-1.));
#3067 = ORIENTED_EDGE('',*,*,#3068,.F.);
#3068 = EDGE_CURVE('',#3069,#3061,#3071,.T.);
#3069 = VERTEX_POINT('',#3070);
#3070 = CARTESIAN_POINT('',(-2.45,1.,3.65));
#3071 = CIRCLE('',#3072,0.5);
#3072 = AXIS2_PLACEMENT_3D('',#3073,#3074,#3075);
#3073 = CARTESIAN_POINT('',(-2.45,1.,4.15));
#3074 = DIRECTION('',(1.,-1.224646799147E-16,0.));
#3075 = DIRECTION('',(1.224646799147E-16,1.,0.));
#3076 = ORIENTED_EDGE('',*,*,#3077,.T.);
#3077 = EDGE_CURVE('',#3069,#2982,#3078,.T.);
#3078 = LINE('',#3079,#3080);
#3079 = CARTESIAN_POINT('',(-2.45,1.675,3.65));
#3080 = VECTOR('',#3081,1.);
#3081 = DIRECTION('',(-1.224646799147E-16,-1.,0.));
#3082 = ORIENTED_EDGE('',*,*,#2989,.T.);
#3083 = ORIENTED_EDGE('',*,*,#2909,.T.);
#3084 = ORIENTED_EDGE('',*,*,#3085,.F.);
#3085 = EDGE_CURVE('',#3037,#2910,#3086,.T.);
#3086 = LINE('',#3087,#3088);
#3087 = CARTESIAN_POINT('',(-2.45,-3.4,0.));
#3088 = VECTOR('',#3089,1.);
#3089 = DIRECTION('',(0.,0.,1.));
#3090 = PLANE('',#3091);
#3091 = AXIS2_PLACEMENT_3D('',#3092,#3093,#3094);
#3092 = CARTESIAN_POINT('',(-2.45,2.35,0.));
#3093 = DIRECTION('',(1.,-1.224646799147E-16,0.));
#3094 = DIRECTION('',(-1.224646799147E-16,-1.,0.));
#3095 = ADVANCED_FACE('',(#3096),#3114,.F.);
#3096 = FACE_BOUND('',#3097,.T.);
#3097 = EDGE_LOOP('',(#3098,#3099,#3100,#3108));
#3098 = ORIENTED_EDGE('',*,*,#3012,.F.);
#3099 = ORIENTED_EDGE('',*,*,#2949,.T.);
#3100 = ORIENTED_EDGE('',*,*,#3101,.T.);
#3101 = EDGE_CURVE('',#2942,#3102,#3104,.T.);
#3102 = VERTEX_POINT('',#3103);
#3103 = CARTESIAN_POINT('',(6.6,-2.65,6.8));
#3104 = LINE('',#3105,#3106);
#3105 = CARTESIAN_POINT('',(5.3,-1.35,5.5));
#3106 = VECTOR('',#3107,1.);
#3107 = DIRECTION('',(-0.57735026919,0.57735026919,-0.57735026919));
#3108 = ORIENTED_EDGE('',*,*,#3109,.F.);
#3109 = EDGE_CURVE('',#3013,#3102,#3110,.T.);
#3110 = LINE('',#3111,#3112);
#3111 = CARTESIAN_POINT('',(-1.6,-2.65,6.8));
#3112 = VECTOR('',#3113,1.);
#3113 = DIRECTION('',(1.,-1.224646799147E-16,0.));
#3114 = PLANE('',#3115);
#3115 = AXIS2_PLACEMENT_3D('',#3116,#3117,#3118);
#3116 = CARTESIAN_POINT('',(-1.6,-2.75,6.9));
#3117 = DIRECTION('',(-8.659560562349E-17,-0.707106781187,
    -0.707106781187));
#3118 = DIRECTION('',(-1.,1.224646799147E-16,-2.105272540809E-29));
#3119 = ADVANCED_FACE('',(#3120),#3234,.F.);
#3120 = FACE_BOUND('',#3121,.F.);
#3121 = EDGE_LOOP('',(#3122,#3130,#3131,#3132,#3140,#3148,#3156,#3164,
    #3172,#3180,#3188,#3196,#3204,#3212,#3220,#3228));
#3122 = ORIENTED_EDGE('',*,*,#3123,.F.);
#3123 = EDGE_CURVE('',#3037,#3124,#3126,.T.);
#3124 = VERTEX_POINT('',#3125);
#3125 = CARTESIAN_POINT('',(-0.75,-3.4,0.));
#3126 = LINE('',#3127,#3128);
#3127 = CARTESIAN_POINT('',(-2.45,-3.4,0.));
#3128 = VECTOR('',#3129,1.);
#3129 = DIRECTION('',(1.,-1.224646799147E-16,0.));
#3130 = ORIENTED_EDGE('',*,*,#3085,.T.);
#3131 = ORIENTED_EDGE('',*,*,#2917,.T.);
#3132 = ORIENTED_EDGE('',*,*,#3133,.F.);
#3133 = EDGE_CURVE('',#3134,#2918,#3136,.T.);
#3134 = VERTEX_POINT('',#3135);
#3135 = CARTESIAN_POINT('',(7.45,-3.4,0.));
#3136 = LINE('',#3137,#3138);
#3137 = CARTESIAN_POINT('',(7.45,-3.4,0.));
#3138 = VECTOR('',#3139,1.);
#3139 = DIRECTION('',(0.,0.,1.));
#3140 = ORIENTED_EDGE('',*,*,#3141,.F.);
#3141 = EDGE_CURVE('',#3142,#3134,#3144,.T.);
#3142 = VERTEX_POINT('',#3143);
#3143 = CARTESIAN_POINT('',(5.75,-3.4,0.));
#3144 = LINE('',#3145,#3146);
#3145 = CARTESIAN_POINT('',(-2.45,-3.4,0.));
#3146 = VECTOR('',#3147,1.);
#3147 = DIRECTION('',(1.,-1.224646799147E-16,0.));
#3148 = ORIENTED_EDGE('',*,*,#3149,.F.);
#3149 = EDGE_CURVE('',#3150,#3142,#3152,.T.);
#3150 = VERTEX_POINT('',#3151);
#3151 = CARTESIAN_POINT('',(5.75,-3.4,1.));
#3152 = LINE('',#3153,#3154);
#3153 = CARTESIAN_POINT('',(5.75,-3.4,1.));
#3154 = VECTOR('',#3155,1.);
#3155 = DIRECTION('',(-0.,0.,-1.));
#3156 = ORIENTED_EDGE('',*,*,#3157,.T.);
#3157 = EDGE_CURVE('',#3150,#3158,#3160,.T.);
#3158 = VERTEX_POINT('',#3159);
#3159 = CARTESIAN_POINT('',(4.25,-3.4,1.));
#3160 = LINE('',#3161,#3162);
#3161 = CARTESIAN_POINT('',(5.75,-3.4,1.));
#3162 = VECTOR('',#3163,1.);
#3163 = DIRECTION('',(-1.,1.224646799147E-16,0.));
#3164 = ORIENTED_EDGE('',*,*,#3165,.T.);
#3165 = EDGE_CURVE('',#3158,#3166,#3168,.T.);
#3166 = VERTEX_POINT('',#3167);
#3167 = CARTESIAN_POINT('',(4.25,-3.4,0.));
#3168 = LINE('',#3169,#3170);
#3169 = CARTESIAN_POINT('',(4.25,-3.4,1.));
#3170 = VECTOR('',#3171,1.);
#3171 = DIRECTION('',(-0.,0.,-1.));
#3172 = ORIENTED_EDGE('',*,*,#3173,.F.);
#3173 = EDGE_CURVE('',#3174,#3166,#3176,.T.);
#3174 = VERTEX_POINT('',#3175);
#3175 = CARTESIAN_POINT('',(3.25,-3.4,0.));
#3176 = LINE('',#3177,#3178);
#3177 = CARTESIAN_POINT('',(-2.45,-3.4,0.));
#3178 = VECTOR('',#3179,1.);
#3179 = DIRECTION('',(1.,-1.224646799147E-16,0.));
#3180 = ORIENTED_EDGE('',*,*,#3181,.F.);
#3181 = EDGE_CURVE('',#3182,#3174,#3184,.T.);
#3182 = VERTEX_POINT('',#3183);
#3183 = CARTESIAN_POINT('',(3.25,-3.4,1.));
#3184 = LINE('',#3185,#3186);
#3185 = CARTESIAN_POINT('',(3.25,-3.4,1.));
#3186 = VECTOR('',#3187,1.);
#3187 = DIRECTION('',(-0.,0.,-1.));
#3188 = ORIENTED_EDGE('',*,*,#3189,.T.);
#3189 = EDGE_CURVE('',#3182,#3190,#3192,.T.);
#3190 = VERTEX_POINT('',#3191);
#3191 = CARTESIAN_POINT('',(1.75,-3.4,1.));
#3192 = LINE('',#3193,#3194);
#3193 = CARTESIAN_POINT('',(3.25,-3.4,1.));
#3194 = VECTOR('',#3195,1.);
#3195 = DIRECTION('',(-1.,1.224646799147E-16,0.));
#3196 = ORIENTED_EDGE('',*,*,#3197,.T.);
#3197 = EDGE_CURVE('',#3190,#3198,#3200,.T.);
#3198 = VERTEX_POINT('',#3199);
#3199 = CARTESIAN_POINT('',(1.75,-3.4,0.));
#3200 = LINE('',#3201,#3202);
#3201 = CARTESIAN_POINT('',(1.75,-3.4,1.));
#3202 = VECTOR('',#3203,1.);
#3203 = DIRECTION('',(-0.,0.,-1.));
#3204 = ORIENTED_EDGE('',*,*,#3205,.F.);
#3205 = EDGE_CURVE('',#3206,#3198,#3208,.T.);
#3206 = VERTEX_POINT('',#3207);
#3207 = CARTESIAN_POINT('',(0.75,-3.4,0.));
#3208 = LINE('',#3209,#3210);
#3209 = CARTESIAN_POINT('',(-2.45,-3.4,0.));
#3210 = VECTOR('',#3211,1.);
#3211 = DIRECTION('',(1.,-1.224646799147E-16,0.));
#3212 = ORIENTED_EDGE('',*,*,#3213,.F.);
#3213 = EDGE_CURVE('',#3214,#3206,#3216,.T.);
#3214 = VERTEX_POINT('',#3215);
#3215 = CARTESIAN_POINT('',(0.75,-3.4,1.));
#3216 = LINE('',#3217,#3218);
#3217 = CARTESIAN_POINT('',(0.75,-3.4,1.));
#3218 = VECTOR('',#3219,1.);
#3219 = DIRECTION('',(-0.,0.,-1.));
#3220 = ORIENTED_EDGE('',*,*,#3221,.T.);
#3221 = EDGE_CURVE('',#3214,#3222,#3224,.T.);
#3222 = VERTEX_POINT('',#3223);
#3223 = CARTESIAN_POINT('',(-0.75,-3.4,1.));
#3224 = LINE('',#3225,#3226);
#3225 = CARTESIAN_POINT('',(0.75,-3.4,1.));
#3226 = VECTOR('',#3227,1.);
#3227 = DIRECTION('',(-1.,1.224646799147E-16,0.));
#3228 = ORIENTED_EDGE('',*,*,#3229,.T.);
#3229 = EDGE_CURVE('',#3222,#3124,#3230,.T.);
#3230 = LINE('',#3231,#3232);
#3231 = CARTESIAN_POINT('',(-0.75,-3.4,1.));
#3232 = VECTOR('',#3233,1.);
#3233 = DIRECTION('',(-0.,0.,-1.));
#3234 = PLANE('',#3235);
#3235 = AXIS2_PLACEMENT_3D('',#3236,#3237,#3238);
#3236 = CARTESIAN_POINT('',(-2.45,-3.4,0.));
#3237 = DIRECTION('',(1.224646799147E-16,1.,0.));
#3238 = DIRECTION('',(1.,-1.224646799147E-16,0.));
#3239 = ADVANCED_FACE('',(#3240),#3258,.F.);
#3240 = FACE_BOUND('',#3241,.T.);
#3241 = EDGE_LOOP('',(#3242,#3243,#3244,#3252));
#3242 = ORIENTED_EDGE('',*,*,#3101,.F.);
#3243 = ORIENTED_EDGE('',*,*,#2941,.T.);
#3244 = ORIENTED_EDGE('',*,*,#3245,.T.);
#3245 = EDGE_CURVE('',#2934,#3246,#3248,.T.);
#3246 = VERTEX_POINT('',#3247);
#3247 = CARTESIAN_POINT('',(6.6,0.5,6.8));
#3248 = LINE('',#3249,#3250);
#3249 = CARTESIAN_POINT('',(6.075,0.5,6.275));
#3250 = VECTOR('',#3251,1.);
#3251 = DIRECTION('',(-0.707106781187,8.659560562349E-17,-0.707106781187
    ));
#3252 = ORIENTED_EDGE('',*,*,#3253,.F.);
#3253 = EDGE_CURVE('',#3102,#3246,#3254,.T.);
#3254 = LINE('',#3255,#3256);
#3255 = CARTESIAN_POINT('',(6.6,-2.65,6.8));
#3256 = VECTOR('',#3257,1.);
#3257 = DIRECTION('',(1.224646799147E-16,1.,0.));
#3258 = PLANE('',#3259);
#3259 = AXIS2_PLACEMENT_3D('',#3260,#3261,#3262);
#3260 = CARTESIAN_POINT('',(6.7,-2.65,6.9));
#3261 = DIRECTION('',(0.707106781187,-8.659560562349E-17,-0.707106781187
    ));
#3262 = DIRECTION('',(-1.224646799147E-16,-1.,-2.105272540809E-29));
#3263 = ADVANCED_FACE('',(#3264),#3323,.F.);
#3264 = FACE_BOUND('',#3265,.F.);
#3265 = EDGE_LOOP('',(#3266,#3274,#3275,#3276,#3284,#3292,#3301,#3309,
    #3317));
#3266 = ORIENTED_EDGE('',*,*,#3267,.F.);
#3267 = EDGE_CURVE('',#3134,#3268,#3270,.T.);
#3268 = VERTEX_POINT('',#3269);
#3269 = CARTESIAN_POINT('',(7.45,2.35,0.));
#3270 = LINE('',#3271,#3272);
#3271 = CARTESIAN_POINT('',(7.45,-3.4,0.));
#3272 = VECTOR('',#3273,1.);
#3273 = DIRECTION('',(1.224646799147E-16,1.,0.));
#3274 = ORIENTED_EDGE('',*,*,#3133,.T.);
#3275 = ORIENTED_EDGE('',*,*,#2925,.T.);
#3276 = ORIENTED_EDGE('',*,*,#3277,.F.);
#3277 = EDGE_CURVE('',#3278,#2926,#3280,.T.);
#3278 = VERTEX_POINT('',#3279);
#3279 = CARTESIAN_POINT('',(7.45,0.5,3.65));
#3280 = LINE('',#3281,#3282);
#3281 = CARTESIAN_POINT('',(7.45,0.5,3.65));
#3282 = VECTOR('',#3283,1.);
#3283 = DIRECTION('',(0.,0.,1.));
#3284 = ORIENTED_EDGE('',*,*,#3285,.F.);
#3285 = EDGE_CURVE('',#3286,#3278,#3288,.T.);
#3286 = VERTEX_POINT('',#3287);
#3287 = CARTESIAN_POINT('',(7.45,1.,3.65));
#3288 = LINE('',#3289,#3290);
#3289 = CARTESIAN_POINT('',(7.45,1.,3.65));
#3290 = VECTOR('',#3291,1.);
#3291 = DIRECTION('',(-1.224646799147E-16,-1.,0.));
#3292 = ORIENTED_EDGE('',*,*,#3293,.F.);
#3293 = EDGE_CURVE('',#3294,#3286,#3296,.T.);
#3294 = VERTEX_POINT('',#3295);
#3295 = CARTESIAN_POINT('',(7.45,1.5,4.15));
#3296 = CIRCLE('',#3297,0.5);
#3297 = AXIS2_PLACEMENT_3D('',#3298,#3299,#3300);
#3298 = CARTESIAN_POINT('',(7.45,1.,4.15));
#3299 = DIRECTION('',(-1.,1.224646799147E-16,0.));
#3300 = DIRECTION('',(1.224646799147E-16,1.,0.));
#3301 = ORIENTED_EDGE('',*,*,#3302,.F.);
#3302 = EDGE_CURVE('',#3303,#3294,#3305,.T.);
#3303 = VERTEX_POINT('',#3304);
#3304 = CARTESIAN_POINT('',(7.45,1.5,7.));
#3305 = LINE('',#3306,#3307);
#3306 = CARTESIAN_POINT('',(7.45,1.5,7.));
#3307 = VECTOR('',#3308,1.);
#3308 = DIRECTION('',(-0.,0.,-1.));
#3309 = ORIENTED_EDGE('',*,*,#3310,.T.);
#3310 = EDGE_CURVE('',#3303,#3311,#3313,.T.);
#3311 = VERTEX_POINT('',#3312);
#3312 = CARTESIAN_POINT('',(7.45,2.35,7.));
#3313 = LINE('',#3314,#3315);
#3314 = CARTESIAN_POINT('',(7.45,-3.4,7.));
#3315 = VECTOR('',#3316,1.);
#3316 = DIRECTION('',(1.224646799147E-16,1.,0.));
#3317 = ORIENTED_EDGE('',*,*,#3318,.F.);
#3318 = EDGE_CURVE('',#3268,#3311,#3319,.T.);
#3319 = LINE('',#3320,#3321);
#3320 = CARTESIAN_POINT('',(7.45,2.35,0.));
#3321 = VECTOR('',#3322,1.);
#3322 = DIRECTION('',(0.,0.,1.));
#3323 = PLANE('',#3324);
#3324 = AXIS2_PLACEMENT_3D('',#3325,#3326,#3327);
#3325 = CARTESIAN_POINT('',(7.45,-3.4,0.));
#3326 = DIRECTION('',(-1.,1.224646799147E-16,0.));
#3327 = DIRECTION('',(1.224646799147E-16,1.,0.));
#3328 = ADVANCED_FACE('',(#3329),#3348,.T.);
#3329 = FACE_BOUND('',#3330,.T.);
#3330 = EDGE_LOOP('',(#3331,#3332,#3333,#3341,#3347));
#3331 = ORIENTED_EDGE('',*,*,#2933,.F.);
#3332 = ORIENTED_EDGE('',*,*,#3277,.F.);
#3333 = ORIENTED_EDGE('',*,*,#3334,.T.);
#3334 = EDGE_CURVE('',#3278,#3335,#3337,.T.);
#3335 = VERTEX_POINT('',#3336);
#3336 = CARTESIAN_POINT('',(6.6,0.5,3.65));
#3337 = LINE('',#3338,#3339);
#3338 = CARTESIAN_POINT('',(7.45,0.5,3.65));
#3339 = VECTOR('',#3340,1.);
#3340 = DIRECTION('',(-1.,1.224646799147E-16,0.));
#3341 = ORIENTED_EDGE('',*,*,#3342,.T.);
#3342 = EDGE_CURVE('',#3335,#3246,#3343,.T.);
#3343 = LINE('',#3344,#3345);
#3344 = CARTESIAN_POINT('',(6.6,0.5,5.325));
#3345 = VECTOR('',#3346,1.);
#3346 = DIRECTION('',(0.,0.,1.));
#3347 = ORIENTED_EDGE('',*,*,#3245,.F.);
#3348 = PLANE('',#3349);
#3349 = AXIS2_PLACEMENT_3D('',#3350,#3351,#3352);
#3350 = CARTESIAN_POINT('',(7.45,0.5,3.65));
#3351 = DIRECTION('',(1.224646799147E-16,1.,0.));
#3352 = DIRECTION('',(0.,-0.,1.));
#3353 = ADVANCED_FACE('',(#3354),#3397,.F.);
#3354 = FACE_BOUND('',#3355,.F.);
#3355 = EDGE_LOOP('',(#3356,#3357,#3365,#3374,#3382,#3390,#3396));
#3356 = ORIENTED_EDGE('',*,*,#2971,.T.);
#3357 = ORIENTED_EDGE('',*,*,#3358,.T.);
#3358 = EDGE_CURVE('',#2974,#3359,#3361,.T.);
#3359 = VERTEX_POINT('',#3360);
#3360 = CARTESIAN_POINT('',(-1.6,1.,3.65));
#3361 = LINE('',#3362,#3363);
#3362 = CARTESIAN_POINT('',(-1.6,1.25,3.65));
#3363 = VECTOR('',#3364,1.);
#3364 = DIRECTION('',(1.224646799147E-16,1.,0.));
#3365 = ORIENTED_EDGE('',*,*,#3366,.T.);
#3366 = EDGE_CURVE('',#3359,#3367,#3369,.T.);
#3367 = VERTEX_POINT('',#3368);
#3368 = CARTESIAN_POINT('',(-1.6,1.5,4.15));
#3369 = CIRCLE('',#3370,0.5);
#3370 = AXIS2_PLACEMENT_3D('',#3371,#3372,#3373);
#3371 = CARTESIAN_POINT('',(-1.6,1.,4.15));
#3372 = DIRECTION('',(1.,-1.224646799147E-16,0.));
#3373 = DIRECTION('',(1.224646799147E-16,1.,0.));
#3374 = ORIENTED_EDGE('',*,*,#3375,.T.);
#3375 = EDGE_CURVE('',#3367,#3376,#3378,.T.);
#3376 = VERTEX_POINT('',#3377);
#3377 = CARTESIAN_POINT('',(-1.6,1.5,1.85));
#3378 = LINE('',#3379,#3380);
#3379 = CARTESIAN_POINT('',(-1.6,1.5,7.));
#3380 = VECTOR('',#3381,1.);
#3381 = DIRECTION('',(0.,0.,-1.));
#3382 = ORIENTED_EDGE('',*,*,#3383,.T.);
#3383 = EDGE_CURVE('',#3376,#3384,#3386,.T.);
#3384 = VERTEX_POINT('',#3385);
#3385 = CARTESIAN_POINT('',(-1.6,-2.65,1.85));
#3386 = LINE('',#3387,#3388);
#3387 = CARTESIAN_POINT('',(-1.6,1.5,1.85));
#3388 = VECTOR('',#3389,1.);
#3389 = DIRECTION('',(-1.224646799147E-16,-1.,0.));
#3390 = ORIENTED_EDGE('',*,*,#3391,.F.);
#3391 = EDGE_CURVE('',#3013,#3384,#3392,.T.);
#3392 = LINE('',#3393,#3394);
#3393 = CARTESIAN_POINT('',(-1.6,-2.65,7.));
#3394 = VECTOR('',#3395,1.);
#3395 = DIRECTION('',(0.,0.,-1.));
#3396 = ORIENTED_EDGE('',*,*,#3020,.F.);
#3397 = PLANE('',#3398);
#3398 = AXIS2_PLACEMENT_3D('',#3399,#3400,#3401);
#3399 = CARTESIAN_POINT('',(-1.6,1.5,7.));
#3400 = DIRECTION('',(-1.,1.224646799147E-16,0.));
#3401 = DIRECTION('',(-1.224646799147E-16,-1.,0.));
#3402 = ADVANCED_FACE('',(#3403),#3414,.T.);
#3403 = FACE_BOUND('',#3404,.T.);
#3404 = EDGE_LOOP('',(#3405,#3406,#3412,#3413));
#3405 = ORIENTED_EDGE('',*,*,#3358,.T.);
#3406 = ORIENTED_EDGE('',*,*,#3407,.T.);
#3407 = EDGE_CURVE('',#3359,#3069,#3408,.T.);
#3408 = LINE('',#3409,#3410);
#3409 = CARTESIAN_POINT('',(7.45,1.,3.65));
#3410 = VECTOR('',#3411,1.);
#3411 = DIRECTION('',(-1.,1.224646799147E-16,0.));
#3412 = ORIENTED_EDGE('',*,*,#3077,.T.);
#3413 = ORIENTED_EDGE('',*,*,#2981,.F.);
#3414 = PLANE('',#3415);
#3415 = AXIS2_PLACEMENT_3D('',#3416,#3417,#3418);
#3416 = CARTESIAN_POINT('',(7.45,1.,3.65));
#3417 = DIRECTION('',(0.,0.,1.));
#3418 = DIRECTION('',(-1.224646799147E-16,-1.,0.));
#3419 = ADVANCED_FACE('',(#3420),#3438,.F.);
#3420 = FACE_BOUND('',#3421,.F.);
#3421 = EDGE_LOOP('',(#3422,#3423,#3424,#3432));
#3422 = ORIENTED_EDGE('',*,*,#3034,.T.);
#3423 = ORIENTED_EDGE('',*,*,#3123,.T.);
#3424 = ORIENTED_EDGE('',*,*,#3425,.T.);
#3425 = EDGE_CURVE('',#3124,#3426,#3428,.T.);
#3426 = VERTEX_POINT('',#3427);
#3427 = CARTESIAN_POINT('',(-0.75,2.35,0.));
#3428 = LINE('',#3429,#3430);
#3429 = CARTESIAN_POINT('',(-0.75,-3.4,0.));
#3430 = VECTOR('',#3431,1.);
#3431 = DIRECTION('',(1.224646799147E-16,1.,0.));
#3432 = ORIENTED_EDGE('',*,*,#3433,.T.);
#3433 = EDGE_CURVE('',#3426,#3035,#3434,.T.);
#3434 = LINE('',#3435,#3436);
#3435 = CARTESIAN_POINT('',(7.45,2.35,0.));
#3436 = VECTOR('',#3437,1.);
#3437 = DIRECTION('',(-1.,1.224646799147E-16,0.));
#3438 = PLANE('',#3439);
#3439 = AXIS2_PLACEMENT_3D('',#3440,#3441,#3442);
#3440 = CARTESIAN_POINT('',(2.5,-0.525,0.));
#3441 = DIRECTION('',(0.,0.,1.));
#3442 = DIRECTION('',(-1.,1.224646799147E-16,0.));
#3443 = ADVANCED_FACE('',(#3444),#3455,.F.);
#3444 = FACE_BOUND('',#3445,.F.);
#3445 = EDGE_LOOP('',(#3446,#3447,#3448,#3454));
#3446 = ORIENTED_EDGE('',*,*,#3407,.T.);
#3447 = ORIENTED_EDGE('',*,*,#3068,.T.);
#3448 = ORIENTED_EDGE('',*,*,#3449,.F.);
#3449 = EDGE_CURVE('',#3367,#3061,#3450,.T.);
#3450 = LINE('',#3451,#3452);
#3451 = CARTESIAN_POINT('',(7.45,1.5,4.15));
#3452 = VECTOR('',#3453,1.);
#3453 = DIRECTION('',(-1.,1.224646799147E-16,0.));
#3454 = ORIENTED_EDGE('',*,*,#3366,.F.);
#3455 = CYLINDRICAL_SURFACE('',#3456,0.5);
#3456 = AXIS2_PLACEMENT_3D('',#3457,#3458,#3459);
#3457 = CARTESIAN_POINT('',(7.45,1.,4.15));
#3458 = DIRECTION('',(1.,-1.224646799147E-16,-0.));
#3459 = DIRECTION('',(1.224646799147E-16,1.,0.));
#3460 = ADVANCED_FACE('',(#3461),#3625,.T.);
#3461 = FACE_BOUND('',#3462,.T.);
#3462 = EDGE_LOOP('',(#3463,#3464,#3472,#3480,#3488,#3496,#3504,#3513,
    #3521,#3529,#3537,#3545,#3553,#3562,#3570,#3578,#3586,#3594,#3600,
    #3601,#3602,#3603,#3611,#3619));
#3463 = ORIENTED_EDGE('',*,*,#3302,.F.);
#3464 = ORIENTED_EDGE('',*,*,#3465,.T.);
#3465 = EDGE_CURVE('',#3303,#3466,#3468,.T.);
#3466 = VERTEX_POINT('',#3467);
#3467 = CARTESIAN_POINT('',(5.5,1.5,7.));
#3468 = LINE('',#3469,#3470);
#3469 = CARTESIAN_POINT('',(7.45,1.5,7.));
#3470 = VECTOR('',#3471,1.);
#3471 = DIRECTION('',(-1.,1.224646799147E-16,0.));
#3472 = ORIENTED_EDGE('',*,*,#3473,.T.);
#3473 = EDGE_CURVE('',#3466,#3474,#3476,.T.);
#3474 = VERTEX_POINT('',#3475);
#3475 = CARTESIAN_POINT('',(5.5,1.5,6.1));
#3476 = LINE('',#3477,#3478);
#3477 = CARTESIAN_POINT('',(5.5,1.5,5.327450166113));
#3478 = VECTOR('',#3479,1.);
#3479 = DIRECTION('',(-4.93432455389E-16,8.449221308824E-17,-1.));
#3480 = ORIENTED_EDGE('',*,*,#3481,.T.);
#3481 = EDGE_CURVE('',#3474,#3482,#3484,.T.);
#3482 = VERTEX_POINT('',#3483);
#3483 = CARTESIAN_POINT('',(5.25,1.5,5.85));
#3484 = LINE('',#3485,#3486);
#3485 = CARTESIAN_POINT('',(4.238725083056,1.5,4.838725083056));
#3486 = VECTOR('',#3487,1.);
#3487 = DIRECTION('',(-0.707106781187,1.463406224556E-16,-0.707106781187
    ));
#3488 = ORIENTED_EDGE('',*,*,#3489,.T.);
#3489 = EDGE_CURVE('',#3482,#3490,#3492,.T.);
#3490 = VERTEX_POINT('',#3491);
#3491 = CARTESIAN_POINT('',(5.5,1.5,5.6));
#3492 = LINE('',#3493,#3494);
#3493 = CARTESIAN_POINT('',(5.011274916944,1.5,6.088725083056));
#3494 = VECTOR('',#3495,1.);
#3495 = DIRECTION('',(0.707106781187,-2.685058879138E-17,-0.707106781187
    ));
#3496 = ORIENTED_EDGE('',*,*,#3497,.T.);
#3497 = EDGE_CURVE('',#3490,#3498,#3500,.T.);
#3498 = VERTEX_POINT('',#3499);
#3499 = CARTESIAN_POINT('',(5.5,1.5,3.85));
#3500 = LINE('',#3501,#3502);
#3501 = CARTESIAN_POINT('',(5.5,1.5,3.827450166113));
#3502 = VECTOR('',#3503,1.);
#3503 = DIRECTION('',(1.034731183114E-32,8.449221308824E-17,-1.));
#3504 = ORIENTED_EDGE('',*,*,#3505,.F.);
#3505 = EDGE_CURVE('',#3506,#3498,#3508,.T.);
#3506 = VERTEX_POINT('',#3507);
#3507 = CARTESIAN_POINT('',(4.75,1.5,3.1));
#3508 = CIRCLE('',#3509,0.75);
#3509 = AXIS2_PLACEMENT_3D('',#3510,#3511,#3512);
#3510 = CARTESIAN_POINT('',(4.75,1.5,3.85));
#3511 = DIRECTION('',(-1.224646799147E-16,-1.,0.));
#3512 = DIRECTION('',(-0.,0.,-1.));
#3513 = ORIENTED_EDGE('',*,*,#3514,.T.);
#3514 = EDGE_CURVE('',#3506,#3515,#3517,.T.);
#3515 = VERTEX_POINT('',#3516);
#3516 = CARTESIAN_POINT('',(4.,1.5,3.1));
#3517 = LINE('',#3518,#3519);
#3518 = CARTESIAN_POINT('',(3.25,1.5,3.1));
#3519 = VECTOR('',#3520,1.);
#3520 = DIRECTION('',(-1.,1.224646799147E-16,0.));
#3521 = ORIENTED_EDGE('',*,*,#3522,.T.);
#3522 = EDGE_CURVE('',#3515,#3523,#3525,.T.);
#3523 = VERTEX_POINT('',#3524);
#3524 = CARTESIAN_POINT('',(4.,1.5,7.));
#3525 = LINE('',#3526,#3527);
#3526 = CARTESIAN_POINT('',(4.,1.5,5.777450166113));
#3527 = VECTOR('',#3528,1.);
#3528 = DIRECTION('',(-1.034731183114E-32,-8.449221308824E-17,1.));
#3529 = ORIENTED_EDGE('',*,*,#3530,.T.);
#3530 = EDGE_CURVE('',#3523,#3531,#3533,.T.);
#3531 = VERTEX_POINT('',#3532);
#3532 = CARTESIAN_POINT('',(1.,1.5,7.));
#3533 = LINE('',#3534,#3535);
#3534 = CARTESIAN_POINT('',(7.45,1.5,7.));
#3535 = VECTOR('',#3536,1.);
#3536 = DIRECTION('',(-1.,1.224646799147E-16,0.));
#3537 = ORIENTED_EDGE('',*,*,#3538,.F.);
#3538 = EDGE_CURVE('',#3539,#3531,#3541,.T.);
#3539 = VERTEX_POINT('',#3540);
#3540 = CARTESIAN_POINT('',(1.,1.5,3.1));
#3541 = LINE('',#3542,#3543);
#3542 = CARTESIAN_POINT('',(1.,1.5,5.777450166113));
#3543 = VECTOR('',#3544,1.);
#3544 = DIRECTION('',(-1.034731183114E-32,-8.449221308824E-17,1.));
#3545 = ORIENTED_EDGE('',*,*,#3546,.F.);
#3546 = EDGE_CURVE('',#3547,#3539,#3549,.T.);
#3547 = VERTEX_POINT('',#3548);
#3548 = CARTESIAN_POINT('',(0.25,1.5,3.1));
#3549 = LINE('',#3550,#3551);
#3550 = CARTESIAN_POINT('',(1.75,1.5,3.1));
#3551 = VECTOR('',#3552,1.);
#3552 = DIRECTION('',(1.,-1.224646799147E-16,-0.));
#3553 = ORIENTED_EDGE('',*,*,#3554,.F.);
#3554 = EDGE_CURVE('',#3555,#3547,#3557,.T.);
#3555 = VERTEX_POINT('',#3556);
#3556 = CARTESIAN_POINT('',(-0.5,1.5,3.85));
#3557 = CIRCLE('',#3558,0.75);
#3558 = AXIS2_PLACEMENT_3D('',#3559,#3560,#3561);
#3559 = CARTESIAN_POINT('',(0.25,1.5,3.85));
#3560 = DIRECTION('',(-1.224646799147E-16,-1.,0.));
#3561 = DIRECTION('',(-0.,0.,-1.));
#3562 = ORIENTED_EDGE('',*,*,#3563,.F.);
#3563 = EDGE_CURVE('',#3564,#3555,#3566,.T.);
#3564 = VERTEX_POINT('',#3565);
#3565 = CARTESIAN_POINT('',(-0.5,1.5,5.6));
#3566 = LINE('',#3567,#3568);
#3567 = CARTESIAN_POINT('',(-0.5,1.5,3.827450166113));
#3568 = VECTOR('',#3569,1.);
#3569 = DIRECTION('',(1.034731183114E-32,8.449221308824E-17,-1.));
#3570 = ORIENTED_EDGE('',*,*,#3571,.F.);
#3571 = EDGE_CURVE('',#3572,#3564,#3574,.T.);
#3572 = VERTEX_POINT('',#3573);
#3573 = CARTESIAN_POINT('',(-0.25,1.5,5.85));
#3574 = LINE('',#3575,#3576);
#3575 = CARTESIAN_POINT('',(-1.127491694352E-02,1.5,6.088725083056));
#3576 = VECTOR('',#3577,1.);
#3577 = DIRECTION('',(-0.707106781187,1.463406224556E-16,-0.707106781187
    ));
#3578 = ORIENTED_EDGE('',*,*,#3579,.F.);
#3579 = EDGE_CURVE('',#3580,#3572,#3582,.T.);
#3580 = VERTEX_POINT('',#3581);
#3581 = CARTESIAN_POINT('',(-0.5,1.5,6.1));
#3582 = LINE('',#3583,#3584);
#3583 = CARTESIAN_POINT('',(0.761274916944,1.5,4.838725083056));
#3584 = VECTOR('',#3585,1.);
#3585 = DIRECTION('',(0.707106781187,-2.685058879138E-17,-0.707106781187
    ));
#3586 = ORIENTED_EDGE('',*,*,#3587,.F.);
#3587 = EDGE_CURVE('',#3588,#3580,#3590,.T.);
#3588 = VERTEX_POINT('',#3589);
#3589 = CARTESIAN_POINT('',(-0.5,1.5,7.));
#3590 = LINE('',#3591,#3592);
#3591 = CARTESIAN_POINT('',(-0.5,1.5,5.327450166113));
#3592 = VECTOR('',#3593,1.);
#3593 = DIRECTION('',(1.034731183114E-32,8.449221308824E-17,-1.));
#3594 = ORIENTED_EDGE('',*,*,#3595,.T.);
#3595 = EDGE_CURVE('',#3588,#3053,#3596,.T.);
#3596 = LINE('',#3597,#3598);
#3597 = CARTESIAN_POINT('',(7.45,1.5,7.));
#3598 = VECTOR('',#3599,1.);
#3599 = DIRECTION('',(-1.,1.224646799147E-16,0.));
#3600 = ORIENTED_EDGE('',*,*,#3060,.T.);
#3601 = ORIENTED_EDGE('',*,*,#3449,.F.);
#3602 = ORIENTED_EDGE('',*,*,#3375,.T.);
#3603 = ORIENTED_EDGE('',*,*,#3604,.F.);
#3604 = EDGE_CURVE('',#3605,#3376,#3607,.T.);
#3605 = VERTEX_POINT('',#3606);
#3606 = CARTESIAN_POINT('',(6.6,1.5,1.85));
#3607 = LINE('',#3608,#3609);
#3608 = CARTESIAN_POINT('',(6.6,1.5,1.85));
#3609 = VECTOR('',#3610,1.);
#3610 = DIRECTION('',(-1.,1.224646799147E-16,0.));
#3611 = ORIENTED_EDGE('',*,*,#3612,.F.);
#3612 = EDGE_CURVE('',#3613,#3605,#3615,.T.);
#3613 = VERTEX_POINT('',#3614);
#3614 = CARTESIAN_POINT('',(6.6,1.5,4.15));
#3615 = LINE('',#3616,#3617);
#3616 = CARTESIAN_POINT('',(6.6,1.5,7.));
#3617 = VECTOR('',#3618,1.);
#3618 = DIRECTION('',(0.,0.,-1.));
#3619 = ORIENTED_EDGE('',*,*,#3620,.F.);
#3620 = EDGE_CURVE('',#3294,#3613,#3621,.T.);
#3621 = LINE('',#3622,#3623);
#3622 = CARTESIAN_POINT('',(7.45,1.5,4.15));
#3623 = VECTOR('',#3624,1.);
#3624 = DIRECTION('',(-1.,1.224646799147E-16,0.));
#3625 = PLANE('',#3626);
#3626 = AXIS2_PLACEMENT_3D('',#3627,#3628,#3629);
#3627 = CARTESIAN_POINT('',(2.5,1.5,4.554900332226));
#3628 = DIRECTION('',(-1.224646799147E-16,-1.,-8.449221308824E-17));
#3629 = DIRECTION('',(-1.034731183114E-32,-8.449221308824E-17,1.));
#3630 = ADVANCED_FACE('',(#3631),#3649,.T.);
#3631 = FACE_BOUND('',#3632,.T.);
#3632 = EDGE_LOOP('',(#3633,#3634,#3642,#3648));
#3633 = ORIENTED_EDGE('',*,*,#3595,.F.);
#3634 = ORIENTED_EDGE('',*,*,#3635,.F.);
#3635 = EDGE_CURVE('',#3636,#3588,#3638,.T.);
#3636 = VERTEX_POINT('',#3637);
#3637 = CARTESIAN_POINT('',(-0.5,2.35,7.));
#3638 = LINE('',#3639,#3640);
#3639 = CARTESIAN_POINT('',(-0.5,2.35,7.));
#3640 = VECTOR('',#3641,1.);
#3641 = DIRECTION('',(-1.224646799147E-16,-1.,0.));
#3642 = ORIENTED_EDGE('',*,*,#3643,.T.);
#3643 = EDGE_CURVE('',#3636,#3045,#3644,.T.);
#3644 = LINE('',#3645,#3646);
#3645 = CARTESIAN_POINT('',(7.45,2.35,7.));
#3646 = VECTOR('',#3647,1.);
#3647 = DIRECTION('',(-1.,1.224646799147E-16,0.));
#3648 = ORIENTED_EDGE('',*,*,#3052,.T.);
#3649 = PLANE('',#3650);
#3650 = AXIS2_PLACEMENT_3D('',#3651,#3652,#3653);
#3651 = CARTESIAN_POINT('',(2.5,-0.525,7.));
#3652 = DIRECTION('',(0.,0.,1.));
#3653 = DIRECTION('',(-1.,1.224646799147E-16,0.));
#3654 = ADVANCED_FACE('',(#3655),#3883,.F.);
#3655 = FACE_BOUND('',#3656,.F.);
#3656 = EDGE_LOOP('',(#3657,#3665,#3666,#3674,#3682,#3690,#3698,#3706,
    #3715,#3723,#3731,#3739,#3747,#3755,#3764,#3772,#3780,#3788,#3794,
    #3795,#3796,#3797,#3805,#3813,#3821,#3829,#3837,#3845,#3853,#3861,
    #3869,#3877));
#3657 = ORIENTED_EDGE('',*,*,#3658,.F.);
#3658 = EDGE_CURVE('',#3268,#3659,#3661,.T.);
#3659 = VERTEX_POINT('',#3660);
#3660 = CARTESIAN_POINT('',(5.75,2.35,0.));
#3661 = LINE('',#3662,#3663);
#3662 = CARTESIAN_POINT('',(7.45,2.35,0.));
#3663 = VECTOR('',#3664,1.);
#3664 = DIRECTION('',(-1.,1.224646799147E-16,0.));
#3665 = ORIENTED_EDGE('',*,*,#3318,.T.);
#3666 = ORIENTED_EDGE('',*,*,#3667,.T.);
#3667 = EDGE_CURVE('',#3311,#3668,#3670,.T.);
#3668 = VERTEX_POINT('',#3669);
#3669 = CARTESIAN_POINT('',(5.5,2.35,7.));
#3670 = LINE('',#3671,#3672);
#3671 = CARTESIAN_POINT('',(7.45,2.35,7.));
#3672 = VECTOR('',#3673,1.);
#3673 = DIRECTION('',(-1.,1.224646799147E-16,0.));
#3674 = ORIENTED_EDGE('',*,*,#3675,.F.);
#3675 = EDGE_CURVE('',#3676,#3668,#3678,.T.);
#3676 = VERTEX_POINT('',#3677);
#3677 = CARTESIAN_POINT('',(5.5,2.35,6.1));
#3678 = LINE('',#3679,#3680);
#3679 = CARTESIAN_POINT('',(5.5,2.35,6.1));
#3680 = VECTOR('',#3681,1.);
#3681 = DIRECTION('',(4.93432455389E-16,-6.042804770875E-32,1.));
#3682 = ORIENTED_EDGE('',*,*,#3683,.F.);
#3683 = EDGE_CURVE('',#3684,#3676,#3686,.T.);
#3684 = VERTEX_POINT('',#3685);
#3685 = CARTESIAN_POINT('',(5.25,2.35,5.85));
#3686 = LINE('',#3687,#3688);
#3687 = CARTESIAN_POINT('',(5.25,2.35,5.85));
#3688 = VECTOR('',#3689,1.);
#3689 = DIRECTION('',(0.707106781187,-8.659560562349E-17,0.707106781187)
  );
#3690 = ORIENTED_EDGE('',*,*,#3691,.F.);
#3691 = EDGE_CURVE('',#3692,#3684,#3694,.T.);
#3692 = VERTEX_POINT('',#3693);
#3693 = CARTESIAN_POINT('',(5.5,2.35,5.6));
#3694 = LINE('',#3695,#3696);
#3695 = CARTESIAN_POINT('',(5.5,2.35,5.6));
#3696 = VECTOR('',#3697,1.);
#3697 = DIRECTION('',(-0.707106781187,8.659560562349E-17,0.707106781187)
  );
#3698 = ORIENTED_EDGE('',*,*,#3699,.F.);
#3699 = EDGE_CURVE('',#3700,#3692,#3702,.T.);
#3700 = VERTEX_POINT('',#3701);
#3701 = CARTESIAN_POINT('',(5.5,2.35,3.85));
#3702 = LINE('',#3703,#3704);
#3703 = CARTESIAN_POINT('',(5.5,2.35,3.1));
#3704 = VECTOR('',#3705,1.);
#3705 = DIRECTION('',(0.,0.,1.));
#3706 = ORIENTED_EDGE('',*,*,#3707,.F.);
#3707 = EDGE_CURVE('',#3708,#3700,#3710,.T.);
#3708 = VERTEX_POINT('',#3709);
#3709 = CARTESIAN_POINT('',(4.75,2.35,3.1));
#3710 = CIRCLE('',#3711,0.75);
#3711 = AXIS2_PLACEMENT_3D('',#3712,#3713,#3714);
#3712 = CARTESIAN_POINT('',(4.75,2.35,3.85));
#3713 = DIRECTION('',(-1.224646799147E-16,-1.,0.));
#3714 = DIRECTION('',(0.,0.,1.));
#3715 = ORIENTED_EDGE('',*,*,#3716,.F.);
#3716 = EDGE_CURVE('',#3717,#3708,#3719,.T.);
#3717 = VERTEX_POINT('',#3718);
#3718 = CARTESIAN_POINT('',(4.,2.35,3.1));
#3719 = LINE('',#3720,#3721);
#3720 = CARTESIAN_POINT('',(4.,2.35,3.1));
#3721 = VECTOR('',#3722,1.);
#3722 = DIRECTION('',(1.,-1.224646799147E-16,0.));
#3723 = ORIENTED_EDGE('',*,*,#3724,.F.);
#3724 = EDGE_CURVE('',#3725,#3717,#3727,.T.);
#3725 = VERTEX_POINT('',#3726);
#3726 = CARTESIAN_POINT('',(4.,2.35,7.));
#3727 = LINE('',#3728,#3729);
#3728 = CARTESIAN_POINT('',(4.,2.35,7.));
#3729 = VECTOR('',#3730,1.);
#3730 = DIRECTION('',(-0.,0.,-1.));
#3731 = ORIENTED_EDGE('',*,*,#3732,.T.);
#3732 = EDGE_CURVE('',#3725,#3733,#3735,.T.);
#3733 = VERTEX_POINT('',#3734);
#3734 = CARTESIAN_POINT('',(1.,2.35,7.));
#3735 = LINE('',#3736,#3737);
#3736 = CARTESIAN_POINT('',(7.45,2.35,7.));
#3737 = VECTOR('',#3738,1.);
#3738 = DIRECTION('',(-1.,1.224646799147E-16,0.));
#3739 = ORIENTED_EDGE('',*,*,#3740,.T.);
#3740 = EDGE_CURVE('',#3733,#3741,#3743,.T.);
#3741 = VERTEX_POINT('',#3742);
#3742 = CARTESIAN_POINT('',(1.,2.35,3.1));
#3743 = LINE('',#3744,#3745);
#3744 = CARTESIAN_POINT('',(1.,2.35,7.));
#3745 = VECTOR('',#3746,1.);
#3746 = DIRECTION('',(-0.,0.,-1.));
#3747 = ORIENTED_EDGE('',*,*,#3748,.T.);
#3748 = EDGE_CURVE('',#3741,#3749,#3751,.T.);
#3749 = VERTEX_POINT('',#3750);
#3750 = CARTESIAN_POINT('',(0.25,2.35,3.1));
#3751 = LINE('',#3752,#3753);
#3752 = CARTESIAN_POINT('',(1.,2.35,3.1));
#3753 = VECTOR('',#3754,1.);
#3754 = DIRECTION('',(-1.,1.224646799147E-16,0.));
#3755 = ORIENTED_EDGE('',*,*,#3756,.T.);
#3756 = EDGE_CURVE('',#3749,#3757,#3759,.T.);
#3757 = VERTEX_POINT('',#3758);
#3758 = CARTESIAN_POINT('',(-0.5,2.35,3.85));
#3759 = CIRCLE('',#3760,0.75);
#3760 = AXIS2_PLACEMENT_3D('',#3761,#3762,#3763);
#3761 = CARTESIAN_POINT('',(0.25,2.35,3.85));
#3762 = DIRECTION('',(1.224646799147E-16,1.,-0.));
#3763 = DIRECTION('',(0.,0.,1.));
#3764 = ORIENTED_EDGE('',*,*,#3765,.T.);
#3765 = EDGE_CURVE('',#3757,#3766,#3768,.T.);
#3766 = VERTEX_POINT('',#3767);
#3767 = CARTESIAN_POINT('',(-0.5,2.35,5.6));
#3768 = LINE('',#3769,#3770);
#3769 = CARTESIAN_POINT('',(-0.5,2.35,3.1));
#3770 = VECTOR('',#3771,1.);
#3771 = DIRECTION('',(0.,0.,1.));
#3772 = ORIENTED_EDGE('',*,*,#3773,.T.);
#3773 = EDGE_CURVE('',#3766,#3774,#3776,.T.);
#3774 = VERTEX_POINT('',#3775);
#3775 = CARTESIAN_POINT('',(-0.25,2.35,5.85));
#3776 = LINE('',#3777,#3778);
#3777 = CARTESIAN_POINT('',(-0.5,2.35,5.6));
#3778 = VECTOR('',#3779,1.);
#3779 = DIRECTION('',(0.707106781187,-8.659560562349E-17,0.707106781187)
  );
#3780 = ORIENTED_EDGE('',*,*,#3781,.T.);
#3781 = EDGE_CURVE('',#3774,#3782,#3784,.T.);
#3782 = VERTEX_POINT('',#3783);
#3783 = CARTESIAN_POINT('',(-0.5,2.35,6.1));
#3784 = LINE('',#3785,#3786);
#3785 = CARTESIAN_POINT('',(-0.25,2.35,5.85));
#3786 = VECTOR('',#3787,1.);
#3787 = DIRECTION('',(-0.707106781187,8.659560562349E-17,0.707106781187)
  );
#3788 = ORIENTED_EDGE('',*,*,#3789,.T.);
#3789 = EDGE_CURVE('',#3782,#3636,#3790,.T.);
#3790 = LINE('',#3791,#3792);
#3791 = CARTESIAN_POINT('',(-0.5,2.35,6.1));
#3792 = VECTOR('',#3793,1.);
#3793 = DIRECTION('',(0.,0.,1.));
#3794 = ORIENTED_EDGE('',*,*,#3643,.T.);
#3795 = ORIENTED_EDGE('',*,*,#3044,.F.);
#3796 = ORIENTED_EDGE('',*,*,#3433,.F.);
#3797 = ORIENTED_EDGE('',*,*,#3798,.T.);
#3798 = EDGE_CURVE('',#3426,#3799,#3801,.T.);
#3799 = VERTEX_POINT('',#3800);
#3800 = CARTESIAN_POINT('',(-0.75,2.35,1.));
#3801 = LINE('',#3802,#3803);
#3802 = CARTESIAN_POINT('',(-0.75,2.35,0.));
#3803 = VECTOR('',#3804,1.);
#3804 = DIRECTION('',(0.,0.,1.));
#3805 = ORIENTED_EDGE('',*,*,#3806,.F.);
#3806 = EDGE_CURVE('',#3807,#3799,#3809,.T.);
#3807 = VERTEX_POINT('',#3808);
#3808 = CARTESIAN_POINT('',(0.75,2.35,1.));
#3809 = LINE('',#3810,#3811);
#3810 = CARTESIAN_POINT('',(0.75,2.35,1.));
#3811 = VECTOR('',#3812,1.);
#3812 = DIRECTION('',(-1.,1.224646799147E-16,0.));
#3813 = ORIENTED_EDGE('',*,*,#3814,.F.);
#3814 = EDGE_CURVE('',#3815,#3807,#3817,.T.);
#3815 = VERTEX_POINT('',#3816);
#3816 = CARTESIAN_POINT('',(0.75,2.35,0.));
#3817 = LINE('',#3818,#3819);
#3818 = CARTESIAN_POINT('',(0.75,2.35,0.));
#3819 = VECTOR('',#3820,1.);
#3820 = DIRECTION('',(0.,0.,1.));
#3821 = ORIENTED_EDGE('',*,*,#3822,.F.);
#3822 = EDGE_CURVE('',#3823,#3815,#3825,.T.);
#3823 = VERTEX_POINT('',#3824);
#3824 = CARTESIAN_POINT('',(1.75,2.35,0.));
#3825 = LINE('',#3826,#3827);
#3826 = CARTESIAN_POINT('',(7.45,2.35,0.));
#3827 = VECTOR('',#3828,1.);
#3828 = DIRECTION('',(-1.,1.224646799147E-16,0.));
#3829 = ORIENTED_EDGE('',*,*,#3830,.T.);
#3830 = EDGE_CURVE('',#3823,#3831,#3833,.T.);
#3831 = VERTEX_POINT('',#3832);
#3832 = CARTESIAN_POINT('',(1.75,2.35,1.));
#3833 = LINE('',#3834,#3835);
#3834 = CARTESIAN_POINT('',(1.75,2.35,0.));
#3835 = VECTOR('',#3836,1.);
#3836 = DIRECTION('',(0.,0.,1.));
#3837 = ORIENTED_EDGE('',*,*,#3838,.F.);
#3838 = EDGE_CURVE('',#3839,#3831,#3841,.T.);
#3839 = VERTEX_POINT('',#3840);
#3840 = CARTESIAN_POINT('',(3.25,2.35,1.));
#3841 = LINE('',#3842,#3843);
#3842 = CARTESIAN_POINT('',(3.25,2.35,1.));
#3843 = VECTOR('',#3844,1.);
#3844 = DIRECTION('',(-1.,1.224646799147E-16,0.));
#3845 = ORIENTED_EDGE('',*,*,#3846,.F.);
#3846 = EDGE_CURVE('',#3847,#3839,#3849,.T.);
#3847 = VERTEX_POINT('',#3848);
#3848 = CARTESIAN_POINT('',(3.25,2.35,0.));
#3849 = LINE('',#3850,#3851);
#3850 = CARTESIAN_POINT('',(3.25,2.35,0.));
#3851 = VECTOR('',#3852,1.);
#3852 = DIRECTION('',(0.,0.,1.));
#3853 = ORIENTED_EDGE('',*,*,#3854,.F.);
#3854 = EDGE_CURVE('',#3855,#3847,#3857,.T.);
#3855 = VERTEX_POINT('',#3856);
#3856 = CARTESIAN_POINT('',(4.25,2.35,0.));
#3857 = LINE('',#3858,#3859);
#3858 = CARTESIAN_POINT('',(7.45,2.35,0.));
#3859 = VECTOR('',#3860,1.);
#3860 = DIRECTION('',(-1.,1.224646799147E-16,0.));
#3861 = ORIENTED_EDGE('',*,*,#3862,.T.);
#3862 = EDGE_CURVE('',#3855,#3863,#3865,.T.);
#3863 = VERTEX_POINT('',#3864);
#3864 = CARTESIAN_POINT('',(4.25,2.35,1.));
#3865 = LINE('',#3866,#3867);
#3866 = CARTESIAN_POINT('',(4.25,2.35,0.));
#3867 = VECTOR('',#3868,1.);
#3868 = DIRECTION('',(0.,0.,1.));
#3869 = ORIENTED_EDGE('',*,*,#3870,.F.);
#3870 = EDGE_CURVE('',#3871,#3863,#3873,.T.);
#3871 = VERTEX_POINT('',#3872);
#3872 = CARTESIAN_POINT('',(5.75,2.35,1.));
#3873 = LINE('',#3874,#3875);
#3874 = CARTESIAN_POINT('',(5.75,2.35,1.));
#3875 = VECTOR('',#3876,1.);
#3876 = DIRECTION('',(-1.,1.224646799147E-16,0.));
#3877 = ORIENTED_EDGE('',*,*,#3878,.F.);
#3878 = EDGE_CURVE('',#3659,#3871,#3879,.T.);
#3879 = LINE('',#3880,#3881);
#3880 = CARTESIAN_POINT('',(5.75,2.35,0.));
#3881 = VECTOR('',#3882,1.);
#3882 = DIRECTION('',(0.,0.,1.));
#3883 = PLANE('',#3884);
#3884 = AXIS2_PLACEMENT_3D('',#3885,#3886,#3887);
#3885 = CARTESIAN_POINT('',(7.45,2.35,0.));
#3886 = DIRECTION('',(-1.224646799147E-16,-1.,0.));
#3887 = DIRECTION('',(-1.,1.224646799147E-16,0.));
#3888 = ADVANCED_FACE('',(#3889),#3907,.F.);
#3889 = FACE_BOUND('',#3890,.F.);
#3890 = EDGE_LOOP('',(#3891,#3892,#3900,#3906));
#3891 = ORIENTED_EDGE('',*,*,#3391,.T.);
#3892 = ORIENTED_EDGE('',*,*,#3893,.T.);
#3893 = EDGE_CURVE('',#3384,#3894,#3896,.T.);
#3894 = VERTEX_POINT('',#3895);
#3895 = CARTESIAN_POINT('',(6.6,-2.65,1.85));
#3896 = LINE('',#3897,#3898);
#3897 = CARTESIAN_POINT('',(-1.6,-2.65,1.85));
#3898 = VECTOR('',#3899,1.);
#3899 = DIRECTION('',(1.,-1.224646799147E-16,0.));
#3900 = ORIENTED_EDGE('',*,*,#3901,.F.);
#3901 = EDGE_CURVE('',#3102,#3894,#3902,.T.);
#3902 = LINE('',#3903,#3904);
#3903 = CARTESIAN_POINT('',(6.6,-2.65,7.));
#3904 = VECTOR('',#3905,1.);
#3905 = DIRECTION('',(0.,0.,-1.));
#3906 = ORIENTED_EDGE('',*,*,#3109,.F.);
#3907 = PLANE('',#3908);
#3908 = AXIS2_PLACEMENT_3D('',#3909,#3910,#3911);
#3909 = CARTESIAN_POINT('',(-1.6,-2.65,7.));
#3910 = DIRECTION('',(-1.224646799147E-16,-1.,0.));
#3911 = DIRECTION('',(1.,-1.224646799147E-16,0.));
#3912 = ADVANCED_FACE('',(#3913),#3940,.T.);
#3913 = FACE_BOUND('',#3914,.T.);
#3914 = EDGE_LOOP('',(#3915,#3916,#3924,#3932,#3938,#3939));
#3915 = ORIENTED_EDGE('',*,*,#3798,.T.);
#3916 = ORIENTED_EDGE('',*,*,#3917,.T.);
#3917 = EDGE_CURVE('',#3799,#3918,#3920,.T.);
#3918 = VERTEX_POINT('',#3919);
#3919 = CARTESIAN_POINT('',(-0.75,0.5,0.3));
#3920 = LINE('',#3921,#3922);
#3921 = CARTESIAN_POINT('',(-0.75,2.35,1.));
#3922 = VECTOR('',#3923,1.);
#3923 = DIRECTION('',(-1.14539532148E-16,-0.935286257456,-0.353892097416
    ));
#3924 = ORIENTED_EDGE('',*,*,#3925,.T.);
#3925 = EDGE_CURVE('',#3918,#3926,#3928,.T.);
#3926 = VERTEX_POINT('',#3927);
#3927 = CARTESIAN_POINT('',(-0.75,-0.5,0.3));
#3928 = LINE('',#3929,#3930);
#3929 = CARTESIAN_POINT('',(-0.75,0.5,0.3));
#3930 = VECTOR('',#3931,1.);
#3931 = DIRECTION('',(-1.224646799147E-16,-1.,0.));
#3932 = ORIENTED_EDGE('',*,*,#3933,.T.);
#3933 = EDGE_CURVE('',#3926,#3222,#3934,.T.);
#3934 = LINE('',#3935,#3936);
#3935 = CARTESIAN_POINT('',(-0.75,-0.5,0.3));
#3936 = VECTOR('',#3937,1.);
#3937 = DIRECTION('',(-1.190457365237E-16,-0.972082208573,0.234640533104
    ));
#3938 = ORIENTED_EDGE('',*,*,#3229,.T.);
#3939 = ORIENTED_EDGE('',*,*,#3425,.T.);
#3940 = PLANE('',#3941);
#3941 = AXIS2_PLACEMENT_3D('',#3942,#3943,#3944);
#3942 = CARTESIAN_POINT('',(-0.75,-0.515451356496,0.330008245993));
#3943 = DIRECTION('',(1.,-1.224646799147E-16,-1.256256073143E-32));
#3944 = DIRECTION('',(-1.256256073143E-32,1.538469978883E-48,-1.));
#3945 = ADVANCED_FACE('',(#3946),#3964,.F.);
#3946 = FACE_BOUND('',#3947,.F.);
#3947 = EDGE_LOOP('',(#3948,#3956,#3957,#3958));
#3948 = ORIENTED_EDGE('',*,*,#3949,.T.);
#3949 = EDGE_CURVE('',#3950,#3926,#3952,.T.);
#3950 = VERTEX_POINT('',#3951);
#3951 = CARTESIAN_POINT('',(0.75,-0.5,0.3));
#3952 = LINE('',#3953,#3954);
#3953 = CARTESIAN_POINT('',(0.75,-0.5,0.3));
#3954 = VECTOR('',#3955,1.);
#3955 = DIRECTION('',(-1.,1.224646799147E-16,0.));
#3956 = ORIENTED_EDGE('',*,*,#3933,.T.);
#3957 = ORIENTED_EDGE('',*,*,#3221,.F.);
#3958 = ORIENTED_EDGE('',*,*,#3959,.F.);
#3959 = EDGE_CURVE('',#3950,#3214,#3960,.T.);
#3960 = LINE('',#3961,#3962);
#3961 = CARTESIAN_POINT('',(0.75,-0.5,0.3));
#3962 = VECTOR('',#3963,1.);
#3963 = DIRECTION('',(-1.190457365237E-16,-0.972082208573,0.234640533104
    ));
#3964 = PLANE('',#3965);
#3965 = AXIS2_PLACEMENT_3D('',#3966,#3967,#3968);
#3966 = CARTESIAN_POINT('',(0.75,-0.5,0.3));
#3967 = DIRECTION('',(2.87351777816E-17,0.234640533104,0.972082208573));
#3968 = DIRECTION('',(-1.190457365237E-16,-0.972082208573,0.234640533104
    ));
#3969 = ADVANCED_FACE('',(#3970),#3995,.F.);
#3970 = FACE_BOUND('',#3971,.F.);
#3971 = EDGE_LOOP('',(#3972,#3973,#3981,#3987,#3988,#3989));
#3972 = ORIENTED_EDGE('',*,*,#3814,.T.);
#3973 = ORIENTED_EDGE('',*,*,#3974,.T.);
#3974 = EDGE_CURVE('',#3807,#3975,#3977,.T.);
#3975 = VERTEX_POINT('',#3976);
#3976 = CARTESIAN_POINT('',(0.75,0.5,0.3));
#3977 = LINE('',#3978,#3979);
#3978 = CARTESIAN_POINT('',(0.75,2.35,1.));
#3979 = VECTOR('',#3980,1.);
#3980 = DIRECTION('',(-1.14539532148E-16,-0.935286257456,-0.353892097416
    ));
#3981 = ORIENTED_EDGE('',*,*,#3982,.T.);
#3982 = EDGE_CURVE('',#3975,#3950,#3983,.T.);
#3983 = LINE('',#3984,#3985);
#3984 = CARTESIAN_POINT('',(0.75,0.5,0.3));
#3985 = VECTOR('',#3986,1.);
#3986 = DIRECTION('',(-1.224646799147E-16,-1.,0.));
#3987 = ORIENTED_EDGE('',*,*,#3959,.T.);
#3988 = ORIENTED_EDGE('',*,*,#3213,.T.);
#3989 = ORIENTED_EDGE('',*,*,#3990,.T.);
#3990 = EDGE_CURVE('',#3206,#3815,#3991,.T.);
#3991 = LINE('',#3992,#3993);
#3992 = CARTESIAN_POINT('',(0.75,-3.4,0.));
#3993 = VECTOR('',#3994,1.);
#3994 = DIRECTION('',(1.224646799147E-16,1.,0.));
#3995 = PLANE('',#3996);
#3996 = AXIS2_PLACEMENT_3D('',#3997,#3998,#3999);
#3997 = CARTESIAN_POINT('',(0.75,-0.515451356496,0.330008245993));
#3998 = DIRECTION('',(1.,-1.224646799147E-16,-1.256256073143E-32));
#3999 = DIRECTION('',(-1.256256073143E-32,1.538469978883E-48,-1.));
#4000 = ADVANCED_FACE('',(#4001),#4012,.F.);
#4001 = FACE_BOUND('',#4002,.F.);
#4002 = EDGE_LOOP('',(#4003,#4004,#4005,#4011));
#4003 = ORIENTED_EDGE('',*,*,#3990,.F.);
#4004 = ORIENTED_EDGE('',*,*,#3205,.T.);
#4005 = ORIENTED_EDGE('',*,*,#4006,.T.);
#4006 = EDGE_CURVE('',#3198,#3823,#4007,.T.);
#4007 = LINE('',#4008,#4009);
#4008 = CARTESIAN_POINT('',(1.75,-3.4,0.));
#4009 = VECTOR('',#4010,1.);
#4010 = DIRECTION('',(1.224646799147E-16,1.,0.));
#4011 = ORIENTED_EDGE('',*,*,#3822,.T.);
#4012 = PLANE('',#4013);
#4013 = AXIS2_PLACEMENT_3D('',#4014,#4015,#4016);
#4014 = CARTESIAN_POINT('',(2.5,-0.525,0.));
#4015 = DIRECTION('',(0.,0.,1.));
#4016 = DIRECTION('',(-1.,1.224646799147E-16,0.));
#4017 = ADVANCED_FACE('',(#4018),#4045,.T.);
#4018 = FACE_BOUND('',#4019,.T.);
#4019 = EDGE_LOOP('',(#4020,#4021,#4029,#4037,#4043,#4044));
#4020 = ORIENTED_EDGE('',*,*,#3830,.T.);
#4021 = ORIENTED_EDGE('',*,*,#4022,.T.);
#4022 = EDGE_CURVE('',#3831,#4023,#4025,.T.);
#4023 = VERTEX_POINT('',#4024);
#4024 = CARTESIAN_POINT('',(1.75,0.5,0.3));
#4025 = LINE('',#4026,#4027);
#4026 = CARTESIAN_POINT('',(1.75,2.35,1.));
#4027 = VECTOR('',#4028,1.);
#4028 = DIRECTION('',(-1.14539532148E-16,-0.935286257456,-0.353892097416
    ));
#4029 = ORIENTED_EDGE('',*,*,#4030,.T.);
#4030 = EDGE_CURVE('',#4023,#4031,#4033,.T.);
#4031 = VERTEX_POINT('',#4032);
#4032 = CARTESIAN_POINT('',(1.75,-0.5,0.3));
#4033 = LINE('',#4034,#4035);
#4034 = CARTESIAN_POINT('',(1.75,0.5,0.3));
#4035 = VECTOR('',#4036,1.);
#4036 = DIRECTION('',(-1.224646799147E-16,-1.,0.));
#4037 = ORIENTED_EDGE('',*,*,#4038,.T.);
#4038 = EDGE_CURVE('',#4031,#3190,#4039,.T.);
#4039 = LINE('',#4040,#4041);
#4040 = CARTESIAN_POINT('',(1.75,-0.5,0.3));
#4041 = VECTOR('',#4042,1.);
#4042 = DIRECTION('',(-1.190457365237E-16,-0.972082208573,0.234640533104
    ));
#4043 = ORIENTED_EDGE('',*,*,#3197,.T.);
#4044 = ORIENTED_EDGE('',*,*,#4006,.T.);
#4045 = PLANE('',#4046);
#4046 = AXIS2_PLACEMENT_3D('',#4047,#4048,#4049);
#4047 = CARTESIAN_POINT('',(1.75,-0.515451356496,0.330008245993));
#4048 = DIRECTION('',(1.,-1.224646799147E-16,-1.256256073143E-32));
#4049 = DIRECTION('',(-1.256256073143E-32,1.538469978883E-48,-1.));
#4050 = ADVANCED_FACE('',(#4051),#4069,.F.);
#4051 = FACE_BOUND('',#4052,.F.);
#4052 = EDGE_LOOP('',(#4053,#4061,#4062,#4063));
#4053 = ORIENTED_EDGE('',*,*,#4054,.T.);
#4054 = EDGE_CURVE('',#4055,#4031,#4057,.T.);
#4055 = VERTEX_POINT('',#4056);
#4056 = CARTESIAN_POINT('',(3.25,-0.5,0.3));
#4057 = LINE('',#4058,#4059);
#4058 = CARTESIAN_POINT('',(3.25,-0.5,0.3));
#4059 = VECTOR('',#4060,1.);
#4060 = DIRECTION('',(-1.,1.224646799147E-16,0.));
#4061 = ORIENTED_EDGE('',*,*,#4038,.T.);
#4062 = ORIENTED_EDGE('',*,*,#3189,.F.);
#4063 = ORIENTED_EDGE('',*,*,#4064,.F.);
#4064 = EDGE_CURVE('',#4055,#3182,#4065,.T.);
#4065 = LINE('',#4066,#4067);
#4066 = CARTESIAN_POINT('',(3.25,-0.5,0.3));
#4067 = VECTOR('',#4068,1.);
#4068 = DIRECTION('',(-1.190457365237E-16,-0.972082208573,0.234640533104
    ));
#4069 = PLANE('',#4070);
#4070 = AXIS2_PLACEMENT_3D('',#4071,#4072,#4073);
#4071 = CARTESIAN_POINT('',(3.25,-0.5,0.3));
#4072 = DIRECTION('',(2.87351777816E-17,0.234640533104,0.972082208573));
#4073 = DIRECTION('',(-1.190457365237E-16,-0.972082208573,0.234640533104
    ));
#4074 = ADVANCED_FACE('',(#4075),#4100,.F.);
#4075 = FACE_BOUND('',#4076,.F.);
#4076 = EDGE_LOOP('',(#4077,#4078,#4086,#4092,#4093,#4094));
#4077 = ORIENTED_EDGE('',*,*,#3846,.T.);
#4078 = ORIENTED_EDGE('',*,*,#4079,.T.);
#4079 = EDGE_CURVE('',#3839,#4080,#4082,.T.);
#4080 = VERTEX_POINT('',#4081);
#4081 = CARTESIAN_POINT('',(3.25,0.5,0.3));
#4082 = LINE('',#4083,#4084);
#4083 = CARTESIAN_POINT('',(3.25,2.35,1.));
#4084 = VECTOR('',#4085,1.);
#4085 = DIRECTION('',(-1.14539532148E-16,-0.935286257456,-0.353892097416
    ));
#4086 = ORIENTED_EDGE('',*,*,#4087,.T.);
#4087 = EDGE_CURVE('',#4080,#4055,#4088,.T.);
#4088 = LINE('',#4089,#4090);
#4089 = CARTESIAN_POINT('',(3.25,0.5,0.3));
#4090 = VECTOR('',#4091,1.);
#4091 = DIRECTION('',(-1.224646799147E-16,-1.,0.));
#4092 = ORIENTED_EDGE('',*,*,#4064,.T.);
#4093 = ORIENTED_EDGE('',*,*,#3181,.T.);
#4094 = ORIENTED_EDGE('',*,*,#4095,.T.);
#4095 = EDGE_CURVE('',#3174,#3847,#4096,.T.);
#4096 = LINE('',#4097,#4098);
#4097 = CARTESIAN_POINT('',(3.25,-3.4,0.));
#4098 = VECTOR('',#4099,1.);
#4099 = DIRECTION('',(1.224646799147E-16,1.,0.));
#4100 = PLANE('',#4101);
#4101 = AXIS2_PLACEMENT_3D('',#4102,#4103,#4104);
#4102 = CARTESIAN_POINT('',(3.25,-0.515451356496,0.330008245993));
#4103 = DIRECTION('',(1.,-1.224646799147E-16,-1.256256073143E-32));
#4104 = DIRECTION('',(-1.256256073143E-32,1.538469978883E-48,-1.));
#4105 = ADVANCED_FACE('',(#4106),#4117,.F.);
#4106 = FACE_BOUND('',#4107,.F.);
#4107 = EDGE_LOOP('',(#4108,#4109,#4115,#4116));
#4108 = ORIENTED_EDGE('',*,*,#3173,.T.);
#4109 = ORIENTED_EDGE('',*,*,#4110,.T.);
#4110 = EDGE_CURVE('',#3166,#3855,#4111,.T.);
#4111 = LINE('',#4112,#4113);
#4112 = CARTESIAN_POINT('',(4.25,-3.4,0.));
#4113 = VECTOR('',#4114,1.);
#4114 = DIRECTION('',(1.224646799147E-16,1.,0.));
#4115 = ORIENTED_EDGE('',*,*,#3854,.T.);
#4116 = ORIENTED_EDGE('',*,*,#4095,.F.);
#4117 = PLANE('',#4118);
#4118 = AXIS2_PLACEMENT_3D('',#4119,#4120,#4121);
#4119 = CARTESIAN_POINT('',(2.5,-0.525,0.));
#4120 = DIRECTION('',(0.,0.,1.));
#4121 = DIRECTION('',(-1.,1.224646799147E-16,0.));
#4122 = ADVANCED_FACE('',(#4123),#4150,.T.);
#4123 = FACE_BOUND('',#4124,.T.);
#4124 = EDGE_LOOP('',(#4125,#4126,#4134,#4142,#4148,#4149));
#4125 = ORIENTED_EDGE('',*,*,#3862,.T.);
#4126 = ORIENTED_EDGE('',*,*,#4127,.T.);
#4127 = EDGE_CURVE('',#3863,#4128,#4130,.T.);
#4128 = VERTEX_POINT('',#4129);
#4129 = CARTESIAN_POINT('',(4.25,0.5,0.3));
#4130 = LINE('',#4131,#4132);
#4131 = CARTESIAN_POINT('',(4.25,2.35,1.));
#4132 = VECTOR('',#4133,1.);
#4133 = DIRECTION('',(-1.14539532148E-16,-0.935286257456,-0.353892097416
    ));
#4134 = ORIENTED_EDGE('',*,*,#4135,.T.);
#4135 = EDGE_CURVE('',#4128,#4136,#4138,.T.);
#4136 = VERTEX_POINT('',#4137);
#4137 = CARTESIAN_POINT('',(4.25,-0.5,0.3));
#4138 = LINE('',#4139,#4140);
#4139 = CARTESIAN_POINT('',(4.25,0.5,0.3));
#4140 = VECTOR('',#4141,1.);
#4141 = DIRECTION('',(-1.224646799147E-16,-1.,0.));
#4142 = ORIENTED_EDGE('',*,*,#4143,.T.);
#4143 = EDGE_CURVE('',#4136,#3158,#4144,.T.);
#4144 = LINE('',#4145,#4146);
#4145 = CARTESIAN_POINT('',(4.25,-0.5,0.3));
#4146 = VECTOR('',#4147,1.);
#4147 = DIRECTION('',(-1.190457365237E-16,-0.972082208573,0.234640533104
    ));
#4148 = ORIENTED_EDGE('',*,*,#3165,.T.);
#4149 = ORIENTED_EDGE('',*,*,#4110,.T.);
#4150 = PLANE('',#4151);
#4151 = AXIS2_PLACEMENT_3D('',#4152,#4153,#4154);
#4152 = CARTESIAN_POINT('',(4.25,-0.515451356496,0.330008245993));
#4153 = DIRECTION('',(1.,-1.224646799147E-16,-1.256256073143E-32));
#4154 = DIRECTION('',(-1.256256073143E-32,1.538469978883E-48,-1.));
#4155 = ADVANCED_FACE('',(#4156),#4174,.F.);
#4156 = FACE_BOUND('',#4157,.F.);
#4157 = EDGE_LOOP('',(#4158,#4166,#4167,#4168));
#4158 = ORIENTED_EDGE('',*,*,#4159,.T.);
#4159 = EDGE_CURVE('',#4160,#4136,#4162,.T.);
#4160 = VERTEX_POINT('',#4161);
#4161 = CARTESIAN_POINT('',(5.75,-0.5,0.3));
#4162 = LINE('',#4163,#4164);
#4163 = CARTESIAN_POINT('',(5.75,-0.5,0.3));
#4164 = VECTOR('',#4165,1.);
#4165 = DIRECTION('',(-1.,1.224646799147E-16,0.));
#4166 = ORIENTED_EDGE('',*,*,#4143,.T.);
#4167 = ORIENTED_EDGE('',*,*,#3157,.F.);
#4168 = ORIENTED_EDGE('',*,*,#4169,.F.);
#4169 = EDGE_CURVE('',#4160,#3150,#4170,.T.);
#4170 = LINE('',#4171,#4172);
#4171 = CARTESIAN_POINT('',(5.75,-0.5,0.3));
#4172 = VECTOR('',#4173,1.);
#4173 = DIRECTION('',(-1.190457365237E-16,-0.972082208573,0.234640533104
    ));
#4174 = PLANE('',#4175);
#4175 = AXIS2_PLACEMENT_3D('',#4176,#4177,#4178);
#4176 = CARTESIAN_POINT('',(5.75,-0.5,0.3));
#4177 = DIRECTION('',(2.87351777816E-17,0.234640533104,0.972082208573));
#4178 = DIRECTION('',(-1.190457365237E-16,-0.972082208573,0.234640533104
    ));
#4179 = ADVANCED_FACE('',(#4180),#4205,.F.);
#4180 = FACE_BOUND('',#4181,.F.);
#4181 = EDGE_LOOP('',(#4182,#4183,#4191,#4197,#4198,#4199));
#4182 = ORIENTED_EDGE('',*,*,#3878,.T.);
#4183 = ORIENTED_EDGE('',*,*,#4184,.T.);
#4184 = EDGE_CURVE('',#3871,#4185,#4187,.T.);
#4185 = VERTEX_POINT('',#4186);
#4186 = CARTESIAN_POINT('',(5.75,0.5,0.3));
#4187 = LINE('',#4188,#4189);
#4188 = CARTESIAN_POINT('',(5.75,2.35,1.));
#4189 = VECTOR('',#4190,1.);
#4190 = DIRECTION('',(-1.14539532148E-16,-0.935286257456,-0.353892097416
    ));
#4191 = ORIENTED_EDGE('',*,*,#4192,.T.);
#4192 = EDGE_CURVE('',#4185,#4160,#4193,.T.);
#4193 = LINE('',#4194,#4195);
#4194 = CARTESIAN_POINT('',(5.75,0.5,0.3));
#4195 = VECTOR('',#4196,1.);
#4196 = DIRECTION('',(-1.224646799147E-16,-1.,0.));
#4197 = ORIENTED_EDGE('',*,*,#4169,.T.);
#4198 = ORIENTED_EDGE('',*,*,#3149,.T.);
#4199 = ORIENTED_EDGE('',*,*,#4200,.T.);
#4200 = EDGE_CURVE('',#3142,#3659,#4201,.T.);
#4201 = LINE('',#4202,#4203);
#4202 = CARTESIAN_POINT('',(5.75,-3.4,0.));
#4203 = VECTOR('',#4204,1.);
#4204 = DIRECTION('',(1.224646799147E-16,1.,0.));
#4205 = PLANE('',#4206);
#4206 = AXIS2_PLACEMENT_3D('',#4207,#4208,#4209);
#4207 = CARTESIAN_POINT('',(5.75,-0.515451356496,0.330008245993));
#4208 = DIRECTION('',(1.,-1.224646799147E-16,-1.256256073143E-32));
#4209 = DIRECTION('',(-1.256256073143E-32,1.538469978883E-48,-1.));
#4210 = ADVANCED_FACE('',(#4211),#4217,.F.);
#4211 = FACE_BOUND('',#4212,.F.);
#4212 = EDGE_LOOP('',(#4213,#4214,#4215,#4216));
#4213 = ORIENTED_EDGE('',*,*,#3267,.T.);
#4214 = ORIENTED_EDGE('',*,*,#3658,.T.);
#4215 = ORIENTED_EDGE('',*,*,#4200,.F.);
#4216 = ORIENTED_EDGE('',*,*,#3141,.T.);
#4217 = PLANE('',#4218);
#4218 = AXIS2_PLACEMENT_3D('',#4219,#4220,#4221);
#4219 = CARTESIAN_POINT('',(2.5,-0.525,0.));
#4220 = DIRECTION('',(0.,0.,1.));
#4221 = DIRECTION('',(-1.,1.224646799147E-16,0.));
#4222 = ADVANCED_FACE('',(#4223),#4250,.F.);
#4223 = FACE_BOUND('',#4224,.F.);
#4224 = EDGE_LOOP('',(#4225,#4226,#4227,#4228,#4234,#4235,#4244));
#4225 = ORIENTED_EDGE('',*,*,#3342,.T.);
#4226 = ORIENTED_EDGE('',*,*,#3253,.F.);
#4227 = ORIENTED_EDGE('',*,*,#3901,.T.);
#4228 = ORIENTED_EDGE('',*,*,#4229,.T.);
#4229 = EDGE_CURVE('',#3894,#3605,#4230,.T.);
#4230 = LINE('',#4231,#4232);
#4231 = CARTESIAN_POINT('',(6.6,-2.65,1.85));
#4232 = VECTOR('',#4233,1.);
#4233 = DIRECTION('',(1.224646799147E-16,1.,0.));
#4234 = ORIENTED_EDGE('',*,*,#3612,.F.);
#4235 = ORIENTED_EDGE('',*,*,#4236,.F.);
#4236 = EDGE_CURVE('',#4237,#3613,#4239,.T.);
#4237 = VERTEX_POINT('',#4238);
#4238 = CARTESIAN_POINT('',(6.6,1.,3.65));
#4239 = CIRCLE('',#4240,0.5);
#4240 = AXIS2_PLACEMENT_3D('',#4241,#4242,#4243);
#4241 = CARTESIAN_POINT('',(6.6,1.,4.15));
#4242 = DIRECTION('',(1.,-1.224646799147E-16,0.));
#4243 = DIRECTION('',(1.224646799147E-16,1.,0.));
#4244 = ORIENTED_EDGE('',*,*,#4245,.T.);
#4245 = EDGE_CURVE('',#4237,#3335,#4246,.T.);
#4246 = LINE('',#4247,#4248);
#4247 = CARTESIAN_POINT('',(6.6,-0.825,3.65));
#4248 = VECTOR('',#4249,1.);
#4249 = DIRECTION('',(-1.224646799147E-16,-1.,0.));
#4250 = PLANE('',#4251);
#4251 = AXIS2_PLACEMENT_3D('',#4252,#4253,#4254);
#4252 = CARTESIAN_POINT('',(6.6,-2.65,7.));
#4253 = DIRECTION('',(1.,-1.224646799147E-16,0.));
#4254 = DIRECTION('',(1.224646799147E-16,1.,0.));
#4255 = ADVANCED_FACE('',(#4256),#4267,.T.);
#4256 = FACE_BOUND('',#4257,.T.);
#4257 = EDGE_LOOP('',(#4258,#4259,#4260,#4261));
#4258 = ORIENTED_EDGE('',*,*,#3465,.F.);
#4259 = ORIENTED_EDGE('',*,*,#3310,.T.);
#4260 = ORIENTED_EDGE('',*,*,#3667,.T.);
#4261 = ORIENTED_EDGE('',*,*,#4262,.T.);
#4262 = EDGE_CURVE('',#3668,#3466,#4263,.T.);
#4263 = LINE('',#4264,#4265);
#4264 = CARTESIAN_POINT('',(5.5,2.35,7.));
#4265 = VECTOR('',#4266,1.);
#4266 = DIRECTION('',(-1.224646799147E-16,-1.,0.));
#4267 = PLANE('',#4268);
#4268 = AXIS2_PLACEMENT_3D('',#4269,#4270,#4271);
#4269 = CARTESIAN_POINT('',(2.5,-0.525,7.));
#4270 = DIRECTION('',(0.,0.,1.));
#4271 = DIRECTION('',(-1.,1.224646799147E-16,0.));
#4272 = ADVANCED_FACE('',(#4273),#4284,.F.);
#4273 = FACE_BOUND('',#4274,.F.);
#4274 = EDGE_LOOP('',(#4275,#4281,#4282,#4283));
#4275 = ORIENTED_EDGE('',*,*,#4276,.T.);
#4276 = EDGE_CURVE('',#3286,#4237,#4277,.T.);
#4277 = LINE('',#4278,#4279);
#4278 = CARTESIAN_POINT('',(7.45,1.,3.65));
#4279 = VECTOR('',#4280,1.);
#4280 = DIRECTION('',(-1.,1.224646799147E-16,0.));
#4281 = ORIENTED_EDGE('',*,*,#4236,.T.);
#4282 = ORIENTED_EDGE('',*,*,#3620,.F.);
#4283 = ORIENTED_EDGE('',*,*,#3293,.T.);
#4284 = CYLINDRICAL_SURFACE('',#4285,0.5);
#4285 = AXIS2_PLACEMENT_3D('',#4286,#4287,#4288);
#4286 = CARTESIAN_POINT('',(7.45,1.,4.15));
#4287 = DIRECTION('',(1.,-1.224646799147E-16,-0.));
#4288 = DIRECTION('',(1.224646799147E-16,1.,0.));
#4289 = ADVANCED_FACE('',(#4290),#4296,.T.);
#4290 = FACE_BOUND('',#4291,.T.);
#4291 = EDGE_LOOP('',(#4292,#4293,#4294,#4295));
#4292 = ORIENTED_EDGE('',*,*,#3285,.F.);
#4293 = ORIENTED_EDGE('',*,*,#4276,.T.);
#4294 = ORIENTED_EDGE('',*,*,#4245,.T.);
#4295 = ORIENTED_EDGE('',*,*,#3334,.F.);
#4296 = PLANE('',#4297);
#4297 = AXIS2_PLACEMENT_3D('',#4298,#4299,#4300);
#4298 = CARTESIAN_POINT('',(7.45,1.,3.65));
#4299 = DIRECTION('',(0.,0.,1.));
#4300 = DIRECTION('',(-1.224646799147E-16,-1.,0.));
#4301 = ADVANCED_FACE('',(#4302,#4308,#4342,#4376),#4410,.T.);
#4302 = FACE_BOUND('',#4303,.T.);
#4303 = EDGE_LOOP('',(#4304,#4305,#4306,#4307));
#4304 = ORIENTED_EDGE('',*,*,#3604,.T.);
#4305 = ORIENTED_EDGE('',*,*,#3383,.T.);
#4306 = ORIENTED_EDGE('',*,*,#3893,.T.);
#4307 = ORIENTED_EDGE('',*,*,#4229,.T.);
#4308 = FACE_BOUND('',#4309,.T.);
#4309 = EDGE_LOOP('',(#4310,#4320,#4328,#4336));
#4310 = ORIENTED_EDGE('',*,*,#4311,.F.);
#4311 = EDGE_CURVE('',#4312,#4314,#4316,.T.);
#4312 = VERTEX_POINT('',#4313);
#4313 = CARTESIAN_POINT('',(-0.32,0.32,1.85));
#4314 = VERTEX_POINT('',#4315);
#4315 = CARTESIAN_POINT('',(-0.32,-0.32,1.85));
#4316 = LINE('',#4317,#4318);
#4317 = CARTESIAN_POINT('',(-0.32,-0.26920299558,1.85));
#4318 = VECTOR('',#4319,1.);
#4319 = DIRECTION('',(-1.224646799147E-16,-1.,0.));
#4320 = ORIENTED_EDGE('',*,*,#4321,.T.);
#4321 = EDGE_CURVE('',#4312,#4322,#4324,.T.);
#4322 = VERTEX_POINT('',#4323);
#4323 = CARTESIAN_POINT('',(0.32,0.32,1.85));
#4324 = LINE('',#4325,#4326);
#4325 = CARTESIAN_POINT('',(1.41,0.32,1.85));
#4326 = VECTOR('',#4327,1.);
#4327 = DIRECTION('',(1.,-1.224646799147E-16,-7.789680114753E-33));
#4328 = ORIENTED_EDGE('',*,*,#4329,.T.);
#4329 = EDGE_CURVE('',#4322,#4330,#4332,.T.);
#4330 = VERTEX_POINT('',#4331);
#4331 = CARTESIAN_POINT('',(0.32,-0.32,1.85));
#4332 = LINE('',#4333,#4334);
#4333 = CARTESIAN_POINT('',(0.32,-0.26920299558,1.85));
#4334 = VECTOR('',#4335,1.);
#4335 = DIRECTION('',(-1.224646799147E-16,-1.,0.));
#4336 = ORIENTED_EDGE('',*,*,#4337,.T.);
#4337 = EDGE_CURVE('',#4330,#4314,#4338,.T.);
#4338 = LINE('',#4339,#4340);
#4339 = CARTESIAN_POINT('',(1.41,-0.32,1.85));
#4340 = VECTOR('',#4341,1.);
#4341 = DIRECTION('',(-1.,1.224646799147E-16,7.789680114753E-33));
#4342 = FACE_BOUND('',#4343,.T.);
#4343 = EDGE_LOOP('',(#4344,#4354,#4362,#4370));
#4344 = ORIENTED_EDGE('',*,*,#4345,.F.);
#4345 = EDGE_CURVE('',#4346,#4348,#4350,.T.);
#4346 = VERTEX_POINT('',#4347);
#4347 = CARTESIAN_POINT('',(4.68,0.32,1.85));
#4348 = VERTEX_POINT('',#4349);
#4349 = CARTESIAN_POINT('',(4.68,-0.32,1.85));
#4350 = LINE('',#4351,#4352);
#4351 = CARTESIAN_POINT('',(4.68,-0.26920299558,1.85));
#4352 = VECTOR('',#4353,1.);
#4353 = DIRECTION('',(-1.224646799147E-16,-1.,0.));
#4354 = ORIENTED_EDGE('',*,*,#4355,.T.);
#4355 = EDGE_CURVE('',#4346,#4356,#4358,.T.);
#4356 = VERTEX_POINT('',#4357);
#4357 = CARTESIAN_POINT('',(5.32,0.32,1.85));
#4358 = LINE('',#4359,#4360);
#4359 = CARTESIAN_POINT('',(3.91,0.32,1.85));
#4360 = VECTOR('',#4361,1.);
#4361 = DIRECTION('',(1.,-1.224646799147E-16,-7.789680114753E-33));
#4362 = ORIENTED_EDGE('',*,*,#4363,.T.);
#4363 = EDGE_CURVE('',#4356,#4364,#4366,.T.);
#4364 = VERTEX_POINT('',#4365);
#4365 = CARTESIAN_POINT('',(5.32,-0.32,1.85));
#4366 = LINE('',#4367,#4368);
#4367 = CARTESIAN_POINT('',(5.32,-0.26920299558,1.85));
#4368 = VECTOR('',#4369,1.);
#4369 = DIRECTION('',(-1.224646799147E-16,-1.,0.));
#4370 = ORIENTED_EDGE('',*,*,#4371,.T.);
#4371 = EDGE_CURVE('',#4364,#4348,#4372,.T.);
#4372 = LINE('',#4373,#4374);
#4373 = CARTESIAN_POINT('',(3.91,-0.32,1.85));
#4374 = VECTOR('',#4375,1.);
#4375 = DIRECTION('',(-1.,1.224646799147E-16,7.789680114753E-33));
#4376 = FACE_BOUND('',#4377,.T.);
#4377 = EDGE_LOOP('',(#4378,#4388,#4396,#4404));
#4378 = ORIENTED_EDGE('',*,*,#4379,.F.);
#4379 = EDGE_CURVE('',#4380,#4382,#4384,.T.);
#4380 = VERTEX_POINT('',#4381);
#4381 = CARTESIAN_POINT('',(2.18,0.32,1.85));
#4382 = VERTEX_POINT('',#4383);
#4383 = CARTESIAN_POINT('',(2.18,-0.32,1.85));
#4384 = LINE('',#4385,#4386);
#4385 = CARTESIAN_POINT('',(2.18,-0.2875,1.85));
#4386 = VECTOR('',#4387,1.);
#4387 = DIRECTION('',(-1.224646799147E-16,-1.,0.));
#4388 = ORIENTED_EDGE('',*,*,#4389,.T.);
#4389 = EDGE_CURVE('',#4380,#4390,#4392,.T.);
#4390 = VERTEX_POINT('',#4391);
#4391 = CARTESIAN_POINT('',(2.82,0.32,1.85));
#4392 = LINE('',#4393,#4394);
#4393 = CARTESIAN_POINT('',(2.66,0.32,1.85));
#4394 = VECTOR('',#4395,1.);
#4395 = DIRECTION('',(1.,-1.224646799147E-16,-7.789680114753E-33));
#4396 = ORIENTED_EDGE('',*,*,#4397,.T.);
#4397 = EDGE_CURVE('',#4390,#4398,#4400,.T.);
#4398 = VERTEX_POINT('',#4399);
#4399 = CARTESIAN_POINT('',(2.82,-0.32,1.85));
#4400 = LINE('',#4401,#4402);
#4401 = CARTESIAN_POINT('',(2.82,-0.2875,1.85));
#4402 = VECTOR('',#4403,1.);
#4403 = DIRECTION('',(-1.224646799147E-16,-1.,0.));
#4404 = ORIENTED_EDGE('',*,*,#4405,.T.);
#4405 = EDGE_CURVE('',#4398,#4382,#4406,.T.);
#4406 = LINE('',#4407,#4408);
#4407 = CARTESIAN_POINT('',(2.66,-0.32,1.85));
#4408 = VECTOR('',#4409,1.);
#4409 = DIRECTION('',(-1.,1.224646799147E-16,7.789680114753E-33));
#4410 = PLANE('',#4411);
#4411 = AXIS2_PLACEMENT_3D('',#4412,#4413,#4414);
#4412 = CARTESIAN_POINT('',(2.5,-0.575,1.85));
#4413 = DIRECTION('',(7.789680114753E-33,-9.539606818914E-49,1.));
#4414 = DIRECTION('',(-1.,1.224646799147E-16,7.789680114753E-33));
#4415 = ADVANCED_FACE('',(#4416),#4427,.F.);
#4416 = FACE_BOUND('',#4417,.F.);
#4417 = EDGE_LOOP('',(#4418,#4419,#4425,#4426));
#4418 = ORIENTED_EDGE('',*,*,#3789,.F.);
#4419 = ORIENTED_EDGE('',*,*,#4420,.T.);
#4420 = EDGE_CURVE('',#3782,#3580,#4421,.T.);
#4421 = LINE('',#4422,#4423);
#4422 = CARTESIAN_POINT('',(-0.5,2.35,6.1));
#4423 = VECTOR('',#4424,1.);
#4424 = DIRECTION('',(-1.224646799147E-16,-1.,0.));
#4425 = ORIENTED_EDGE('',*,*,#3587,.F.);
#4426 = ORIENTED_EDGE('',*,*,#3635,.F.);
#4427 = PLANE('',#4428);
#4428 = AXIS2_PLACEMENT_3D('',#4429,#4430,#4431);
#4429 = CARTESIAN_POINT('',(-0.5,2.35,6.1));
#4430 = DIRECTION('',(-1.,1.224646799147E-16,0.));
#4431 = DIRECTION('',(0.,0.,1.));
#4432 = ADVANCED_FACE('',(#4433),#4444,.F.);
#4433 = FACE_BOUND('',#4434,.F.);
#4434 = EDGE_LOOP('',(#4435,#4436,#4442,#4443));
#4435 = ORIENTED_EDGE('',*,*,#3781,.F.);
#4436 = ORIENTED_EDGE('',*,*,#4437,.T.);
#4437 = EDGE_CURVE('',#3774,#3572,#4438,.T.);
#4438 = LINE('',#4439,#4440);
#4439 = CARTESIAN_POINT('',(-0.25,2.35,5.85));
#4440 = VECTOR('',#4441,1.);
#4441 = DIRECTION('',(-1.224646799147E-16,-1.,0.));
#4442 = ORIENTED_EDGE('',*,*,#3579,.F.);
#4443 = ORIENTED_EDGE('',*,*,#4420,.F.);
#4444 = PLANE('',#4445);
#4445 = AXIS2_PLACEMENT_3D('',#4446,#4447,#4448);
#4446 = CARTESIAN_POINT('',(-0.25,2.35,5.85));
#4447 = DIRECTION('',(-0.707106781187,8.659560562349E-17,-0.707106781187
    ));
#4448 = DIRECTION('',(-0.707106781187,8.659560562349E-17,0.707106781187)
  );
#4449 = ADVANCED_FACE('',(#4450),#4461,.F.);
#4450 = FACE_BOUND('',#4451,.F.);
#4451 = EDGE_LOOP('',(#4452,#4453,#4459,#4460));
#4452 = ORIENTED_EDGE('',*,*,#3773,.F.);
#4453 = ORIENTED_EDGE('',*,*,#4454,.T.);
#4454 = EDGE_CURVE('',#3766,#3564,#4455,.T.);
#4455 = LINE('',#4456,#4457);
#4456 = CARTESIAN_POINT('',(-0.5,2.35,5.6));
#4457 = VECTOR('',#4458,1.);
#4458 = DIRECTION('',(-1.224646799147E-16,-1.,0.));
#4459 = ORIENTED_EDGE('',*,*,#3571,.F.);
#4460 = ORIENTED_EDGE('',*,*,#4437,.F.);
#4461 = PLANE('',#4462);
#4462 = AXIS2_PLACEMENT_3D('',#4463,#4464,#4465);
#4463 = CARTESIAN_POINT('',(-0.5,2.35,5.6));
#4464 = DIRECTION('',(-0.707106781187,8.659560562349E-17,0.707106781187)
  );
#4465 = DIRECTION('',(0.707106781187,-8.659560562349E-17,0.707106781187)
  );
#4466 = ADVANCED_FACE('',(#4467),#4478,.F.);
#4467 = FACE_BOUND('',#4468,.F.);
#4468 = EDGE_LOOP('',(#4469,#4470,#4476,#4477));
#4469 = ORIENTED_EDGE('',*,*,#3765,.F.);
#4470 = ORIENTED_EDGE('',*,*,#4471,.T.);
#4471 = EDGE_CURVE('',#3757,#3555,#4472,.T.);
#4472 = LINE('',#4473,#4474);
#4473 = CARTESIAN_POINT('',(-0.5,2.35,3.85));
#4474 = VECTOR('',#4475,1.);
#4475 = DIRECTION('',(-1.224646799147E-16,-1.,0.));
#4476 = ORIENTED_EDGE('',*,*,#3563,.F.);
#4477 = ORIENTED_EDGE('',*,*,#4454,.F.);
#4478 = PLANE('',#4479);
#4479 = AXIS2_PLACEMENT_3D('',#4480,#4481,#4482);
#4480 = CARTESIAN_POINT('',(-0.5,2.35,3.1));
#4481 = DIRECTION('',(-1.,1.224646799147E-16,0.));
#4482 = DIRECTION('',(0.,0.,1.));
#4483 = ADVANCED_FACE('',(#4484),#4495,.F.);
#4484 = FACE_BOUND('',#4485,.F.);
#4485 = EDGE_LOOP('',(#4486,#4487,#4488,#4489));
#4486 = ORIENTED_EDGE('',*,*,#3554,.F.);
#4487 = ORIENTED_EDGE('',*,*,#4471,.F.);
#4488 = ORIENTED_EDGE('',*,*,#3756,.F.);
#4489 = ORIENTED_EDGE('',*,*,#4490,.T.);
#4490 = EDGE_CURVE('',#3749,#3547,#4491,.T.);
#4491 = LINE('',#4492,#4493);
#4492 = CARTESIAN_POINT('',(0.25,2.35,3.1));
#4493 = VECTOR('',#4494,1.);
#4494 = DIRECTION('',(-1.224646799147E-16,-1.,0.));
#4495 = CYLINDRICAL_SURFACE('',#4496,0.75);
#4496 = AXIS2_PLACEMENT_3D('',#4497,#4498,#4499);
#4497 = CARTESIAN_POINT('',(0.25,2.35,3.85));
#4498 = DIRECTION('',(-1.224646799147E-16,-1.,0.));
#4499 = DIRECTION('',(-0.,0.,-1.));
#4500 = ADVANCED_FACE('',(#4501),#4512,.F.);
#4501 = FACE_BOUND('',#4502,.F.);
#4502 = EDGE_LOOP('',(#4503,#4504,#4505,#4511));
#4503 = ORIENTED_EDGE('',*,*,#4490,.F.);
#4504 = ORIENTED_EDGE('',*,*,#3748,.F.);
#4505 = ORIENTED_EDGE('',*,*,#4506,.T.);
#4506 = EDGE_CURVE('',#3741,#3539,#4507,.T.);
#4507 = LINE('',#4508,#4509);
#4508 = CARTESIAN_POINT('',(1.,2.35,3.1));
#4509 = VECTOR('',#4510,1.);
#4510 = DIRECTION('',(-1.224646799147E-16,-1.,0.));
#4511 = ORIENTED_EDGE('',*,*,#3546,.F.);
#4512 = PLANE('',#4513);
#4513 = AXIS2_PLACEMENT_3D('',#4514,#4515,#4516);
#4514 = CARTESIAN_POINT('',(1.,2.35,3.1));
#4515 = DIRECTION('',(-0.,0.,-1.));
#4516 = DIRECTION('',(-1.,1.224646799147E-16,0.));
#4517 = ADVANCED_FACE('',(#4518),#4529,.F.);
#4518 = FACE_BOUND('',#4519,.F.);
#4519 = EDGE_LOOP('',(#4520,#4521,#4527,#4528));
#4520 = ORIENTED_EDGE('',*,*,#3740,.F.);
#4521 = ORIENTED_EDGE('',*,*,#4522,.T.);
#4522 = EDGE_CURVE('',#3733,#3531,#4523,.T.);
#4523 = LINE('',#4524,#4525);
#4524 = CARTESIAN_POINT('',(1.,2.35,7.));
#4525 = VECTOR('',#4526,1.);
#4526 = DIRECTION('',(-1.224646799147E-16,-1.,0.));
#4527 = ORIENTED_EDGE('',*,*,#3538,.F.);
#4528 = ORIENTED_EDGE('',*,*,#4506,.F.);
#4529 = PLANE('',#4530);
#4530 = AXIS2_PLACEMENT_3D('',#4531,#4532,#4533);
#4531 = CARTESIAN_POINT('',(1.,2.35,7.));
#4532 = DIRECTION('',(1.,-1.224646799147E-16,0.));
#4533 = DIRECTION('',(0.,-0.,-1.));
#4534 = ADVANCED_FACE('',(#4535),#4546,.T.);
#4535 = FACE_BOUND('',#4536,.T.);
#4536 = EDGE_LOOP('',(#4537,#4538,#4544,#4545));
#4537 = ORIENTED_EDGE('',*,*,#3530,.F.);
#4538 = ORIENTED_EDGE('',*,*,#4539,.F.);
#4539 = EDGE_CURVE('',#3725,#3523,#4540,.T.);
#4540 = LINE('',#4541,#4542);
#4541 = CARTESIAN_POINT('',(4.,2.35,7.));
#4542 = VECTOR('',#4543,1.);
#4543 = DIRECTION('',(-1.224646799147E-16,-1.,0.));
#4544 = ORIENTED_EDGE('',*,*,#3732,.T.);
#4545 = ORIENTED_EDGE('',*,*,#4522,.T.);
#4546 = PLANE('',#4547);
#4547 = AXIS2_PLACEMENT_3D('',#4548,#4549,#4550);
#4548 = CARTESIAN_POINT('',(2.5,-0.525,7.));
#4549 = DIRECTION('',(0.,0.,1.));
#4550 = DIRECTION('',(-1.,1.224646799147E-16,0.));
#4551 = ADVANCED_FACE('',(#4552),#4563,.T.);
#4552 = FACE_BOUND('',#4553,.T.);
#4553 = EDGE_LOOP('',(#4554,#4555,#4556,#4557));
#4554 = ORIENTED_EDGE('',*,*,#3724,.F.);
#4555 = ORIENTED_EDGE('',*,*,#4539,.T.);
#4556 = ORIENTED_EDGE('',*,*,#3522,.F.);
#4557 = ORIENTED_EDGE('',*,*,#4558,.F.);
#4558 = EDGE_CURVE('',#3717,#3515,#4559,.T.);
#4559 = LINE('',#4560,#4561);
#4560 = CARTESIAN_POINT('',(4.,2.35,3.1));
#4561 = VECTOR('',#4562,1.);
#4562 = DIRECTION('',(-1.224646799147E-16,-1.,0.));
#4563 = PLANE('',#4564);
#4564 = AXIS2_PLACEMENT_3D('',#4565,#4566,#4567);
#4565 = CARTESIAN_POINT('',(4.,2.35,7.));
#4566 = DIRECTION('',(1.,-1.224646799147E-16,0.));
#4567 = DIRECTION('',(0.,-0.,-1.));
#4568 = ADVANCED_FACE('',(#4569),#4580,.T.);
#4569 = FACE_BOUND('',#4570,.T.);
#4570 = EDGE_LOOP('',(#4571,#4577,#4578,#4579));
#4571 = ORIENTED_EDGE('',*,*,#4572,.F.);
#4572 = EDGE_CURVE('',#3708,#3506,#4573,.T.);
#4573 = LINE('',#4574,#4575);
#4574 = CARTESIAN_POINT('',(4.75,2.35,3.1));
#4575 = VECTOR('',#4576,1.);
#4576 = DIRECTION('',(-1.224646799147E-16,-1.,0.));
#4577 = ORIENTED_EDGE('',*,*,#3716,.F.);
#4578 = ORIENTED_EDGE('',*,*,#4558,.T.);
#4579 = ORIENTED_EDGE('',*,*,#3514,.F.);
#4580 = PLANE('',#4581);
#4581 = AXIS2_PLACEMENT_3D('',#4582,#4583,#4584);
#4582 = CARTESIAN_POINT('',(4.,2.35,3.1));
#4583 = DIRECTION('',(0.,0.,1.));
#4584 = DIRECTION('',(1.,-1.224646799147E-16,0.));
#4585 = ADVANCED_FACE('',(#4586),#4597,.F.);
#4586 = FACE_BOUND('',#4587,.F.);
#4587 = EDGE_LOOP('',(#4588,#4589,#4590,#4596));
#4588 = ORIENTED_EDGE('',*,*,#4572,.F.);
#4589 = ORIENTED_EDGE('',*,*,#3707,.T.);
#4590 = ORIENTED_EDGE('',*,*,#4591,.T.);
#4591 = EDGE_CURVE('',#3700,#3498,#4592,.T.);
#4592 = LINE('',#4593,#4594);
#4593 = CARTESIAN_POINT('',(5.5,2.35,3.85));
#4594 = VECTOR('',#4595,1.);
#4595 = DIRECTION('',(-1.224646799147E-16,-1.,0.));
#4596 = ORIENTED_EDGE('',*,*,#3505,.F.);
#4597 = CYLINDRICAL_SURFACE('',#4598,0.75);
#4598 = AXIS2_PLACEMENT_3D('',#4599,#4600,#4601);
#4599 = CARTESIAN_POINT('',(4.75,2.35,3.85));
#4600 = DIRECTION('',(-1.224646799147E-16,-1.,0.));
#4601 = DIRECTION('',(0.,-0.,-1.));
#4602 = ADVANCED_FACE('',(#4603),#4614,.T.);
#4603 = FACE_BOUND('',#4604,.T.);
#4604 = EDGE_LOOP('',(#4605,#4606,#4607,#4608));
#4605 = ORIENTED_EDGE('',*,*,#3699,.F.);
#4606 = ORIENTED_EDGE('',*,*,#4591,.T.);
#4607 = ORIENTED_EDGE('',*,*,#3497,.F.);
#4608 = ORIENTED_EDGE('',*,*,#4609,.F.);
#4609 = EDGE_CURVE('',#3692,#3490,#4610,.T.);
#4610 = LINE('',#4611,#4612);
#4611 = CARTESIAN_POINT('',(5.5,2.35,5.6));
#4612 = VECTOR('',#4613,1.);
#4613 = DIRECTION('',(-1.224646799147E-16,-1.,0.));
#4614 = PLANE('',#4615);
#4615 = AXIS2_PLACEMENT_3D('',#4616,#4617,#4618);
#4616 = CARTESIAN_POINT('',(5.5,2.35,3.1));
#4617 = DIRECTION('',(-1.,1.224646799147E-16,0.));
#4618 = DIRECTION('',(0.,0.,1.));
#4619 = ADVANCED_FACE('',(#4620),#4631,.T.);
#4620 = FACE_BOUND('',#4621,.T.);
#4621 = EDGE_LOOP('',(#4622,#4623,#4624,#4625));
#4622 = ORIENTED_EDGE('',*,*,#3691,.F.);
#4623 = ORIENTED_EDGE('',*,*,#4609,.T.);
#4624 = ORIENTED_EDGE('',*,*,#3489,.F.);
#4625 = ORIENTED_EDGE('',*,*,#4626,.F.);
#4626 = EDGE_CURVE('',#3684,#3482,#4627,.T.);
#4627 = LINE('',#4628,#4629);
#4628 = CARTESIAN_POINT('',(5.25,2.35,5.85));
#4629 = VECTOR('',#4630,1.);
#4630 = DIRECTION('',(-1.224646799147E-16,-1.,0.));
#4631 = PLANE('',#4632);
#4632 = AXIS2_PLACEMENT_3D('',#4633,#4634,#4635);
#4633 = CARTESIAN_POINT('',(5.5,2.35,5.6));
#4634 = DIRECTION('',(-0.707106781187,8.659560562349E-17,-0.707106781187
    ));
#4635 = DIRECTION('',(-0.707106781187,8.659560562349E-17,0.707106781187)
  );
#4636 = ADVANCED_FACE('',(#4637),#4648,.T.);
#4637 = FACE_BOUND('',#4638,.T.);
#4638 = EDGE_LOOP('',(#4639,#4640,#4641,#4642));
#4639 = ORIENTED_EDGE('',*,*,#3683,.F.);
#4640 = ORIENTED_EDGE('',*,*,#4626,.T.);
#4641 = ORIENTED_EDGE('',*,*,#3481,.F.);
#4642 = ORIENTED_EDGE('',*,*,#4643,.F.);
#4643 = EDGE_CURVE('',#3676,#3474,#4644,.T.);
#4644 = LINE('',#4645,#4646);
#4645 = CARTESIAN_POINT('',(5.5,2.35,6.1));
#4646 = VECTOR('',#4647,1.);
#4647 = DIRECTION('',(-1.224646799147E-16,-1.,0.));
#4648 = PLANE('',#4649);
#4649 = AXIS2_PLACEMENT_3D('',#4650,#4651,#4652);
#4650 = CARTESIAN_POINT('',(5.25,2.35,5.85));
#4651 = DIRECTION('',(-0.707106781187,8.659560562349E-17,0.707106781187)
  );
#4652 = DIRECTION('',(0.707106781187,-8.659560562349E-17,0.707106781187)
  );
#4653 = ADVANCED_FACE('',(#4654),#4660,.T.);
#4654 = FACE_BOUND('',#4655,.T.);
#4655 = EDGE_LOOP('',(#4656,#4657,#4658,#4659));
#4656 = ORIENTED_EDGE('',*,*,#3675,.F.);
#4657 = ORIENTED_EDGE('',*,*,#4643,.T.);
#4658 = ORIENTED_EDGE('',*,*,#3473,.F.);
#4659 = ORIENTED_EDGE('',*,*,#4262,.F.);
#4660 = PLANE('',#4661);
#4661 = AXIS2_PLACEMENT_3D('',#4662,#4663,#4664);
#4662 = CARTESIAN_POINT('',(5.5,2.35,6.1));
#4663 = DIRECTION('',(-1.,1.224646799147E-16,4.93432455389E-16));
#4664 = DIRECTION('',(4.93432455389E-16,-6.042804770875E-32,1.));
#4665 = ADVANCED_FACE('',(#4666),#4677,.F.);
#4666 = FACE_BOUND('',#4667,.F.);
#4667 = EDGE_LOOP('',(#4668,#4669,#4670,#4676));
#4668 = ORIENTED_EDGE('',*,*,#3870,.T.);
#4669 = ORIENTED_EDGE('',*,*,#4127,.T.);
#4670 = ORIENTED_EDGE('',*,*,#4671,.F.);
#4671 = EDGE_CURVE('',#4185,#4128,#4672,.T.);
#4672 = LINE('',#4673,#4674);
#4673 = CARTESIAN_POINT('',(5.75,0.5,0.3));
#4674 = VECTOR('',#4675,1.);
#4675 = DIRECTION('',(-1.,1.224646799147E-16,0.));
#4676 = ORIENTED_EDGE('',*,*,#4184,.F.);
#4677 = PLANE('',#4678);
#4678 = AXIS2_PLACEMENT_3D('',#4679,#4680,#4681);
#4679 = CARTESIAN_POINT('',(5.75,2.35,1.));
#4680 = DIRECTION('',(-4.33392824344E-17,-0.353892097416,0.935286257456)
  );
#4681 = DIRECTION('',(-1.14539532148E-16,-0.935286257456,-0.353892097416
    ));
#4682 = ADVANCED_FACE('',(#4683),#4694,.F.);
#4683 = FACE_BOUND('',#4684,.F.);
#4684 = EDGE_LOOP('',(#4685,#4686,#4687,#4693));
#4685 = ORIENTED_EDGE('',*,*,#3838,.T.);
#4686 = ORIENTED_EDGE('',*,*,#4022,.T.);
#4687 = ORIENTED_EDGE('',*,*,#4688,.F.);
#4688 = EDGE_CURVE('',#4080,#4023,#4689,.T.);
#4689 = LINE('',#4690,#4691);
#4690 = CARTESIAN_POINT('',(3.25,0.5,0.3));
#4691 = VECTOR('',#4692,1.);
#4692 = DIRECTION('',(-1.,1.224646799147E-16,0.));
#4693 = ORIENTED_EDGE('',*,*,#4079,.F.);
#4694 = PLANE('',#4695);
#4695 = AXIS2_PLACEMENT_3D('',#4696,#4697,#4698);
#4696 = CARTESIAN_POINT('',(3.25,2.35,1.));
#4697 = DIRECTION('',(-4.33392824344E-17,-0.353892097416,0.935286257456)
  );
#4698 = DIRECTION('',(-1.14539532148E-16,-0.935286257456,-0.353892097416
    ));
#4699 = ADVANCED_FACE('',(#4700),#4711,.F.);
#4700 = FACE_BOUND('',#4701,.F.);
#4701 = EDGE_LOOP('',(#4702,#4703,#4704,#4710));
#4702 = ORIENTED_EDGE('',*,*,#3806,.T.);
#4703 = ORIENTED_EDGE('',*,*,#3917,.T.);
#4704 = ORIENTED_EDGE('',*,*,#4705,.F.);
#4705 = EDGE_CURVE('',#3975,#3918,#4706,.T.);
#4706 = LINE('',#4707,#4708);
#4707 = CARTESIAN_POINT('',(0.75,0.5,0.3));
#4708 = VECTOR('',#4709,1.);
#4709 = DIRECTION('',(-1.,1.224646799147E-16,0.));
#4710 = ORIENTED_EDGE('',*,*,#3974,.F.);
#4711 = PLANE('',#4712);
#4712 = AXIS2_PLACEMENT_3D('',#4713,#4714,#4715);
#4713 = CARTESIAN_POINT('',(0.75,2.35,1.));
#4714 = DIRECTION('',(-4.33392824344E-17,-0.353892097416,0.935286257456)
  );
#4715 = DIRECTION('',(-1.14539532148E-16,-0.935286257456,-0.353892097416
    ));
#4716 = ADVANCED_FACE('',(#4717,#4723),#4757,.F.);
#4717 = FACE_BOUND('',#4718,.F.);
#4718 = EDGE_LOOP('',(#4719,#4720,#4721,#4722));
#4719 = ORIENTED_EDGE('',*,*,#4705,.T.);
#4720 = ORIENTED_EDGE('',*,*,#3925,.T.);
#4721 = ORIENTED_EDGE('',*,*,#3949,.F.);
#4722 = ORIENTED_EDGE('',*,*,#3982,.F.);
#4723 = FACE_BOUND('',#4724,.F.);
#4724 = EDGE_LOOP('',(#4725,#4735,#4743,#4751));
#4725 = ORIENTED_EDGE('',*,*,#4726,.F.);
#4726 = EDGE_CURVE('',#4727,#4729,#4731,.T.);
#4727 = VERTEX_POINT('',#4728);
#4728 = CARTESIAN_POINT('',(-0.32,0.32,0.3));
#4729 = VERTEX_POINT('',#4730);
#4730 = CARTESIAN_POINT('',(-0.32,-0.32,0.3));
#4731 = LINE('',#4732,#4733);
#4732 = CARTESIAN_POINT('',(-0.32,0.26829700442,0.3));
#4733 = VECTOR('',#4734,1.);
#4734 = DIRECTION('',(-1.224646799147E-16,-1.,0.));
#4735 = ORIENTED_EDGE('',*,*,#4736,.T.);
#4736 = EDGE_CURVE('',#4727,#4737,#4739,.T.);
#4737 = VERTEX_POINT('',#4738);
#4738 = CARTESIAN_POINT('',(0.32,0.32,0.3));
#4739 = LINE('',#4740,#4741);
#4740 = CARTESIAN_POINT('',(0.535,0.32,0.3));
#4741 = VECTOR('',#4742,1.);
#4742 = DIRECTION('',(1.,-1.224646799147E-16,0.));
#4743 = ORIENTED_EDGE('',*,*,#4744,.T.);
#4744 = EDGE_CURVE('',#4737,#4745,#4747,.T.);
#4745 = VERTEX_POINT('',#4746);
#4746 = CARTESIAN_POINT('',(0.32,-0.32,0.3));
#4747 = LINE('',#4748,#4749);
#4748 = CARTESIAN_POINT('',(0.32,0.26829700442,0.3));
#4749 = VECTOR('',#4750,1.);
#4750 = DIRECTION('',(-1.224646799147E-16,-1.,0.));
#4751 = ORIENTED_EDGE('',*,*,#4752,.T.);
#4752 = EDGE_CURVE('',#4745,#4729,#4753,.T.);
#4753 = LINE('',#4754,#4755);
#4754 = CARTESIAN_POINT('',(0.535,-0.32,0.3));
#4755 = VECTOR('',#4756,1.);
#4756 = DIRECTION('',(-1.,1.224646799147E-16,0.));
#4757 = PLANE('',#4758);
#4758 = AXIS2_PLACEMENT_3D('',#4759,#4760,#4761);
#4759 = CARTESIAN_POINT('',(0.75,0.5,0.3));
#4760 = DIRECTION('',(0.,0.,1.));
#4761 = DIRECTION('',(-1.224646799147E-16,-1.,0.));
#4762 = ADVANCED_FACE('',(#4763,#4769),#4803,.F.);
#4763 = FACE_BOUND('',#4764,.F.);
#4764 = EDGE_LOOP('',(#4765,#4766,#4767,#4768));
#4765 = ORIENTED_EDGE('',*,*,#4688,.T.);
#4766 = ORIENTED_EDGE('',*,*,#4030,.T.);
#4767 = ORIENTED_EDGE('',*,*,#4054,.F.);
#4768 = ORIENTED_EDGE('',*,*,#4087,.F.);
#4769 = FACE_BOUND('',#4770,.F.);
#4770 = EDGE_LOOP('',(#4771,#4781,#4789,#4797));
#4771 = ORIENTED_EDGE('',*,*,#4772,.F.);
#4772 = EDGE_CURVE('',#4773,#4775,#4777,.T.);
#4773 = VERTEX_POINT('',#4774);
#4774 = CARTESIAN_POINT('',(2.18,0.32,0.3));
#4775 = VERTEX_POINT('',#4776);
#4776 = CARTESIAN_POINT('',(2.18,-0.32,0.3));
#4777 = LINE('',#4778,#4779);
#4778 = CARTESIAN_POINT('',(2.18,0.25,0.3));
#4779 = VECTOR('',#4780,1.);
#4780 = DIRECTION('',(-1.224646799147E-16,-1.,0.));
#4781 = ORIENTED_EDGE('',*,*,#4782,.T.);
#4782 = EDGE_CURVE('',#4773,#4783,#4785,.T.);
#4783 = VERTEX_POINT('',#4784);
#4784 = CARTESIAN_POINT('',(2.82,0.32,0.3));
#4785 = LINE('',#4786,#4787);
#4786 = CARTESIAN_POINT('',(3.035,0.32,0.3));
#4787 = VECTOR('',#4788,1.);
#4788 = DIRECTION('',(1.,-1.224646799147E-16,0.));
#4789 = ORIENTED_EDGE('',*,*,#4790,.T.);
#4790 = EDGE_CURVE('',#4783,#4791,#4793,.T.);
#4791 = VERTEX_POINT('',#4792);
#4792 = CARTESIAN_POINT('',(2.82,-0.32,0.3));
#4793 = LINE('',#4794,#4795);
#4794 = CARTESIAN_POINT('',(2.82,0.25,0.3));
#4795 = VECTOR('',#4796,1.);
#4796 = DIRECTION('',(-1.224646799147E-16,-1.,0.));
#4797 = ORIENTED_EDGE('',*,*,#4798,.T.);
#4798 = EDGE_CURVE('',#4791,#4775,#4799,.T.);
#4799 = LINE('',#4800,#4801);
#4800 = CARTESIAN_POINT('',(3.035,-0.32,0.3));
#4801 = VECTOR('',#4802,1.);
#4802 = DIRECTION('',(-1.,1.224646799147E-16,0.));
#4803 = PLANE('',#4804);
#4804 = AXIS2_PLACEMENT_3D('',#4805,#4806,#4807);
#4805 = CARTESIAN_POINT('',(3.25,0.5,0.3));
#4806 = DIRECTION('',(0.,0.,1.));
#4807 = DIRECTION('',(-1.224646799147E-16,-1.,0.));
#4808 = ADVANCED_FACE('',(#4809,#4815),#4849,.F.);
#4809 = FACE_BOUND('',#4810,.F.);
#4810 = EDGE_LOOP('',(#4811,#4812,#4813,#4814));
#4811 = ORIENTED_EDGE('',*,*,#4671,.T.);
#4812 = ORIENTED_EDGE('',*,*,#4135,.T.);
#4813 = ORIENTED_EDGE('',*,*,#4159,.F.);
#4814 = ORIENTED_EDGE('',*,*,#4192,.F.);
#4815 = FACE_BOUND('',#4816,.F.);
#4816 = EDGE_LOOP('',(#4817,#4827,#4835,#4843));
#4817 = ORIENTED_EDGE('',*,*,#4818,.F.);
#4818 = EDGE_CURVE('',#4819,#4821,#4823,.T.);
#4819 = VERTEX_POINT('',#4820);
#4820 = CARTESIAN_POINT('',(4.68,0.32,0.3));
#4821 = VERTEX_POINT('',#4822);
#4822 = CARTESIAN_POINT('',(4.68,-0.32,0.3));
#4823 = LINE('',#4824,#4825);
#4824 = CARTESIAN_POINT('',(4.68,0.26829700442,0.3));
#4825 = VECTOR('',#4826,1.);
#4826 = DIRECTION('',(-1.224646799147E-16,-1.,0.));
#4827 = ORIENTED_EDGE('',*,*,#4828,.T.);
#4828 = EDGE_CURVE('',#4819,#4829,#4831,.T.);
#4829 = VERTEX_POINT('',#4830);
#4830 = CARTESIAN_POINT('',(5.32,0.32,0.3));
#4831 = LINE('',#4832,#4833);
#4832 = CARTESIAN_POINT('',(5.535,0.32,0.3));
#4833 = VECTOR('',#4834,1.);
#4834 = DIRECTION('',(1.,-1.224646799147E-16,0.));
#4835 = ORIENTED_EDGE('',*,*,#4836,.T.);
#4836 = EDGE_CURVE('',#4829,#4837,#4839,.T.);
#4837 = VERTEX_POINT('',#4838);
#4838 = CARTESIAN_POINT('',(5.32,-0.32,0.3));
#4839 = LINE('',#4840,#4841);
#4840 = CARTESIAN_POINT('',(5.32,0.26829700442,0.3));
#4841 = VECTOR('',#4842,1.);
#4842 = DIRECTION('',(-1.224646799147E-16,-1.,0.));
#4843 = ORIENTED_EDGE('',*,*,#4844,.T.);
#4844 = EDGE_CURVE('',#4837,#4821,#4845,.T.);
#4845 = LINE('',#4846,#4847);
#4846 = CARTESIAN_POINT('',(5.535,-0.32,0.3));
#4847 = VECTOR('',#4848,1.);
#4848 = DIRECTION('',(-1.,1.224646799147E-16,0.));
#4849 = PLANE('',#4850);
#4850 = AXIS2_PLACEMENT_3D('',#4851,#4852,#4853);
#4851 = CARTESIAN_POINT('',(5.75,0.5,0.3));
#4852 = DIRECTION('',(0.,0.,1.));
#4853 = DIRECTION('',(-1.224646799147E-16,-1.,0.));
#4854 = ADVANCED_FACE('',(#4855),#4880,.T.);
#4855 = FACE_BOUND('',#4856,.T.);
#4856 = EDGE_LOOP('',(#4857,#4858,#4866,#4874));
#4857 = ORIENTED_EDGE('',*,*,#4311,.T.);
#4858 = ORIENTED_EDGE('',*,*,#4859,.T.);
#4859 = EDGE_CURVE('',#4314,#4860,#4862,.T.);
#4860 = VERTEX_POINT('',#4861);
#4861 = CARTESIAN_POINT('',(-0.32,-0.32,6.3));
#4862 = LINE('',#4863,#4864);
#4863 = CARTESIAN_POINT('',(-0.32,-0.32,-0.9));
#4864 = VECTOR('',#4865,1.);
#4865 = DIRECTION('',(0.,0.,1.));
#4866 = ORIENTED_EDGE('',*,*,#4867,.T.);
#4867 = EDGE_CURVE('',#4860,#4868,#4870,.T.);
#4868 = VERTEX_POINT('',#4869);
#4869 = CARTESIAN_POINT('',(-0.32,0.32,6.3));
#4870 = LINE('',#4871,#4872);
#4871 = CARTESIAN_POINT('',(-0.32,-0.32,6.3));
#4872 = VECTOR('',#4873,1.);
#4873 = DIRECTION('',(1.224646799147E-16,1.,0.));
#4874 = ORIENTED_EDGE('',*,*,#4875,.T.);
#4875 = EDGE_CURVE('',#4868,#4312,#4876,.T.);
#4876 = LINE('',#4877,#4878);
#4877 = CARTESIAN_POINT('',(-0.32,0.32,6.5));
#4878 = VECTOR('',#4879,1.);
#4879 = DIRECTION('',(-0.,0.,-1.));
#4880 = PLANE('',#4881);
#4881 = AXIS2_PLACEMENT_3D('',#4882,#4883,#4884);
#4882 = CARTESIAN_POINT('',(-0.32,3.65940088399E-02,1.522832428212));
#4883 = DIRECTION('',(-1.,1.224646799147E-16,0.));
#4884 = DIRECTION('',(0.,0.,1.));
#4885 = ADVANCED_FACE('',(#4886),#4904,.F.);
#4886 = FACE_BOUND('',#4887,.F.);
#4887 = EDGE_LOOP('',(#4888,#4896,#4897,#4898));
#4888 = ORIENTED_EDGE('',*,*,#4889,.F.);
#4889 = EDGE_CURVE('',#4330,#4890,#4892,.T.);
#4890 = VERTEX_POINT('',#4891);
#4891 = CARTESIAN_POINT('',(0.32,-0.32,6.3));
#4892 = LINE('',#4893,#4894);
#4893 = CARTESIAN_POINT('',(0.32,-0.32,-0.9));
#4894 = VECTOR('',#4895,1.);
#4895 = DIRECTION('',(0.,0.,1.));
#4896 = ORIENTED_EDGE('',*,*,#4337,.T.);
#4897 = ORIENTED_EDGE('',*,*,#4859,.T.);
#4898 = ORIENTED_EDGE('',*,*,#4899,.F.);
#4899 = EDGE_CURVE('',#4890,#4860,#4900,.T.);
#4900 = LINE('',#4901,#4902);
#4901 = CARTESIAN_POINT('',(0.32,-0.32,6.3));
#4902 = VECTOR('',#4903,1.);
#4903 = DIRECTION('',(-1.,1.224646799147E-16,0.));
#4904 = PLANE('',#4905);
#4905 = AXIS2_PLACEMENT_3D('',#4906,#4907,#4908);
#4906 = CARTESIAN_POINT('',(0.32,-0.32,-0.9));
#4907 = DIRECTION('',(1.224646799147E-16,1.,0.));
#4908 = DIRECTION('',(0.,-0.,1.));
#4909 = ADVANCED_FACE('',(#4910),#4928,.F.);
#4910 = FACE_BOUND('',#4911,.F.);
#4911 = EDGE_LOOP('',(#4912,#4913,#4914,#4922));
#4912 = ORIENTED_EDGE('',*,*,#4329,.T.);
#4913 = ORIENTED_EDGE('',*,*,#4889,.T.);
#4914 = ORIENTED_EDGE('',*,*,#4915,.T.);
#4915 = EDGE_CURVE('',#4890,#4916,#4918,.T.);
#4916 = VERTEX_POINT('',#4917);
#4917 = CARTESIAN_POINT('',(0.32,0.32,6.3));
#4918 = LINE('',#4919,#4920);
#4919 = CARTESIAN_POINT('',(0.32,-0.32,6.3));
#4920 = VECTOR('',#4921,1.);
#4921 = DIRECTION('',(1.224646799147E-16,1.,0.));
#4922 = ORIENTED_EDGE('',*,*,#4923,.T.);
#4923 = EDGE_CURVE('',#4916,#4322,#4924,.T.);
#4924 = LINE('',#4925,#4926);
#4925 = CARTESIAN_POINT('',(0.32,0.32,6.5));
#4926 = VECTOR('',#4927,1.);
#4927 = DIRECTION('',(-0.,0.,-1.));
#4928 = PLANE('',#4929);
#4929 = AXIS2_PLACEMENT_3D('',#4930,#4931,#4932);
#4930 = CARTESIAN_POINT('',(0.32,3.65940088399E-02,1.522832428212));
#4931 = DIRECTION('',(-1.,1.224646799147E-16,0.));
#4932 = DIRECTION('',(0.,0.,1.));
#4933 = ADVANCED_FACE('',(#4934),#4945,.F.);
#4934 = FACE_BOUND('',#4935,.F.);
#4935 = EDGE_LOOP('',(#4936,#4937,#4943,#4944));
#4936 = ORIENTED_EDGE('',*,*,#4923,.F.);
#4937 = ORIENTED_EDGE('',*,*,#4938,.T.);
#4938 = EDGE_CURVE('',#4916,#4868,#4939,.T.);
#4939 = LINE('',#4940,#4941);
#4940 = CARTESIAN_POINT('',(0.32,0.32,6.3));
#4941 = VECTOR('',#4942,1.);
#4942 = DIRECTION('',(-1.,1.224646799147E-16,0.));
#4943 = ORIENTED_EDGE('',*,*,#4875,.T.);
#4944 = ORIENTED_EDGE('',*,*,#4321,.T.);
#4945 = PLANE('',#4946);
#4946 = AXIS2_PLACEMENT_3D('',#4947,#4948,#4949);
#4947 = CARTESIAN_POINT('',(0.32,0.32,6.5));
#4948 = DIRECTION('',(-1.224646799147E-16,-1.,0.));
#4949 = DIRECTION('',(-0.,0.,-1.));
#4950 = ADVANCED_FACE('',(#4951),#4976,.T.);
#4951 = FACE_BOUND('',#4952,.T.);
#4952 = EDGE_LOOP('',(#4953,#4954,#4962,#4970));
#4953 = ORIENTED_EDGE('',*,*,#4345,.T.);
#4954 = ORIENTED_EDGE('',*,*,#4955,.T.);
#4955 = EDGE_CURVE('',#4348,#4956,#4958,.T.);
#4956 = VERTEX_POINT('',#4957);
#4957 = CARTESIAN_POINT('',(4.68,-0.32,6.3));
#4958 = LINE('',#4959,#4960);
#4959 = CARTESIAN_POINT('',(4.68,-0.32,-0.9));
#4960 = VECTOR('',#4961,1.);
#4961 = DIRECTION('',(0.,0.,1.));
#4962 = ORIENTED_EDGE('',*,*,#4963,.T.);
#4963 = EDGE_CURVE('',#4956,#4964,#4966,.T.);
#4964 = VERTEX_POINT('',#4965);
#4965 = CARTESIAN_POINT('',(4.68,0.32,6.3));
#4966 = LINE('',#4967,#4968);
#4967 = CARTESIAN_POINT('',(4.68,-0.32,6.3));
#4968 = VECTOR('',#4969,1.);
#4969 = DIRECTION('',(1.224646799147E-16,1.,0.));
#4970 = ORIENTED_EDGE('',*,*,#4971,.T.);
#4971 = EDGE_CURVE('',#4964,#4346,#4972,.T.);
#4972 = LINE('',#4973,#4974);
#4973 = CARTESIAN_POINT('',(4.68,0.32,6.5));
#4974 = VECTOR('',#4975,1.);
#4975 = DIRECTION('',(-0.,0.,-1.));
#4976 = PLANE('',#4977);
#4977 = AXIS2_PLACEMENT_3D('',#4978,#4979,#4980);
#4978 = CARTESIAN_POINT('',(4.68,3.65940088399E-02,1.522832428212));
#4979 = DIRECTION('',(-1.,1.224646799147E-16,0.));
#4980 = DIRECTION('',(0.,0.,1.));
#4981 = ADVANCED_FACE('',(#4982),#5000,.F.);
#4982 = FACE_BOUND('',#4983,.F.);
#4983 = EDGE_LOOP('',(#4984,#4992,#4993,#4994));
#4984 = ORIENTED_EDGE('',*,*,#4985,.F.);
#4985 = EDGE_CURVE('',#4364,#4986,#4988,.T.);
#4986 = VERTEX_POINT('',#4987);
#4987 = CARTESIAN_POINT('',(5.32,-0.32,6.3));
#4988 = LINE('',#4989,#4990);
#4989 = CARTESIAN_POINT('',(5.32,-0.32,-0.9));
#4990 = VECTOR('',#4991,1.);
#4991 = DIRECTION('',(0.,0.,1.));
#4992 = ORIENTED_EDGE('',*,*,#4371,.T.);
#4993 = ORIENTED_EDGE('',*,*,#4955,.T.);
#4994 = ORIENTED_EDGE('',*,*,#4995,.F.);
#4995 = EDGE_CURVE('',#4986,#4956,#4996,.T.);
#4996 = LINE('',#4997,#4998);
#4997 = CARTESIAN_POINT('',(5.32,-0.32,6.3));
#4998 = VECTOR('',#4999,1.);
#4999 = DIRECTION('',(-1.,1.224646799147E-16,0.));
#5000 = PLANE('',#5001);
#5001 = AXIS2_PLACEMENT_3D('',#5002,#5003,#5004);
#5002 = CARTESIAN_POINT('',(5.32,-0.32,-0.9));
#5003 = DIRECTION('',(1.224646799147E-16,1.,0.));
#5004 = DIRECTION('',(0.,-0.,1.));
#5005 = ADVANCED_FACE('',(#5006),#5024,.F.);
#5006 = FACE_BOUND('',#5007,.F.);
#5007 = EDGE_LOOP('',(#5008,#5009,#5010,#5018));
#5008 = ORIENTED_EDGE('',*,*,#4363,.T.);
#5009 = ORIENTED_EDGE('',*,*,#4985,.T.);
#5010 = ORIENTED_EDGE('',*,*,#5011,.T.);
#5011 = EDGE_CURVE('',#4986,#5012,#5014,.T.);
#5012 = VERTEX_POINT('',#5013);
#5013 = CARTESIAN_POINT('',(5.32,0.32,6.3));
#5014 = LINE('',#5015,#5016);
#5015 = CARTESIAN_POINT('',(5.32,-0.32,6.3));
#5016 = VECTOR('',#5017,1.);
#5017 = DIRECTION('',(1.224646799147E-16,1.,0.));
#5018 = ORIENTED_EDGE('',*,*,#5019,.T.);
#5019 = EDGE_CURVE('',#5012,#4356,#5020,.T.);
#5020 = LINE('',#5021,#5022);
#5021 = CARTESIAN_POINT('',(5.32,0.32,6.5));
#5022 = VECTOR('',#5023,1.);
#5023 = DIRECTION('',(-0.,0.,-1.));
#5024 = PLANE('',#5025);
#5025 = AXIS2_PLACEMENT_3D('',#5026,#5027,#5028);
#5026 = CARTESIAN_POINT('',(5.32,3.65940088399E-02,1.522832428212));
#5027 = DIRECTION('',(-1.,1.224646799147E-16,0.));
#5028 = DIRECTION('',(0.,0.,1.));
#5029 = ADVANCED_FACE('',(#5030),#5041,.F.);
#5030 = FACE_BOUND('',#5031,.F.);
#5031 = EDGE_LOOP('',(#5032,#5033,#5039,#5040));
#5032 = ORIENTED_EDGE('',*,*,#5019,.F.);
#5033 = ORIENTED_EDGE('',*,*,#5034,.T.);
#5034 = EDGE_CURVE('',#5012,#4964,#5035,.T.);
#5035 = LINE('',#5036,#5037);
#5036 = CARTESIAN_POINT('',(5.32,0.32,6.3));
#5037 = VECTOR('',#5038,1.);
#5038 = DIRECTION('',(-1.,1.224646799147E-16,0.));
#5039 = ORIENTED_EDGE('',*,*,#4971,.T.);
#5040 = ORIENTED_EDGE('',*,*,#4355,.T.);
#5041 = PLANE('',#5042);
#5042 = AXIS2_PLACEMENT_3D('',#5043,#5044,#5045);
#5043 = CARTESIAN_POINT('',(5.32,0.32,6.5));
#5044 = DIRECTION('',(-1.224646799147E-16,-1.,0.));
#5045 = DIRECTION('',(-0.,0.,-1.));
#5046 = ADVANCED_FACE('',(#5047),#5072,.T.);
#5047 = FACE_BOUND('',#5048,.T.);
#5048 = EDGE_LOOP('',(#5049,#5050,#5058,#5066));
#5049 = ORIENTED_EDGE('',*,*,#4379,.T.);
#5050 = ORIENTED_EDGE('',*,*,#5051,.T.);
#5051 = EDGE_CURVE('',#4382,#5052,#5054,.T.);
#5052 = VERTEX_POINT('',#5053);
#5053 = CARTESIAN_POINT('',(2.18,-0.32,6.3));
#5054 = LINE('',#5055,#5056);
#5055 = CARTESIAN_POINT('',(2.18,-0.32,-3.4));
#5056 = VECTOR('',#5057,1.);
#5057 = DIRECTION('',(0.,0.,1.));
#5058 = ORIENTED_EDGE('',*,*,#5059,.T.);
#5059 = EDGE_CURVE('',#5052,#5060,#5062,.T.);
#5060 = VERTEX_POINT('',#5061);
#5061 = CARTESIAN_POINT('',(2.18,0.32,6.3));
#5062 = LINE('',#5063,#5064);
#5063 = CARTESIAN_POINT('',(2.18,-0.32,6.3));
#5064 = VECTOR('',#5065,1.);
#5065 = DIRECTION('',(1.224646799147E-16,1.,0.));
#5066 = ORIENTED_EDGE('',*,*,#5067,.T.);
#5067 = EDGE_CURVE('',#5060,#4380,#5068,.T.);
#5068 = LINE('',#5069,#5070);
#5069 = CARTESIAN_POINT('',(2.18,0.32,6.5));
#5070 = VECTOR('',#5071,1.);
#5071 = DIRECTION('',(-0.,0.,-1.));
#5072 = PLANE('',#5073);
#5073 = AXIS2_PLACEMENT_3D('',#5074,#5075,#5076);
#5074 = CARTESIAN_POINT('',(2.18,3.918869757272E-17,1.55));
#5075 = DIRECTION('',(-1.,1.224646799147E-16,0.));
#5076 = DIRECTION('',(0.,0.,1.));
#5077 = ADVANCED_FACE('',(#5078),#5096,.F.);
#5078 = FACE_BOUND('',#5079,.F.);
#5079 = EDGE_LOOP('',(#5080,#5088,#5089,#5090));
#5080 = ORIENTED_EDGE('',*,*,#5081,.F.);
#5081 = EDGE_CURVE('',#4398,#5082,#5084,.T.);
#5082 = VERTEX_POINT('',#5083);
#5083 = CARTESIAN_POINT('',(2.82,-0.32,6.3));
#5084 = LINE('',#5085,#5086);
#5085 = CARTESIAN_POINT('',(2.82,-0.32,-3.4));
#5086 = VECTOR('',#5087,1.);
#5087 = DIRECTION('',(0.,0.,1.));
#5088 = ORIENTED_EDGE('',*,*,#4405,.T.);
#5089 = ORIENTED_EDGE('',*,*,#5051,.T.);
#5090 = ORIENTED_EDGE('',*,*,#5091,.F.);
#5091 = EDGE_CURVE('',#5082,#5052,#5092,.T.);
#5092 = LINE('',#5093,#5094);
#5093 = CARTESIAN_POINT('',(2.82,-0.32,6.3));
#5094 = VECTOR('',#5095,1.);
#5095 = DIRECTION('',(-1.,1.224646799147E-16,0.));
#5096 = PLANE('',#5097);
#5097 = AXIS2_PLACEMENT_3D('',#5098,#5099,#5100);
#5098 = CARTESIAN_POINT('',(2.82,-0.32,-3.4));
#5099 = DIRECTION('',(1.224646799147E-16,1.,0.));
#5100 = DIRECTION('',(0.,-0.,1.));
#5101 = ADVANCED_FACE('',(#5102),#5120,.F.);
#5102 = FACE_BOUND('',#5103,.F.);
#5103 = EDGE_LOOP('',(#5104,#5105,#5106,#5114));
#5104 = ORIENTED_EDGE('',*,*,#4397,.T.);
#5105 = ORIENTED_EDGE('',*,*,#5081,.T.);
#5106 = ORIENTED_EDGE('',*,*,#5107,.T.);
#5107 = EDGE_CURVE('',#5082,#5108,#5110,.T.);
#5108 = VERTEX_POINT('',#5109);
#5109 = CARTESIAN_POINT('',(2.82,0.32,6.3));
#5110 = LINE('',#5111,#5112);
#5111 = CARTESIAN_POINT('',(2.82,-0.32,6.3));
#5112 = VECTOR('',#5113,1.);
#5113 = DIRECTION('',(1.224646799147E-16,1.,0.));
#5114 = ORIENTED_EDGE('',*,*,#5115,.T.);
#5115 = EDGE_CURVE('',#5108,#4390,#5116,.T.);
#5116 = LINE('',#5117,#5118);
#5117 = CARTESIAN_POINT('',(2.82,0.32,6.5));
#5118 = VECTOR('',#5119,1.);
#5119 = DIRECTION('',(-0.,0.,-1.));
#5120 = PLANE('',#5121);
#5121 = AXIS2_PLACEMENT_3D('',#5122,#5123,#5124);
#5122 = CARTESIAN_POINT('',(2.82,-3.918869757272E-17,1.55));
#5123 = DIRECTION('',(-1.,1.224646799147E-16,0.));
#5124 = DIRECTION('',(0.,0.,1.));
#5125 = ADVANCED_FACE('',(#5126),#5137,.F.);
#5126 = FACE_BOUND('',#5127,.F.);
#5127 = EDGE_LOOP('',(#5128,#5129,#5135,#5136));
#5128 = ORIENTED_EDGE('',*,*,#5115,.F.);
#5129 = ORIENTED_EDGE('',*,*,#5130,.T.);
#5130 = EDGE_CURVE('',#5108,#5060,#5131,.T.);
#5131 = LINE('',#5132,#5133);
#5132 = CARTESIAN_POINT('',(2.82,0.32,6.3));
#5133 = VECTOR('',#5134,1.);
#5134 = DIRECTION('',(-1.,1.224646799147E-16,0.));
#5135 = ORIENTED_EDGE('',*,*,#5067,.T.);
#5136 = ORIENTED_EDGE('',*,*,#4389,.T.);
#5137 = PLANE('',#5138);
#5138 = AXIS2_PLACEMENT_3D('',#5139,#5140,#5141);
#5139 = CARTESIAN_POINT('',(2.82,0.32,6.5));
#5140 = DIRECTION('',(-1.224646799147E-16,-1.,0.));
#5141 = DIRECTION('',(-0.,0.,-1.));
#5142 = ADVANCED_FACE('',(#5143),#5200,.T.);
#5143 = FACE_BOUND('',#5144,.T.);
#5144 = EDGE_LOOP('',(#5145,#5155,#5163,#5171,#5177,#5178,#5186,#5194));
#5145 = ORIENTED_EDGE('',*,*,#5146,.T.);
#5146 = EDGE_CURVE('',#5147,#5149,#5151,.T.);
#5147 = VERTEX_POINT('',#5148);
#5148 = CARTESIAN_POINT('',(-0.32,0.351578947368,-3.2));
#5149 = VERTEX_POINT('',#5150);
#5150 = CARTESIAN_POINT('',(-0.32,-0.288421052632,-3.2));
#5151 = LINE('',#5152,#5153);
#5152 = CARTESIAN_POINT('',(-0.32,0.32,-3.2));
#5153 = VECTOR('',#5154,1.);
#5154 = DIRECTION('',(-1.224646799147E-16,-1.,0.));
#5155 = ORIENTED_EDGE('',*,*,#5156,.T.);
#5156 = EDGE_CURVE('',#5149,#5157,#5159,.T.);
#5157 = VERTEX_POINT('',#5158);
#5158 = CARTESIAN_POINT('',(-0.32,-2.E-02,-1.5));
#5159 = LINE('',#5160,#5161);
#5160 = CARTESIAN_POINT('',(-0.32,-0.32,-3.4));
#5161 = VECTOR('',#5162,1.);
#5162 = DIRECTION('',(1.909990663905E-17,0.155962573473,0.987762965329)
  );
#5163 = ORIENTED_EDGE('',*,*,#5164,.T.);
#5164 = EDGE_CURVE('',#5157,#5165,#5167,.T.);
#5165 = VERTEX_POINT('',#5166);
#5166 = CARTESIAN_POINT('',(-0.32,-0.32,-0.9));
#5167 = LINE('',#5168,#5169);
#5168 = CARTESIAN_POINT('',(-0.32,-2.E-02,-1.5));
#5169 = VECTOR('',#5170,1.);
#5170 = DIRECTION('',(-5.476786982641E-17,-0.4472135955,0.894427191));
#5171 = ORIENTED_EDGE('',*,*,#5172,.T.);
#5172 = EDGE_CURVE('',#5165,#4729,#5173,.T.);
#5173 = LINE('',#5174,#5175);
#5174 = CARTESIAN_POINT('',(-0.32,-0.32,-0.9));
#5175 = VECTOR('',#5176,1.);
#5176 = DIRECTION('',(0.,0.,1.));
#5177 = ORIENTED_EDGE('',*,*,#4726,.F.);
#5178 = ORIENTED_EDGE('',*,*,#5179,.T.);
#5179 = EDGE_CURVE('',#4727,#5180,#5182,.T.);
#5180 = VERTEX_POINT('',#5181);
#5181 = CARTESIAN_POINT('',(-0.32,0.32,-0.9));
#5182 = LINE('',#5183,#5184);
#5183 = CARTESIAN_POINT('',(-0.32,0.32,6.5));
#5184 = VECTOR('',#5185,1.);
#5185 = DIRECTION('',(-0.,0.,-1.));
#5186 = ORIENTED_EDGE('',*,*,#5187,.T.);
#5187 = EDGE_CURVE('',#5180,#5188,#5190,.T.);
#5188 = VERTEX_POINT('',#5189);
#5189 = CARTESIAN_POINT('',(-0.32,0.62,-1.5));
#5190 = LINE('',#5191,#5192);
#5191 = CARTESIAN_POINT('',(-0.32,0.32,-0.9));
#5192 = VECTOR('',#5193,1.);
#5193 = DIRECTION('',(5.476786982641E-17,0.4472135955,-0.894427191));
#5194 = ORIENTED_EDGE('',*,*,#5195,.T.);
#5195 = EDGE_CURVE('',#5188,#5147,#5196,.T.);
#5196 = LINE('',#5197,#5198);
#5197 = CARTESIAN_POINT('',(-0.32,0.62,-1.5));
#5198 = VECTOR('',#5199,1.);
#5199 = DIRECTION('',(-1.909990663905E-17,-0.155962573473,
    -0.987762965329));
#5200 = PLANE('',#5201);
#5201 = AXIS2_PLACEMENT_3D('',#5202,#5203,#5204);
#5202 = CARTESIAN_POINT('',(-0.32,3.65940088399E-02,1.522832428212));
#5203 = DIRECTION('',(-1.,1.224646799147E-16,0.));
#5204 = DIRECTION('',(0.,0.,1.));
#5205 = ADVANCED_FACE('',(#5206),#5224,.F.);
#5206 = FACE_BOUND('',#5207,.F.);
#5207 = EDGE_LOOP('',(#5208,#5216,#5222,#5223));
#5208 = ORIENTED_EDGE('',*,*,#5209,.F.);
#5209 = EDGE_CURVE('',#5210,#4745,#5212,.T.);
#5210 = VERTEX_POINT('',#5211);
#5211 = CARTESIAN_POINT('',(0.32,-0.32,-0.9));
#5212 = LINE('',#5213,#5214);
#5213 = CARTESIAN_POINT('',(0.32,-0.32,-0.9));
#5214 = VECTOR('',#5215,1.);
#5215 = DIRECTION('',(0.,0.,1.));
#5216 = ORIENTED_EDGE('',*,*,#5217,.T.);
#5217 = EDGE_CURVE('',#5210,#5165,#5218,.T.);
#5218 = LINE('',#5219,#5220);
#5219 = CARTESIAN_POINT('',(0.32,-0.32,-0.9));
#5220 = VECTOR('',#5221,1.);
#5221 = DIRECTION('',(-1.,1.224646799147E-16,0.));
#5222 = ORIENTED_EDGE('',*,*,#5172,.T.);
#5223 = ORIENTED_EDGE('',*,*,#4752,.F.);
#5224 = PLANE('',#5225);
#5225 = AXIS2_PLACEMENT_3D('',#5226,#5227,#5228);
#5226 = CARTESIAN_POINT('',(0.32,-0.32,-0.9));
#5227 = DIRECTION('',(1.224646799147E-16,1.,0.));
#5228 = DIRECTION('',(0.,-0.,1.));
#5229 = ADVANCED_FACE('',(#5230),#5280,.F.);
#5230 = FACE_BOUND('',#5231,.F.);
#5231 = EDGE_LOOP('',(#5232,#5242,#5250,#5256,#5257,#5258,#5266,#5274));
#5232 = ORIENTED_EDGE('',*,*,#5233,.T.);
#5233 = EDGE_CURVE('',#5234,#5236,#5238,.T.);
#5234 = VERTEX_POINT('',#5235);
#5235 = CARTESIAN_POINT('',(0.32,0.351578947368,-3.2));
#5236 = VERTEX_POINT('',#5237);
#5237 = CARTESIAN_POINT('',(0.32,-0.288421052632,-3.2));
#5238 = LINE('',#5239,#5240);
#5239 = CARTESIAN_POINT('',(0.32,0.32,-3.2));
#5240 = VECTOR('',#5241,1.);
#5241 = DIRECTION('',(-1.224646799147E-16,-1.,0.));
#5242 = ORIENTED_EDGE('',*,*,#5243,.T.);
#5243 = EDGE_CURVE('',#5236,#5244,#5246,.T.);
#5244 = VERTEX_POINT('',#5245);
#5245 = CARTESIAN_POINT('',(0.32,-2.E-02,-1.5));
#5246 = LINE('',#5247,#5248);
#5247 = CARTESIAN_POINT('',(0.32,-0.32,-3.4));
#5248 = VECTOR('',#5249,1.);
#5249 = DIRECTION('',(1.909990663905E-17,0.155962573473,0.987762965329)
  );
#5250 = ORIENTED_EDGE('',*,*,#5251,.T.);
#5251 = EDGE_CURVE('',#5244,#5210,#5252,.T.);
#5252 = LINE('',#5253,#5254);
#5253 = CARTESIAN_POINT('',(0.32,-2.E-02,-1.5));
#5254 = VECTOR('',#5255,1.);
#5255 = DIRECTION('',(-5.476786982641E-17,-0.4472135955,0.894427191));
#5256 = ORIENTED_EDGE('',*,*,#5209,.T.);
#5257 = ORIENTED_EDGE('',*,*,#4744,.F.);
#5258 = ORIENTED_EDGE('',*,*,#5259,.T.);
#5259 = EDGE_CURVE('',#4737,#5260,#5262,.T.);
#5260 = VERTEX_POINT('',#5261);
#5261 = CARTESIAN_POINT('',(0.32,0.32,-0.9));
#5262 = LINE('',#5263,#5264);
#5263 = CARTESIAN_POINT('',(0.32,0.32,6.5));
#5264 = VECTOR('',#5265,1.);
#5265 = DIRECTION('',(-0.,0.,-1.));
#5266 = ORIENTED_EDGE('',*,*,#5267,.T.);
#5267 = EDGE_CURVE('',#5260,#5268,#5270,.T.);
#5268 = VERTEX_POINT('',#5269);
#5269 = CARTESIAN_POINT('',(0.32,0.62,-1.5));
#5270 = LINE('',#5271,#5272);
#5271 = CARTESIAN_POINT('',(0.32,0.32,-0.9));
#5272 = VECTOR('',#5273,1.);
#5273 = DIRECTION('',(5.476786982641E-17,0.4472135955,-0.894427191));
#5274 = ORIENTED_EDGE('',*,*,#5275,.T.);
#5275 = EDGE_CURVE('',#5268,#5234,#5276,.T.);
#5276 = LINE('',#5277,#5278);
#5277 = CARTESIAN_POINT('',(0.32,0.62,-1.5));
#5278 = VECTOR('',#5279,1.);
#5279 = DIRECTION('',(-1.909990663905E-17,-0.155962573473,
    -0.987762965329));
#5280 = PLANE('',#5281);
#5281 = AXIS2_PLACEMENT_3D('',#5282,#5283,#5284);
#5282 = CARTESIAN_POINT('',(0.32,3.65940088399E-02,1.522832428212));
#5283 = DIRECTION('',(-1.,1.224646799147E-16,0.));
#5284 = DIRECTION('',(0.,0.,1.));
#5285 = ADVANCED_FACE('',(#5286),#5297,.F.);
#5286 = FACE_BOUND('',#5287,.F.);
#5287 = EDGE_LOOP('',(#5288,#5289,#5290,#5291));
#5288 = ORIENTED_EDGE('',*,*,#5259,.F.);
#5289 = ORIENTED_EDGE('',*,*,#4736,.F.);
#5290 = ORIENTED_EDGE('',*,*,#5179,.T.);
#5291 = ORIENTED_EDGE('',*,*,#5292,.F.);
#5292 = EDGE_CURVE('',#5260,#5180,#5293,.T.);
#5293 = LINE('',#5294,#5295);
#5294 = CARTESIAN_POINT('',(0.32,0.32,-0.9));
#5295 = VECTOR('',#5296,1.);
#5296 = DIRECTION('',(-1.,1.224646799147E-16,0.));
#5297 = PLANE('',#5298);
#5298 = AXIS2_PLACEMENT_3D('',#5299,#5300,#5301);
#5299 = CARTESIAN_POINT('',(0.32,0.32,6.5));
#5300 = DIRECTION('',(-1.224646799147E-16,-1.,0.));
#5301 = DIRECTION('',(-0.,0.,-1.));
#5302 = ADVANCED_FACE('',(#5303),#5328,.T.);
#5303 = FACE_BOUND('',#5304,.T.);
#5304 = EDGE_LOOP('',(#5305,#5315,#5321,#5322));
#5305 = ORIENTED_EDGE('',*,*,#5306,.T.);
#5306 = EDGE_CURVE('',#5307,#5309,#5311,.T.);
#5307 = VERTEX_POINT('',#5308);
#5308 = CARTESIAN_POINT('',(2.18,0.32,-3.2));
#5309 = VERTEX_POINT('',#5310);
#5310 = CARTESIAN_POINT('',(2.18,-0.32,-3.2));
#5311 = LINE('',#5312,#5313);
#5312 = CARTESIAN_POINT('',(2.18,0.32,-3.2));
#5313 = VECTOR('',#5314,1.);
#5314 = DIRECTION('',(-1.224646799147E-16,-1.,0.));
#5315 = ORIENTED_EDGE('',*,*,#5316,.T.);
#5316 = EDGE_CURVE('',#5309,#4775,#5317,.T.);
#5317 = LINE('',#5318,#5319);
#5318 = CARTESIAN_POINT('',(2.18,-0.32,-3.4));
#5319 = VECTOR('',#5320,1.);
#5320 = DIRECTION('',(0.,0.,1.));
#5321 = ORIENTED_EDGE('',*,*,#4772,.F.);
#5322 = ORIENTED_EDGE('',*,*,#5323,.T.);
#5323 = EDGE_CURVE('',#4773,#5307,#5324,.T.);
#5324 = LINE('',#5325,#5326);
#5325 = CARTESIAN_POINT('',(2.18,0.32,6.5));
#5326 = VECTOR('',#5327,1.);
#5327 = DIRECTION('',(-0.,0.,-1.));
#5328 = PLANE('',#5329);
#5329 = AXIS2_PLACEMENT_3D('',#5330,#5331,#5332);
#5330 = CARTESIAN_POINT('',(2.18,3.918869757272E-17,1.55));
#5331 = DIRECTION('',(-1.,1.224646799147E-16,0.));
#5332 = DIRECTION('',(0.,0.,1.));
#5333 = ADVANCED_FACE('',(#5334),#5352,.F.);
#5334 = FACE_BOUND('',#5335,.F.);
#5335 = EDGE_LOOP('',(#5336,#5344,#5350,#5351));
#5336 = ORIENTED_EDGE('',*,*,#5337,.F.);
#5337 = EDGE_CURVE('',#5338,#4791,#5340,.T.);
#5338 = VERTEX_POINT('',#5339);
#5339 = CARTESIAN_POINT('',(2.82,-0.32,-3.2));
#5340 = LINE('',#5341,#5342);
#5341 = CARTESIAN_POINT('',(2.82,-0.32,-3.4));
#5342 = VECTOR('',#5343,1.);
#5343 = DIRECTION('',(0.,0.,1.));
#5344 = ORIENTED_EDGE('',*,*,#5345,.T.);
#5345 = EDGE_CURVE('',#5338,#5309,#5346,.T.);
#5346 = LINE('',#5347,#5348);
#5347 = CARTESIAN_POINT('',(2.82,-0.32,-3.2));
#5348 = VECTOR('',#5349,1.);
#5349 = DIRECTION('',(-1.,1.224646799147E-16,0.));
#5350 = ORIENTED_EDGE('',*,*,#5316,.T.);
#5351 = ORIENTED_EDGE('',*,*,#4798,.F.);
#5352 = PLANE('',#5353);
#5353 = AXIS2_PLACEMENT_3D('',#5354,#5355,#5356);
#5354 = CARTESIAN_POINT('',(2.82,-0.32,-3.4));
#5355 = DIRECTION('',(1.224646799147E-16,1.,0.));
#5356 = DIRECTION('',(0.,-0.,1.));
#5357 = ADVANCED_FACE('',(#5358),#5376,.F.);
#5358 = FACE_BOUND('',#5359,.F.);
#5359 = EDGE_LOOP('',(#5360,#5368,#5369,#5370));
#5360 = ORIENTED_EDGE('',*,*,#5361,.T.);
#5361 = EDGE_CURVE('',#5362,#5338,#5364,.T.);
#5362 = VERTEX_POINT('',#5363);
#5363 = CARTESIAN_POINT('',(2.82,0.32,-3.2));
#5364 = LINE('',#5365,#5366);
#5365 = CARTESIAN_POINT('',(2.82,0.32,-3.2));
#5366 = VECTOR('',#5367,1.);
#5367 = DIRECTION('',(-1.224646799147E-16,-1.,0.));
#5368 = ORIENTED_EDGE('',*,*,#5337,.T.);
#5369 = ORIENTED_EDGE('',*,*,#4790,.F.);
#5370 = ORIENTED_EDGE('',*,*,#5371,.T.);
#5371 = EDGE_CURVE('',#4783,#5362,#5372,.T.);
#5372 = LINE('',#5373,#5374);
#5373 = CARTESIAN_POINT('',(2.82,0.32,6.5));
#5374 = VECTOR('',#5375,1.);
#5375 = DIRECTION('',(-0.,0.,-1.));
#5376 = PLANE('',#5377);
#5377 = AXIS2_PLACEMENT_3D('',#5378,#5379,#5380);
#5378 = CARTESIAN_POINT('',(2.82,-3.918869757272E-17,1.55));
#5379 = DIRECTION('',(-1.,1.224646799147E-16,0.));
#5380 = DIRECTION('',(0.,0.,1.));
#5381 = ADVANCED_FACE('',(#5382),#5393,.F.);
#5382 = FACE_BOUND('',#5383,.F.);
#5383 = EDGE_LOOP('',(#5384,#5385,#5386,#5387));
#5384 = ORIENTED_EDGE('',*,*,#5371,.F.);
#5385 = ORIENTED_EDGE('',*,*,#4782,.F.);
#5386 = ORIENTED_EDGE('',*,*,#5323,.T.);
#5387 = ORIENTED_EDGE('',*,*,#5388,.F.);
#5388 = EDGE_CURVE('',#5362,#5307,#5389,.T.);
#5389 = LINE('',#5390,#5391);
#5390 = CARTESIAN_POINT('',(2.82,0.32,-3.2));
#5391 = VECTOR('',#5392,1.);
#5392 = DIRECTION('',(-1.,1.224646799147E-16,0.));
#5393 = PLANE('',#5394);
#5394 = AXIS2_PLACEMENT_3D('',#5395,#5396,#5397);
#5395 = CARTESIAN_POINT('',(2.82,0.32,6.5));
#5396 = DIRECTION('',(-1.224646799147E-16,-1.,0.));
#5397 = DIRECTION('',(-0.,0.,-1.));
#5398 = ADVANCED_FACE('',(#5399),#5456,.T.);
#5399 = FACE_BOUND('',#5400,.T.);
#5400 = EDGE_LOOP('',(#5401,#5411,#5419,#5427,#5433,#5434,#5442,#5450));
#5401 = ORIENTED_EDGE('',*,*,#5402,.T.);
#5402 = EDGE_CURVE('',#5403,#5405,#5407,.T.);
#5403 = VERTEX_POINT('',#5404);
#5404 = CARTESIAN_POINT('',(4.68,0.351578947368,-3.2));
#5405 = VERTEX_POINT('',#5406);
#5406 = CARTESIAN_POINT('',(4.68,-0.288421052632,-3.2));
#5407 = LINE('',#5408,#5409);
#5408 = CARTESIAN_POINT('',(4.68,0.32,-3.2));
#5409 = VECTOR('',#5410,1.);
#5410 = DIRECTION('',(-1.224646799147E-16,-1.,0.));
#5411 = ORIENTED_EDGE('',*,*,#5412,.T.);
#5412 = EDGE_CURVE('',#5405,#5413,#5415,.T.);
#5413 = VERTEX_POINT('',#5414);
#5414 = CARTESIAN_POINT('',(4.68,-2.E-02,-1.5));
#5415 = LINE('',#5416,#5417);
#5416 = CARTESIAN_POINT('',(4.68,-0.32,-3.4));
#5417 = VECTOR('',#5418,1.);
#5418 = DIRECTION('',(1.909990663905E-17,0.155962573473,0.987762965329)
  );
#5419 = ORIENTED_EDGE('',*,*,#5420,.T.);
#5420 = EDGE_CURVE('',#5413,#5421,#5423,.T.);
#5421 = VERTEX_POINT('',#5422);
#5422 = CARTESIAN_POINT('',(4.68,-0.32,-0.9));
#5423 = LINE('',#5424,#5425);
#5424 = CARTESIAN_POINT('',(4.68,-2.E-02,-1.5));
#5425 = VECTOR('',#5426,1.);
#5426 = DIRECTION('',(-5.476786982641E-17,-0.4472135955,0.894427191));
#5427 = ORIENTED_EDGE('',*,*,#5428,.T.);
#5428 = EDGE_CURVE('',#5421,#4821,#5429,.T.);
#5429 = LINE('',#5430,#5431);
#5430 = CARTESIAN_POINT('',(4.68,-0.32,-0.9));
#5431 = VECTOR('',#5432,1.);
#5432 = DIRECTION('',(0.,0.,1.));
#5433 = ORIENTED_EDGE('',*,*,#4818,.F.);
#5434 = ORIENTED_EDGE('',*,*,#5435,.T.);
#5435 = EDGE_CURVE('',#4819,#5436,#5438,.T.);
#5436 = VERTEX_POINT('',#5437);
#5437 = CARTESIAN_POINT('',(4.68,0.32,-0.9));
#5438 = LINE('',#5439,#5440);
#5439 = CARTESIAN_POINT('',(4.68,0.32,6.5));
#5440 = VECTOR('',#5441,1.);
#5441 = DIRECTION('',(-0.,0.,-1.));
#5442 = ORIENTED_EDGE('',*,*,#5443,.T.);
#5443 = EDGE_CURVE('',#5436,#5444,#5446,.T.);
#5444 = VERTEX_POINT('',#5445);
#5445 = CARTESIAN_POINT('',(4.68,0.62,-1.5));
#5446 = LINE('',#5447,#5448);
#5447 = CARTESIAN_POINT('',(4.68,0.32,-0.9));
#5448 = VECTOR('',#5449,1.);
#5449 = DIRECTION('',(5.476786982641E-17,0.4472135955,-0.894427191));
#5450 = ORIENTED_EDGE('',*,*,#5451,.T.);
#5451 = EDGE_CURVE('',#5444,#5403,#5452,.T.);
#5452 = LINE('',#5453,#5454);
#5453 = CARTESIAN_POINT('',(4.68,0.62,-1.5));
#5454 = VECTOR('',#5455,1.);
#5455 = DIRECTION('',(-1.909990663905E-17,-0.155962573473,
    -0.987762965329));
#5456 = PLANE('',#5457);
#5457 = AXIS2_PLACEMENT_3D('',#5458,#5459,#5460);
#5458 = CARTESIAN_POINT('',(4.68,3.65940088399E-02,1.522832428212));
#5459 = DIRECTION('',(-1.,1.224646799147E-16,0.));
#5460 = DIRECTION('',(0.,0.,1.));
#5461 = ADVANCED_FACE('',(#5462),#5480,.F.);
#5462 = FACE_BOUND('',#5463,.F.);
#5463 = EDGE_LOOP('',(#5464,#5472,#5478,#5479));
#5464 = ORIENTED_EDGE('',*,*,#5465,.F.);
#5465 = EDGE_CURVE('',#5466,#4837,#5468,.T.);
#5466 = VERTEX_POINT('',#5467);
#5467 = CARTESIAN_POINT('',(5.32,-0.32,-0.9));
#5468 = LINE('',#5469,#5470);
#5469 = CARTESIAN_POINT('',(5.32,-0.32,-0.9));
#5470 = VECTOR('',#5471,1.);
#5471 = DIRECTION('',(0.,0.,1.));
#5472 = ORIENTED_EDGE('',*,*,#5473,.T.);
#5473 = EDGE_CURVE('',#5466,#5421,#5474,.T.);
#5474 = LINE('',#5475,#5476);
#5475 = CARTESIAN_POINT('',(5.32,-0.32,-0.9));
#5476 = VECTOR('',#5477,1.);
#5477 = DIRECTION('',(-1.,1.224646799147E-16,0.));
#5478 = ORIENTED_EDGE('',*,*,#5428,.T.);
#5479 = ORIENTED_EDGE('',*,*,#4844,.F.);
#5480 = PLANE('',#5481);
#5481 = AXIS2_PLACEMENT_3D('',#5482,#5483,#5484);
#5482 = CARTESIAN_POINT('',(5.32,-0.32,-0.9));
#5483 = DIRECTION('',(1.224646799147E-16,1.,0.));
#5484 = DIRECTION('',(0.,-0.,1.));
#5485 = ADVANCED_FACE('',(#5486),#5536,.F.);
#5486 = FACE_BOUND('',#5487,.F.);
#5487 = EDGE_LOOP('',(#5488,#5498,#5506,#5512,#5513,#5514,#5522,#5530));
#5488 = ORIENTED_EDGE('',*,*,#5489,.T.);
#5489 = EDGE_CURVE('',#5490,#5492,#5494,.T.);
#5490 = VERTEX_POINT('',#5491);
#5491 = CARTESIAN_POINT('',(5.32,0.351578947368,-3.2));
#5492 = VERTEX_POINT('',#5493);
#5493 = CARTESIAN_POINT('',(5.32,-0.288421052632,-3.2));
#5494 = LINE('',#5495,#5496);
#5495 = CARTESIAN_POINT('',(5.32,0.32,-3.2));
#5496 = VECTOR('',#5497,1.);
#5497 = DIRECTION('',(-1.224646799147E-16,-1.,0.));
#5498 = ORIENTED_EDGE('',*,*,#5499,.T.);
#5499 = EDGE_CURVE('',#5492,#5500,#5502,.T.);
#5500 = VERTEX_POINT('',#5501);
#5501 = CARTESIAN_POINT('',(5.32,-2.E-02,-1.5));
#5502 = LINE('',#5503,#5504);
#5503 = CARTESIAN_POINT('',(5.32,-0.32,-3.4));
#5504 = VECTOR('',#5505,1.);
#5505 = DIRECTION('',(1.909990663905E-17,0.155962573473,0.987762965329)
  );
#5506 = ORIENTED_EDGE('',*,*,#5507,.T.);
#5507 = EDGE_CURVE('',#5500,#5466,#5508,.T.);
#5508 = LINE('',#5509,#5510);
#5509 = CARTESIAN_POINT('',(5.32,-2.E-02,-1.5));
#5510 = VECTOR('',#5511,1.);
#5511 = DIRECTION('',(-5.476786982641E-17,-0.4472135955,0.894427191));
#5512 = ORIENTED_EDGE('',*,*,#5465,.T.);
#5513 = ORIENTED_EDGE('',*,*,#4836,.F.);
#5514 = ORIENTED_EDGE('',*,*,#5515,.T.);
#5515 = EDGE_CURVE('',#4829,#5516,#5518,.T.);
#5516 = VERTEX_POINT('',#5517);
#5517 = CARTESIAN_POINT('',(5.32,0.32,-0.9));
#5518 = LINE('',#5519,#5520);
#5519 = CARTESIAN_POINT('',(5.32,0.32,6.5));
#5520 = VECTOR('',#5521,1.);
#5521 = DIRECTION('',(-0.,0.,-1.));
#5522 = ORIENTED_EDGE('',*,*,#5523,.T.);
#5523 = EDGE_CURVE('',#5516,#5524,#5526,.T.);
#5524 = VERTEX_POINT('',#5525);
#5525 = CARTESIAN_POINT('',(5.32,0.62,-1.5));
#5526 = LINE('',#5527,#5528);
#5527 = CARTESIAN_POINT('',(5.32,0.32,-0.9));
#5528 = VECTOR('',#5529,1.);
#5529 = DIRECTION('',(5.476786982641E-17,0.4472135955,-0.894427191));
#5530 = ORIENTED_EDGE('',*,*,#5531,.T.);
#5531 = EDGE_CURVE('',#5524,#5490,#5532,.T.);
#5532 = LINE('',#5533,#5534);
#5533 = CARTESIAN_POINT('',(5.32,0.62,-1.5));
#5534 = VECTOR('',#5535,1.);
#5535 = DIRECTION('',(-1.909990663905E-17,-0.155962573473,
    -0.987762965329));
#5536 = PLANE('',#5537);
#5537 = AXIS2_PLACEMENT_3D('',#5538,#5539,#5540);
#5538 = CARTESIAN_POINT('',(5.32,3.65940088399E-02,1.522832428212));
#5539 = DIRECTION('',(-1.,1.224646799147E-16,0.));
#5540 = DIRECTION('',(0.,0.,1.));
#5541 = ADVANCED_FACE('',(#5542),#5553,.F.);
#5542 = FACE_BOUND('',#5543,.F.);
#5543 = EDGE_LOOP('',(#5544,#5545,#5546,#5547));
#5544 = ORIENTED_EDGE('',*,*,#5515,.F.);
#5545 = ORIENTED_EDGE('',*,*,#4828,.F.);
#5546 = ORIENTED_EDGE('',*,*,#5435,.T.);
#5547 = ORIENTED_EDGE('',*,*,#5548,.F.);
#5548 = EDGE_CURVE('',#5516,#5436,#5549,.T.);
#5549 = LINE('',#5550,#5551);
#5550 = CARTESIAN_POINT('',(5.32,0.32,-0.9));
#5551 = VECTOR('',#5552,1.);
#5552 = DIRECTION('',(-1.,1.224646799147E-16,0.));
#5553 = PLANE('',#5554);
#5554 = AXIS2_PLACEMENT_3D('',#5555,#5556,#5557);
#5555 = CARTESIAN_POINT('',(5.32,0.32,6.5));
#5556 = DIRECTION('',(-1.224646799147E-16,-1.,0.));
#5557 = DIRECTION('',(-0.,0.,-1.));
#5558 = ADVANCED_FACE('',(#5559),#5584,.F.);
#5559 = FACE_BOUND('',#5560,.T.);
#5560 = EDGE_LOOP('',(#5561,#5569,#5577,#5583));
#5561 = ORIENTED_EDGE('',*,*,#5562,.F.);
#5562 = EDGE_CURVE('',#5563,#4860,#5565,.T.);
#5563 = VERTEX_POINT('',#5564);
#5564 = CARTESIAN_POINT('',(-0.12,-0.12,6.5));
#5565 = LINE('',#5566,#5567);
#5566 = CARTESIAN_POINT('',(-0.146666666667,-0.146666666667,
    6.473333333333));
#5567 = VECTOR('',#5568,1.);
#5568 = DIRECTION('',(-0.57735026919,-0.57735026919,-0.57735026919));
#5569 = ORIENTED_EDGE('',*,*,#5570,.T.);
#5570 = EDGE_CURVE('',#5563,#5571,#5573,.T.);
#5571 = VERTEX_POINT('',#5572);
#5572 = CARTESIAN_POINT('',(-0.12,0.12,6.5));
#5573 = LINE('',#5574,#5575);
#5574 = CARTESIAN_POINT('',(-0.12,-0.32,6.5));
#5575 = VECTOR('',#5576,1.);
#5576 = DIRECTION('',(1.224646799147E-16,1.,0.));
#5577 = ORIENTED_EDGE('',*,*,#5578,.T.);
#5578 = EDGE_CURVE('',#5571,#4868,#5579,.T.);
#5579 = LINE('',#5580,#5581);
#5580 = CARTESIAN_POINT('',(-4.E-02,4.E-02,6.58));
#5581 = VECTOR('',#5582,1.);
#5582 = DIRECTION('',(-0.57735026919,0.57735026919,-0.57735026919));
#5583 = ORIENTED_EDGE('',*,*,#4867,.F.);
#5584 = PLANE('',#5585);
#5585 = AXIS2_PLACEMENT_3D('',#5586,#5587,#5588);
#5586 = CARTESIAN_POINT('',(-0.22,-0.32,6.4));
#5587 = DIRECTION('',(0.707106781187,-8.486018839685E-17,-0.707106781187
    ));
#5588 = DIRECTION('',(-1.212375546256E-16,-1.,-1.227125289196E-18));
#5589 = ADVANCED_FACE('',(#5590),#5608,.T.);
#5590 = FACE_BOUND('',#5591,.F.);
#5591 = EDGE_LOOP('',(#5592,#5600,#5601,#5602));
#5592 = ORIENTED_EDGE('',*,*,#5593,.T.);
#5593 = EDGE_CURVE('',#5594,#4890,#5596,.T.);
#5594 = VERTEX_POINT('',#5595);
#5595 = CARTESIAN_POINT('',(0.12,-0.12,6.5));
#5596 = LINE('',#5597,#5598);
#5597 = CARTESIAN_POINT('',(0.253333333333,-0.253333333333,
    6.366666666667));
#5598 = VECTOR('',#5599,1.);
#5599 = DIRECTION('',(0.57735026919,-0.57735026919,-0.57735026919));
#5600 = ORIENTED_EDGE('',*,*,#4899,.T.);
#5601 = ORIENTED_EDGE('',*,*,#5562,.F.);
#5602 = ORIENTED_EDGE('',*,*,#5603,.F.);
#5603 = EDGE_CURVE('',#5594,#5563,#5604,.T.);
#5604 = LINE('',#5605,#5606);
#5605 = CARTESIAN_POINT('',(0.32,-0.12,6.5));
#5606 = VECTOR('',#5607,1.);
#5607 = DIRECTION('',(-1.,1.224646799147E-16,0.));
#5608 = PLANE('',#5609);
#5609 = AXIS2_PLACEMENT_3D('',#5610,#5611,#5612);
#5610 = CARTESIAN_POINT('',(0.32,-0.22,6.4));
#5611 = DIRECTION('',(-8.833102285013E-17,-0.707106781187,0.707106781187
    ));
#5612 = DIRECTION('',(1.,-1.236918052038E-16,1.227125289097E-18));
#5613 = ADVANCED_FACE('',(#5614),#5632,.T.);
#5614 = FACE_BOUND('',#5615,.F.);
#5615 = EDGE_LOOP('',(#5616,#5617,#5625,#5631));
#5616 = ORIENTED_EDGE('',*,*,#5593,.F.);
#5617 = ORIENTED_EDGE('',*,*,#5618,.T.);
#5618 = EDGE_CURVE('',#5594,#5619,#5621,.T.);
#5619 = VERTEX_POINT('',#5620);
#5620 = CARTESIAN_POINT('',(0.12,0.12,6.5));
#5621 = LINE('',#5622,#5623);
#5622 = CARTESIAN_POINT('',(0.12,-0.32,6.5));
#5623 = VECTOR('',#5624,1.);
#5624 = DIRECTION('',(1.224646799147E-16,1.,0.));
#5625 = ORIENTED_EDGE('',*,*,#5626,.T.);
#5626 = EDGE_CURVE('',#5619,#4916,#5627,.T.);
#5627 = LINE('',#5628,#5629);
#5628 = CARTESIAN_POINT('',(0.146666666667,0.146666666667,6.473333333333
    ));
#5629 = VECTOR('',#5630,1.);
#5630 = DIRECTION('',(0.57735026919,0.57735026919,-0.57735026919));
#5631 = ORIENTED_EDGE('',*,*,#4915,.F.);
#5632 = PLANE('',#5633);
#5633 = AXIS2_PLACEMENT_3D('',#5634,#5635,#5636);
#5634 = CARTESIAN_POINT('',(0.22,-0.32,6.4));
#5635 = DIRECTION('',(0.707106781187,-8.833102285013E-17,0.707106781187)
  );
#5636 = DIRECTION('',(-1.236918052038E-16,-1.,-1.227125289097E-18));
#5637 = ADVANCED_FACE('',(#5638),#5649,.T.);
#5638 = FACE_BOUND('',#5639,.F.);
#5639 = EDGE_LOOP('',(#5640,#5641,#5647,#5648));
#5640 = ORIENTED_EDGE('',*,*,#5626,.F.);
#5641 = ORIENTED_EDGE('',*,*,#5642,.T.);
#5642 = EDGE_CURVE('',#5619,#5571,#5643,.T.);
#5643 = LINE('',#5644,#5645);
#5644 = CARTESIAN_POINT('',(0.32,0.12,6.5));
#5645 = VECTOR('',#5646,1.);
#5646 = DIRECTION('',(-1.,1.224646799147E-16,0.));
#5647 = ORIENTED_EDGE('',*,*,#5578,.T.);
#5648 = ORIENTED_EDGE('',*,*,#4938,.F.);
#5649 = PLANE('',#5650);
#5650 = AXIS2_PLACEMENT_3D('',#5651,#5652,#5653);
#5651 = CARTESIAN_POINT('',(0.32,0.22,6.4));
#5652 = DIRECTION('',(8.833102285013E-17,0.707106781187,0.707106781187)
  );
#5653 = DIRECTION('',(1.,-1.236918052038E-16,-1.227125289097E-18));
#5654 = ADVANCED_FACE('',(#5655),#5680,.F.);
#5655 = FACE_BOUND('',#5656,.T.);
#5656 = EDGE_LOOP('',(#5657,#5665,#5673,#5679));
#5657 = ORIENTED_EDGE('',*,*,#5658,.F.);
#5658 = EDGE_CURVE('',#5659,#4956,#5661,.T.);
#5659 = VERTEX_POINT('',#5660);
#5660 = CARTESIAN_POINT('',(4.88,-0.12,6.5));
#5661 = LINE('',#5662,#5663);
#5662 = CARTESIAN_POINT('',(4.853333333333,-0.146666666667,
    6.473333333333));
#5663 = VECTOR('',#5664,1.);
#5664 = DIRECTION('',(-0.57735026919,-0.57735026919,-0.57735026919));
#5665 = ORIENTED_EDGE('',*,*,#5666,.T.);
#5666 = EDGE_CURVE('',#5659,#5667,#5669,.T.);
#5667 = VERTEX_POINT('',#5668);
#5668 = CARTESIAN_POINT('',(4.88,0.12,6.5));
#5669 = LINE('',#5670,#5671);
#5670 = CARTESIAN_POINT('',(4.88,-0.32,6.5));
#5671 = VECTOR('',#5672,1.);
#5672 = DIRECTION('',(1.224646799147E-16,1.,0.));
#5673 = ORIENTED_EDGE('',*,*,#5674,.T.);
#5674 = EDGE_CURVE('',#5667,#4964,#5675,.T.);
#5675 = LINE('',#5676,#5677);
#5676 = CARTESIAN_POINT('',(4.96,4.E-02,6.58));
#5677 = VECTOR('',#5678,1.);
#5678 = DIRECTION('',(-0.57735026919,0.57735026919,-0.57735026919));
#5679 = ORIENTED_EDGE('',*,*,#4963,.F.);
#5680 = PLANE('',#5681);
#5681 = AXIS2_PLACEMENT_3D('',#5682,#5683,#5684);
#5682 = CARTESIAN_POINT('',(4.78,-0.32,6.4));
#5683 = DIRECTION('',(0.707106781187,-8.486018839685E-17,-0.707106781187
    ));
#5684 = DIRECTION('',(-1.212375546256E-16,-1.,-1.227125289196E-18));
#5685 = ADVANCED_FACE('',(#5686),#5704,.T.);
#5686 = FACE_BOUND('',#5687,.F.);
#5687 = EDGE_LOOP('',(#5688,#5696,#5697,#5698));
#5688 = ORIENTED_EDGE('',*,*,#5689,.T.);
#5689 = EDGE_CURVE('',#5690,#4986,#5692,.T.);
#5690 = VERTEX_POINT('',#5691);
#5691 = CARTESIAN_POINT('',(5.12,-0.12,6.5));
#5692 = LINE('',#5693,#5694);
#5693 = CARTESIAN_POINT('',(5.253333333333,-0.253333333333,
    6.366666666667));
#5694 = VECTOR('',#5695,1.);
#5695 = DIRECTION('',(0.57735026919,-0.57735026919,-0.57735026919));
#5696 = ORIENTED_EDGE('',*,*,#4995,.T.);
#5697 = ORIENTED_EDGE('',*,*,#5658,.F.);
#5698 = ORIENTED_EDGE('',*,*,#5699,.F.);
#5699 = EDGE_CURVE('',#5690,#5659,#5700,.T.);
#5700 = LINE('',#5701,#5702);
#5701 = CARTESIAN_POINT('',(5.32,-0.12,6.5));
#5702 = VECTOR('',#5703,1.);
#5703 = DIRECTION('',(-1.,1.224646799147E-16,0.));
#5704 = PLANE('',#5705);
#5705 = AXIS2_PLACEMENT_3D('',#5706,#5707,#5708);
#5706 = CARTESIAN_POINT('',(5.32,-0.22,6.4));
#5707 = DIRECTION('',(-8.833102285013E-17,-0.707106781187,0.707106781187
    ));
#5708 = DIRECTION('',(1.,-1.236918052038E-16,1.227125289097E-18));
#5709 = ADVANCED_FACE('',(#5710),#5728,.T.);
#5710 = FACE_BOUND('',#5711,.F.);
#5711 = EDGE_LOOP('',(#5712,#5713,#5721,#5727));
#5712 = ORIENTED_EDGE('',*,*,#5689,.F.);
#5713 = ORIENTED_EDGE('',*,*,#5714,.T.);
#5714 = EDGE_CURVE('',#5690,#5715,#5717,.T.);
#5715 = VERTEX_POINT('',#5716);
#5716 = CARTESIAN_POINT('',(5.12,0.12,6.5));
#5717 = LINE('',#5718,#5719);
#5718 = CARTESIAN_POINT('',(5.12,-0.32,6.5));
#5719 = VECTOR('',#5720,1.);
#5720 = DIRECTION('',(1.224646799147E-16,1.,0.));
#5721 = ORIENTED_EDGE('',*,*,#5722,.T.);
#5722 = EDGE_CURVE('',#5715,#5012,#5723,.T.);
#5723 = LINE('',#5724,#5725);
#5724 = CARTESIAN_POINT('',(5.146666666667,0.146666666667,6.473333333333
    ));
#5725 = VECTOR('',#5726,1.);
#5726 = DIRECTION('',(0.57735026919,0.57735026919,-0.57735026919));
#5727 = ORIENTED_EDGE('',*,*,#5011,.F.);
#5728 = PLANE('',#5729);
#5729 = AXIS2_PLACEMENT_3D('',#5730,#5731,#5732);
#5730 = CARTESIAN_POINT('',(5.22,-0.32,6.4));
#5731 = DIRECTION('',(0.707106781187,-8.833102285013E-17,0.707106781187)
  );
#5732 = DIRECTION('',(-1.236918052038E-16,-1.,-1.227125289097E-18));
#5733 = ADVANCED_FACE('',(#5734),#5745,.T.);
#5734 = FACE_BOUND('',#5735,.F.);
#5735 = EDGE_LOOP('',(#5736,#5737,#5743,#5744));
#5736 = ORIENTED_EDGE('',*,*,#5722,.F.);
#5737 = ORIENTED_EDGE('',*,*,#5738,.T.);
#5738 = EDGE_CURVE('',#5715,#5667,#5739,.T.);
#5739 = LINE('',#5740,#5741);
#5740 = CARTESIAN_POINT('',(5.32,0.12,6.5));
#5741 = VECTOR('',#5742,1.);
#5742 = DIRECTION('',(-1.,1.224646799147E-16,0.));
#5743 = ORIENTED_EDGE('',*,*,#5674,.T.);
#5744 = ORIENTED_EDGE('',*,*,#5034,.F.);
#5745 = PLANE('',#5746);
#5746 = AXIS2_PLACEMENT_3D('',#5747,#5748,#5749);
#5747 = CARTESIAN_POINT('',(5.32,0.22,6.4));
#5748 = DIRECTION('',(8.833102285013E-17,0.707106781187,0.707106781187)
  );
#5749 = DIRECTION('',(1.,-1.236918052038E-16,-1.227125289097E-18));
#5750 = ADVANCED_FACE('',(#5751),#5776,.F.);
#5751 = FACE_BOUND('',#5752,.T.);
#5752 = EDGE_LOOP('',(#5753,#5761,#5769,#5775));
#5753 = ORIENTED_EDGE('',*,*,#5754,.F.);
#5754 = EDGE_CURVE('',#5755,#5052,#5757,.T.);
#5755 = VERTEX_POINT('',#5756);
#5756 = CARTESIAN_POINT('',(2.38,-0.12,6.5));
#5757 = LINE('',#5758,#5759);
#5758 = CARTESIAN_POINT('',(2.353333333333,-0.146666666667,
    6.473333333333));
#5759 = VECTOR('',#5760,1.);
#5760 = DIRECTION('',(-0.57735026919,-0.57735026919,-0.57735026919));
#5761 = ORIENTED_EDGE('',*,*,#5762,.T.);
#5762 = EDGE_CURVE('',#5755,#5763,#5765,.T.);
#5763 = VERTEX_POINT('',#5764);
#5764 = CARTESIAN_POINT('',(2.38,0.12,6.5));
#5765 = LINE('',#5766,#5767);
#5766 = CARTESIAN_POINT('',(2.38,-0.32,6.5));
#5767 = VECTOR('',#5768,1.);
#5768 = DIRECTION('',(1.224646799147E-16,1.,0.));
#5769 = ORIENTED_EDGE('',*,*,#5770,.T.);
#5770 = EDGE_CURVE('',#5763,#5060,#5771,.T.);
#5771 = LINE('',#5772,#5773);
#5772 = CARTESIAN_POINT('',(2.46,4.E-02,6.58));
#5773 = VECTOR('',#5774,1.);
#5774 = DIRECTION('',(-0.57735026919,0.57735026919,-0.57735026919));
#5775 = ORIENTED_EDGE('',*,*,#5059,.F.);
#5776 = PLANE('',#5777);
#5777 = AXIS2_PLACEMENT_3D('',#5778,#5779,#5780);
#5778 = CARTESIAN_POINT('',(2.28,-0.32,6.4));
#5779 = DIRECTION('',(0.707106781187,-8.486018839685E-17,-0.707106781187
    ));
#5780 = DIRECTION('',(-1.212375546256E-16,-1.,-1.227125289196E-18));
#5781 = ADVANCED_FACE('',(#5782),#5800,.T.);
#5782 = FACE_BOUND('',#5783,.F.);
#5783 = EDGE_LOOP('',(#5784,#5792,#5793,#5794));
#5784 = ORIENTED_EDGE('',*,*,#5785,.F.);
#5785 = EDGE_CURVE('',#5082,#5786,#5788,.T.);
#5786 = VERTEX_POINT('',#5787);
#5787 = CARTESIAN_POINT('',(2.62,-0.12,6.5));
#5788 = LINE('',#5789,#5790);
#5789 = CARTESIAN_POINT('',(2.753333333333,-0.253333333333,
    6.366666666667));
#5790 = VECTOR('',#5791,1.);
#5791 = DIRECTION('',(-0.57735026919,0.57735026919,0.57735026919));
#5792 = ORIENTED_EDGE('',*,*,#5091,.T.);
#5793 = ORIENTED_EDGE('',*,*,#5754,.F.);
#5794 = ORIENTED_EDGE('',*,*,#5795,.F.);
#5795 = EDGE_CURVE('',#5786,#5755,#5796,.T.);
#5796 = LINE('',#5797,#5798);
#5797 = CARTESIAN_POINT('',(2.82,-0.12,6.5));
#5798 = VECTOR('',#5799,1.);
#5799 = DIRECTION('',(-1.,1.224646799147E-16,0.));
#5800 = PLANE('',#5801);
#5801 = AXIS2_PLACEMENT_3D('',#5802,#5803,#5804);
#5802 = CARTESIAN_POINT('',(2.82,-0.22,6.4));
#5803 = DIRECTION('',(-8.833102285013E-17,-0.707106781187,0.707106781187
    ));
#5804 = DIRECTION('',(1.,-1.236918052038E-16,1.227125289097E-18));
#5805 = ADVANCED_FACE('',(#5806),#5824,.T.);
#5806 = FACE_BOUND('',#5807,.F.);
#5807 = EDGE_LOOP('',(#5808,#5809,#5817,#5823));
#5808 = ORIENTED_EDGE('',*,*,#5785,.T.);
#5809 = ORIENTED_EDGE('',*,*,#5810,.T.);
#5810 = EDGE_CURVE('',#5786,#5811,#5813,.T.);
#5811 = VERTEX_POINT('',#5812);
#5812 = CARTESIAN_POINT('',(2.62,0.12,6.5));
#5813 = LINE('',#5814,#5815);
#5814 = CARTESIAN_POINT('',(2.62,-0.32,6.5));
#5815 = VECTOR('',#5816,1.);
#5816 = DIRECTION('',(1.224646799147E-16,1.,0.));
#5817 = ORIENTED_EDGE('',*,*,#5818,.T.);
#5818 = EDGE_CURVE('',#5811,#5108,#5819,.T.);
#5819 = LINE('',#5820,#5821);
#5820 = CARTESIAN_POINT('',(2.646666666667,0.146666666667,6.473333333333
    ));
#5821 = VECTOR('',#5822,1.);
#5822 = DIRECTION('',(0.57735026919,0.57735026919,-0.57735026919));
#5823 = ORIENTED_EDGE('',*,*,#5107,.F.);
#5824 = PLANE('',#5825);
#5825 = AXIS2_PLACEMENT_3D('',#5826,#5827,#5828);
#5826 = CARTESIAN_POINT('',(2.72,-0.32,6.4));
#5827 = DIRECTION('',(0.707106781187,-8.833102285013E-17,0.707106781187)
  );
#5828 = DIRECTION('',(-1.236918052038E-16,-1.,-1.227125289097E-18));
#5829 = ADVANCED_FACE('',(#5830),#5841,.T.);
#5830 = FACE_BOUND('',#5831,.F.);
#5831 = EDGE_LOOP('',(#5832,#5833,#5839,#5840));
#5832 = ORIENTED_EDGE('',*,*,#5818,.F.);
#5833 = ORIENTED_EDGE('',*,*,#5834,.T.);
#5834 = EDGE_CURVE('',#5811,#5763,#5835,.T.);
#5835 = LINE('',#5836,#5837);
#5836 = CARTESIAN_POINT('',(2.82,0.12,6.5));
#5837 = VECTOR('',#5838,1.);
#5838 = DIRECTION('',(-1.,1.224646799147E-16,0.));
#5839 = ORIENTED_EDGE('',*,*,#5770,.T.);
#5840 = ORIENTED_EDGE('',*,*,#5130,.F.);
#5841 = PLANE('',#5842);
#5842 = AXIS2_PLACEMENT_3D('',#5843,#5844,#5845);
#5843 = CARTESIAN_POINT('',(2.82,0.22,6.4));
#5844 = DIRECTION('',(8.833102285013E-17,0.707106781187,0.707106781187)
  );
#5845 = DIRECTION('',(1.,-1.236918052038E-16,-1.227125289097E-18));
#5846 = ADVANCED_FACE('',(#5847),#5888,.F.);
#5847 = FACE_BOUND('',#5848,.T.);
#5848 = EDGE_LOOP('',(#5849,#5859,#5867,#5875,#5881,#5882));
#5849 = ORIENTED_EDGE('',*,*,#5850,.F.);
#5850 = EDGE_CURVE('',#5851,#5853,#5855,.T.);
#5851 = VERTEX_POINT('',#5852);
#5852 = CARTESIAN_POINT('',(-0.12,0.12,-3.4));
#5853 = VERTEX_POINT('',#5854);
#5854 = CARTESIAN_POINT('',(-0.317552593066,0.351192514695,
    -3.202447406934));
#5855 = LINE('',#5856,#5857);
#5856 = CARTESIAN_POINT('',(-0.153849098111,0.159613036666,
    -3.366150901889));
#5857 = VECTOR('',#5858,1.);
#5858 = DIRECTION('',(-0.544770019249,0.63753529491,0.544770019249));
#5859 = ORIENTED_EDGE('',*,*,#5860,.T.);
#5860 = EDGE_CURVE('',#5851,#5861,#5863,.T.);
#5861 = VERTEX_POINT('',#5862);
#5862 = CARTESIAN_POINT('',(-0.12,-0.12,-3.4));
#5863 = LINE('',#5864,#5865);
#5864 = CARTESIAN_POINT('',(-0.12,0.32,-3.4));
#5865 = VECTOR('',#5866,1.);
#5866 = DIRECTION('',(-1.224646799147E-16,-1.,0.));
#5867 = ORIENTED_EDGE('',*,*,#5868,.T.);
#5868 = EDGE_CURVE('',#5861,#5869,#5871,.T.);
#5869 = VERTEX_POINT('',#5870);
#5870 = CARTESIAN_POINT('',(-0.317552593066,-0.288807485305,
    -3.202447406934));
#5871 = LINE('',#5872,#5873);
#5872 = CARTESIAN_POINT('',(-3.848855660758E-02,-5.034896900541E-02,
    -3.481511443392));
#5873 = VECTOR('',#5874,1.);
#5874 = DIRECTION('',(-0.605209817607,-0.517148096144,0.605209817607));
#5875 = ORIENTED_EDGE('',*,*,#5876,.T.);
#5876 = EDGE_CURVE('',#5869,#5149,#5877,.T.);
#5877 = LINE('',#5878,#5879);
#5878 = CARTESIAN_POINT('',(-8.569083447332E-02,-0.325417236662,
    -3.434309165527));
#5879 = VECTOR('',#5880,1.);
#5880 = DIRECTION('',(-0.702740385383,0.110959008218,0.702740385383));
#5881 = ORIENTED_EDGE('',*,*,#5146,.F.);
#5882 = ORIENTED_EDGE('',*,*,#5883,.F.);
#5883 = EDGE_CURVE('',#5853,#5147,#5884,.T.);
#5884 = LINE('',#5885,#5886);
#5885 = CARTESIAN_POINT('',(-0.541586867305,0.386566347469,
    -2.978413132695));
#5886 = VECTOR('',#5887,1.);
#5887 = DIRECTION('',(-0.702740385383,0.110959008218,0.702740385383));
#5888 = PLANE('',#5889);
#5889 = AXIS2_PLACEMENT_3D('',#5890,#5891,#5892);
#5890 = CARTESIAN_POINT('',(-0.22,0.32,-3.3));
#5891 = DIRECTION('',(0.707106781187,-8.833102285013E-17,0.707106781187)
  );
#5892 = DIRECTION('',(1.236918052038E-16,1.,1.227125289097E-18));
#5893 = ADVANCED_FACE('',(#5894),#5919,.F.);
#5894 = FACE_BOUND('',#5895,.F.);
#5895 = EDGE_LOOP('',(#5896,#5897,#5903,#5904,#5905,#5913));
#5896 = ORIENTED_EDGE('',*,*,#5275,.F.);
#5897 = ORIENTED_EDGE('',*,*,#5898,.T.);
#5898 = EDGE_CURVE('',#5268,#5188,#5899,.T.);
#5899 = LINE('',#5900,#5901);
#5900 = CARTESIAN_POINT('',(0.32,0.62,-1.5));
#5901 = VECTOR('',#5902,1.);
#5902 = DIRECTION('',(-1.,1.224646799147E-16,0.));
#5903 = ORIENTED_EDGE('',*,*,#5195,.T.);
#5904 = ORIENTED_EDGE('',*,*,#5883,.F.);
#5905 = ORIENTED_EDGE('',*,*,#5906,.F.);
#5906 = EDGE_CURVE('',#5907,#5853,#5909,.T.);
#5907 = VERTEX_POINT('',#5908);
#5908 = CARTESIAN_POINT('',(0.317552593066,0.351192514695,
    -3.202447406934));
#5909 = LINE('',#5910,#5911);
#5910 = CARTESIAN_POINT('',(0.32,0.351192514695,-3.202447406934));
#5911 = VECTOR('',#5912,1.);
#5912 = DIRECTION('',(-1.,1.224646799147E-16,0.));
#5913 = ORIENTED_EDGE('',*,*,#5914,.T.);
#5914 = EDGE_CURVE('',#5907,#5234,#5915,.T.);
#5915 = LINE('',#5916,#5917);
#5916 = CARTESIAN_POINT('',(0.699616963064,0.411518467852,
    -2.820383036936));
#5917 = VECTOR('',#5918,1.);
#5918 = DIRECTION('',(0.702740385383,0.110959008218,0.702740385383));
#5919 = PLANE('',#5920);
#5920 = AXIS2_PLACEMENT_3D('',#5921,#5922,#5923);
#5921 = CARTESIAN_POINT('',(0.32,0.62,-1.5));
#5922 = DIRECTION('',(-1.209660753807E-16,-0.987762965329,0.155962573473
    ));
#5923 = DIRECTION('',(-1.909990663905E-17,-0.155962573473,
    -0.987762965329));
#5924 = ADVANCED_FACE('',(#5925),#5931,.F.);
#5925 = FACE_BOUND('',#5926,.F.);
#5926 = EDGE_LOOP('',(#5927,#5928,#5929,#5930));
#5927 = ORIENTED_EDGE('',*,*,#5292,.T.);
#5928 = ORIENTED_EDGE('',*,*,#5187,.T.);
#5929 = ORIENTED_EDGE('',*,*,#5898,.F.);
#5930 = ORIENTED_EDGE('',*,*,#5267,.F.);
#5931 = PLANE('',#5932);
#5932 = AXIS2_PLACEMENT_3D('',#5933,#5934,#5935);
#5933 = CARTESIAN_POINT('',(0.32,0.32,-0.9));
#5934 = DIRECTION('',(-1.095357396528E-16,-0.894427191,-0.4472135955));
#5935 = DIRECTION('',(5.476786982641E-17,0.4472135955,-0.894427191));
#5936 = ADVANCED_FACE('',(#5937),#5948,.F.);
#5937 = FACE_BOUND('',#5938,.F.);
#5938 = EDGE_LOOP('',(#5939,#5945,#5946,#5947));
#5939 = ORIENTED_EDGE('',*,*,#5940,.T.);
#5940 = EDGE_CURVE('',#5244,#5157,#5941,.T.);
#5941 = LINE('',#5942,#5943);
#5942 = CARTESIAN_POINT('',(0.32,-2.E-02,-1.5));
#5943 = VECTOR('',#5944,1.);
#5944 = DIRECTION('',(-1.,1.224646799147E-16,0.));
#5945 = ORIENTED_EDGE('',*,*,#5164,.T.);
#5946 = ORIENTED_EDGE('',*,*,#5217,.F.);
#5947 = ORIENTED_EDGE('',*,*,#5251,.F.);
#5948 = PLANE('',#5949);
#5949 = AXIS2_PLACEMENT_3D('',#5950,#5951,#5952);
#5950 = CARTESIAN_POINT('',(0.32,-2.E-02,-1.5));
#5951 = DIRECTION('',(1.095357396528E-16,0.894427191,0.4472135955));
#5952 = DIRECTION('',(-5.476786982641E-17,-0.4472135955,0.894427191));
#5953 = ADVANCED_FACE('',(#5954),#5974,.F.);
#5954 = FACE_BOUND('',#5955,.F.);
#5955 = EDGE_LOOP('',(#5956,#5957,#5965,#5971,#5972,#5973));
#5956 = ORIENTED_EDGE('',*,*,#5243,.F.);
#5957 = ORIENTED_EDGE('',*,*,#5958,.F.);
#5958 = EDGE_CURVE('',#5959,#5236,#5961,.T.);
#5959 = VERTEX_POINT('',#5960);
#5960 = CARTESIAN_POINT('',(0.317552593066,-0.288807485305,
    -3.202447406934));
#5961 = LINE('',#5962,#5963);
#5962 = CARTESIAN_POINT('',(0.243720930233,-0.300465116279,
    -3.276279069767));
#5963 = VECTOR('',#5964,1.);
#5964 = DIRECTION('',(0.702740385383,0.110959008218,0.702740385383));
#5965 = ORIENTED_EDGE('',*,*,#5966,.T.);
#5966 = EDGE_CURVE('',#5959,#5869,#5967,.T.);
#5967 = LINE('',#5968,#5969);
#5968 = CARTESIAN_POINT('',(0.32,-0.288807485305,-3.202447406934));
#5969 = VECTOR('',#5970,1.);
#5970 = DIRECTION('',(-1.,1.224646799147E-16,0.));
#5971 = ORIENTED_EDGE('',*,*,#5876,.T.);
#5972 = ORIENTED_EDGE('',*,*,#5156,.T.);
#5973 = ORIENTED_EDGE('',*,*,#5940,.F.);
#5974 = PLANE('',#5975);
#5975 = AXIS2_PLACEMENT_3D('',#5976,#5977,#5978);
#5976 = CARTESIAN_POINT('',(0.32,-0.32,-3.4));
#5977 = DIRECTION('',(1.209660753807E-16,0.987762965329,-0.155962573473)
  );
#5978 = DIRECTION('',(1.909990663905E-17,0.155962573473,0.987762965329)
  );
#5979 = ADVANCED_FACE('',(#5980),#6007,.T.);
#5980 = FACE_BOUND('',#5981,.F.);
#5981 = EDGE_LOOP('',(#5982,#5990,#5998,#6004,#6005,#6006));
#5982 = ORIENTED_EDGE('',*,*,#5983,.F.);
#5983 = EDGE_CURVE('',#5984,#5907,#5986,.T.);
#5984 = VERTEX_POINT('',#5985);
#5985 = CARTESIAN_POINT('',(0.12,0.12,-3.4));
#5986 = LINE('',#5987,#5988);
#5987 = CARTESIAN_POINT('',(0.24881689775,0.270752273427,-3.27118310225)
  );
#5988 = VECTOR('',#5989,1.);
#5989 = DIRECTION('',(0.544770019249,0.63753529491,0.544770019249));
#5990 = ORIENTED_EDGE('',*,*,#5991,.T.);
#5991 = EDGE_CURVE('',#5984,#5992,#5994,.T.);
#5992 = VERTEX_POINT('',#5993);
#5993 = CARTESIAN_POINT('',(0.12,-0.12,-3.4));
#5994 = LINE('',#5995,#5996);
#5995 = CARTESIAN_POINT('',(0.12,0.32,-3.4));
#5996 = VECTOR('',#5997,1.);
#5997 = DIRECTION('',(-1.224646799147E-16,-1.,0.));
#5998 = ORIENTED_EDGE('',*,*,#5999,.T.);
#5999 = EDGE_CURVE('',#5992,#5959,#6000,.T.);
#6000 = LINE('',#6001,#6002);
#6001 = CARTESIAN_POINT('',(0.155697812072,-0.150503562587,
    -3.364302187928));
#6002 = VECTOR('',#6003,1.);
#6003 = DIRECTION('',(0.605209817607,-0.517148096144,0.605209817607));
#6004 = ORIENTED_EDGE('',*,*,#5958,.T.);
#6005 = ORIENTED_EDGE('',*,*,#5233,.F.);
#6006 = ORIENTED_EDGE('',*,*,#5914,.F.);
#6007 = PLANE('',#6008);
#6008 = AXIS2_PLACEMENT_3D('',#6009,#6010,#6011);
#6009 = CARTESIAN_POINT('',(0.22,0.32,-3.3));
#6010 = DIRECTION('',(0.707106781187,-8.486018839685E-17,-0.707106781187
    ));
#6011 = DIRECTION('',(1.212375546256E-16,1.,1.227125289196E-18));
#6012 = ADVANCED_FACE('',(#6013),#6038,.F.);
#6013 = FACE_BOUND('',#6014,.T.);
#6014 = EDGE_LOOP('',(#6015,#6023,#6031,#6037));
#6015 = ORIENTED_EDGE('',*,*,#6016,.F.);
#6016 = EDGE_CURVE('',#6017,#5307,#6019,.T.);
#6017 = VERTEX_POINT('',#6018);
#6018 = CARTESIAN_POINT('',(2.38,0.12,-3.4));
#6019 = LINE('',#6020,#6021);
#6020 = CARTESIAN_POINT('',(2.353333333333,0.146666666667,
    -3.373333333333));
#6021 = VECTOR('',#6022,1.);
#6022 = DIRECTION('',(-0.57735026919,0.57735026919,0.57735026919));
#6023 = ORIENTED_EDGE('',*,*,#6024,.T.);
#6024 = EDGE_CURVE('',#6017,#6025,#6027,.T.);
#6025 = VERTEX_POINT('',#6026);
#6026 = CARTESIAN_POINT('',(2.38,-0.12,-3.4));
#6027 = LINE('',#6028,#6029);
#6028 = CARTESIAN_POINT('',(2.38,0.32,-3.4));
#6029 = VECTOR('',#6030,1.);
#6030 = DIRECTION('',(-1.224646799147E-16,-1.,0.));
#6031 = ORIENTED_EDGE('',*,*,#6032,.T.);
#6032 = EDGE_CURVE('',#6025,#5309,#6033,.T.);
#6033 = LINE('',#6034,#6035);
#6034 = CARTESIAN_POINT('',(2.46,-4.E-02,-3.48));
#6035 = VECTOR('',#6036,1.);
#6036 = DIRECTION('',(-0.57735026919,-0.57735026919,0.57735026919));
#6037 = ORIENTED_EDGE('',*,*,#5306,.F.);
#6038 = PLANE('',#6039);
#6039 = AXIS2_PLACEMENT_3D('',#6040,#6041,#6042);
#6040 = CARTESIAN_POINT('',(2.28,0.32,-3.3));
#6041 = DIRECTION('',(0.707106781187,-8.833102285013E-17,0.707106781187)
  );
#6042 = DIRECTION('',(1.236918052038E-16,1.,1.227125289097E-18));
#6043 = ADVANCED_FACE('',(#6044),#6062,.T.);
#6044 = FACE_BOUND('',#6045,.F.);
#6045 = EDGE_LOOP('',(#6046,#6054,#6060,#6061));
#6046 = ORIENTED_EDGE('',*,*,#6047,.F.);
#6047 = EDGE_CURVE('',#6048,#5338,#6050,.T.);
#6048 = VERTEX_POINT('',#6049);
#6049 = CARTESIAN_POINT('',(2.62,-0.12,-3.4));
#6050 = LINE('',#6051,#6052);
#6051 = CARTESIAN_POINT('',(2.646666666667,-0.146666666667,
    -3.373333333333));
#6052 = VECTOR('',#6053,1.);
#6053 = DIRECTION('',(0.57735026919,-0.57735026919,0.57735026919));
#6054 = ORIENTED_EDGE('',*,*,#6055,.T.);
#6055 = EDGE_CURVE('',#6048,#6025,#6056,.T.);
#6056 = LINE('',#6057,#6058);
#6057 = CARTESIAN_POINT('',(2.82,-0.12,-3.4));
#6058 = VECTOR('',#6059,1.);
#6059 = DIRECTION('',(-1.,1.224646799147E-16,0.));
#6060 = ORIENTED_EDGE('',*,*,#6032,.T.);
#6061 = ORIENTED_EDGE('',*,*,#5345,.F.);
#6062 = PLANE('',#6063);
#6063 = AXIS2_PLACEMENT_3D('',#6064,#6065,#6066);
#6064 = CARTESIAN_POINT('',(2.82,-0.22,-3.3));
#6065 = DIRECTION('',(-8.486018839685E-17,-0.707106781187,
    -0.707106781187));
#6066 = DIRECTION('',(1.,-1.212375546256E-16,1.227125289196E-18));
#6067 = ADVANCED_FACE('',(#6068),#6086,.T.);
#6068 = FACE_BOUND('',#6069,.F.);
#6069 = EDGE_LOOP('',(#6070,#6078,#6084,#6085));
#6070 = ORIENTED_EDGE('',*,*,#6071,.F.);
#6071 = EDGE_CURVE('',#6072,#5362,#6074,.T.);
#6072 = VERTEX_POINT('',#6073);
#6073 = CARTESIAN_POINT('',(2.62,0.12,-3.4));
#6074 = LINE('',#6075,#6076);
#6075 = CARTESIAN_POINT('',(2.753333333333,0.253333333333,
    -3.266666666667));
#6076 = VECTOR('',#6077,1.);
#6077 = DIRECTION('',(0.57735026919,0.57735026919,0.57735026919));
#6078 = ORIENTED_EDGE('',*,*,#6079,.T.);
#6079 = EDGE_CURVE('',#6072,#6048,#6080,.T.);
#6080 = LINE('',#6081,#6082);
#6081 = CARTESIAN_POINT('',(2.62,0.32,-3.4));
#6082 = VECTOR('',#6083,1.);
#6083 = DIRECTION('',(-1.224646799147E-16,-1.,0.));
#6084 = ORIENTED_EDGE('',*,*,#6047,.T.);
#6085 = ORIENTED_EDGE('',*,*,#5361,.F.);
#6086 = PLANE('',#6087);
#6087 = AXIS2_PLACEMENT_3D('',#6088,#6089,#6090);
#6088 = CARTESIAN_POINT('',(2.72,0.32,-3.3));
#6089 = DIRECTION('',(0.707106781187,-8.486018839685E-17,-0.707106781187
    ));
#6090 = DIRECTION('',(1.212375546256E-16,1.,1.227125289196E-18));
#6091 = ADVANCED_FACE('',(#6092),#6103,.T.);
#6092 = FACE_BOUND('',#6093,.T.);
#6093 = EDGE_LOOP('',(#6094,#6095,#6101,#6102));
#6094 = ORIENTED_EDGE('',*,*,#6071,.F.);
#6095 = ORIENTED_EDGE('',*,*,#6096,.T.);
#6096 = EDGE_CURVE('',#6072,#6017,#6097,.T.);
#6097 = LINE('',#6098,#6099);
#6098 = CARTESIAN_POINT('',(2.82,0.12,-3.4));
#6099 = VECTOR('',#6100,1.);
#6100 = DIRECTION('',(-1.,1.224646799147E-16,0.));
#6101 = ORIENTED_EDGE('',*,*,#6016,.T.);
#6102 = ORIENTED_EDGE('',*,*,#5388,.F.);
#6103 = PLANE('',#6104);
#6104 = AXIS2_PLACEMENT_3D('',#6105,#6106,#6107);
#6105 = CARTESIAN_POINT('',(2.82,0.22,-3.3));
#6106 = DIRECTION('',(8.486018839685E-17,0.707106781187,-0.707106781187)
  );
#6107 = DIRECTION('',(-1.,1.212375546256E-16,1.227125289196E-18));
#6108 = ADVANCED_FACE('',(#6109),#6150,.F.);
#6109 = FACE_BOUND('',#6110,.T.);
#6110 = EDGE_LOOP('',(#6111,#6121,#6129,#6137,#6143,#6144));
#6111 = ORIENTED_EDGE('',*,*,#6112,.F.);
#6112 = EDGE_CURVE('',#6113,#6115,#6117,.T.);
#6113 = VERTEX_POINT('',#6114);
#6114 = CARTESIAN_POINT('',(4.88,0.12,-3.4));
#6115 = VERTEX_POINT('',#6116);
#6116 = CARTESIAN_POINT('',(4.682447406934,0.351192514695,
    -3.202447406934));
#6117 = LINE('',#6118,#6119);
#6118 = CARTESIAN_POINT('',(4.846150901889,0.159613036666,
    -3.366150901889));
#6119 = VECTOR('',#6120,1.);
#6120 = DIRECTION('',(-0.544770019249,0.63753529491,0.544770019249));
#6121 = ORIENTED_EDGE('',*,*,#6122,.T.);
#6122 = EDGE_CURVE('',#6113,#6123,#6125,.T.);
#6123 = VERTEX_POINT('',#6124);
#6124 = CARTESIAN_POINT('',(4.88,-0.12,-3.4));
#6125 = LINE('',#6126,#6127);
#6126 = CARTESIAN_POINT('',(4.88,0.32,-3.4));
#6127 = VECTOR('',#6128,1.);
#6128 = DIRECTION('',(-1.224646799147E-16,-1.,0.));
#6129 = ORIENTED_EDGE('',*,*,#6130,.T.);
#6130 = EDGE_CURVE('',#6123,#6131,#6133,.T.);
#6131 = VERTEX_POINT('',#6132);
#6132 = CARTESIAN_POINT('',(4.682447406934,-0.288807485305,
    -3.202447406934));
#6133 = LINE('',#6134,#6135);
#6134 = CARTESIAN_POINT('',(4.961511443392,-5.034896900541E-02,
    -3.481511443392));
#6135 = VECTOR('',#6136,1.);
#6136 = DIRECTION('',(-0.605209817607,-0.517148096144,0.605209817607));
#6137 = ORIENTED_EDGE('',*,*,#6138,.T.);
#6138 = EDGE_CURVE('',#6131,#5405,#6139,.T.);
#6139 = LINE('',#6140,#6141);
#6140 = CARTESIAN_POINT('',(4.914309165527,-0.325417236662,
    -3.434309165527));
#6141 = VECTOR('',#6142,1.);
#6142 = DIRECTION('',(-0.702740385383,0.110959008218,0.702740385383));
#6143 = ORIENTED_EDGE('',*,*,#5402,.F.);
#6144 = ORIENTED_EDGE('',*,*,#6145,.F.);
#6145 = EDGE_CURVE('',#6115,#5403,#6146,.T.);
#6146 = LINE('',#6147,#6148);
#6147 = CARTESIAN_POINT('',(4.458413132695,0.386566347469,
    -2.978413132695));
#6148 = VECTOR('',#6149,1.);
#6149 = DIRECTION('',(-0.702740385383,0.110959008218,0.702740385383));
#6150 = PLANE('',#6151);
#6151 = AXIS2_PLACEMENT_3D('',#6152,#6153,#6154);
#6152 = CARTESIAN_POINT('',(4.78,0.32,-3.3));
#6153 = DIRECTION('',(0.707106781187,-8.833102285013E-17,0.707106781187)
  );
#6154 = DIRECTION('',(1.236918052038E-16,1.,1.227125289097E-18));
#6155 = ADVANCED_FACE('',(#6156),#6181,.F.);
#6156 = FACE_BOUND('',#6157,.F.);
#6157 = EDGE_LOOP('',(#6158,#6159,#6165,#6166,#6167,#6175));
#6158 = ORIENTED_EDGE('',*,*,#5531,.F.);
#6159 = ORIENTED_EDGE('',*,*,#6160,.T.);
#6160 = EDGE_CURVE('',#5524,#5444,#6161,.T.);
#6161 = LINE('',#6162,#6163);
#6162 = CARTESIAN_POINT('',(5.32,0.62,-1.5));
#6163 = VECTOR('',#6164,1.);
#6164 = DIRECTION('',(-1.,1.224646799147E-16,0.));
#6165 = ORIENTED_EDGE('',*,*,#5451,.T.);
#6166 = ORIENTED_EDGE('',*,*,#6145,.F.);
#6167 = ORIENTED_EDGE('',*,*,#6168,.F.);
#6168 = EDGE_CURVE('',#6169,#6115,#6171,.T.);
#6169 = VERTEX_POINT('',#6170);
#6170 = CARTESIAN_POINT('',(5.317552593066,0.351192514695,
    -3.202447406934));
#6171 = LINE('',#6172,#6173);
#6172 = CARTESIAN_POINT('',(5.32,0.351192514695,-3.202447406934));
#6173 = VECTOR('',#6174,1.);
#6174 = DIRECTION('',(-1.,1.224646799147E-16,0.));
#6175 = ORIENTED_EDGE('',*,*,#6176,.T.);
#6176 = EDGE_CURVE('',#6169,#5490,#6177,.T.);
#6177 = LINE('',#6178,#6179);
#6178 = CARTESIAN_POINT('',(5.699616963064,0.411518467852,
    -2.820383036936));
#6179 = VECTOR('',#6180,1.);
#6180 = DIRECTION('',(0.702740385383,0.110959008218,0.702740385383));
#6181 = PLANE('',#6182);
#6182 = AXIS2_PLACEMENT_3D('',#6183,#6184,#6185);
#6183 = CARTESIAN_POINT('',(5.32,0.62,-1.5));
#6184 = DIRECTION('',(-1.209660753807E-16,-0.987762965329,0.155962573473
    ));
#6185 = DIRECTION('',(-1.909990663905E-17,-0.155962573473,
    -0.987762965329));
#6186 = ADVANCED_FACE('',(#6187),#6193,.F.);
#6187 = FACE_BOUND('',#6188,.F.);
#6188 = EDGE_LOOP('',(#6189,#6190,#6191,#6192));
#6189 = ORIENTED_EDGE('',*,*,#5548,.T.);
#6190 = ORIENTED_EDGE('',*,*,#5443,.T.);
#6191 = ORIENTED_EDGE('',*,*,#6160,.F.);
#6192 = ORIENTED_EDGE('',*,*,#5523,.F.);
#6193 = PLANE('',#6194);
#6194 = AXIS2_PLACEMENT_3D('',#6195,#6196,#6197);
#6195 = CARTESIAN_POINT('',(5.32,0.32,-0.9));
#6196 = DIRECTION('',(-1.095357396528E-16,-0.894427191,-0.4472135955));
#6197 = DIRECTION('',(5.476786982641E-17,0.4472135955,-0.894427191));
#6198 = ADVANCED_FACE('',(#6199),#6210,.F.);
#6199 = FACE_BOUND('',#6200,.F.);
#6200 = EDGE_LOOP('',(#6201,#6207,#6208,#6209));
#6201 = ORIENTED_EDGE('',*,*,#6202,.T.);
#6202 = EDGE_CURVE('',#5500,#5413,#6203,.T.);
#6203 = LINE('',#6204,#6205);
#6204 = CARTESIAN_POINT('',(5.32,-2.E-02,-1.5));
#6205 = VECTOR('',#6206,1.);
#6206 = DIRECTION('',(-1.,1.224646799147E-16,0.));
#6207 = ORIENTED_EDGE('',*,*,#5420,.T.);
#6208 = ORIENTED_EDGE('',*,*,#5473,.F.);
#6209 = ORIENTED_EDGE('',*,*,#5507,.F.);
#6210 = PLANE('',#6211);
#6211 = AXIS2_PLACEMENT_3D('',#6212,#6213,#6214);
#6212 = CARTESIAN_POINT('',(5.32,-2.E-02,-1.5));
#6213 = DIRECTION('',(1.095357396528E-16,0.894427191,0.4472135955));
#6214 = DIRECTION('',(-5.476786982641E-17,-0.4472135955,0.894427191));
#6215 = ADVANCED_FACE('',(#6216),#6236,.F.);
#6216 = FACE_BOUND('',#6217,.F.);
#6217 = EDGE_LOOP('',(#6218,#6219,#6227,#6233,#6234,#6235));
#6218 = ORIENTED_EDGE('',*,*,#5499,.F.);
#6219 = ORIENTED_EDGE('',*,*,#6220,.F.);
#6220 = EDGE_CURVE('',#6221,#5492,#6223,.T.);
#6221 = VERTEX_POINT('',#6222);
#6222 = CARTESIAN_POINT('',(5.317552593066,-0.288807485305,
    -3.202447406934));
#6223 = LINE('',#6224,#6225);
#6224 = CARTESIAN_POINT('',(5.243720930233,-0.300465116279,
    -3.276279069767));
#6225 = VECTOR('',#6226,1.);
#6226 = DIRECTION('',(0.702740385383,0.110959008218,0.702740385383));
#6227 = ORIENTED_EDGE('',*,*,#6228,.T.);
#6228 = EDGE_CURVE('',#6221,#6131,#6229,.T.);
#6229 = LINE('',#6230,#6231);
#6230 = CARTESIAN_POINT('',(5.32,-0.288807485305,-3.202447406934));
#6231 = VECTOR('',#6232,1.);
#6232 = DIRECTION('',(-1.,1.224646799147E-16,0.));
#6233 = ORIENTED_EDGE('',*,*,#6138,.T.);
#6234 = ORIENTED_EDGE('',*,*,#5412,.T.);
#6235 = ORIENTED_EDGE('',*,*,#6202,.F.);
#6236 = PLANE('',#6237);
#6237 = AXIS2_PLACEMENT_3D('',#6238,#6239,#6240);
#6238 = CARTESIAN_POINT('',(5.32,-0.32,-3.4));
#6239 = DIRECTION('',(1.209660753807E-16,0.987762965329,-0.155962573473)
  );
#6240 = DIRECTION('',(1.909990663905E-17,0.155962573473,0.987762965329)
  );
#6241 = ADVANCED_FACE('',(#6242),#6269,.T.);
#6242 = FACE_BOUND('',#6243,.F.);
#6243 = EDGE_LOOP('',(#6244,#6252,#6260,#6266,#6267,#6268));
#6244 = ORIENTED_EDGE('',*,*,#6245,.F.);
#6245 = EDGE_CURVE('',#6246,#6169,#6248,.T.);
#6246 = VERTEX_POINT('',#6247);
#6247 = CARTESIAN_POINT('',(5.12,0.12,-3.4));
#6248 = LINE('',#6249,#6250);
#6249 = CARTESIAN_POINT('',(5.24881689775,0.270752273427,-3.27118310225)
  );
#6250 = VECTOR('',#6251,1.);
#6251 = DIRECTION('',(0.544770019249,0.63753529491,0.544770019249));
#6252 = ORIENTED_EDGE('',*,*,#6253,.T.);
#6253 = EDGE_CURVE('',#6246,#6254,#6256,.T.);
#6254 = VERTEX_POINT('',#6255);
#6255 = CARTESIAN_POINT('',(5.12,-0.12,-3.4));
#6256 = LINE('',#6257,#6258);
#6257 = CARTESIAN_POINT('',(5.12,0.32,-3.4));
#6258 = VECTOR('',#6259,1.);
#6259 = DIRECTION('',(-1.224646799147E-16,-1.,0.));
#6260 = ORIENTED_EDGE('',*,*,#6261,.T.);
#6261 = EDGE_CURVE('',#6254,#6221,#6262,.T.);
#6262 = LINE('',#6263,#6264);
#6263 = CARTESIAN_POINT('',(5.155697812072,-0.150503562587,
    -3.364302187928));
#6264 = VECTOR('',#6265,1.);
#6265 = DIRECTION('',(0.605209817607,-0.517148096144,0.605209817607));
#6266 = ORIENTED_EDGE('',*,*,#6220,.T.);
#6267 = ORIENTED_EDGE('',*,*,#5489,.F.);
#6268 = ORIENTED_EDGE('',*,*,#6176,.F.);
#6269 = PLANE('',#6270);
#6270 = AXIS2_PLACEMENT_3D('',#6271,#6272,#6273);
#6271 = CARTESIAN_POINT('',(5.22,0.32,-3.3));
#6272 = DIRECTION('',(0.707106781187,-8.486018839685E-17,-0.707106781187
    ));
#6273 = DIRECTION('',(1.212375546256E-16,1.,1.227125289196E-18));
#6274 = ADVANCED_FACE('',(#6275),#6281,.F.);
#6275 = FACE_BOUND('',#6276,.F.);
#6276 = EDGE_LOOP('',(#6277,#6278,#6279,#6280));
#6277 = ORIENTED_EDGE('',*,*,#5570,.T.);
#6278 = ORIENTED_EDGE('',*,*,#5642,.F.);
#6279 = ORIENTED_EDGE('',*,*,#5618,.F.);
#6280 = ORIENTED_EDGE('',*,*,#5603,.T.);
#6281 = PLANE('',#6282);
#6282 = AXIS2_PLACEMENT_3D('',#6283,#6284,#6285);
#6283 = CARTESIAN_POINT('',(0.32,-0.32,6.5));
#6284 = DIRECTION('',(-0.,0.,-1.));
#6285 = DIRECTION('',(1.224646799147E-16,1.,0.));
#6286 = ADVANCED_FACE('',(#6287),#6293,.F.);
#6287 = FACE_BOUND('',#6288,.F.);
#6288 = EDGE_LOOP('',(#6289,#6290,#6291,#6292));
#6289 = ORIENTED_EDGE('',*,*,#5666,.T.);
#6290 = ORIENTED_EDGE('',*,*,#5738,.F.);
#6291 = ORIENTED_EDGE('',*,*,#5714,.F.);
#6292 = ORIENTED_EDGE('',*,*,#5699,.T.);
#6293 = PLANE('',#6294);
#6294 = AXIS2_PLACEMENT_3D('',#6295,#6296,#6297);
#6295 = CARTESIAN_POINT('',(5.32,-0.32,6.5));
#6296 = DIRECTION('',(-0.,0.,-1.));
#6297 = DIRECTION('',(1.224646799147E-16,1.,0.));
#6298 = ADVANCED_FACE('',(#6299),#6305,.F.);
#6299 = FACE_BOUND('',#6300,.F.);
#6300 = EDGE_LOOP('',(#6301,#6302,#6303,#6304));
#6301 = ORIENTED_EDGE('',*,*,#5834,.F.);
#6302 = ORIENTED_EDGE('',*,*,#5810,.F.);
#6303 = ORIENTED_EDGE('',*,*,#5795,.T.);
#6304 = ORIENTED_EDGE('',*,*,#5762,.T.);
#6305 = PLANE('',#6306);
#6306 = AXIS2_PLACEMENT_3D('',#6307,#6308,#6309);
#6307 = CARTESIAN_POINT('',(2.82,-0.32,6.5));
#6308 = DIRECTION('',(-0.,0.,-1.));
#6309 = DIRECTION('',(1.224646799147E-16,1.,0.));
#6310 = ADVANCED_FACE('',(#6311),#6322,.T.);
#6311 = FACE_BOUND('',#6312,.T.);
#6312 = EDGE_LOOP('',(#6313,#6314,#6320,#6321));
#6313 = ORIENTED_EDGE('',*,*,#5983,.F.);
#6314 = ORIENTED_EDGE('',*,*,#6315,.T.);
#6315 = EDGE_CURVE('',#5984,#5851,#6316,.T.);
#6316 = LINE('',#6317,#6318);
#6317 = CARTESIAN_POINT('',(0.32,0.12,-3.4));
#6318 = VECTOR('',#6319,1.);
#6319 = DIRECTION('',(-1.,1.224646799147E-16,0.));
#6320 = ORIENTED_EDGE('',*,*,#5850,.T.);
#6321 = ORIENTED_EDGE('',*,*,#5906,.F.);
#6322 = PLANE('',#6323);
#6323 = AXIS2_PLACEMENT_3D('',#6324,#6325,#6326);
#6324 = CARTESIAN_POINT('',(0.32,0.235596257347,-3.301223703467));
#6325 = DIRECTION('',(8.302774088379E-17,0.64962967394,-0.760250805153)
  );
#6326 = DIRECTION('',(-1.,1.247195775152E-16,-2.638869166629E-18));
#6327 = ADVANCED_FACE('',(#6328),#6339,.F.);
#6328 = FACE_BOUND('',#6329,.F.);
#6329 = EDGE_LOOP('',(#6330,#6331,#6332,#6338));
#6330 = ORIENTED_EDGE('',*,*,#6315,.T.);
#6331 = ORIENTED_EDGE('',*,*,#5860,.T.);
#6332 = ORIENTED_EDGE('',*,*,#6333,.F.);
#6333 = EDGE_CURVE('',#5992,#5861,#6334,.T.);
#6334 = LINE('',#6335,#6336);
#6335 = CARTESIAN_POINT('',(0.32,-0.12,-3.4));
#6336 = VECTOR('',#6337,1.);
#6337 = DIRECTION('',(-1.,1.224646799147E-16,0.));
#6338 = ORIENTED_EDGE('',*,*,#5991,.F.);
#6339 = PLANE('',#6340);
#6340 = AXIS2_PLACEMENT_3D('',#6341,#6342,#6343);
#6341 = CARTESIAN_POINT('',(0.32,0.32,-3.4));
#6342 = DIRECTION('',(0.,0.,1.));
#6343 = DIRECTION('',(-1.224646799147E-16,-1.,0.));
#6344 = ADVANCED_FACE('',(#6345),#6351,.T.);
#6345 = FACE_BOUND('',#6346,.F.);
#6346 = EDGE_LOOP('',(#6347,#6348,#6349,#6350));
#6347 = ORIENTED_EDGE('',*,*,#5999,.F.);
#6348 = ORIENTED_EDGE('',*,*,#6333,.T.);
#6349 = ORIENTED_EDGE('',*,*,#5868,.T.);
#6350 = ORIENTED_EDGE('',*,*,#5966,.F.);
#6351 = PLANE('',#6352);
#6352 = AXIS2_PLACEMENT_3D('',#6353,#6354,#6355);
#6353 = CARTESIAN_POINT('',(0.32,-0.204403742653,-3.301223703467));
#6354 = DIRECTION('',(-9.310387150808E-17,-0.760250805153,-0.64962967394
    ));
#6355 = DIRECTION('',(1.,-1.224646799148E-16,-5.515863360725E-29));
#6356 = ADVANCED_FACE('',(#6357),#6363,.F.);
#6357 = FACE_BOUND('',#6358,.F.);
#6358 = EDGE_LOOP('',(#6359,#6360,#6361,#6362));
#6359 = ORIENTED_EDGE('',*,*,#6079,.F.);
#6360 = ORIENTED_EDGE('',*,*,#6096,.T.);
#6361 = ORIENTED_EDGE('',*,*,#6024,.T.);
#6362 = ORIENTED_EDGE('',*,*,#6055,.F.);
#6363 = PLANE('',#6364);
#6364 = AXIS2_PLACEMENT_3D('',#6365,#6366,#6367);
#6365 = CARTESIAN_POINT('',(2.82,0.32,-3.4));
#6366 = DIRECTION('',(0.,0.,1.));
#6367 = DIRECTION('',(-1.224646799147E-16,-1.,0.));
#6368 = ADVANCED_FACE('',(#6369),#6380,.T.);
#6369 = FACE_BOUND('',#6370,.T.);
#6370 = EDGE_LOOP('',(#6371,#6372,#6378,#6379));
#6371 = ORIENTED_EDGE('',*,*,#6245,.F.);
#6372 = ORIENTED_EDGE('',*,*,#6373,.T.);
#6373 = EDGE_CURVE('',#6246,#6113,#6374,.T.);
#6374 = LINE('',#6375,#6376);
#6375 = CARTESIAN_POINT('',(5.32,0.12,-3.4));
#6376 = VECTOR('',#6377,1.);
#6377 = DIRECTION('',(-1.,1.224646799147E-16,0.));
#6378 = ORIENTED_EDGE('',*,*,#6112,.T.);
#6379 = ORIENTED_EDGE('',*,*,#6168,.F.);
#6380 = PLANE('',#6381);
#6381 = AXIS2_PLACEMENT_3D('',#6382,#6383,#6384);
#6382 = CARTESIAN_POINT('',(5.32,0.235596257347,-3.301223703467));
#6383 = DIRECTION('',(8.302774088379E-17,0.64962967394,-0.760250805153)
  );
#6384 = DIRECTION('',(-1.,1.247195775152E-16,-2.638869166629E-18));
#6385 = ADVANCED_FACE('',(#6386),#6397,.F.);
#6386 = FACE_BOUND('',#6387,.F.);
#6387 = EDGE_LOOP('',(#6388,#6389,#6390,#6396));
#6388 = ORIENTED_EDGE('',*,*,#6373,.T.);
#6389 = ORIENTED_EDGE('',*,*,#6122,.T.);
#6390 = ORIENTED_EDGE('',*,*,#6391,.F.);
#6391 = EDGE_CURVE('',#6254,#6123,#6392,.T.);
#6392 = LINE('',#6393,#6394);
#6393 = CARTESIAN_POINT('',(5.32,-0.12,-3.4));
#6394 = VECTOR('',#6395,1.);
#6395 = DIRECTION('',(-1.,1.224646799147E-16,0.));
#6396 = ORIENTED_EDGE('',*,*,#6253,.F.);
#6397 = PLANE('',#6398);
#6398 = AXIS2_PLACEMENT_3D('',#6399,#6400,#6401);
#6399 = CARTESIAN_POINT('',(5.32,0.32,-3.4));
#6400 = DIRECTION('',(0.,0.,1.));
#6401 = DIRECTION('',(-1.224646799147E-16,-1.,0.));
#6402 = ADVANCED_FACE('',(#6403),#6409,.T.);
#6403 = FACE_BOUND('',#6404,.F.);
#6404 = EDGE_LOOP('',(#6405,#6406,#6407,#6408));
#6405 = ORIENTED_EDGE('',*,*,#6261,.F.);
#6406 = ORIENTED_EDGE('',*,*,#6391,.T.);
#6407 = ORIENTED_EDGE('',*,*,#6130,.T.);
#6408 = ORIENTED_EDGE('',*,*,#6228,.F.);
#6409 = PLANE('',#6410);
#6410 = AXIS2_PLACEMENT_3D('',#6411,#6412,#6413);
#6411 = CARTESIAN_POINT('',(5.32,-0.204403742653,-3.301223703467));
#6412 = DIRECTION('',(-9.310387150808E-17,-0.760250805153,-0.64962967394
    ));
#6413 = DIRECTION('',(1.,-1.224646799148E-16,-5.515863360725E-29));
#6414 = ( GEOMETRIC_REPRESENTATION_CONTEXT(3) 
GLOBAL_UNCERTAINTY_ASSIGNED_CONTEXT((#6418)) 
GLOBAL_UNIT_ASSIGNED_CONTEXT((#6415,#6416,#6417)) REPRESENTATION_CONTEXT
('Context #1','3D Context with UNIT and UNCERTAINTY') );
#6415 = ( LENGTH_UNIT() NAMED_UNIT(*) SI_UNIT(.MILLI.,.METRE.) );
#6416 = ( NAMED_UNIT(*) PLANE_ANGLE_UNIT() SI_UNIT($,.RADIAN.) );
#6417 = ( NAMED_UNIT(*) SI_UNIT($,.STERADIAN.) SOLID_ANGLE_UNIT() );
#6418 = UNCERTAINTY_MEASURE_WITH_UNIT(LENGTH_MEASURE(1.E-07),#6415,
  'distance_accuracy_value','confusion accuracy');
#6419 = CONTEXT_DEPENDENT_SHAPE_REPRESENTATION(#6420,#6422);
#6420 = ( REPRESENTATION_RELATIONSHIP('','',#2892,#10) 
REPRESENTATION_RELATIONSHIP_WITH_TRANSFORMATION(#6421) 
SHAPE_REPRESENTATION_RELATIONSHIP() );
#6421 = ITEM_DEFINED_TRANSFORMATION('','',#11,#27);
#6422 = PRODUCT_DEFINITION_SHAPE('Placement','Placement of an item',
  #6423);
#6423 = NEXT_ASSEMBLY_USAGE_OCCURRENCE('4','J2','',#5,#2887,$);
#6424 = PRODUCT_RELATED_PRODUCT_CATEGORY('part',$,(#2889));
#6425 = CONTEXT_DEPENDENT_SHAPE_REPRESENTATION(#6426,#6428);
#6426 = ( REPRESENTATION_RELATIONSHIP('','',#80,#10) 
REPRESENTATION_RELATIONSHIP_WITH_TRANSFORMATION(#6427) 
SHAPE_REPRESENTATION_RELATIONSHIP() );
#6427 = ITEM_DEFINED_TRANSFORMATION('','',#11,#31);
#6428 = PRODUCT_DEFINITION_SHAPE('Placement','Placement of an item',
  #6429);
#6429 = NEXT_ASSEMBLY_USAGE_OCCURRENCE('5','R1','',#5,#75,$);
#6430 = CONTEXT_DEPENDENT_SHAPE_REPRESENTATION(#6431,#6433);
#6431 = ( REPRESENTATION_RELATIONSHIP('','',#2892,#10) 
REPRESENTATION_RELATIONSHIP_WITH_TRANSFORMATION(#6432) 
SHAPE_REPRESENTATION_RELATIONSHIP() );
#6432 = ITEM_DEFINED_TRANSFORMATION('','',#11,#35);
#6433 = PRODUCT_DEFINITION_SHAPE('Placement','Placement of an item',
  #6434);
#6434 = NEXT_ASSEMBLY_USAGE_OCCURRENCE('6','J0','',#5,#2887,$);
#6435 = CONTEXT_DEPENDENT_SHAPE_REPRESENTATION(#6436,#6438);
#6436 = ( REPRESENTATION_RELATIONSHIP('','',#767,#10) 
REPRESENTATION_RELATIONSHIP_WITH_TRANSFORMATION(#6437) 
SHAPE_REPRESENTATION_RELATIONSHIP() );
#6437 = ITEM_DEFINED_TRANSFORMATION('','',#11,#39);
#6438 = PRODUCT_DEFINITION_SHAPE('Placement','Placement of an item',
  #6439);
#6439 = NEXT_ASSEMBLY_USAGE_OCCURRENCE('7','J9','',#5,#762,$);
#6440 = CONTEXT_DEPENDENT_SHAPE_REPRESENTATION(#6441,#6443);
#6441 = ( REPRESENTATION_RELATIONSHIP('','',#767,#10) 
REPRESENTATION_RELATIONSHIP_WITH_TRANSFORMATION(#6442) 
SHAPE_REPRESENTATION_RELATIONSHIP() );
#6442 = ITEM_DEFINED_TRANSFORMATION('','',#11,#43);
#6443 = PRODUCT_DEFINITION_SHAPE('Placement','Placement of an item',
  #6444);
#6444 = NEXT_ASSEMBLY_USAGE_OCCURRENCE('8','J17','',#5,#762,$);
#6445 = SHAPE_DEFINITION_REPRESENTATION(#6446,#6452);
#6446 = PRODUCT_DEFINITION_SHAPE('','',#6447);
#6447 = PRODUCT_DEFINITION('design','',#6448,#6451);
#6448 = PRODUCT_DEFINITION_FORMATION('','',#6449);
#6449 = PRODUCT('JST_XH_B5B-XH-A_1x05_P2.50mm_Vertical',
  'JST_XH_B5B-XH-A_1x05_P2.50mm_Vertical','',(#6450));
#6450 = PRODUCT_CONTEXT('',#2,'mechanical');
#6451 = PRODUCT_DEFINITION_CONTEXT('part definition',#2,'design');
#6452 = ADVANCED_BREP_SHAPE_REPRESENTATION('',(#11,#6453),#11322);
#6453 = MANIFOLD_SOLID_BREP('',#6454);
#6454 = CLOSED_SHELL('',(#6455,#6527,#6566,#6590,#6655,#6679,#6863,#6887
    ,#6952,#6977,#7026,#7043,#7067,#7084,#7254,#7278,#7576,#7600,#7633,
    #7657,#7688,#7705,#7738,#7762,#7793,#7810,#7843,#7867,#7898,#7915,
    #7948,#7972,#8003,#8020,#8053,#8077,#8108,#8120,#8153,#8170,#8187,
    #8199,#8381,#8398,#8415,#8432,#8449,#8466,#8483,#8500,#8517,#8534,
    #8551,#8568,#8585,#8602,#8619,#8631,#8648,#8665,#8682,#8699,#8716,
    #8762,#8808,#8854,#8900,#8946,#8977,#9001,#9025,#9042,#9073,#9097,
    #9121,#9138,#9169,#9193,#9217,#9234,#9265,#9289,#9313,#9330,#9361,
    #9385,#9409,#9426,#9489,#9513,#9569,#9586,#9617,#9641,#9665,#9682,
    #9713,#9737,#9761,#9778,#9809,#9833,#9857,#9874,#9905,#9961,#9985,
    #10034,#10065,#10089,#10113,#10130,#10161,#10185,#10209,#10226,
    #10257,#10281,#10305,#10322,#10353,#10377,#10401,#10418,#10449,
    #10473,#10497,#10514,#10561,#10592,#10604,#10621,#10647,#10680,
    #10711,#10735,#10759,#10776,#10807,#10831,#10855,#10872,#10903,
    #10927,#10951,#10968,#10985,#11032,#11058,#11075,#11101,#11134,
    #11146,#11158,#11170,#11182,#11194,#11211,#11228,#11240,#11252,
    #11264,#11276,#11293,#11310));
#6455 = ADVANCED_FACE('',(#6456),#6522,.T.);
#6456 = FACE_BOUND('',#6457,.T.);
#6457 = EDGE_LOOP('',(#6458,#6468,#6476,#6484,#6492,#6500,#6508,#6516));
#6458 = ORIENTED_EDGE('',*,*,#6459,.T.);
#6459 = EDGE_CURVE('',#6460,#6462,#6464,.T.);
#6460 = VERTEX_POINT('',#6461);
#6461 = CARTESIAN_POINT('',(-1.8,0.5,7.));
#6462 = VERTEX_POINT('',#6463);
#6463 = CARTESIAN_POINT('',(-2.45,0.5,7.));
#6464 = LINE('',#6465,#6466);
#6465 = CARTESIAN_POINT('',(12.45,0.5,7.));
#6466 = VECTOR('',#6467,1.);
#6467 = DIRECTION('',(-1.,1.224646799147E-16,0.));
#6468 = ORIENTED_EDGE('',*,*,#6469,.T.);
#6469 = EDGE_CURVE('',#6462,#6470,#6472,.T.);
#6470 = VERTEX_POINT('',#6471);
#6471 = CARTESIAN_POINT('',(-2.45,-3.4,7.));
#6472 = LINE('',#6473,#6474);
#6473 = CARTESIAN_POINT('',(-2.45,2.35,7.));
#6474 = VECTOR('',#6475,1.);
#6475 = DIRECTION('',(-1.224646799147E-16,-1.,0.));
#6476 = ORIENTED_EDGE('',*,*,#6477,.T.);
#6477 = EDGE_CURVE('',#6470,#6478,#6480,.T.);
#6478 = VERTEX_POINT('',#6479);
#6479 = CARTESIAN_POINT('',(12.45,-3.4,7.));
#6480 = LINE('',#6481,#6482);
#6481 = CARTESIAN_POINT('',(-2.45,-3.4,7.));
#6482 = VECTOR('',#6483,1.);
#6483 = DIRECTION('',(1.,-1.224646799147E-16,0.));
#6484 = ORIENTED_EDGE('',*,*,#6485,.T.);
#6485 = EDGE_CURVE('',#6478,#6486,#6488,.T.);
#6486 = VERTEX_POINT('',#6487);
#6487 = CARTESIAN_POINT('',(12.45,0.5,7.));
#6488 = LINE('',#6489,#6490);
#6489 = CARTESIAN_POINT('',(12.45,-3.4,7.));
#6490 = VECTOR('',#6491,1.);
#6491 = DIRECTION('',(1.224646799147E-16,1.,0.));
#6492 = ORIENTED_EDGE('',*,*,#6493,.T.);
#6493 = EDGE_CURVE('',#6486,#6494,#6496,.T.);
#6494 = VERTEX_POINT('',#6495);
#6495 = CARTESIAN_POINT('',(11.8,0.5,7.));
#6496 = LINE('',#6497,#6498);
#6497 = CARTESIAN_POINT('',(12.45,0.5,7.));
#6498 = VECTOR('',#6499,1.);
#6499 = DIRECTION('',(-1.,1.224646799147E-16,0.));
#6500 = ORIENTED_EDGE('',*,*,#6501,.F.);
#6501 = EDGE_CURVE('',#6502,#6494,#6504,.T.);
#6502 = VERTEX_POINT('',#6503);
#6503 = CARTESIAN_POINT('',(11.8,-2.85,7.));
#6504 = LINE('',#6505,#6506);
#6505 = CARTESIAN_POINT('',(11.8,-2.65,7.));
#6506 = VECTOR('',#6507,1.);
#6507 = DIRECTION('',(1.224646799147E-16,1.,0.));
#6508 = ORIENTED_EDGE('',*,*,#6509,.F.);
#6509 = EDGE_CURVE('',#6510,#6502,#6512,.T.);
#6510 = VERTEX_POINT('',#6511);
#6511 = CARTESIAN_POINT('',(-1.8,-2.85,7.));
#6512 = LINE('',#6513,#6514);
#6513 = CARTESIAN_POINT('',(-1.6,-2.85,7.));
#6514 = VECTOR('',#6515,1.);
#6515 = DIRECTION('',(1.,-1.224646799147E-16,0.));
#6516 = ORIENTED_EDGE('',*,*,#6517,.F.);
#6517 = EDGE_CURVE('',#6460,#6510,#6518,.T.);
#6518 = LINE('',#6519,#6520);
#6519 = CARTESIAN_POINT('',(-1.8,0.5,7.));
#6520 = VECTOR('',#6521,1.);
#6521 = DIRECTION('',(-1.224646799147E-16,-1.,0.));
#6522 = PLANE('',#6523);
#6523 = AXIS2_PLACEMENT_3D('',#6524,#6525,#6526);
#6524 = CARTESIAN_POINT('',(5.,-0.525,7.));
#6525 = DIRECTION('',(0.,0.,1.));
#6526 = DIRECTION('',(-1.,1.224646799147E-16,0.));
#6527 = ADVANCED_FACE('',(#6528),#6561,.T.);
#6528 = FACE_BOUND('',#6529,.T.);
#6529 = EDGE_LOOP('',(#6530,#6540,#6548,#6554,#6555));
#6530 = ORIENTED_EDGE('',*,*,#6531,.T.);
#6531 = EDGE_CURVE('',#6532,#6534,#6536,.T.);
#6532 = VERTEX_POINT('',#6533);
#6533 = CARTESIAN_POINT('',(-1.6,0.5,6.8));
#6534 = VERTEX_POINT('',#6535);
#6535 = CARTESIAN_POINT('',(-1.6,0.5,3.65));
#6536 = LINE('',#6537,#6538);
#6537 = CARTESIAN_POINT('',(-1.6,0.5,5.325));
#6538 = VECTOR('',#6539,1.);
#6539 = DIRECTION('',(-0.,0.,-1.));
#6540 = ORIENTED_EDGE('',*,*,#6541,.T.);
#6541 = EDGE_CURVE('',#6534,#6542,#6544,.T.);
#6542 = VERTEX_POINT('',#6543);
#6543 = CARTESIAN_POINT('',(-2.45,0.5,3.65));
#6544 = LINE('',#6545,#6546);
#6545 = CARTESIAN_POINT('',(12.45,0.5,3.65));
#6546 = VECTOR('',#6547,1.);
#6547 = DIRECTION('',(-1.,1.224646799147E-16,0.));
#6548 = ORIENTED_EDGE('',*,*,#6549,.T.);
#6549 = EDGE_CURVE('',#6542,#6462,#6550,.T.);
#6550 = LINE('',#6551,#6552);
#6551 = CARTESIAN_POINT('',(-2.45,0.5,1.825));
#6552 = VECTOR('',#6553,1.);
#6553 = DIRECTION('',(0.,0.,1.));
#6554 = ORIENTED_EDGE('',*,*,#6459,.F.);
#6555 = ORIENTED_EDGE('',*,*,#6556,.T.);
#6556 = EDGE_CURVE('',#6460,#6532,#6557,.T.);
#6557 = LINE('',#6558,#6559);
#6558 = CARTESIAN_POINT('',(2.65,0.5,2.55));
#6559 = VECTOR('',#6560,1.);
#6560 = DIRECTION('',(0.707106781187,-8.659560562349E-17,-0.707106781187
    ));
#6561 = PLANE('',#6562);
#6562 = AXIS2_PLACEMENT_3D('',#6563,#6564,#6565);
#6563 = CARTESIAN_POINT('',(12.45,0.5,3.65));
#6564 = DIRECTION('',(1.224646799147E-16,1.,0.));
#6565 = DIRECTION('',(0.,-0.,1.));
#6566 = ADVANCED_FACE('',(#6567),#6585,.F.);
#6567 = FACE_BOUND('',#6568,.T.);
#6568 = EDGE_LOOP('',(#6569,#6570,#6571,#6579));
#6569 = ORIENTED_EDGE('',*,*,#6556,.F.);
#6570 = ORIENTED_EDGE('',*,*,#6517,.T.);
#6571 = ORIENTED_EDGE('',*,*,#6572,.T.);
#6572 = EDGE_CURVE('',#6510,#6573,#6575,.T.);
#6573 = VERTEX_POINT('',#6574);
#6574 = CARTESIAN_POINT('',(-1.6,-2.65,6.8));
#6575 = LINE('',#6576,#6577);
#6576 = CARTESIAN_POINT('',(-1.141666666667,-2.191666666667,
    6.341666666667));
#6577 = VECTOR('',#6578,1.);
#6578 = DIRECTION('',(0.57735026919,0.57735026919,-0.57735026919));
#6579 = ORIENTED_EDGE('',*,*,#6580,.F.);
#6580 = EDGE_CURVE('',#6532,#6573,#6581,.T.);
#6581 = LINE('',#6582,#6583);
#6582 = CARTESIAN_POINT('',(-1.6,0.5,6.8));
#6583 = VECTOR('',#6584,1.);
#6584 = DIRECTION('',(-1.224646799147E-16,-1.,0.));
#6585 = PLANE('',#6586);
#6586 = AXIS2_PLACEMENT_3D('',#6587,#6588,#6589);
#6587 = CARTESIAN_POINT('',(-1.7,0.5,6.9));
#6588 = DIRECTION('',(-0.707106781187,8.659560562349E-17,-0.707106781187
    ));
#6589 = DIRECTION('',(1.224646799147E-16,1.,-2.105272540809E-29));
#6590 = ADVANCED_FACE('',(#6591),#6650,.F.);
#6591 = FACE_BOUND('',#6592,.F.);
#6592 = EDGE_LOOP('',(#6593,#6603,#6611,#6619,#6627,#6636,#6642,#6643,
    #6644));
#6593 = ORIENTED_EDGE('',*,*,#6594,.F.);
#6594 = EDGE_CURVE('',#6595,#6597,#6599,.T.);
#6595 = VERTEX_POINT('',#6596);
#6596 = CARTESIAN_POINT('',(-2.45,2.35,0.));
#6597 = VERTEX_POINT('',#6598);
#6598 = CARTESIAN_POINT('',(-2.45,-3.4,0.));
#6599 = LINE('',#6600,#6601);
#6600 = CARTESIAN_POINT('',(-2.45,2.35,0.));
#6601 = VECTOR('',#6602,1.);
#6602 = DIRECTION('',(-1.224646799147E-16,-1.,0.));
#6603 = ORIENTED_EDGE('',*,*,#6604,.T.);
#6604 = EDGE_CURVE('',#6595,#6605,#6607,.T.);
#6605 = VERTEX_POINT('',#6606);
#6606 = CARTESIAN_POINT('',(-2.45,2.35,7.));
#6607 = LINE('',#6608,#6609);
#6608 = CARTESIAN_POINT('',(-2.45,2.35,0.));
#6609 = VECTOR('',#6610,1.);
#6610 = DIRECTION('',(0.,0.,1.));
#6611 = ORIENTED_EDGE('',*,*,#6612,.T.);
#6612 = EDGE_CURVE('',#6605,#6613,#6615,.T.);
#6613 = VERTEX_POINT('',#6614);
#6614 = CARTESIAN_POINT('',(-2.45,1.5,7.));
#6615 = LINE('',#6616,#6617);
#6616 = CARTESIAN_POINT('',(-2.45,2.35,7.));
#6617 = VECTOR('',#6618,1.);
#6618 = DIRECTION('',(-1.224646799147E-16,-1.,0.));
#6619 = ORIENTED_EDGE('',*,*,#6620,.T.);
#6620 = EDGE_CURVE('',#6613,#6621,#6623,.T.);
#6621 = VERTEX_POINT('',#6622);
#6622 = CARTESIAN_POINT('',(-2.45,1.5,4.15));
#6623 = LINE('',#6624,#6625);
#6624 = CARTESIAN_POINT('',(-2.45,1.5,3.5));
#6625 = VECTOR('',#6626,1.);
#6626 = DIRECTION('',(-0.,0.,-1.));
#6627 = ORIENTED_EDGE('',*,*,#6628,.F.);
#6628 = EDGE_CURVE('',#6629,#6621,#6631,.T.);
#6629 = VERTEX_POINT('',#6630);
#6630 = CARTESIAN_POINT('',(-2.45,1.,3.65));
#6631 = CIRCLE('',#6632,0.5);
#6632 = AXIS2_PLACEMENT_3D('',#6633,#6634,#6635);
#6633 = CARTESIAN_POINT('',(-2.45,1.,4.15));
#6634 = DIRECTION('',(1.,-1.224646799147E-16,0.));
#6635 = DIRECTION('',(1.224646799147E-16,1.,0.));
#6636 = ORIENTED_EDGE('',*,*,#6637,.T.);
#6637 = EDGE_CURVE('',#6629,#6542,#6638,.T.);
#6638 = LINE('',#6639,#6640);
#6639 = CARTESIAN_POINT('',(-2.45,1.675,3.65));
#6640 = VECTOR('',#6641,1.);
#6641 = DIRECTION('',(-1.224646799147E-16,-1.,0.));
#6642 = ORIENTED_EDGE('',*,*,#6549,.T.);
#6643 = ORIENTED_EDGE('',*,*,#6469,.T.);
#6644 = ORIENTED_EDGE('',*,*,#6645,.F.);
#6645 = EDGE_CURVE('',#6597,#6470,#6646,.T.);
#6646 = LINE('',#6647,#6648);
#6647 = CARTESIAN_POINT('',(-2.45,-3.4,0.));
#6648 = VECTOR('',#6649,1.);
#6649 = DIRECTION('',(0.,0.,1.));
#6650 = PLANE('',#6651);
#6651 = AXIS2_PLACEMENT_3D('',#6652,#6653,#6654);
#6652 = CARTESIAN_POINT('',(-2.45,2.35,0.));
#6653 = DIRECTION('',(1.,-1.224646799147E-16,0.));
#6654 = DIRECTION('',(-1.224646799147E-16,-1.,0.));
#6655 = ADVANCED_FACE('',(#6656),#6674,.F.);
#6656 = FACE_BOUND('',#6657,.T.);
#6657 = EDGE_LOOP('',(#6658,#6659,#6660,#6668));
#6658 = ORIENTED_EDGE('',*,*,#6572,.F.);
#6659 = ORIENTED_EDGE('',*,*,#6509,.T.);
#6660 = ORIENTED_EDGE('',*,*,#6661,.T.);
#6661 = EDGE_CURVE('',#6502,#6662,#6664,.T.);
#6662 = VERTEX_POINT('',#6663);
#6663 = CARTESIAN_POINT('',(11.6,-2.65,6.8));
#6664 = LINE('',#6665,#6666);
#6665 = CARTESIAN_POINT('',(9.466666666667,-0.516666666667,
    4.666666666667));
#6666 = VECTOR('',#6667,1.);
#6667 = DIRECTION('',(-0.57735026919,0.57735026919,-0.57735026919));
#6668 = ORIENTED_EDGE('',*,*,#6669,.F.);
#6669 = EDGE_CURVE('',#6573,#6662,#6670,.T.);
#6670 = LINE('',#6671,#6672);
#6671 = CARTESIAN_POINT('',(-1.6,-2.65,6.8));
#6672 = VECTOR('',#6673,1.);
#6673 = DIRECTION('',(1.,-1.224646799147E-16,0.));
#6674 = PLANE('',#6675);
#6675 = AXIS2_PLACEMENT_3D('',#6676,#6677,#6678);
#6676 = CARTESIAN_POINT('',(-1.6,-2.75,6.9));
#6677 = DIRECTION('',(-8.659560562349E-17,-0.707106781187,
    -0.707106781187));
#6678 = DIRECTION('',(-1.,1.224646799147E-16,-2.105272540809E-29));
#6679 = ADVANCED_FACE('',(#6680),#6858,.F.);
#6680 = FACE_BOUND('',#6681,.F.);
#6681 = EDGE_LOOP('',(#6682,#6690,#6691,#6692,#6700,#6708,#6716,#6724,
    #6732,#6740,#6748,#6756,#6764,#6772,#6780,#6788,#6796,#6804,#6812,
    #6820,#6828,#6836,#6844,#6852));
#6682 = ORIENTED_EDGE('',*,*,#6683,.F.);
#6683 = EDGE_CURVE('',#6597,#6684,#6686,.T.);
#6684 = VERTEX_POINT('',#6685);
#6685 = CARTESIAN_POINT('',(-0.75,-3.4,0.));
#6686 = LINE('',#6687,#6688);
#6687 = CARTESIAN_POINT('',(-2.45,-3.4,0.));
#6688 = VECTOR('',#6689,1.);
#6689 = DIRECTION('',(1.,-1.224646799147E-16,0.));
#6690 = ORIENTED_EDGE('',*,*,#6645,.T.);
#6691 = ORIENTED_EDGE('',*,*,#6477,.T.);
#6692 = ORIENTED_EDGE('',*,*,#6693,.F.);
#6693 = EDGE_CURVE('',#6694,#6478,#6696,.T.);
#6694 = VERTEX_POINT('',#6695);
#6695 = CARTESIAN_POINT('',(12.45,-3.4,0.));
#6696 = LINE('',#6697,#6698);
#6697 = CARTESIAN_POINT('',(12.45,-3.4,0.));
#6698 = VECTOR('',#6699,1.);
#6699 = DIRECTION('',(0.,0.,1.));
#6700 = ORIENTED_EDGE('',*,*,#6701,.F.);
#6701 = EDGE_CURVE('',#6702,#6694,#6704,.T.);
#6702 = VERTEX_POINT('',#6703);
#6703 = CARTESIAN_POINT('',(10.75,-3.4,0.));
#6704 = LINE('',#6705,#6706);
#6705 = CARTESIAN_POINT('',(-2.45,-3.4,0.));
#6706 = VECTOR('',#6707,1.);
#6707 = DIRECTION('',(1.,-1.224646799147E-16,0.));
#6708 = ORIENTED_EDGE('',*,*,#6709,.F.);
#6709 = EDGE_CURVE('',#6710,#6702,#6712,.T.);
#6710 = VERTEX_POINT('',#6711);
#6711 = CARTESIAN_POINT('',(10.75,-3.4,1.));
#6712 = LINE('',#6713,#6714);
#6713 = CARTESIAN_POINT('',(10.75,-3.4,1.));
#6714 = VECTOR('',#6715,1.);
#6715 = DIRECTION('',(-0.,0.,-1.));
#6716 = ORIENTED_EDGE('',*,*,#6717,.T.);
#6717 = EDGE_CURVE('',#6710,#6718,#6720,.T.);
#6718 = VERTEX_POINT('',#6719);
#6719 = CARTESIAN_POINT('',(9.25,-3.4,1.));
#6720 = LINE('',#6721,#6722);
#6721 = CARTESIAN_POINT('',(10.75,-3.4,1.));
#6722 = VECTOR('',#6723,1.);
#6723 = DIRECTION('',(-1.,1.224646799147E-16,0.));
#6724 = ORIENTED_EDGE('',*,*,#6725,.T.);
#6725 = EDGE_CURVE('',#6718,#6726,#6728,.T.);
#6726 = VERTEX_POINT('',#6727);
#6727 = CARTESIAN_POINT('',(9.25,-3.4,0.));
#6728 = LINE('',#6729,#6730);
#6729 = CARTESIAN_POINT('',(9.25,-3.4,1.));
#6730 = VECTOR('',#6731,1.);
#6731 = DIRECTION('',(-0.,0.,-1.));
#6732 = ORIENTED_EDGE('',*,*,#6733,.F.);
#6733 = EDGE_CURVE('',#6734,#6726,#6736,.T.);
#6734 = VERTEX_POINT('',#6735);
#6735 = CARTESIAN_POINT('',(8.25,-3.4,0.));
#6736 = LINE('',#6737,#6738);
#6737 = CARTESIAN_POINT('',(-2.45,-3.4,0.));
#6738 = VECTOR('',#6739,1.);
#6739 = DIRECTION('',(1.,-1.224646799147E-16,0.));
#6740 = ORIENTED_EDGE('',*,*,#6741,.F.);
#6741 = EDGE_CURVE('',#6742,#6734,#6744,.T.);
#6742 = VERTEX_POINT('',#6743);
#6743 = CARTESIAN_POINT('',(8.25,-3.4,1.));
#6744 = LINE('',#6745,#6746);
#6745 = CARTESIAN_POINT('',(8.25,-3.4,1.));
#6746 = VECTOR('',#6747,1.);
#6747 = DIRECTION('',(-0.,0.,-1.));
#6748 = ORIENTED_EDGE('',*,*,#6749,.T.);
#6749 = EDGE_CURVE('',#6742,#6750,#6752,.T.);
#6750 = VERTEX_POINT('',#6751);
#6751 = CARTESIAN_POINT('',(6.75,-3.4,1.));
#6752 = LINE('',#6753,#6754);
#6753 = CARTESIAN_POINT('',(8.25,-3.4,1.));
#6754 = VECTOR('',#6755,1.);
#6755 = DIRECTION('',(-1.,1.224646799147E-16,0.));
#6756 = ORIENTED_EDGE('',*,*,#6757,.T.);
#6757 = EDGE_CURVE('',#6750,#6758,#6760,.T.);
#6758 = VERTEX_POINT('',#6759);
#6759 = CARTESIAN_POINT('',(6.75,-3.4,0.));
#6760 = LINE('',#6761,#6762);
#6761 = CARTESIAN_POINT('',(6.75,-3.4,1.));
#6762 = VECTOR('',#6763,1.);
#6763 = DIRECTION('',(-0.,0.,-1.));
#6764 = ORIENTED_EDGE('',*,*,#6765,.F.);
#6765 = EDGE_CURVE('',#6766,#6758,#6768,.T.);
#6766 = VERTEX_POINT('',#6767);
#6767 = CARTESIAN_POINT('',(5.75,-3.4,0.));
#6768 = LINE('',#6769,#6770);
#6769 = CARTESIAN_POINT('',(-2.45,-3.4,0.));
#6770 = VECTOR('',#6771,1.);
#6771 = DIRECTION('',(1.,-1.224646799147E-16,0.));
#6772 = ORIENTED_EDGE('',*,*,#6773,.F.);
#6773 = EDGE_CURVE('',#6774,#6766,#6776,.T.);
#6774 = VERTEX_POINT('',#6775);
#6775 = CARTESIAN_POINT('',(5.75,-3.4,1.));
#6776 = LINE('',#6777,#6778);
#6777 = CARTESIAN_POINT('',(5.75,-3.4,1.));
#6778 = VECTOR('',#6779,1.);
#6779 = DIRECTION('',(-0.,0.,-1.));
#6780 = ORIENTED_EDGE('',*,*,#6781,.T.);
#6781 = EDGE_CURVE('',#6774,#6782,#6784,.T.);
#6782 = VERTEX_POINT('',#6783);
#6783 = CARTESIAN_POINT('',(4.25,-3.4,1.));
#6784 = LINE('',#6785,#6786);
#6785 = CARTESIAN_POINT('',(5.75,-3.4,1.));
#6786 = VECTOR('',#6787,1.);
#6787 = DIRECTION('',(-1.,1.224646799147E-16,0.));
#6788 = ORIENTED_EDGE('',*,*,#6789,.T.);
#6789 = EDGE_CURVE('',#6782,#6790,#6792,.T.);
#6790 = VERTEX_POINT('',#6791);
#6791 = CARTESIAN_POINT('',(4.25,-3.4,0.));
#6792 = LINE('',#6793,#6794);
#6793 = CARTESIAN_POINT('',(4.25,-3.4,1.));
#6794 = VECTOR('',#6795,1.);
#6795 = DIRECTION('',(-0.,0.,-1.));
#6796 = ORIENTED_EDGE('',*,*,#6797,.F.);
#6797 = EDGE_CURVE('',#6798,#6790,#6800,.T.);
#6798 = VERTEX_POINT('',#6799);
#6799 = CARTESIAN_POINT('',(3.25,-3.4,0.));
#6800 = LINE('',#6801,#6802);
#6801 = CARTESIAN_POINT('',(-2.45,-3.4,0.));
#6802 = VECTOR('',#6803,1.);
#6803 = DIRECTION('',(1.,-1.224646799147E-16,0.));
#6804 = ORIENTED_EDGE('',*,*,#6805,.F.);
#6805 = EDGE_CURVE('',#6806,#6798,#6808,.T.);
#6806 = VERTEX_POINT('',#6807);
#6807 = CARTESIAN_POINT('',(3.25,-3.4,1.));
#6808 = LINE('',#6809,#6810);
#6809 = CARTESIAN_POINT('',(3.25,-3.4,1.));
#6810 = VECTOR('',#6811,1.);
#6811 = DIRECTION('',(-0.,0.,-1.));
#6812 = ORIENTED_EDGE('',*,*,#6813,.T.);
#6813 = EDGE_CURVE('',#6806,#6814,#6816,.T.);
#6814 = VERTEX_POINT('',#6815);
#6815 = CARTESIAN_POINT('',(1.75,-3.4,1.));
#6816 = LINE('',#6817,#6818);
#6817 = CARTESIAN_POINT('',(3.25,-3.4,1.));
#6818 = VECTOR('',#6819,1.);
#6819 = DIRECTION('',(-1.,1.224646799147E-16,0.));
#6820 = ORIENTED_EDGE('',*,*,#6821,.T.);
#6821 = EDGE_CURVE('',#6814,#6822,#6824,.T.);
#6822 = VERTEX_POINT('',#6823);
#6823 = CARTESIAN_POINT('',(1.75,-3.4,0.));
#6824 = LINE('',#6825,#6826);
#6825 = CARTESIAN_POINT('',(1.75,-3.4,1.));
#6826 = VECTOR('',#6827,1.);
#6827 = DIRECTION('',(-0.,0.,-1.));
#6828 = ORIENTED_EDGE('',*,*,#6829,.F.);
#6829 = EDGE_CURVE('',#6830,#6822,#6832,.T.);
#6830 = VERTEX_POINT('',#6831);
#6831 = CARTESIAN_POINT('',(0.75,-3.4,0.));
#6832 = LINE('',#6833,#6834);
#6833 = CARTESIAN_POINT('',(-2.45,-3.4,0.));
#6834 = VECTOR('',#6835,1.);
#6835 = DIRECTION('',(1.,-1.224646799147E-16,0.));
#6836 = ORIENTED_EDGE('',*,*,#6837,.F.);
#6837 = EDGE_CURVE('',#6838,#6830,#6840,.T.);
#6838 = VERTEX_POINT('',#6839);
#6839 = CARTESIAN_POINT('',(0.75,-3.4,1.));
#6840 = LINE('',#6841,#6842);
#6841 = CARTESIAN_POINT('',(0.75,-3.4,1.));
#6842 = VECTOR('',#6843,1.);
#6843 = DIRECTION('',(-0.,0.,-1.));
#6844 = ORIENTED_EDGE('',*,*,#6845,.T.);
#6845 = EDGE_CURVE('',#6838,#6846,#6848,.T.);
#6846 = VERTEX_POINT('',#6847);
#6847 = CARTESIAN_POINT('',(-0.75,-3.4,1.));
#6848 = LINE('',#6849,#6850);
#6849 = CARTESIAN_POINT('',(0.75,-3.4,1.));
#6850 = VECTOR('',#6851,1.);
#6851 = DIRECTION('',(-1.,1.224646799147E-16,0.));
#6852 = ORIENTED_EDGE('',*,*,#6853,.T.);
#6853 = EDGE_CURVE('',#6846,#6684,#6854,.T.);
#6854 = LINE('',#6855,#6856);
#6855 = CARTESIAN_POINT('',(-0.75,-3.4,1.));
#6856 = VECTOR('',#6857,1.);
#6857 = DIRECTION('',(-0.,0.,-1.));
#6858 = PLANE('',#6859);
#6859 = AXIS2_PLACEMENT_3D('',#6860,#6861,#6862);
#6860 = CARTESIAN_POINT('',(-2.45,-3.4,0.));
#6861 = DIRECTION('',(1.224646799147E-16,1.,0.));
#6862 = DIRECTION('',(1.,-1.224646799147E-16,0.));
#6863 = ADVANCED_FACE('',(#6864),#6882,.F.);
#6864 = FACE_BOUND('',#6865,.T.);
#6865 = EDGE_LOOP('',(#6866,#6867,#6868,#6876));
#6866 = ORIENTED_EDGE('',*,*,#6661,.F.);
#6867 = ORIENTED_EDGE('',*,*,#6501,.T.);
#6868 = ORIENTED_EDGE('',*,*,#6869,.T.);
#6869 = EDGE_CURVE('',#6494,#6870,#6872,.T.);
#6870 = VERTEX_POINT('',#6871);
#6871 = CARTESIAN_POINT('',(11.6,0.5,6.8));
#6872 = LINE('',#6873,#6874);
#6873 = CARTESIAN_POINT('',(11.075,0.5,6.275));
#6874 = VECTOR('',#6875,1.);
#6875 = DIRECTION('',(-0.707106781187,8.659560562349E-17,-0.707106781187
    ));
#6876 = ORIENTED_EDGE('',*,*,#6877,.F.);
#6877 = EDGE_CURVE('',#6662,#6870,#6878,.T.);
#6878 = LINE('',#6879,#6880);
#6879 = CARTESIAN_POINT('',(11.6,-2.65,6.8));
#6880 = VECTOR('',#6881,1.);
#6881 = DIRECTION('',(1.224646799147E-16,1.,0.));
#6882 = PLANE('',#6883);
#6883 = AXIS2_PLACEMENT_3D('',#6884,#6885,#6886);
#6884 = CARTESIAN_POINT('',(11.7,-2.65,6.9));
#6885 = DIRECTION('',(0.707106781187,-8.659560562349E-17,-0.707106781187
    ));
#6886 = DIRECTION('',(-1.224646799147E-16,-1.,-2.105272540809E-29));
#6887 = ADVANCED_FACE('',(#6888),#6947,.F.);
#6888 = FACE_BOUND('',#6889,.F.);
#6889 = EDGE_LOOP('',(#6890,#6898,#6899,#6900,#6908,#6916,#6925,#6933,
    #6941));
#6890 = ORIENTED_EDGE('',*,*,#6891,.F.);
#6891 = EDGE_CURVE('',#6694,#6892,#6894,.T.);
#6892 = VERTEX_POINT('',#6893);
#6893 = CARTESIAN_POINT('',(12.45,2.35,0.));
#6894 = LINE('',#6895,#6896);
#6895 = CARTESIAN_POINT('',(12.45,-3.4,0.));
#6896 = VECTOR('',#6897,1.);
#6897 = DIRECTION('',(1.224646799147E-16,1.,0.));
#6898 = ORIENTED_EDGE('',*,*,#6693,.T.);
#6899 = ORIENTED_EDGE('',*,*,#6485,.T.);
#6900 = ORIENTED_EDGE('',*,*,#6901,.F.);
#6901 = EDGE_CURVE('',#6902,#6486,#6904,.T.);
#6902 = VERTEX_POINT('',#6903);
#6903 = CARTESIAN_POINT('',(12.45,0.5,3.65));
#6904 = LINE('',#6905,#6906);
#6905 = CARTESIAN_POINT('',(12.45,0.5,3.65));
#6906 = VECTOR('',#6907,1.);
#6907 = DIRECTION('',(0.,0.,1.));
#6908 = ORIENTED_EDGE('',*,*,#6909,.F.);
#6909 = EDGE_CURVE('',#6910,#6902,#6912,.T.);
#6910 = VERTEX_POINT('',#6911);
#6911 = CARTESIAN_POINT('',(12.45,1.,3.65));
#6912 = LINE('',#6913,#6914);
#6913 = CARTESIAN_POINT('',(12.45,1.,3.65));
#6914 = VECTOR('',#6915,1.);
#6915 = DIRECTION('',(-1.224646799147E-16,-1.,0.));
#6916 = ORIENTED_EDGE('',*,*,#6917,.F.);
#6917 = EDGE_CURVE('',#6918,#6910,#6920,.T.);
#6918 = VERTEX_POINT('',#6919);
#6919 = CARTESIAN_POINT('',(12.45,1.5,4.15));
#6920 = CIRCLE('',#6921,0.5);
#6921 = AXIS2_PLACEMENT_3D('',#6922,#6923,#6924);
#6922 = CARTESIAN_POINT('',(12.45,1.,4.15));
#6923 = DIRECTION('',(-1.,1.224646799147E-16,0.));
#6924 = DIRECTION('',(1.224646799147E-16,1.,0.));
#6925 = ORIENTED_EDGE('',*,*,#6926,.F.);
#6926 = EDGE_CURVE('',#6927,#6918,#6929,.T.);
#6927 = VERTEX_POINT('',#6928);
#6928 = CARTESIAN_POINT('',(12.45,1.5,7.));
#6929 = LINE('',#6930,#6931);
#6930 = CARTESIAN_POINT('',(12.45,1.5,7.));
#6931 = VECTOR('',#6932,1.);
#6932 = DIRECTION('',(-0.,0.,-1.));
#6933 = ORIENTED_EDGE('',*,*,#6934,.T.);
#6934 = EDGE_CURVE('',#6927,#6935,#6937,.T.);
#6935 = VERTEX_POINT('',#6936);
#6936 = CARTESIAN_POINT('',(12.45,2.35,7.));
#6937 = LINE('',#6938,#6939);
#6938 = CARTESIAN_POINT('',(12.45,-3.4,7.));
#6939 = VECTOR('',#6940,1.);
#6940 = DIRECTION('',(1.224646799147E-16,1.,0.));
#6941 = ORIENTED_EDGE('',*,*,#6942,.F.);
#6942 = EDGE_CURVE('',#6892,#6935,#6943,.T.);
#6943 = LINE('',#6944,#6945);
#6944 = CARTESIAN_POINT('',(12.45,2.35,0.));
#6945 = VECTOR('',#6946,1.);
#6946 = DIRECTION('',(0.,0.,1.));
#6947 = PLANE('',#6948);
#6948 = AXIS2_PLACEMENT_3D('',#6949,#6950,#6951);
#6949 = CARTESIAN_POINT('',(12.45,-3.4,0.));
#6950 = DIRECTION('',(-1.,1.224646799147E-16,0.));
#6951 = DIRECTION('',(1.224646799147E-16,1.,0.));
#6952 = ADVANCED_FACE('',(#6953),#6972,.T.);
#6953 = FACE_BOUND('',#6954,.T.);
#6954 = EDGE_LOOP('',(#6955,#6956,#6957,#6965,#6971));
#6955 = ORIENTED_EDGE('',*,*,#6493,.F.);
#6956 = ORIENTED_EDGE('',*,*,#6901,.F.);
#6957 = ORIENTED_EDGE('',*,*,#6958,.T.);
#6958 = EDGE_CURVE('',#6902,#6959,#6961,.T.);
#6959 = VERTEX_POINT('',#6960);
#6960 = CARTESIAN_POINT('',(11.6,0.5,3.65));
#6961 = LINE('',#6962,#6963);
#6962 = CARTESIAN_POINT('',(12.45,0.5,3.65));
#6963 = VECTOR('',#6964,1.);
#6964 = DIRECTION('',(-1.,1.224646799147E-16,0.));
#6965 = ORIENTED_EDGE('',*,*,#6966,.T.);
#6966 = EDGE_CURVE('',#6959,#6870,#6967,.T.);
#6967 = LINE('',#6968,#6969);
#6968 = CARTESIAN_POINT('',(11.6,0.5,5.325));
#6969 = VECTOR('',#6970,1.);
#6970 = DIRECTION('',(0.,0.,1.));
#6971 = ORIENTED_EDGE('',*,*,#6869,.F.);
#6972 = PLANE('',#6973);
#6973 = AXIS2_PLACEMENT_3D('',#6974,#6975,#6976);
#6974 = CARTESIAN_POINT('',(12.45,0.5,3.65));
#6975 = DIRECTION('',(1.224646799147E-16,1.,0.));
#6976 = DIRECTION('',(0.,-0.,1.));
#6977 = ADVANCED_FACE('',(#6978),#7021,.F.);
#6978 = FACE_BOUND('',#6979,.F.);
#6979 = EDGE_LOOP('',(#6980,#6981,#6989,#6998,#7006,#7014,#7020));
#6980 = ORIENTED_EDGE('',*,*,#6531,.T.);
#6981 = ORIENTED_EDGE('',*,*,#6982,.T.);
#6982 = EDGE_CURVE('',#6534,#6983,#6985,.T.);
#6983 = VERTEX_POINT('',#6984);
#6984 = CARTESIAN_POINT('',(-1.6,1.,3.65));
#6985 = LINE('',#6986,#6987);
#6986 = CARTESIAN_POINT('',(-1.6,1.25,3.65));
#6987 = VECTOR('',#6988,1.);
#6988 = DIRECTION('',(1.224646799147E-16,1.,0.));
#6989 = ORIENTED_EDGE('',*,*,#6990,.T.);
#6990 = EDGE_CURVE('',#6983,#6991,#6993,.T.);
#6991 = VERTEX_POINT('',#6992);
#6992 = CARTESIAN_POINT('',(-1.6,1.5,4.15));
#6993 = CIRCLE('',#6994,0.5);
#6994 = AXIS2_PLACEMENT_3D('',#6995,#6996,#6997);
#6995 = CARTESIAN_POINT('',(-1.6,1.,4.15));
#6996 = DIRECTION('',(1.,-1.224646799147E-16,0.));
#6997 = DIRECTION('',(1.224646799147E-16,1.,0.));
#6998 = ORIENTED_EDGE('',*,*,#6999,.T.);
#6999 = EDGE_CURVE('',#6991,#7000,#7002,.T.);
#7000 = VERTEX_POINT('',#7001);
#7001 = CARTESIAN_POINT('',(-1.6,1.5,1.85));
#7002 = LINE('',#7003,#7004);
#7003 = CARTESIAN_POINT('',(-1.6,1.5,7.));
#7004 = VECTOR('',#7005,1.);
#7005 = DIRECTION('',(0.,0.,-1.));
#7006 = ORIENTED_EDGE('',*,*,#7007,.T.);
#7007 = EDGE_CURVE('',#7000,#7008,#7010,.T.);
#7008 = VERTEX_POINT('',#7009);
#7009 = CARTESIAN_POINT('',(-1.6,-2.65,1.85));
#7010 = LINE('',#7011,#7012);
#7011 = CARTESIAN_POINT('',(-1.6,1.5,1.85));
#7012 = VECTOR('',#7013,1.);
#7013 = DIRECTION('',(-1.224646799147E-16,-1.,0.));
#7014 = ORIENTED_EDGE('',*,*,#7015,.F.);
#7015 = EDGE_CURVE('',#6573,#7008,#7016,.T.);
#7016 = LINE('',#7017,#7018);
#7017 = CARTESIAN_POINT('',(-1.6,-2.65,7.));
#7018 = VECTOR('',#7019,1.);
#7019 = DIRECTION('',(0.,0.,-1.));
#7020 = ORIENTED_EDGE('',*,*,#6580,.F.);
#7021 = PLANE('',#7022);
#7022 = AXIS2_PLACEMENT_3D('',#7023,#7024,#7025);
#7023 = CARTESIAN_POINT('',(-1.6,1.5,7.));
#7024 = DIRECTION('',(-1.,1.224646799147E-16,0.));
#7025 = DIRECTION('',(-1.224646799147E-16,-1.,0.));
#7026 = ADVANCED_FACE('',(#7027),#7038,.T.);
#7027 = FACE_BOUND('',#7028,.T.);
#7028 = EDGE_LOOP('',(#7029,#7030,#7036,#7037));
#7029 = ORIENTED_EDGE('',*,*,#6982,.T.);
#7030 = ORIENTED_EDGE('',*,*,#7031,.T.);
#7031 = EDGE_CURVE('',#6983,#6629,#7032,.T.);
#7032 = LINE('',#7033,#7034);
#7033 = CARTESIAN_POINT('',(12.45,1.,3.65));
#7034 = VECTOR('',#7035,1.);
#7035 = DIRECTION('',(-1.,1.224646799147E-16,0.));
#7036 = ORIENTED_EDGE('',*,*,#6637,.T.);
#7037 = ORIENTED_EDGE('',*,*,#6541,.F.);
#7038 = PLANE('',#7039);
#7039 = AXIS2_PLACEMENT_3D('',#7040,#7041,#7042);
#7040 = CARTESIAN_POINT('',(12.45,1.,3.65));
#7041 = DIRECTION('',(0.,0.,1.));
#7042 = DIRECTION('',(-1.224646799147E-16,-1.,0.));
#7043 = ADVANCED_FACE('',(#7044),#7062,.F.);
#7044 = FACE_BOUND('',#7045,.F.);
#7045 = EDGE_LOOP('',(#7046,#7054,#7060,#7061));
#7046 = ORIENTED_EDGE('',*,*,#7047,.T.);
#7047 = EDGE_CURVE('',#6684,#7048,#7050,.T.);
#7048 = VERTEX_POINT('',#7049);
#7049 = CARTESIAN_POINT('',(-0.75,2.35,0.));
#7050 = LINE('',#7051,#7052);
#7051 = CARTESIAN_POINT('',(-0.75,-3.4,0.));
#7052 = VECTOR('',#7053,1.);
#7053 = DIRECTION('',(1.224646799147E-16,1.,0.));
#7054 = ORIENTED_EDGE('',*,*,#7055,.T.);
#7055 = EDGE_CURVE('',#7048,#6595,#7056,.T.);
#7056 = LINE('',#7057,#7058);
#7057 = CARTESIAN_POINT('',(12.45,2.35,0.));
#7058 = VECTOR('',#7059,1.);
#7059 = DIRECTION('',(-1.,1.224646799147E-16,0.));
#7060 = ORIENTED_EDGE('',*,*,#6594,.T.);
#7061 = ORIENTED_EDGE('',*,*,#6683,.T.);
#7062 = PLANE('',#7063);
#7063 = AXIS2_PLACEMENT_3D('',#7064,#7065,#7066);
#7064 = CARTESIAN_POINT('',(5.,-0.525,0.));
#7065 = DIRECTION('',(0.,0.,1.));
#7066 = DIRECTION('',(-1.,1.224646799147E-16,0.));
#7067 = ADVANCED_FACE('',(#7068),#7079,.F.);
#7068 = FACE_BOUND('',#7069,.F.);
#7069 = EDGE_LOOP('',(#7070,#7071,#7072,#7078));
#7070 = ORIENTED_EDGE('',*,*,#7031,.T.);
#7071 = ORIENTED_EDGE('',*,*,#6628,.T.);
#7072 = ORIENTED_EDGE('',*,*,#7073,.F.);
#7073 = EDGE_CURVE('',#6991,#6621,#7074,.T.);
#7074 = LINE('',#7075,#7076);
#7075 = CARTESIAN_POINT('',(12.45,1.5,4.15));
#7076 = VECTOR('',#7077,1.);
#7077 = DIRECTION('',(-1.,1.224646799147E-16,0.));
#7078 = ORIENTED_EDGE('',*,*,#6990,.F.);
#7079 = CYLINDRICAL_SURFACE('',#7080,0.5);
#7080 = AXIS2_PLACEMENT_3D('',#7081,#7082,#7083);
#7081 = CARTESIAN_POINT('',(12.45,1.,4.15));
#7082 = DIRECTION('',(1.,-1.224646799147E-16,-0.));
#7083 = DIRECTION('',(1.224646799147E-16,1.,0.));
#7084 = ADVANCED_FACE('',(#7085),#7249,.T.);
#7085 = FACE_BOUND('',#7086,.T.);
#7086 = EDGE_LOOP('',(#7087,#7088,#7096,#7104,#7112,#7120,#7128,#7137,
    #7145,#7153,#7161,#7169,#7177,#7186,#7194,#7202,#7210,#7218,#7224,
    #7225,#7226,#7227,#7235,#7243));
#7087 = ORIENTED_EDGE('',*,*,#6926,.F.);
#7088 = ORIENTED_EDGE('',*,*,#7089,.T.);
#7089 = EDGE_CURVE('',#6927,#7090,#7092,.T.);
#7090 = VERTEX_POINT('',#7091);
#7091 = CARTESIAN_POINT('',(10.5,1.5,7.));
#7092 = LINE('',#7093,#7094);
#7093 = CARTESIAN_POINT('',(12.45,1.5,7.));
#7094 = VECTOR('',#7095,1.);
#7095 = DIRECTION('',(-1.,1.224646799147E-16,0.));
#7096 = ORIENTED_EDGE('',*,*,#7097,.T.);
#7097 = EDGE_CURVE('',#7090,#7098,#7100,.T.);
#7098 = VERTEX_POINT('',#7099);
#7099 = CARTESIAN_POINT('',(10.5,1.5,6.1));
#7100 = LINE('',#7101,#7102);
#7101 = CARTESIAN_POINT('',(10.5,1.5,5.311253117207));
#7102 = VECTOR('',#7103,1.);
#7103 = DIRECTION('',(1.04233387337E-32,8.511301985975E-17,-1.));
#7104 = ORIENTED_EDGE('',*,*,#7105,.T.);
#7105 = EDGE_CURVE('',#7098,#7106,#7108,.T.);
#7106 = VERTEX_POINT('',#7107);
#7107 = CARTESIAN_POINT('',(10.25,1.5,5.85));
#7108 = LINE('',#7109,#7110);
#7109 = CARTESIAN_POINT('',(8.605626558603,1.5,4.205626558603));
#7110 = VECTOR('',#7111,1.);
#7111 = DIRECTION('',(-0.707106781187,1.467795991335E-16,-0.707106781187
    ));
#7112 = ORIENTED_EDGE('',*,*,#7113,.T.);
#7113 = EDGE_CURVE('',#7106,#7114,#7116,.T.);
#7114 = VERTEX_POINT('',#7115);
#7115 = CARTESIAN_POINT('',(10.5,1.5,5.6));
#7116 = LINE('',#7117,#7118);
#7117 = CARTESIAN_POINT('',(9.394373441397,1.5,6.705626558603));
#7118 = VECTOR('',#7119,1.);
#7119 = DIRECTION('',(0.707106781187,-2.641161211344E-17,-0.707106781187
    ));
#7120 = ORIENTED_EDGE('',*,*,#7121,.T.);
#7121 = EDGE_CURVE('',#7114,#7122,#7124,.T.);
#7122 = VERTEX_POINT('',#7123);
#7123 = CARTESIAN_POINT('',(10.5,1.5,3.85));
#7124 = LINE('',#7125,#7126);
#7125 = CARTESIAN_POINT('',(10.5,1.5,3.811253117207));
#7126 = VECTOR('',#7127,1.);
#7127 = DIRECTION('',(1.04233387337E-32,8.511301985975E-17,-1.));
#7128 = ORIENTED_EDGE('',*,*,#7129,.F.);
#7129 = EDGE_CURVE('',#7130,#7122,#7132,.T.);
#7130 = VERTEX_POINT('',#7131);
#7131 = CARTESIAN_POINT('',(9.75,1.5,3.1));
#7132 = CIRCLE('',#7133,0.75);
#7133 = AXIS2_PLACEMENT_3D('',#7134,#7135,#7136);
#7134 = CARTESIAN_POINT('',(9.75,1.5,3.85));
#7135 = DIRECTION('',(-1.224646799147E-16,-1.,0.));
#7136 = DIRECTION('',(-0.,0.,-1.));
#7137 = ORIENTED_EDGE('',*,*,#7138,.T.);
#7138 = EDGE_CURVE('',#7130,#7139,#7141,.T.);
#7139 = VERTEX_POINT('',#7140);
#7140 = CARTESIAN_POINT('',(9.,1.5,3.1));
#7141 = LINE('',#7142,#7143);
#7142 = CARTESIAN_POINT('',(7.,1.5,3.1));
#7143 = VECTOR('',#7144,1.);
#7144 = DIRECTION('',(-1.,1.224646799147E-16,0.));
#7145 = ORIENTED_EDGE('',*,*,#7146,.T.);
#7146 = EDGE_CURVE('',#7139,#7147,#7149,.T.);
#7147 = VERTEX_POINT('',#7148);
#7148 = CARTESIAN_POINT('',(9.,1.5,7.));
#7149 = LINE('',#7150,#7151);
#7150 = CARTESIAN_POINT('',(9.,1.5,5.761253117207));
#7151 = VECTOR('',#7152,1.);
#7152 = DIRECTION('',(-1.04233387337E-32,-8.511301985975E-17,1.));
#7153 = ORIENTED_EDGE('',*,*,#7154,.T.);
#7154 = EDGE_CURVE('',#7147,#7155,#7157,.T.);
#7155 = VERTEX_POINT('',#7156);
#7156 = CARTESIAN_POINT('',(1.,1.5,7.));
#7157 = LINE('',#7158,#7159);
#7158 = CARTESIAN_POINT('',(12.45,1.5,7.));
#7159 = VECTOR('',#7160,1.);
#7160 = DIRECTION('',(-1.,1.224646799147E-16,0.));
#7161 = ORIENTED_EDGE('',*,*,#7162,.F.);
#7162 = EDGE_CURVE('',#7163,#7155,#7165,.T.);
#7163 = VERTEX_POINT('',#7164);
#7164 = CARTESIAN_POINT('',(1.,1.5,3.1));
#7165 = LINE('',#7166,#7167);
#7166 = CARTESIAN_POINT('',(1.,1.5,5.761253117207));
#7167 = VECTOR('',#7168,1.);
#7168 = DIRECTION('',(-1.04233387337E-32,-8.511301985975E-17,1.));
#7169 = ORIENTED_EDGE('',*,*,#7170,.F.);
#7170 = EDGE_CURVE('',#7171,#7163,#7173,.T.);
#7171 = VERTEX_POINT('',#7172);
#7172 = CARTESIAN_POINT('',(0.25,1.5,3.1));
#7173 = LINE('',#7174,#7175);
#7174 = CARTESIAN_POINT('',(3.,1.5,3.1));
#7175 = VECTOR('',#7176,1.);
#7176 = DIRECTION('',(1.,-1.224646799147E-16,0.));
#7177 = ORIENTED_EDGE('',*,*,#7178,.F.);
#7178 = EDGE_CURVE('',#7179,#7171,#7181,.T.);
#7179 = VERTEX_POINT('',#7180);
#7180 = CARTESIAN_POINT('',(-0.5,1.5,3.85));
#7181 = CIRCLE('',#7182,0.75);
#7182 = AXIS2_PLACEMENT_3D('',#7183,#7184,#7185);
#7183 = CARTESIAN_POINT('',(0.25,1.5,3.85));
#7184 = DIRECTION('',(-1.224646799147E-16,-1.,0.));
#7185 = DIRECTION('',(-0.,0.,-1.));
#7186 = ORIENTED_EDGE('',*,*,#7187,.F.);
#7187 = EDGE_CURVE('',#7188,#7179,#7190,.T.);
#7188 = VERTEX_POINT('',#7189);
#7189 = CARTESIAN_POINT('',(-0.5,1.5,5.6));
#7190 = LINE('',#7191,#7192);
#7191 = CARTESIAN_POINT('',(-0.5,1.5,3.811253117207));
#7192 = VECTOR('',#7193,1.);
#7193 = DIRECTION('',(1.04233387337E-32,8.511301985975E-17,-1.));
#7194 = ORIENTED_EDGE('',*,*,#7195,.F.);
#7195 = EDGE_CURVE('',#7196,#7188,#7198,.T.);
#7196 = VERTEX_POINT('',#7197);
#7197 = CARTESIAN_POINT('',(-0.25,1.5,5.85));
#7198 = LINE('',#7199,#7200);
#7199 = CARTESIAN_POINT('',(0.605626558603,1.5,6.705626558603));
#7200 = VECTOR('',#7201,1.);
#7201 = DIRECTION('',(-0.707106781187,1.467795991335E-16,-0.707106781187
    ));
#7202 = ORIENTED_EDGE('',*,*,#7203,.F.);
#7203 = EDGE_CURVE('',#7204,#7196,#7206,.T.);
#7204 = VERTEX_POINT('',#7205);
#7205 = CARTESIAN_POINT('',(-0.5,1.5,6.1));
#7206 = LINE('',#7207,#7208);
#7207 = CARTESIAN_POINT('',(1.394373441397,1.5,4.205626558603));
#7208 = VECTOR('',#7209,1.);
#7209 = DIRECTION('',(0.707106781187,-2.641161211344E-17,-0.707106781187
    ));
#7210 = ORIENTED_EDGE('',*,*,#7211,.F.);
#7211 = EDGE_CURVE('',#7212,#7204,#7214,.T.);
#7212 = VERTEX_POINT('',#7213);
#7213 = CARTESIAN_POINT('',(-0.5,1.5,7.));
#7214 = LINE('',#7215,#7216);
#7215 = CARTESIAN_POINT('',(-0.5,1.5,5.311253117207));
#7216 = VECTOR('',#7217,1.);
#7217 = DIRECTION('',(1.04233387337E-32,8.511301985975E-17,-1.));
#7218 = ORIENTED_EDGE('',*,*,#7219,.T.);
#7219 = EDGE_CURVE('',#7212,#6613,#7220,.T.);
#7220 = LINE('',#7221,#7222);
#7221 = CARTESIAN_POINT('',(12.45,1.5,7.));
#7222 = VECTOR('',#7223,1.);
#7223 = DIRECTION('',(-1.,1.224646799147E-16,0.));
#7224 = ORIENTED_EDGE('',*,*,#6620,.T.);
#7225 = ORIENTED_EDGE('',*,*,#7073,.F.);
#7226 = ORIENTED_EDGE('',*,*,#6999,.T.);
#7227 = ORIENTED_EDGE('',*,*,#7228,.F.);
#7228 = EDGE_CURVE('',#7229,#7000,#7231,.T.);
#7229 = VERTEX_POINT('',#7230);
#7230 = CARTESIAN_POINT('',(11.6,1.5,1.85));
#7231 = LINE('',#7232,#7233);
#7232 = CARTESIAN_POINT('',(11.6,1.5,1.85));
#7233 = VECTOR('',#7234,1.);
#7234 = DIRECTION('',(-1.,1.224646799147E-16,0.));
#7235 = ORIENTED_EDGE('',*,*,#7236,.F.);
#7236 = EDGE_CURVE('',#7237,#7229,#7239,.T.);
#7237 = VERTEX_POINT('',#7238);
#7238 = CARTESIAN_POINT('',(11.6,1.5,4.15));
#7239 = LINE('',#7240,#7241);
#7240 = CARTESIAN_POINT('',(11.6,1.5,7.));
#7241 = VECTOR('',#7242,1.);
#7242 = DIRECTION('',(0.,0.,-1.));
#7243 = ORIENTED_EDGE('',*,*,#7244,.F.);
#7244 = EDGE_CURVE('',#6918,#7237,#7245,.T.);
#7245 = LINE('',#7246,#7247);
#7246 = CARTESIAN_POINT('',(12.45,1.5,4.15));
#7247 = VECTOR('',#7248,1.);
#7248 = DIRECTION('',(-1.,1.224646799147E-16,0.));
#7249 = PLANE('',#7250);
#7250 = AXIS2_PLACEMENT_3D('',#7251,#7252,#7253);
#7251 = CARTESIAN_POINT('',(5.,1.5,4.522506234414));
#7252 = DIRECTION('',(-1.224646799147E-16,-1.,-8.511301985975E-17));
#7253 = DIRECTION('',(-1.04233387337E-32,-8.511301985975E-17,1.));
#7254 = ADVANCED_FACE('',(#7255),#7273,.T.);
#7255 = FACE_BOUND('',#7256,.T.);
#7256 = EDGE_LOOP('',(#7257,#7258,#7266,#7272));
#7257 = ORIENTED_EDGE('',*,*,#7219,.F.);
#7258 = ORIENTED_EDGE('',*,*,#7259,.F.);
#7259 = EDGE_CURVE('',#7260,#7212,#7262,.T.);
#7260 = VERTEX_POINT('',#7261);
#7261 = CARTESIAN_POINT('',(-0.5,2.35,7.));
#7262 = LINE('',#7263,#7264);
#7263 = CARTESIAN_POINT('',(-0.5,2.35,7.));
#7264 = VECTOR('',#7265,1.);
#7265 = DIRECTION('',(-1.224646799147E-16,-1.,0.));
#7266 = ORIENTED_EDGE('',*,*,#7267,.T.);
#7267 = EDGE_CURVE('',#7260,#6605,#7268,.T.);
#7268 = LINE('',#7269,#7270);
#7269 = CARTESIAN_POINT('',(12.45,2.35,7.));
#7270 = VECTOR('',#7271,1.);
#7271 = DIRECTION('',(-1.,1.224646799147E-16,0.));
#7272 = ORIENTED_EDGE('',*,*,#6612,.T.);
#7273 = PLANE('',#7274);
#7274 = AXIS2_PLACEMENT_3D('',#7275,#7276,#7277);
#7275 = CARTESIAN_POINT('',(5.,-0.525,7.));
#7276 = DIRECTION('',(0.,0.,1.));
#7277 = DIRECTION('',(-1.,1.224646799147E-16,0.));
#7278 = ADVANCED_FACE('',(#7279),#7571,.F.);
#7279 = FACE_BOUND('',#7280,.F.);
#7280 = EDGE_LOOP('',(#7281,#7289,#7290,#7298,#7306,#7314,#7322,#7330,
    #7339,#7347,#7355,#7363,#7371,#7379,#7388,#7396,#7404,#7412,#7418,
    #7419,#7420,#7421,#7429,#7437,#7445,#7453,#7461,#7469,#7477,#7485,
    #7493,#7501,#7509,#7517,#7525,#7533,#7541,#7549,#7557,#7565));
#7281 = ORIENTED_EDGE('',*,*,#7282,.F.);
#7282 = EDGE_CURVE('',#6892,#7283,#7285,.T.);
#7283 = VERTEX_POINT('',#7284);
#7284 = CARTESIAN_POINT('',(10.75,2.35,0.));
#7285 = LINE('',#7286,#7287);
#7286 = CARTESIAN_POINT('',(12.45,2.35,0.));
#7287 = VECTOR('',#7288,1.);
#7288 = DIRECTION('',(-1.,1.224646799147E-16,0.));
#7289 = ORIENTED_EDGE('',*,*,#6942,.T.);
#7290 = ORIENTED_EDGE('',*,*,#7291,.T.);
#7291 = EDGE_CURVE('',#6935,#7292,#7294,.T.);
#7292 = VERTEX_POINT('',#7293);
#7293 = CARTESIAN_POINT('',(10.5,2.35,7.));
#7294 = LINE('',#7295,#7296);
#7295 = CARTESIAN_POINT('',(12.45,2.35,7.));
#7296 = VECTOR('',#7297,1.);
#7297 = DIRECTION('',(-1.,1.224646799147E-16,0.));
#7298 = ORIENTED_EDGE('',*,*,#7299,.F.);
#7299 = EDGE_CURVE('',#7300,#7292,#7302,.T.);
#7300 = VERTEX_POINT('',#7301);
#7301 = CARTESIAN_POINT('',(10.5,2.35,6.1));
#7302 = LINE('',#7303,#7304);
#7303 = CARTESIAN_POINT('',(10.5,2.35,6.1));
#7304 = VECTOR('',#7305,1.);
#7305 = DIRECTION('',(0.,0.,1.));
#7306 = ORIENTED_EDGE('',*,*,#7307,.F.);
#7307 = EDGE_CURVE('',#7308,#7300,#7310,.T.);
#7308 = VERTEX_POINT('',#7309);
#7309 = CARTESIAN_POINT('',(10.25,2.35,5.85));
#7310 = LINE('',#7311,#7312);
#7311 = CARTESIAN_POINT('',(10.25,2.35,5.85));
#7312 = VECTOR('',#7313,1.);
#7313 = DIRECTION('',(0.707106781187,-8.659560562349E-17,0.707106781187)
  );
#7314 = ORIENTED_EDGE('',*,*,#7315,.F.);
#7315 = EDGE_CURVE('',#7316,#7308,#7318,.T.);
#7316 = VERTEX_POINT('',#7317);
#7317 = CARTESIAN_POINT('',(10.5,2.35,5.6));
#7318 = LINE('',#7319,#7320);
#7319 = CARTESIAN_POINT('',(10.5,2.35,5.6));
#7320 = VECTOR('',#7321,1.);
#7321 = DIRECTION('',(-0.707106781187,8.659560562349E-17,0.707106781187)
  );
#7322 = ORIENTED_EDGE('',*,*,#7323,.F.);
#7323 = EDGE_CURVE('',#7324,#7316,#7326,.T.);
#7324 = VERTEX_POINT('',#7325);
#7325 = CARTESIAN_POINT('',(10.5,2.35,3.85));
#7326 = LINE('',#7327,#7328);
#7327 = CARTESIAN_POINT('',(10.5,2.35,3.1));
#7328 = VECTOR('',#7329,1.);
#7329 = DIRECTION('',(0.,0.,1.));
#7330 = ORIENTED_EDGE('',*,*,#7331,.F.);
#7331 = EDGE_CURVE('',#7332,#7324,#7334,.T.);
#7332 = VERTEX_POINT('',#7333);
#7333 = CARTESIAN_POINT('',(9.75,2.35,3.1));
#7334 = CIRCLE('',#7335,0.75);
#7335 = AXIS2_PLACEMENT_3D('',#7336,#7337,#7338);
#7336 = CARTESIAN_POINT('',(9.75,2.35,3.85));
#7337 = DIRECTION('',(-1.224646799147E-16,-1.,0.));
#7338 = DIRECTION('',(0.,0.,1.));
#7339 = ORIENTED_EDGE('',*,*,#7340,.F.);
#7340 = EDGE_CURVE('',#7341,#7332,#7343,.T.);
#7341 = VERTEX_POINT('',#7342);
#7342 = CARTESIAN_POINT('',(9.,2.35,3.1));
#7343 = LINE('',#7344,#7345);
#7344 = CARTESIAN_POINT('',(9.,2.35,3.1));
#7345 = VECTOR('',#7346,1.);
#7346 = DIRECTION('',(1.,-1.224646799147E-16,0.));
#7347 = ORIENTED_EDGE('',*,*,#7348,.F.);
#7348 = EDGE_CURVE('',#7349,#7341,#7351,.T.);
#7349 = VERTEX_POINT('',#7350);
#7350 = CARTESIAN_POINT('',(9.,2.35,7.));
#7351 = LINE('',#7352,#7353);
#7352 = CARTESIAN_POINT('',(9.,2.35,7.));
#7353 = VECTOR('',#7354,1.);
#7354 = DIRECTION('',(-0.,0.,-1.));
#7355 = ORIENTED_EDGE('',*,*,#7356,.T.);
#7356 = EDGE_CURVE('',#7349,#7357,#7359,.T.);
#7357 = VERTEX_POINT('',#7358);
#7358 = CARTESIAN_POINT('',(1.,2.35,7.));
#7359 = LINE('',#7360,#7361);
#7360 = CARTESIAN_POINT('',(12.45,2.35,7.));
#7361 = VECTOR('',#7362,1.);
#7362 = DIRECTION('',(-1.,1.224646799147E-16,0.));
#7363 = ORIENTED_EDGE('',*,*,#7364,.T.);
#7364 = EDGE_CURVE('',#7357,#7365,#7367,.T.);
#7365 = VERTEX_POINT('',#7366);
#7366 = CARTESIAN_POINT('',(1.,2.35,3.1));
#7367 = LINE('',#7368,#7369);
#7368 = CARTESIAN_POINT('',(1.,2.35,7.));
#7369 = VECTOR('',#7370,1.);
#7370 = DIRECTION('',(-0.,0.,-1.));
#7371 = ORIENTED_EDGE('',*,*,#7372,.T.);
#7372 = EDGE_CURVE('',#7365,#7373,#7375,.T.);
#7373 = VERTEX_POINT('',#7374);
#7374 = CARTESIAN_POINT('',(0.25,2.35,3.1));
#7375 = LINE('',#7376,#7377);
#7376 = CARTESIAN_POINT('',(1.,2.35,3.1));
#7377 = VECTOR('',#7378,1.);
#7378 = DIRECTION('',(-1.,1.224646799147E-16,0.));
#7379 = ORIENTED_EDGE('',*,*,#7380,.T.);
#7380 = EDGE_CURVE('',#7373,#7381,#7383,.T.);
#7381 = VERTEX_POINT('',#7382);
#7382 = CARTESIAN_POINT('',(-0.5,2.35,3.85));
#7383 = CIRCLE('',#7384,0.75);
#7384 = AXIS2_PLACEMENT_3D('',#7385,#7386,#7387);
#7385 = CARTESIAN_POINT('',(0.25,2.35,3.85));
#7386 = DIRECTION('',(1.224646799147E-16,1.,-0.));
#7387 = DIRECTION('',(0.,0.,1.));
#7388 = ORIENTED_EDGE('',*,*,#7389,.T.);
#7389 = EDGE_CURVE('',#7381,#7390,#7392,.T.);
#7390 = VERTEX_POINT('',#7391);
#7391 = CARTESIAN_POINT('',(-0.5,2.35,5.6));
#7392 = LINE('',#7393,#7394);
#7393 = CARTESIAN_POINT('',(-0.5,2.35,3.1));
#7394 = VECTOR('',#7395,1.);
#7395 = DIRECTION('',(0.,0.,1.));
#7396 = ORIENTED_EDGE('',*,*,#7397,.T.);
#7397 = EDGE_CURVE('',#7390,#7398,#7400,.T.);
#7398 = VERTEX_POINT('',#7399);
#7399 = CARTESIAN_POINT('',(-0.25,2.35,5.85));
#7400 = LINE('',#7401,#7402);
#7401 = CARTESIAN_POINT('',(-0.5,2.35,5.6));
#7402 = VECTOR('',#7403,1.);
#7403 = DIRECTION('',(0.707106781187,-8.659560562349E-17,0.707106781187)
  );
#7404 = ORIENTED_EDGE('',*,*,#7405,.T.);
#7405 = EDGE_CURVE('',#7398,#7406,#7408,.T.);
#7406 = VERTEX_POINT('',#7407);
#7407 = CARTESIAN_POINT('',(-0.5,2.35,6.1));
#7408 = LINE('',#7409,#7410);
#7409 = CARTESIAN_POINT('',(-0.25,2.35,5.85));
#7410 = VECTOR('',#7411,1.);
#7411 = DIRECTION('',(-0.707106781187,8.659560562349E-17,0.707106781187)
  );
#7412 = ORIENTED_EDGE('',*,*,#7413,.T.);
#7413 = EDGE_CURVE('',#7406,#7260,#7414,.T.);
#7414 = LINE('',#7415,#7416);
#7415 = CARTESIAN_POINT('',(-0.5,2.35,6.1));
#7416 = VECTOR('',#7417,1.);
#7417 = DIRECTION('',(0.,0.,1.));
#7418 = ORIENTED_EDGE('',*,*,#7267,.T.);
#7419 = ORIENTED_EDGE('',*,*,#6604,.F.);
#7420 = ORIENTED_EDGE('',*,*,#7055,.F.);
#7421 = ORIENTED_EDGE('',*,*,#7422,.T.);
#7422 = EDGE_CURVE('',#7048,#7423,#7425,.T.);
#7423 = VERTEX_POINT('',#7424);
#7424 = CARTESIAN_POINT('',(-0.75,2.35,1.));
#7425 = LINE('',#7426,#7427);
#7426 = CARTESIAN_POINT('',(-0.75,2.35,0.));
#7427 = VECTOR('',#7428,1.);
#7428 = DIRECTION('',(0.,0.,1.));
#7429 = ORIENTED_EDGE('',*,*,#7430,.F.);
#7430 = EDGE_CURVE('',#7431,#7423,#7433,.T.);
#7431 = VERTEX_POINT('',#7432);
#7432 = CARTESIAN_POINT('',(0.75,2.35,1.));
#7433 = LINE('',#7434,#7435);
#7434 = CARTESIAN_POINT('',(0.75,2.35,1.));
#7435 = VECTOR('',#7436,1.);
#7436 = DIRECTION('',(-1.,1.224646799147E-16,0.));
#7437 = ORIENTED_EDGE('',*,*,#7438,.F.);
#7438 = EDGE_CURVE('',#7439,#7431,#7441,.T.);
#7439 = VERTEX_POINT('',#7440);
#7440 = CARTESIAN_POINT('',(0.75,2.35,0.));
#7441 = LINE('',#7442,#7443);
#7442 = CARTESIAN_POINT('',(0.75,2.35,0.));
#7443 = VECTOR('',#7444,1.);
#7444 = DIRECTION('',(0.,0.,1.));
#7445 = ORIENTED_EDGE('',*,*,#7446,.F.);
#7446 = EDGE_CURVE('',#7447,#7439,#7449,.T.);
#7447 = VERTEX_POINT('',#7448);
#7448 = CARTESIAN_POINT('',(1.75,2.35,0.));
#7449 = LINE('',#7450,#7451);
#7450 = CARTESIAN_POINT('',(12.45,2.35,0.));
#7451 = VECTOR('',#7452,1.);
#7452 = DIRECTION('',(-1.,1.224646799147E-16,0.));
#7453 = ORIENTED_EDGE('',*,*,#7454,.T.);
#7454 = EDGE_CURVE('',#7447,#7455,#7457,.T.);
#7455 = VERTEX_POINT('',#7456);
#7456 = CARTESIAN_POINT('',(1.75,2.35,1.));
#7457 = LINE('',#7458,#7459);
#7458 = CARTESIAN_POINT('',(1.75,2.35,0.));
#7459 = VECTOR('',#7460,1.);
#7460 = DIRECTION('',(0.,0.,1.));
#7461 = ORIENTED_EDGE('',*,*,#7462,.F.);
#7462 = EDGE_CURVE('',#7463,#7455,#7465,.T.);
#7463 = VERTEX_POINT('',#7464);
#7464 = CARTESIAN_POINT('',(3.25,2.35,1.));
#7465 = LINE('',#7466,#7467);
#7466 = CARTESIAN_POINT('',(3.25,2.35,1.));
#7467 = VECTOR('',#7468,1.);
#7468 = DIRECTION('',(-1.,1.224646799147E-16,0.));
#7469 = ORIENTED_EDGE('',*,*,#7470,.F.);
#7470 = EDGE_CURVE('',#7471,#7463,#7473,.T.);
#7471 = VERTEX_POINT('',#7472);
#7472 = CARTESIAN_POINT('',(3.25,2.35,0.));
#7473 = LINE('',#7474,#7475);
#7474 = CARTESIAN_POINT('',(3.25,2.35,0.));
#7475 = VECTOR('',#7476,1.);
#7476 = DIRECTION('',(0.,0.,1.));
#7477 = ORIENTED_EDGE('',*,*,#7478,.F.);
#7478 = EDGE_CURVE('',#7479,#7471,#7481,.T.);
#7479 = VERTEX_POINT('',#7480);
#7480 = CARTESIAN_POINT('',(4.25,2.35,0.));
#7481 = LINE('',#7482,#7483);
#7482 = CARTESIAN_POINT('',(12.45,2.35,0.));
#7483 = VECTOR('',#7484,1.);
#7484 = DIRECTION('',(-1.,1.224646799147E-16,0.));
#7485 = ORIENTED_EDGE('',*,*,#7486,.T.);
#7486 = EDGE_CURVE('',#7479,#7487,#7489,.T.);
#7487 = VERTEX_POINT('',#7488);
#7488 = CARTESIAN_POINT('',(4.25,2.35,1.));
#7489 = LINE('',#7490,#7491);
#7490 = CARTESIAN_POINT('',(4.25,2.35,0.));
#7491 = VECTOR('',#7492,1.);
#7492 = DIRECTION('',(0.,0.,1.));
#7493 = ORIENTED_EDGE('',*,*,#7494,.F.);
#7494 = EDGE_CURVE('',#7495,#7487,#7497,.T.);
#7495 = VERTEX_POINT('',#7496);
#7496 = CARTESIAN_POINT('',(5.75,2.35,1.));
#7497 = LINE('',#7498,#7499);
#7498 = CARTESIAN_POINT('',(5.75,2.35,1.));
#7499 = VECTOR('',#7500,1.);
#7500 = DIRECTION('',(-1.,1.224646799147E-16,0.));
#7501 = ORIENTED_EDGE('',*,*,#7502,.F.);
#7502 = EDGE_CURVE('',#7503,#7495,#7505,.T.);
#7503 = VERTEX_POINT('',#7504);
#7504 = CARTESIAN_POINT('',(5.75,2.35,0.));
#7505 = LINE('',#7506,#7507);
#7506 = CARTESIAN_POINT('',(5.75,2.35,0.));
#7507 = VECTOR('',#7508,1.);
#7508 = DIRECTION('',(0.,0.,1.));
#7509 = ORIENTED_EDGE('',*,*,#7510,.F.);
#7510 = EDGE_CURVE('',#7511,#7503,#7513,.T.);
#7511 = VERTEX_POINT('',#7512);
#7512 = CARTESIAN_POINT('',(6.75,2.35,0.));
#7513 = LINE('',#7514,#7515);
#7514 = CARTESIAN_POINT('',(12.45,2.35,0.));
#7515 = VECTOR('',#7516,1.);
#7516 = DIRECTION('',(-1.,1.224646799147E-16,0.));
#7517 = ORIENTED_EDGE('',*,*,#7518,.T.);
#7518 = EDGE_CURVE('',#7511,#7519,#7521,.T.);
#7519 = VERTEX_POINT('',#7520);
#7520 = CARTESIAN_POINT('',(6.75,2.35,1.));
#7521 = LINE('',#7522,#7523);
#7522 = CARTESIAN_POINT('',(6.75,2.35,0.));
#7523 = VECTOR('',#7524,1.);
#7524 = DIRECTION('',(0.,0.,1.));
#7525 = ORIENTED_EDGE('',*,*,#7526,.F.);
#7526 = EDGE_CURVE('',#7527,#7519,#7529,.T.);
#7527 = VERTEX_POINT('',#7528);
#7528 = CARTESIAN_POINT('',(8.25,2.35,1.));
#7529 = LINE('',#7530,#7531);
#7530 = CARTESIAN_POINT('',(8.25,2.35,1.));
#7531 = VECTOR('',#7532,1.);
#7532 = DIRECTION('',(-1.,1.224646799147E-16,0.));
#7533 = ORIENTED_EDGE('',*,*,#7534,.F.);
#7534 = EDGE_CURVE('',#7535,#7527,#7537,.T.);
#7535 = VERTEX_POINT('',#7536);
#7536 = CARTESIAN_POINT('',(8.25,2.35,0.));
#7537 = LINE('',#7538,#7539);
#7538 = CARTESIAN_POINT('',(8.25,2.35,0.));
#7539 = VECTOR('',#7540,1.);
#7540 = DIRECTION('',(0.,0.,1.));
#7541 = ORIENTED_EDGE('',*,*,#7542,.F.);
#7542 = EDGE_CURVE('',#7543,#7535,#7545,.T.);
#7543 = VERTEX_POINT('',#7544);
#7544 = CARTESIAN_POINT('',(9.25,2.35,0.));
#7545 = LINE('',#7546,#7547);
#7546 = CARTESIAN_POINT('',(12.45,2.35,0.));
#7547 = VECTOR('',#7548,1.);
#7548 = DIRECTION('',(-1.,1.224646799147E-16,0.));
#7549 = ORIENTED_EDGE('',*,*,#7550,.T.);
#7550 = EDGE_CURVE('',#7543,#7551,#7553,.T.);
#7551 = VERTEX_POINT('',#7552);
#7552 = CARTESIAN_POINT('',(9.25,2.35,1.));
#7553 = LINE('',#7554,#7555);
#7554 = CARTESIAN_POINT('',(9.25,2.35,0.));
#7555 = VECTOR('',#7556,1.);
#7556 = DIRECTION('',(0.,0.,1.));
#7557 = ORIENTED_EDGE('',*,*,#7558,.F.);
#7558 = EDGE_CURVE('',#7559,#7551,#7561,.T.);
#7559 = VERTEX_POINT('',#7560);
#7560 = CARTESIAN_POINT('',(10.75,2.35,1.));
#7561 = LINE('',#7562,#7563);
#7562 = CARTESIAN_POINT('',(10.75,2.35,1.));
#7563 = VECTOR('',#7564,1.);
#7564 = DIRECTION('',(-1.,1.224646799147E-16,0.));
#7565 = ORIENTED_EDGE('',*,*,#7566,.F.);
#7566 = EDGE_CURVE('',#7283,#7559,#7567,.T.);
#7567 = LINE('',#7568,#7569);
#7568 = CARTESIAN_POINT('',(10.75,2.35,0.));
#7569 = VECTOR('',#7570,1.);
#7570 = DIRECTION('',(0.,0.,1.));
#7571 = PLANE('',#7572);
#7572 = AXIS2_PLACEMENT_3D('',#7573,#7574,#7575);
#7573 = CARTESIAN_POINT('',(12.45,2.35,0.));
#7574 = DIRECTION('',(-1.224646799147E-16,-1.,0.));
#7575 = DIRECTION('',(-1.,1.224646799147E-16,0.));
#7576 = ADVANCED_FACE('',(#7577),#7595,.F.);
#7577 = FACE_BOUND('',#7578,.F.);
#7578 = EDGE_LOOP('',(#7579,#7580,#7588,#7594));
#7579 = ORIENTED_EDGE('',*,*,#7015,.T.);
#7580 = ORIENTED_EDGE('',*,*,#7581,.T.);
#7581 = EDGE_CURVE('',#7008,#7582,#7584,.T.);
#7582 = VERTEX_POINT('',#7583);
#7583 = CARTESIAN_POINT('',(11.6,-2.65,1.85));
#7584 = LINE('',#7585,#7586);
#7585 = CARTESIAN_POINT('',(-1.6,-2.65,1.85));
#7586 = VECTOR('',#7587,1.);
#7587 = DIRECTION('',(1.,-1.224646799147E-16,0.));
#7588 = ORIENTED_EDGE('',*,*,#7589,.F.);
#7589 = EDGE_CURVE('',#6662,#7582,#7590,.T.);
#7590 = LINE('',#7591,#7592);
#7591 = CARTESIAN_POINT('',(11.6,-2.65,7.));
#7592 = VECTOR('',#7593,1.);
#7593 = DIRECTION('',(0.,0.,-1.));
#7594 = ORIENTED_EDGE('',*,*,#6669,.F.);
#7595 = PLANE('',#7596);
#7596 = AXIS2_PLACEMENT_3D('',#7597,#7598,#7599);
#7597 = CARTESIAN_POINT('',(-1.6,-2.65,7.));
#7598 = DIRECTION('',(-1.224646799147E-16,-1.,0.));
#7599 = DIRECTION('',(1.,-1.224646799147E-16,0.));
#7600 = ADVANCED_FACE('',(#7601),#7628,.T.);
#7601 = FACE_BOUND('',#7602,.T.);
#7602 = EDGE_LOOP('',(#7603,#7604,#7612,#7620,#7626,#7627));
#7603 = ORIENTED_EDGE('',*,*,#7422,.T.);
#7604 = ORIENTED_EDGE('',*,*,#7605,.T.);
#7605 = EDGE_CURVE('',#7423,#7606,#7608,.T.);
#7606 = VERTEX_POINT('',#7607);
#7607 = CARTESIAN_POINT('',(-0.75,0.5,0.3));
#7608 = LINE('',#7609,#7610);
#7609 = CARTESIAN_POINT('',(-0.75,2.35,1.));
#7610 = VECTOR('',#7611,1.);
#7611 = DIRECTION('',(-1.14539532148E-16,-0.935286257456,-0.353892097416
    ));
#7612 = ORIENTED_EDGE('',*,*,#7613,.T.);
#7613 = EDGE_CURVE('',#7606,#7614,#7616,.T.);
#7614 = VERTEX_POINT('',#7615);
#7615 = CARTESIAN_POINT('',(-0.75,-0.5,0.3));
#7616 = LINE('',#7617,#7618);
#7617 = CARTESIAN_POINT('',(-0.75,0.5,0.3));
#7618 = VECTOR('',#7619,1.);
#7619 = DIRECTION('',(-1.224646799147E-16,-1.,0.));
#7620 = ORIENTED_EDGE('',*,*,#7621,.T.);
#7621 = EDGE_CURVE('',#7614,#6846,#7622,.T.);
#7622 = LINE('',#7623,#7624);
#7623 = CARTESIAN_POINT('',(-0.75,-0.5,0.3));
#7624 = VECTOR('',#7625,1.);
#7625 = DIRECTION('',(-1.190457365237E-16,-0.972082208573,0.234640533104
    ));
#7626 = ORIENTED_EDGE('',*,*,#6853,.T.);
#7627 = ORIENTED_EDGE('',*,*,#7047,.T.);
#7628 = PLANE('',#7629);
#7629 = AXIS2_PLACEMENT_3D('',#7630,#7631,#7632);
#7630 = CARTESIAN_POINT('',(-0.75,-0.515451356496,0.330008245993));
#7631 = DIRECTION('',(1.,-1.224646799147E-16,-1.256256073143E-32));
#7632 = DIRECTION('',(-1.256256073143E-32,1.538469978883E-48,-1.));
#7633 = ADVANCED_FACE('',(#7634),#7652,.F.);
#7634 = FACE_BOUND('',#7635,.F.);
#7635 = EDGE_LOOP('',(#7636,#7644,#7645,#7646));
#7636 = ORIENTED_EDGE('',*,*,#7637,.T.);
#7637 = EDGE_CURVE('',#7638,#7614,#7640,.T.);
#7638 = VERTEX_POINT('',#7639);
#7639 = CARTESIAN_POINT('',(0.75,-0.5,0.3));
#7640 = LINE('',#7641,#7642);
#7641 = CARTESIAN_POINT('',(0.75,-0.5,0.3));
#7642 = VECTOR('',#7643,1.);
#7643 = DIRECTION('',(-1.,1.224646799147E-16,0.));
#7644 = ORIENTED_EDGE('',*,*,#7621,.T.);
#7645 = ORIENTED_EDGE('',*,*,#6845,.F.);
#7646 = ORIENTED_EDGE('',*,*,#7647,.F.);
#7647 = EDGE_CURVE('',#7638,#6838,#7648,.T.);
#7648 = LINE('',#7649,#7650);
#7649 = CARTESIAN_POINT('',(0.75,-0.5,0.3));
#7650 = VECTOR('',#7651,1.);
#7651 = DIRECTION('',(-1.190457365237E-16,-0.972082208573,0.234640533104
    ));
#7652 = PLANE('',#7653);
#7653 = AXIS2_PLACEMENT_3D('',#7654,#7655,#7656);
#7654 = CARTESIAN_POINT('',(0.75,-0.5,0.3));
#7655 = DIRECTION('',(2.87351777816E-17,0.234640533104,0.972082208573));
#7656 = DIRECTION('',(-1.190457365237E-16,-0.972082208573,0.234640533104
    ));
#7657 = ADVANCED_FACE('',(#7658),#7683,.F.);
#7658 = FACE_BOUND('',#7659,.F.);
#7659 = EDGE_LOOP('',(#7660,#7661,#7669,#7675,#7676,#7677));
#7660 = ORIENTED_EDGE('',*,*,#7438,.T.);
#7661 = ORIENTED_EDGE('',*,*,#7662,.T.);
#7662 = EDGE_CURVE('',#7431,#7663,#7665,.T.);
#7663 = VERTEX_POINT('',#7664);
#7664 = CARTESIAN_POINT('',(0.75,0.5,0.3));
#7665 = LINE('',#7666,#7667);
#7666 = CARTESIAN_POINT('',(0.75,2.35,1.));
#7667 = VECTOR('',#7668,1.);
#7668 = DIRECTION('',(-1.14539532148E-16,-0.935286257456,-0.353892097416
    ));
#7669 = ORIENTED_EDGE('',*,*,#7670,.T.);
#7670 = EDGE_CURVE('',#7663,#7638,#7671,.T.);
#7671 = LINE('',#7672,#7673);
#7672 = CARTESIAN_POINT('',(0.75,0.5,0.3));
#7673 = VECTOR('',#7674,1.);
#7674 = DIRECTION('',(-1.224646799147E-16,-1.,0.));
#7675 = ORIENTED_EDGE('',*,*,#7647,.T.);
#7676 = ORIENTED_EDGE('',*,*,#6837,.T.);
#7677 = ORIENTED_EDGE('',*,*,#7678,.T.);
#7678 = EDGE_CURVE('',#6830,#7439,#7679,.T.);
#7679 = LINE('',#7680,#7681);
#7680 = CARTESIAN_POINT('',(0.75,-3.4,0.));
#7681 = VECTOR('',#7682,1.);
#7682 = DIRECTION('',(1.224646799147E-16,1.,0.));
#7683 = PLANE('',#7684);
#7684 = AXIS2_PLACEMENT_3D('',#7685,#7686,#7687);
#7685 = CARTESIAN_POINT('',(0.75,-0.515451356496,0.330008245993));
#7686 = DIRECTION('',(1.,-1.224646799147E-16,-1.256256073143E-32));
#7687 = DIRECTION('',(-1.256256073143E-32,1.538469978883E-48,-1.));
#7688 = ADVANCED_FACE('',(#7689),#7700,.F.);
#7689 = FACE_BOUND('',#7690,.F.);
#7690 = EDGE_LOOP('',(#7691,#7697,#7698,#7699));
#7691 = ORIENTED_EDGE('',*,*,#7692,.T.);
#7692 = EDGE_CURVE('',#6822,#7447,#7693,.T.);
#7693 = LINE('',#7694,#7695);
#7694 = CARTESIAN_POINT('',(1.75,-3.4,0.));
#7695 = VECTOR('',#7696,1.);
#7696 = DIRECTION('',(1.224646799147E-16,1.,0.));
#7697 = ORIENTED_EDGE('',*,*,#7446,.T.);
#7698 = ORIENTED_EDGE('',*,*,#7678,.F.);
#7699 = ORIENTED_EDGE('',*,*,#6829,.T.);
#7700 = PLANE('',#7701);
#7701 = AXIS2_PLACEMENT_3D('',#7702,#7703,#7704);
#7702 = CARTESIAN_POINT('',(5.,-0.525,0.));
#7703 = DIRECTION('',(0.,0.,1.));
#7704 = DIRECTION('',(-1.,1.224646799147E-16,0.));
#7705 = ADVANCED_FACE('',(#7706),#7733,.T.);
#7706 = FACE_BOUND('',#7707,.T.);
#7707 = EDGE_LOOP('',(#7708,#7709,#7717,#7725,#7731,#7732));
#7708 = ORIENTED_EDGE('',*,*,#7454,.T.);
#7709 = ORIENTED_EDGE('',*,*,#7710,.T.);
#7710 = EDGE_CURVE('',#7455,#7711,#7713,.T.);
#7711 = VERTEX_POINT('',#7712);
#7712 = CARTESIAN_POINT('',(1.75,0.5,0.3));
#7713 = LINE('',#7714,#7715);
#7714 = CARTESIAN_POINT('',(1.75,2.35,1.));
#7715 = VECTOR('',#7716,1.);
#7716 = DIRECTION('',(-1.14539532148E-16,-0.935286257456,-0.353892097416
    ));
#7717 = ORIENTED_EDGE('',*,*,#7718,.T.);
#7718 = EDGE_CURVE('',#7711,#7719,#7721,.T.);
#7719 = VERTEX_POINT('',#7720);
#7720 = CARTESIAN_POINT('',(1.75,-0.5,0.3));
#7721 = LINE('',#7722,#7723);
#7722 = CARTESIAN_POINT('',(1.75,0.5,0.3));
#7723 = VECTOR('',#7724,1.);
#7724 = DIRECTION('',(-1.224646799147E-16,-1.,0.));
#7725 = ORIENTED_EDGE('',*,*,#7726,.T.);
#7726 = EDGE_CURVE('',#7719,#6814,#7727,.T.);
#7727 = LINE('',#7728,#7729);
#7728 = CARTESIAN_POINT('',(1.75,-0.5,0.3));
#7729 = VECTOR('',#7730,1.);
#7730 = DIRECTION('',(-1.190457365237E-16,-0.972082208573,0.234640533104
    ));
#7731 = ORIENTED_EDGE('',*,*,#6821,.T.);
#7732 = ORIENTED_EDGE('',*,*,#7692,.T.);
#7733 = PLANE('',#7734);
#7734 = AXIS2_PLACEMENT_3D('',#7735,#7736,#7737);
#7735 = CARTESIAN_POINT('',(1.75,-0.515451356496,0.330008245993));
#7736 = DIRECTION('',(1.,-1.224646799147E-16,-1.256256073143E-32));
#7737 = DIRECTION('',(-1.256256073143E-32,1.538469978883E-48,-1.));
#7738 = ADVANCED_FACE('',(#7739),#7757,.F.);
#7739 = FACE_BOUND('',#7740,.F.);
#7740 = EDGE_LOOP('',(#7741,#7749,#7750,#7751));
#7741 = ORIENTED_EDGE('',*,*,#7742,.T.);
#7742 = EDGE_CURVE('',#7743,#7719,#7745,.T.);
#7743 = VERTEX_POINT('',#7744);
#7744 = CARTESIAN_POINT('',(3.25,-0.5,0.3));
#7745 = LINE('',#7746,#7747);
#7746 = CARTESIAN_POINT('',(3.25,-0.5,0.3));
#7747 = VECTOR('',#7748,1.);
#7748 = DIRECTION('',(-1.,1.224646799147E-16,0.));
#7749 = ORIENTED_EDGE('',*,*,#7726,.T.);
#7750 = ORIENTED_EDGE('',*,*,#6813,.F.);
#7751 = ORIENTED_EDGE('',*,*,#7752,.F.);
#7752 = EDGE_CURVE('',#7743,#6806,#7753,.T.);
#7753 = LINE('',#7754,#7755);
#7754 = CARTESIAN_POINT('',(3.25,-0.5,0.3));
#7755 = VECTOR('',#7756,1.);
#7756 = DIRECTION('',(-1.190457365237E-16,-0.972082208573,0.234640533104
    ));
#7757 = PLANE('',#7758);
#7758 = AXIS2_PLACEMENT_3D('',#7759,#7760,#7761);
#7759 = CARTESIAN_POINT('',(3.25,-0.5,0.3));
#7760 = DIRECTION('',(2.87351777816E-17,0.234640533104,0.972082208573));
#7761 = DIRECTION('',(-1.190457365237E-16,-0.972082208573,0.234640533104
    ));
#7762 = ADVANCED_FACE('',(#7763),#7788,.F.);
#7763 = FACE_BOUND('',#7764,.F.);
#7764 = EDGE_LOOP('',(#7765,#7766,#7774,#7780,#7781,#7782));
#7765 = ORIENTED_EDGE('',*,*,#7470,.T.);
#7766 = ORIENTED_EDGE('',*,*,#7767,.T.);
#7767 = EDGE_CURVE('',#7463,#7768,#7770,.T.);
#7768 = VERTEX_POINT('',#7769);
#7769 = CARTESIAN_POINT('',(3.25,0.5,0.3));
#7770 = LINE('',#7771,#7772);
#7771 = CARTESIAN_POINT('',(3.25,2.35,1.));
#7772 = VECTOR('',#7773,1.);
#7773 = DIRECTION('',(-1.14539532148E-16,-0.935286257456,-0.353892097416
    ));
#7774 = ORIENTED_EDGE('',*,*,#7775,.T.);
#7775 = EDGE_CURVE('',#7768,#7743,#7776,.T.);
#7776 = LINE('',#7777,#7778);
#7777 = CARTESIAN_POINT('',(3.25,0.5,0.3));
#7778 = VECTOR('',#7779,1.);
#7779 = DIRECTION('',(-1.224646799147E-16,-1.,0.));
#7780 = ORIENTED_EDGE('',*,*,#7752,.T.);
#7781 = ORIENTED_EDGE('',*,*,#6805,.T.);
#7782 = ORIENTED_EDGE('',*,*,#7783,.T.);
#7783 = EDGE_CURVE('',#6798,#7471,#7784,.T.);
#7784 = LINE('',#7785,#7786);
#7785 = CARTESIAN_POINT('',(3.25,-3.4,0.));
#7786 = VECTOR('',#7787,1.);
#7787 = DIRECTION('',(1.224646799147E-16,1.,0.));
#7788 = PLANE('',#7789);
#7789 = AXIS2_PLACEMENT_3D('',#7790,#7791,#7792);
#7790 = CARTESIAN_POINT('',(3.25,-0.515451356496,0.330008245993));
#7791 = DIRECTION('',(1.,-1.224646799147E-16,-1.256256073143E-32));
#7792 = DIRECTION('',(-1.256256073143E-32,1.538469978883E-48,-1.));
#7793 = ADVANCED_FACE('',(#7794),#7805,.F.);
#7794 = FACE_BOUND('',#7795,.F.);
#7795 = EDGE_LOOP('',(#7796,#7797,#7798,#7799));
#7796 = ORIENTED_EDGE('',*,*,#7478,.T.);
#7797 = ORIENTED_EDGE('',*,*,#7783,.F.);
#7798 = ORIENTED_EDGE('',*,*,#6797,.T.);
#7799 = ORIENTED_EDGE('',*,*,#7800,.T.);
#7800 = EDGE_CURVE('',#6790,#7479,#7801,.T.);
#7801 = LINE('',#7802,#7803);
#7802 = CARTESIAN_POINT('',(4.25,-3.4,0.));
#7803 = VECTOR('',#7804,1.);
#7804 = DIRECTION('',(1.224646799147E-16,1.,0.));
#7805 = PLANE('',#7806);
#7806 = AXIS2_PLACEMENT_3D('',#7807,#7808,#7809);
#7807 = CARTESIAN_POINT('',(5.,-0.525,0.));
#7808 = DIRECTION('',(0.,0.,1.));
#7809 = DIRECTION('',(-1.,1.224646799147E-16,0.));
#7810 = ADVANCED_FACE('',(#7811),#7838,.T.);
#7811 = FACE_BOUND('',#7812,.T.);
#7812 = EDGE_LOOP('',(#7813,#7814,#7822,#7830,#7836,#7837));
#7813 = ORIENTED_EDGE('',*,*,#7486,.T.);
#7814 = ORIENTED_EDGE('',*,*,#7815,.T.);
#7815 = EDGE_CURVE('',#7487,#7816,#7818,.T.);
#7816 = VERTEX_POINT('',#7817);
#7817 = CARTESIAN_POINT('',(4.25,0.5,0.3));
#7818 = LINE('',#7819,#7820);
#7819 = CARTESIAN_POINT('',(4.25,2.35,1.));
#7820 = VECTOR('',#7821,1.);
#7821 = DIRECTION('',(-1.14539532148E-16,-0.935286257456,-0.353892097416
    ));
#7822 = ORIENTED_EDGE('',*,*,#7823,.T.);
#7823 = EDGE_CURVE('',#7816,#7824,#7826,.T.);
#7824 = VERTEX_POINT('',#7825);
#7825 = CARTESIAN_POINT('',(4.25,-0.5,0.3));
#7826 = LINE('',#7827,#7828);
#7827 = CARTESIAN_POINT('',(4.25,0.5,0.3));
#7828 = VECTOR('',#7829,1.);
#7829 = DIRECTION('',(-1.224646799147E-16,-1.,0.));
#7830 = ORIENTED_EDGE('',*,*,#7831,.T.);
#7831 = EDGE_CURVE('',#7824,#6782,#7832,.T.);
#7832 = LINE('',#7833,#7834);
#7833 = CARTESIAN_POINT('',(4.25,-0.5,0.3));
#7834 = VECTOR('',#7835,1.);
#7835 = DIRECTION('',(-1.190457365237E-16,-0.972082208573,0.234640533104
    ));
#7836 = ORIENTED_EDGE('',*,*,#6789,.T.);
#7837 = ORIENTED_EDGE('',*,*,#7800,.T.);
#7838 = PLANE('',#7839);
#7839 = AXIS2_PLACEMENT_3D('',#7840,#7841,#7842);
#7840 = CARTESIAN_POINT('',(4.25,-0.515451356496,0.330008245993));
#7841 = DIRECTION('',(1.,-1.224646799147E-16,-1.256256073143E-32));
#7842 = DIRECTION('',(-1.256256073143E-32,1.538469978883E-48,-1.));
#7843 = ADVANCED_FACE('',(#7844),#7862,.F.);
#7844 = FACE_BOUND('',#7845,.F.);
#7845 = EDGE_LOOP('',(#7846,#7854,#7855,#7856));
#7846 = ORIENTED_EDGE('',*,*,#7847,.T.);
#7847 = EDGE_CURVE('',#7848,#7824,#7850,.T.);
#7848 = VERTEX_POINT('',#7849);
#7849 = CARTESIAN_POINT('',(5.75,-0.5,0.3));
#7850 = LINE('',#7851,#7852);
#7851 = CARTESIAN_POINT('',(5.75,-0.5,0.3));
#7852 = VECTOR('',#7853,1.);
#7853 = DIRECTION('',(-1.,1.224646799147E-16,0.));
#7854 = ORIENTED_EDGE('',*,*,#7831,.T.);
#7855 = ORIENTED_EDGE('',*,*,#6781,.F.);
#7856 = ORIENTED_EDGE('',*,*,#7857,.F.);
#7857 = EDGE_CURVE('',#7848,#6774,#7858,.T.);
#7858 = LINE('',#7859,#7860);
#7859 = CARTESIAN_POINT('',(5.75,-0.5,0.3));
#7860 = VECTOR('',#7861,1.);
#7861 = DIRECTION('',(-1.190457365237E-16,-0.972082208573,0.234640533104
    ));
#7862 = PLANE('',#7863);
#7863 = AXIS2_PLACEMENT_3D('',#7864,#7865,#7866);
#7864 = CARTESIAN_POINT('',(5.75,-0.5,0.3));
#7865 = DIRECTION('',(2.87351777816E-17,0.234640533104,0.972082208573));
#7866 = DIRECTION('',(-1.190457365237E-16,-0.972082208573,0.234640533104
    ));
#7867 = ADVANCED_FACE('',(#7868),#7893,.F.);
#7868 = FACE_BOUND('',#7869,.F.);
#7869 = EDGE_LOOP('',(#7870,#7871,#7879,#7885,#7886,#7887));
#7870 = ORIENTED_EDGE('',*,*,#7502,.T.);
#7871 = ORIENTED_EDGE('',*,*,#7872,.T.);
#7872 = EDGE_CURVE('',#7495,#7873,#7875,.T.);
#7873 = VERTEX_POINT('',#7874);
#7874 = CARTESIAN_POINT('',(5.75,0.5,0.3));
#7875 = LINE('',#7876,#7877);
#7876 = CARTESIAN_POINT('',(5.75,2.35,1.));
#7877 = VECTOR('',#7878,1.);
#7878 = DIRECTION('',(-1.14539532148E-16,-0.935286257456,-0.353892097416
    ));
#7879 = ORIENTED_EDGE('',*,*,#7880,.T.);
#7880 = EDGE_CURVE('',#7873,#7848,#7881,.T.);
#7881 = LINE('',#7882,#7883);
#7882 = CARTESIAN_POINT('',(5.75,0.5,0.3));
#7883 = VECTOR('',#7884,1.);
#7884 = DIRECTION('',(-1.224646799147E-16,-1.,0.));
#7885 = ORIENTED_EDGE('',*,*,#7857,.T.);
#7886 = ORIENTED_EDGE('',*,*,#6773,.T.);
#7887 = ORIENTED_EDGE('',*,*,#7888,.T.);
#7888 = EDGE_CURVE('',#6766,#7503,#7889,.T.);
#7889 = LINE('',#7890,#7891);
#7890 = CARTESIAN_POINT('',(5.75,-3.4,0.));
#7891 = VECTOR('',#7892,1.);
#7892 = DIRECTION('',(1.224646799147E-16,1.,0.));
#7893 = PLANE('',#7894);
#7894 = AXIS2_PLACEMENT_3D('',#7895,#7896,#7897);
#7895 = CARTESIAN_POINT('',(5.75,-0.515451356496,0.330008245993));
#7896 = DIRECTION('',(1.,-1.224646799147E-16,-1.256256073143E-32));
#7897 = DIRECTION('',(-1.256256073143E-32,1.538469978883E-48,-1.));
#7898 = ADVANCED_FACE('',(#7899),#7910,.F.);
#7899 = FACE_BOUND('',#7900,.F.);
#7900 = EDGE_LOOP('',(#7901,#7902,#7903,#7909));
#7901 = ORIENTED_EDGE('',*,*,#7888,.F.);
#7902 = ORIENTED_EDGE('',*,*,#6765,.T.);
#7903 = ORIENTED_EDGE('',*,*,#7904,.T.);
#7904 = EDGE_CURVE('',#6758,#7511,#7905,.T.);
#7905 = LINE('',#7906,#7907);
#7906 = CARTESIAN_POINT('',(6.75,-3.4,0.));
#7907 = VECTOR('',#7908,1.);
#7908 = DIRECTION('',(1.224646799147E-16,1.,0.));
#7909 = ORIENTED_EDGE('',*,*,#7510,.T.);
#7910 = PLANE('',#7911);
#7911 = AXIS2_PLACEMENT_3D('',#7912,#7913,#7914);
#7912 = CARTESIAN_POINT('',(5.,-0.525,0.));
#7913 = DIRECTION('',(0.,0.,1.));
#7914 = DIRECTION('',(-1.,1.224646799147E-16,0.));
#7915 = ADVANCED_FACE('',(#7916),#7943,.T.);
#7916 = FACE_BOUND('',#7917,.T.);
#7917 = EDGE_LOOP('',(#7918,#7919,#7927,#7935,#7941,#7942));
#7918 = ORIENTED_EDGE('',*,*,#7518,.T.);
#7919 = ORIENTED_EDGE('',*,*,#7920,.T.);
#7920 = EDGE_CURVE('',#7519,#7921,#7923,.T.);
#7921 = VERTEX_POINT('',#7922);
#7922 = CARTESIAN_POINT('',(6.75,0.5,0.3));
#7923 = LINE('',#7924,#7925);
#7924 = CARTESIAN_POINT('',(6.75,2.35,1.));
#7925 = VECTOR('',#7926,1.);
#7926 = DIRECTION('',(-1.14539532148E-16,-0.935286257456,-0.353892097416
    ));
#7927 = ORIENTED_EDGE('',*,*,#7928,.T.);
#7928 = EDGE_CURVE('',#7921,#7929,#7931,.T.);
#7929 = VERTEX_POINT('',#7930);
#7930 = CARTESIAN_POINT('',(6.75,-0.5,0.3));
#7931 = LINE('',#7932,#7933);
#7932 = CARTESIAN_POINT('',(6.75,0.5,0.3));
#7933 = VECTOR('',#7934,1.);
#7934 = DIRECTION('',(-1.224646799147E-16,-1.,0.));
#7935 = ORIENTED_EDGE('',*,*,#7936,.T.);
#7936 = EDGE_CURVE('',#7929,#6750,#7937,.T.);
#7937 = LINE('',#7938,#7939);
#7938 = CARTESIAN_POINT('',(6.75,-0.5,0.3));
#7939 = VECTOR('',#7940,1.);
#7940 = DIRECTION('',(-1.190457365237E-16,-0.972082208573,0.234640533104
    ));
#7941 = ORIENTED_EDGE('',*,*,#6757,.T.);
#7942 = ORIENTED_EDGE('',*,*,#7904,.T.);
#7943 = PLANE('',#7944);
#7944 = AXIS2_PLACEMENT_3D('',#7945,#7946,#7947);
#7945 = CARTESIAN_POINT('',(6.75,-0.515451356496,0.330008245993));
#7946 = DIRECTION('',(1.,-1.224646799147E-16,-1.256256073143E-32));
#7947 = DIRECTION('',(-1.256256073143E-32,1.538469978883E-48,-1.));
#7948 = ADVANCED_FACE('',(#7949),#7967,.F.);
#7949 = FACE_BOUND('',#7950,.F.);
#7950 = EDGE_LOOP('',(#7951,#7959,#7960,#7961));
#7951 = ORIENTED_EDGE('',*,*,#7952,.T.);
#7952 = EDGE_CURVE('',#7953,#7929,#7955,.T.);
#7953 = VERTEX_POINT('',#7954);
#7954 = CARTESIAN_POINT('',(8.25,-0.5,0.3));
#7955 = LINE('',#7956,#7957);
#7956 = CARTESIAN_POINT('',(8.25,-0.5,0.3));
#7957 = VECTOR('',#7958,1.);
#7958 = DIRECTION('',(-1.,1.224646799147E-16,0.));
#7959 = ORIENTED_EDGE('',*,*,#7936,.T.);
#7960 = ORIENTED_EDGE('',*,*,#6749,.F.);
#7961 = ORIENTED_EDGE('',*,*,#7962,.F.);
#7962 = EDGE_CURVE('',#7953,#6742,#7963,.T.);
#7963 = LINE('',#7964,#7965);
#7964 = CARTESIAN_POINT('',(8.25,-0.5,0.3));
#7965 = VECTOR('',#7966,1.);
#7966 = DIRECTION('',(-1.190457365237E-16,-0.972082208573,0.234640533104
    ));
#7967 = PLANE('',#7968);
#7968 = AXIS2_PLACEMENT_3D('',#7969,#7970,#7971);
#7969 = CARTESIAN_POINT('',(8.25,-0.5,0.3));
#7970 = DIRECTION('',(2.87351777816E-17,0.234640533104,0.972082208573));
#7971 = DIRECTION('',(-1.190457365237E-16,-0.972082208573,0.234640533104
    ));
#7972 = ADVANCED_FACE('',(#7973),#7998,.F.);
#7973 = FACE_BOUND('',#7974,.F.);
#7974 = EDGE_LOOP('',(#7975,#7976,#7984,#7990,#7991,#7992));
#7975 = ORIENTED_EDGE('',*,*,#7534,.T.);
#7976 = ORIENTED_EDGE('',*,*,#7977,.T.);
#7977 = EDGE_CURVE('',#7527,#7978,#7980,.T.);
#7978 = VERTEX_POINT('',#7979);
#7979 = CARTESIAN_POINT('',(8.25,0.5,0.3));
#7980 = LINE('',#7981,#7982);
#7981 = CARTESIAN_POINT('',(8.25,2.35,1.));
#7982 = VECTOR('',#7983,1.);
#7983 = DIRECTION('',(-1.14539532148E-16,-0.935286257456,-0.353892097416
    ));
#7984 = ORIENTED_EDGE('',*,*,#7985,.T.);
#7985 = EDGE_CURVE('',#7978,#7953,#7986,.T.);
#7986 = LINE('',#7987,#7988);
#7987 = CARTESIAN_POINT('',(8.25,0.5,0.3));
#7988 = VECTOR('',#7989,1.);
#7989 = DIRECTION('',(-1.224646799147E-16,-1.,0.));
#7990 = ORIENTED_EDGE('',*,*,#7962,.T.);
#7991 = ORIENTED_EDGE('',*,*,#6741,.T.);
#7992 = ORIENTED_EDGE('',*,*,#7993,.T.);
#7993 = EDGE_CURVE('',#6734,#7535,#7994,.T.);
#7994 = LINE('',#7995,#7996);
#7995 = CARTESIAN_POINT('',(8.25,-3.4,0.));
#7996 = VECTOR('',#7997,1.);
#7997 = DIRECTION('',(1.224646799147E-16,1.,0.));
#7998 = PLANE('',#7999);
#7999 = AXIS2_PLACEMENT_3D('',#8000,#8001,#8002);
#8000 = CARTESIAN_POINT('',(8.25,-0.515451356496,0.330008245993));
#8001 = DIRECTION('',(1.,-1.224646799147E-16,-1.256256073143E-32));
#8002 = DIRECTION('',(-1.256256073143E-32,1.538469978883E-48,-1.));
#8003 = ADVANCED_FACE('',(#8004),#8015,.F.);
#8004 = FACE_BOUND('',#8005,.F.);
#8005 = EDGE_LOOP('',(#8006,#8007,#8013,#8014));
#8006 = ORIENTED_EDGE('',*,*,#6733,.T.);
#8007 = ORIENTED_EDGE('',*,*,#8008,.T.);
#8008 = EDGE_CURVE('',#6726,#7543,#8009,.T.);
#8009 = LINE('',#8010,#8011);
#8010 = CARTESIAN_POINT('',(9.25,-3.4,0.));
#8011 = VECTOR('',#8012,1.);
#8012 = DIRECTION('',(1.224646799147E-16,1.,0.));
#8013 = ORIENTED_EDGE('',*,*,#7542,.T.);
#8014 = ORIENTED_EDGE('',*,*,#7993,.F.);
#8015 = PLANE('',#8016);
#8016 = AXIS2_PLACEMENT_3D('',#8017,#8018,#8019);
#8017 = CARTESIAN_POINT('',(5.,-0.525,0.));
#8018 = DIRECTION('',(0.,0.,1.));
#8019 = DIRECTION('',(-1.,1.224646799147E-16,0.));
#8020 = ADVANCED_FACE('',(#8021),#8048,.T.);
#8021 = FACE_BOUND('',#8022,.T.);
#8022 = EDGE_LOOP('',(#8023,#8024,#8032,#8040,#8046,#8047));
#8023 = ORIENTED_EDGE('',*,*,#7550,.T.);
#8024 = ORIENTED_EDGE('',*,*,#8025,.T.);
#8025 = EDGE_CURVE('',#7551,#8026,#8028,.T.);
#8026 = VERTEX_POINT('',#8027);
#8027 = CARTESIAN_POINT('',(9.25,0.5,0.3));
#8028 = LINE('',#8029,#8030);
#8029 = CARTESIAN_POINT('',(9.25,2.35,1.));
#8030 = VECTOR('',#8031,1.);
#8031 = DIRECTION('',(-1.14539532148E-16,-0.935286257456,-0.353892097416
    ));
#8032 = ORIENTED_EDGE('',*,*,#8033,.T.);
#8033 = EDGE_CURVE('',#8026,#8034,#8036,.T.);
#8034 = VERTEX_POINT('',#8035);
#8035 = CARTESIAN_POINT('',(9.25,-0.5,0.3));
#8036 = LINE('',#8037,#8038);
#8037 = CARTESIAN_POINT('',(9.25,0.5,0.3));
#8038 = VECTOR('',#8039,1.);
#8039 = DIRECTION('',(-1.224646799147E-16,-1.,0.));
#8040 = ORIENTED_EDGE('',*,*,#8041,.T.);
#8041 = EDGE_CURVE('',#8034,#6718,#8042,.T.);
#8042 = LINE('',#8043,#8044);
#8043 = CARTESIAN_POINT('',(9.25,-0.5,0.3));
#8044 = VECTOR('',#8045,1.);
#8045 = DIRECTION('',(-1.190457365237E-16,-0.972082208573,0.234640533104
    ));
#8046 = ORIENTED_EDGE('',*,*,#6725,.T.);
#8047 = ORIENTED_EDGE('',*,*,#8008,.T.);
#8048 = PLANE('',#8049);
#8049 = AXIS2_PLACEMENT_3D('',#8050,#8051,#8052);
#8050 = CARTESIAN_POINT('',(9.25,-0.515451356496,0.330008245993));
#8051 = DIRECTION('',(1.,-1.224646799147E-16,-1.256256073143E-32));
#8052 = DIRECTION('',(-1.256256073143E-32,1.538469978883E-48,-1.));
#8053 = ADVANCED_FACE('',(#8054),#8072,.F.);
#8054 = FACE_BOUND('',#8055,.F.);
#8055 = EDGE_LOOP('',(#8056,#8064,#8065,#8066));
#8056 = ORIENTED_EDGE('',*,*,#8057,.T.);
#8057 = EDGE_CURVE('',#8058,#8034,#8060,.T.);
#8058 = VERTEX_POINT('',#8059);
#8059 = CARTESIAN_POINT('',(10.75,-0.5,0.3));
#8060 = LINE('',#8061,#8062);
#8061 = CARTESIAN_POINT('',(10.75,-0.5,0.3));
#8062 = VECTOR('',#8063,1.);
#8063 = DIRECTION('',(-1.,1.224646799147E-16,0.));
#8064 = ORIENTED_EDGE('',*,*,#8041,.T.);
#8065 = ORIENTED_EDGE('',*,*,#6717,.F.);
#8066 = ORIENTED_EDGE('',*,*,#8067,.F.);
#8067 = EDGE_CURVE('',#8058,#6710,#8068,.T.);
#8068 = LINE('',#8069,#8070);
#8069 = CARTESIAN_POINT('',(10.75,-0.5,0.3));
#8070 = VECTOR('',#8071,1.);
#8071 = DIRECTION('',(-1.190457365237E-16,-0.972082208573,0.234640533104
    ));
#8072 = PLANE('',#8073);
#8073 = AXIS2_PLACEMENT_3D('',#8074,#8075,#8076);
#8074 = CARTESIAN_POINT('',(10.75,-0.5,0.3));
#8075 = DIRECTION('',(2.87351777816E-17,0.234640533104,0.972082208573));
#8076 = DIRECTION('',(-1.190457365237E-16,-0.972082208573,0.234640533104
    ));
#8077 = ADVANCED_FACE('',(#8078),#8103,.F.);
#8078 = FACE_BOUND('',#8079,.F.);
#8079 = EDGE_LOOP('',(#8080,#8081,#8089,#8095,#8096,#8097));
#8080 = ORIENTED_EDGE('',*,*,#7566,.T.);
#8081 = ORIENTED_EDGE('',*,*,#8082,.T.);
#8082 = EDGE_CURVE('',#7559,#8083,#8085,.T.);
#8083 = VERTEX_POINT('',#8084);
#8084 = CARTESIAN_POINT('',(10.75,0.5,0.3));
#8085 = LINE('',#8086,#8087);
#8086 = CARTESIAN_POINT('',(10.75,2.35,1.));
#8087 = VECTOR('',#8088,1.);
#8088 = DIRECTION('',(-1.14539532148E-16,-0.935286257456,-0.353892097416
    ));
#8089 = ORIENTED_EDGE('',*,*,#8090,.T.);
#8090 = EDGE_CURVE('',#8083,#8058,#8091,.T.);
#8091 = LINE('',#8092,#8093);
#8092 = CARTESIAN_POINT('',(10.75,0.5,0.3));
#8093 = VECTOR('',#8094,1.);
#8094 = DIRECTION('',(-1.224646799147E-16,-1.,0.));
#8095 = ORIENTED_EDGE('',*,*,#8067,.T.);
#8096 = ORIENTED_EDGE('',*,*,#6709,.T.);
#8097 = ORIENTED_EDGE('',*,*,#8098,.T.);
#8098 = EDGE_CURVE('',#6702,#7283,#8099,.T.);
#8099 = LINE('',#8100,#8101);
#8100 = CARTESIAN_POINT('',(10.75,-3.4,0.));
#8101 = VECTOR('',#8102,1.);
#8102 = DIRECTION('',(1.224646799147E-16,1.,0.));
#8103 = PLANE('',#8104);
#8104 = AXIS2_PLACEMENT_3D('',#8105,#8106,#8107);
#8105 = CARTESIAN_POINT('',(10.75,-0.515451356496,0.330008245993));
#8106 = DIRECTION('',(1.,-1.224646799147E-16,-1.256256073143E-32));
#8107 = DIRECTION('',(-1.256256073143E-32,1.538469978883E-48,-1.));
#8108 = ADVANCED_FACE('',(#8109),#8115,.F.);
#8109 = FACE_BOUND('',#8110,.F.);
#8110 = EDGE_LOOP('',(#8111,#8112,#8113,#8114));
#8111 = ORIENTED_EDGE('',*,*,#6891,.T.);
#8112 = ORIENTED_EDGE('',*,*,#7282,.T.);
#8113 = ORIENTED_EDGE('',*,*,#8098,.F.);
#8114 = ORIENTED_EDGE('',*,*,#6701,.T.);
#8115 = PLANE('',#8116);
#8116 = AXIS2_PLACEMENT_3D('',#8117,#8118,#8119);
#8117 = CARTESIAN_POINT('',(5.,-0.525,0.));
#8118 = DIRECTION('',(0.,0.,1.));
#8119 = DIRECTION('',(-1.,1.224646799147E-16,0.));
#8120 = ADVANCED_FACE('',(#8121),#8148,.F.);
#8121 = FACE_BOUND('',#8122,.F.);
#8122 = EDGE_LOOP('',(#8123,#8124,#8125,#8126,#8132,#8133,#8142));
#8123 = ORIENTED_EDGE('',*,*,#6966,.T.);
#8124 = ORIENTED_EDGE('',*,*,#6877,.F.);
#8125 = ORIENTED_EDGE('',*,*,#7589,.T.);
#8126 = ORIENTED_EDGE('',*,*,#8127,.T.);
#8127 = EDGE_CURVE('',#7582,#7229,#8128,.T.);
#8128 = LINE('',#8129,#8130);
#8129 = CARTESIAN_POINT('',(11.6,-2.65,1.85));
#8130 = VECTOR('',#8131,1.);
#8131 = DIRECTION('',(1.224646799147E-16,1.,0.));
#8132 = ORIENTED_EDGE('',*,*,#7236,.F.);
#8133 = ORIENTED_EDGE('',*,*,#8134,.F.);
#8134 = EDGE_CURVE('',#8135,#7237,#8137,.T.);
#8135 = VERTEX_POINT('',#8136);
#8136 = CARTESIAN_POINT('',(11.6,1.,3.65));
#8137 = CIRCLE('',#8138,0.5);
#8138 = AXIS2_PLACEMENT_3D('',#8139,#8140,#8141);
#8139 = CARTESIAN_POINT('',(11.6,1.,4.15));
#8140 = DIRECTION('',(1.,-1.224646799147E-16,0.));
#8141 = DIRECTION('',(1.224646799147E-16,1.,0.));
#8142 = ORIENTED_EDGE('',*,*,#8143,.T.);
#8143 = EDGE_CURVE('',#8135,#6959,#8144,.T.);
#8144 = LINE('',#8145,#8146);
#8145 = CARTESIAN_POINT('',(11.6,-0.825,3.65));
#8146 = VECTOR('',#8147,1.);
#8147 = DIRECTION('',(-1.224646799147E-16,-1.,0.));
#8148 = PLANE('',#8149);
#8149 = AXIS2_PLACEMENT_3D('',#8150,#8151,#8152);
#8150 = CARTESIAN_POINT('',(11.6,-2.65,7.));
#8151 = DIRECTION('',(1.,-1.224646799147E-16,0.));
#8152 = DIRECTION('',(1.224646799147E-16,1.,0.));
#8153 = ADVANCED_FACE('',(#8154),#8165,.T.);
#8154 = FACE_BOUND('',#8155,.T.);
#8155 = EDGE_LOOP('',(#8156,#8157,#8158,#8159));
#8156 = ORIENTED_EDGE('',*,*,#7089,.F.);
#8157 = ORIENTED_EDGE('',*,*,#6934,.T.);
#8158 = ORIENTED_EDGE('',*,*,#7291,.T.);
#8159 = ORIENTED_EDGE('',*,*,#8160,.T.);
#8160 = EDGE_CURVE('',#7292,#7090,#8161,.T.);
#8161 = LINE('',#8162,#8163);
#8162 = CARTESIAN_POINT('',(10.5,2.35,7.));
#8163 = VECTOR('',#8164,1.);
#8164 = DIRECTION('',(-1.224646799147E-16,-1.,0.));
#8165 = PLANE('',#8166);
#8166 = AXIS2_PLACEMENT_3D('',#8167,#8168,#8169);
#8167 = CARTESIAN_POINT('',(5.,-0.525,7.));
#8168 = DIRECTION('',(0.,0.,1.));
#8169 = DIRECTION('',(-1.,1.224646799147E-16,0.));
#8170 = ADVANCED_FACE('',(#8171),#8182,.F.);
#8171 = FACE_BOUND('',#8172,.F.);
#8172 = EDGE_LOOP('',(#8173,#8179,#8180,#8181));
#8173 = ORIENTED_EDGE('',*,*,#8174,.T.);
#8174 = EDGE_CURVE('',#6910,#8135,#8175,.T.);
#8175 = LINE('',#8176,#8177);
#8176 = CARTESIAN_POINT('',(12.45,1.,3.65));
#8177 = VECTOR('',#8178,1.);
#8178 = DIRECTION('',(-1.,1.224646799147E-16,0.));
#8179 = ORIENTED_EDGE('',*,*,#8134,.T.);
#8180 = ORIENTED_EDGE('',*,*,#7244,.F.);
#8181 = ORIENTED_EDGE('',*,*,#6917,.T.);
#8182 = CYLINDRICAL_SURFACE('',#8183,0.5);
#8183 = AXIS2_PLACEMENT_3D('',#8184,#8185,#8186);
#8184 = CARTESIAN_POINT('',(12.45,1.,4.15));
#8185 = DIRECTION('',(1.,-1.224646799147E-16,-0.));
#8186 = DIRECTION('',(1.224646799147E-16,1.,0.));
#8187 = ADVANCED_FACE('',(#8188),#8194,.T.);
#8188 = FACE_BOUND('',#8189,.T.);
#8189 = EDGE_LOOP('',(#8190,#8191,#8192,#8193));
#8190 = ORIENTED_EDGE('',*,*,#6909,.F.);
#8191 = ORIENTED_EDGE('',*,*,#8174,.T.);
#8192 = ORIENTED_EDGE('',*,*,#8143,.T.);
#8193 = ORIENTED_EDGE('',*,*,#6958,.F.);
#8194 = PLANE('',#8195);
#8195 = AXIS2_PLACEMENT_3D('',#8196,#8197,#8198);
#8196 = CARTESIAN_POINT('',(12.45,1.,3.65));
#8197 = DIRECTION('',(0.,0.,1.));
#8198 = DIRECTION('',(-1.224646799147E-16,-1.,0.));
#8199 = ADVANCED_FACE('',(#8200,#8206,#8240,#8274,#8308,#8342),#8376,.T.
  );
#8200 = FACE_BOUND('',#8201,.T.);
#8201 = EDGE_LOOP('',(#8202,#8203,#8204,#8205));
#8202 = ORIENTED_EDGE('',*,*,#7228,.T.);
#8203 = ORIENTED_EDGE('',*,*,#7007,.T.);
#8204 = ORIENTED_EDGE('',*,*,#7581,.T.);
#8205 = ORIENTED_EDGE('',*,*,#8127,.T.);
#8206 = FACE_BOUND('',#8207,.T.);
#8207 = EDGE_LOOP('',(#8208,#8218,#8226,#8234));
#8208 = ORIENTED_EDGE('',*,*,#8209,.T.);
#8209 = EDGE_CURVE('',#8210,#8212,#8214,.T.);
#8210 = VERTEX_POINT('',#8211);
#8211 = CARTESIAN_POINT('',(5.32,0.32,1.85));
#8212 = VERTEX_POINT('',#8213);
#8213 = CARTESIAN_POINT('',(5.32,-0.32,1.85));
#8214 = LINE('',#8215,#8216);
#8215 = CARTESIAN_POINT('',(5.32,-0.2875,1.85));
#8216 = VECTOR('',#8217,1.);
#8217 = DIRECTION('',(-1.224646799147E-16,-1.,0.));
#8218 = ORIENTED_EDGE('',*,*,#8219,.T.);
#8219 = EDGE_CURVE('',#8212,#8220,#8222,.T.);
#8220 = VERTEX_POINT('',#8221);
#8221 = CARTESIAN_POINT('',(4.68,-0.32,1.85));
#8222 = LINE('',#8223,#8224);
#8223 = CARTESIAN_POINT('',(5.16,-0.32,1.85));
#8224 = VECTOR('',#8225,1.);
#8225 = DIRECTION('',(-1.,1.224646799147E-16,1.722253308054E-32));
#8226 = ORIENTED_EDGE('',*,*,#8227,.F.);
#8227 = EDGE_CURVE('',#8228,#8220,#8230,.T.);
#8228 = VERTEX_POINT('',#8229);
#8229 = CARTESIAN_POINT('',(4.68,0.32,1.85));
#8230 = LINE('',#8231,#8232);
#8231 = CARTESIAN_POINT('',(4.68,-0.2875,1.85));
#8232 = VECTOR('',#8233,1.);
#8233 = DIRECTION('',(-1.224646799147E-16,-1.,0.));
#8234 = ORIENTED_EDGE('',*,*,#8235,.T.);
#8235 = EDGE_CURVE('',#8228,#8210,#8236,.T.);
#8236 = LINE('',#8237,#8238);
#8237 = CARTESIAN_POINT('',(5.16,0.32,1.85));
#8238 = VECTOR('',#8239,1.);
#8239 = DIRECTION('',(1.,-1.224646799147E-16,-1.722253308054E-32));
#8240 = FACE_BOUND('',#8241,.T.);
#8241 = EDGE_LOOP('',(#8242,#8252,#8260,#8268));
#8242 = ORIENTED_EDGE('',*,*,#8243,.F.);
#8243 = EDGE_CURVE('',#8244,#8246,#8248,.T.);
#8244 = VERTEX_POINT('',#8245);
#8245 = CARTESIAN_POINT('',(7.18,0.32,1.85));
#8246 = VERTEX_POINT('',#8247);
#8247 = CARTESIAN_POINT('',(7.18,-0.32,1.85));
#8248 = LINE('',#8249,#8250);
#8249 = CARTESIAN_POINT('',(7.18,-0.2875,1.85));
#8250 = VECTOR('',#8251,1.);
#8251 = DIRECTION('',(-1.224646799147E-16,-1.,0.));
#8252 = ORIENTED_EDGE('',*,*,#8253,.T.);
#8253 = EDGE_CURVE('',#8244,#8254,#8256,.T.);
#8254 = VERTEX_POINT('',#8255);
#8255 = CARTESIAN_POINT('',(7.82,0.32,1.85));
#8256 = LINE('',#8257,#8258);
#8257 = CARTESIAN_POINT('',(6.41,0.32,1.85));
#8258 = VECTOR('',#8259,1.);
#8259 = DIRECTION('',(1.,-1.224646799147E-16,-1.722253308054E-32));
#8260 = ORIENTED_EDGE('',*,*,#8261,.T.);
#8261 = EDGE_CURVE('',#8254,#8262,#8264,.T.);
#8262 = VERTEX_POINT('',#8263);
#8263 = CARTESIAN_POINT('',(7.82,-0.32,1.85));
#8264 = LINE('',#8265,#8266);
#8265 = CARTESIAN_POINT('',(7.82,-0.2875,1.85));
#8266 = VECTOR('',#8267,1.);
#8267 = DIRECTION('',(-1.224646799147E-16,-1.,0.));
#8268 = ORIENTED_EDGE('',*,*,#8269,.T.);
#8269 = EDGE_CURVE('',#8262,#8246,#8270,.T.);
#8270 = LINE('',#8271,#8272);
#8271 = CARTESIAN_POINT('',(6.41,-0.32,1.85));
#8272 = VECTOR('',#8273,1.);
#8273 = DIRECTION('',(-1.,1.224646799147E-16,1.722253308054E-32));
#8274 = FACE_BOUND('',#8275,.T.);
#8275 = EDGE_LOOP('',(#8276,#8286,#8294,#8302));
#8276 = ORIENTED_EDGE('',*,*,#8277,.T.);
#8277 = EDGE_CURVE('',#8278,#8280,#8282,.T.);
#8278 = VERTEX_POINT('',#8279);
#8279 = CARTESIAN_POINT('',(2.82,0.32,1.85));
#8280 = VERTEX_POINT('',#8281);
#8281 = CARTESIAN_POINT('',(2.82,-0.32,1.85));
#8282 = LINE('',#8283,#8284);
#8283 = CARTESIAN_POINT('',(2.82,-0.2875,1.85));
#8284 = VECTOR('',#8285,1.);
#8285 = DIRECTION('',(-1.224646799147E-16,-1.,0.));
#8286 = ORIENTED_EDGE('',*,*,#8287,.T.);
#8287 = EDGE_CURVE('',#8280,#8288,#8290,.T.);
#8288 = VERTEX_POINT('',#8289);
#8289 = CARTESIAN_POINT('',(2.18,-0.32,1.85));
#8290 = LINE('',#8291,#8292);
#8291 = CARTESIAN_POINT('',(3.91,-0.32,1.85));
#8292 = VECTOR('',#8293,1.);
#8293 = DIRECTION('',(-1.,1.224646799147E-16,1.722253308054E-32));
#8294 = ORIENTED_EDGE('',*,*,#8295,.F.);
#8295 = EDGE_CURVE('',#8296,#8288,#8298,.T.);
#8296 = VERTEX_POINT('',#8297);
#8297 = CARTESIAN_POINT('',(2.18,0.32,1.85));
#8298 = LINE('',#8299,#8300);
#8299 = CARTESIAN_POINT('',(2.18,-0.2875,1.85));
#8300 = VECTOR('',#8301,1.);
#8301 = DIRECTION('',(-1.224646799147E-16,-1.,0.));
#8302 = ORIENTED_EDGE('',*,*,#8303,.T.);
#8303 = EDGE_CURVE('',#8296,#8278,#8304,.T.);
#8304 = LINE('',#8305,#8306);
#8305 = CARTESIAN_POINT('',(3.91,0.32,1.85));
#8306 = VECTOR('',#8307,1.);
#8307 = DIRECTION('',(1.,-1.224646799147E-16,-1.722253308054E-32));
#8308 = FACE_BOUND('',#8309,.T.);
#8309 = EDGE_LOOP('',(#8310,#8320,#8328,#8336));
#8310 = ORIENTED_EDGE('',*,*,#8311,.T.);
#8311 = EDGE_CURVE('',#8312,#8314,#8316,.T.);
#8312 = VERTEX_POINT('',#8313);
#8313 = CARTESIAN_POINT('',(9.68,0.32,1.85));
#8314 = VERTEX_POINT('',#8315);
#8315 = CARTESIAN_POINT('',(10.32,0.32,1.85));
#8316 = LINE('',#8317,#8318);
#8317 = CARTESIAN_POINT('',(7.66,0.32,1.85));
#8318 = VECTOR('',#8319,1.);
#8319 = DIRECTION('',(1.,-1.224646799147E-16,-1.722253308054E-32));
#8320 = ORIENTED_EDGE('',*,*,#8321,.T.);
#8321 = EDGE_CURVE('',#8314,#8322,#8324,.T.);
#8322 = VERTEX_POINT('',#8323);
#8323 = CARTESIAN_POINT('',(10.32,-0.32,1.85));
#8324 = LINE('',#8325,#8326);
#8325 = CARTESIAN_POINT('',(10.32,-0.26920299558,1.85));
#8326 = VECTOR('',#8327,1.);
#8327 = DIRECTION('',(-1.224646799147E-16,-1.,0.));
#8328 = ORIENTED_EDGE('',*,*,#8329,.T.);
#8329 = EDGE_CURVE('',#8322,#8330,#8332,.T.);
#8330 = VERTEX_POINT('',#8331);
#8331 = CARTESIAN_POINT('',(9.68,-0.32,1.85));
#8332 = LINE('',#8333,#8334);
#8333 = CARTESIAN_POINT('',(7.66,-0.32,1.85));
#8334 = VECTOR('',#8335,1.);
#8335 = DIRECTION('',(-1.,1.224646799147E-16,1.722253308054E-32));
#8336 = ORIENTED_EDGE('',*,*,#8337,.F.);
#8337 = EDGE_CURVE('',#8312,#8330,#8338,.T.);
#8338 = LINE('',#8339,#8340);
#8339 = CARTESIAN_POINT('',(9.68,-0.26920299558,1.85));
#8340 = VECTOR('',#8341,1.);
#8341 = DIRECTION('',(-1.224646799147E-16,-1.,0.));
#8342 = FACE_BOUND('',#8343,.T.);
#8343 = EDGE_LOOP('',(#8344,#8354,#8362,#8370));
#8344 = ORIENTED_EDGE('',*,*,#8345,.F.);
#8345 = EDGE_CURVE('',#8346,#8348,#8350,.T.);
#8346 = VERTEX_POINT('',#8347);
#8347 = CARTESIAN_POINT('',(-0.32,0.32,1.85));
#8348 = VERTEX_POINT('',#8349);
#8349 = CARTESIAN_POINT('',(-0.32,-0.32,1.85));
#8350 = LINE('',#8351,#8352);
#8351 = CARTESIAN_POINT('',(-0.32,-0.26920299558,1.85));
#8352 = VECTOR('',#8353,1.);
#8353 = DIRECTION('',(-1.224646799147E-16,-1.,0.));
#8354 = ORIENTED_EDGE('',*,*,#8355,.T.);
#8355 = EDGE_CURVE('',#8346,#8356,#8358,.T.);
#8356 = VERTEX_POINT('',#8357);
#8357 = CARTESIAN_POINT('',(0.32,0.32,1.85));
#8358 = LINE('',#8359,#8360);
#8359 = CARTESIAN_POINT('',(2.66,0.32,1.85));
#8360 = VECTOR('',#8361,1.);
#8361 = DIRECTION('',(1.,-1.224646799147E-16,-1.722253308054E-32));
#8362 = ORIENTED_EDGE('',*,*,#8363,.T.);
#8363 = EDGE_CURVE('',#8356,#8364,#8366,.T.);
#8364 = VERTEX_POINT('',#8365);
#8365 = CARTESIAN_POINT('',(0.32,-0.32,1.85));
#8366 = LINE('',#8367,#8368);
#8367 = CARTESIAN_POINT('',(0.32,-0.26920299558,1.85));
#8368 = VECTOR('',#8369,1.);
#8369 = DIRECTION('',(-1.224646799147E-16,-1.,0.));
#8370 = ORIENTED_EDGE('',*,*,#8371,.T.);
#8371 = EDGE_CURVE('',#8364,#8348,#8372,.T.);
#8372 = LINE('',#8373,#8374);
#8373 = CARTESIAN_POINT('',(2.66,-0.32,1.85));
#8374 = VECTOR('',#8375,1.);
#8375 = DIRECTION('',(-1.,1.224646799147E-16,1.722253308054E-32));
#8376 = PLANE('',#8377);
#8377 = AXIS2_PLACEMENT_3D('',#8378,#8379,#8380);
#8378 = CARTESIAN_POINT('',(5.,-0.575,1.85));
#8379 = DIRECTION('',(1.722253308054E-32,-2.109152001029E-48,1.));
#8380 = DIRECTION('',(-1.,1.224646799147E-16,1.722253308054E-32));
#8381 = ADVANCED_FACE('',(#8382),#8393,.F.);
#8382 = FACE_BOUND('',#8383,.F.);
#8383 = EDGE_LOOP('',(#8384,#8385,#8391,#8392));
#8384 = ORIENTED_EDGE('',*,*,#7413,.F.);
#8385 = ORIENTED_EDGE('',*,*,#8386,.T.);
#8386 = EDGE_CURVE('',#7406,#7204,#8387,.T.);
#8387 = LINE('',#8388,#8389);
#8388 = CARTESIAN_POINT('',(-0.5,2.35,6.1));
#8389 = VECTOR('',#8390,1.);
#8390 = DIRECTION('',(-1.224646799147E-16,-1.,0.));
#8391 = ORIENTED_EDGE('',*,*,#7211,.F.);
#8392 = ORIENTED_EDGE('',*,*,#7259,.F.);
#8393 = PLANE('',#8394);
#8394 = AXIS2_PLACEMENT_3D('',#8395,#8396,#8397);
#8395 = CARTESIAN_POINT('',(-0.5,2.35,6.1));
#8396 = DIRECTION('',(-1.,1.224646799147E-16,0.));
#8397 = DIRECTION('',(0.,0.,1.));
#8398 = ADVANCED_FACE('',(#8399),#8410,.F.);
#8399 = FACE_BOUND('',#8400,.F.);
#8400 = EDGE_LOOP('',(#8401,#8402,#8408,#8409));
#8401 = ORIENTED_EDGE('',*,*,#7405,.F.);
#8402 = ORIENTED_EDGE('',*,*,#8403,.T.);
#8403 = EDGE_CURVE('',#7398,#7196,#8404,.T.);
#8404 = LINE('',#8405,#8406);
#8405 = CARTESIAN_POINT('',(-0.25,2.35,5.85));
#8406 = VECTOR('',#8407,1.);
#8407 = DIRECTION('',(-1.224646799147E-16,-1.,0.));
#8408 = ORIENTED_EDGE('',*,*,#7203,.F.);
#8409 = ORIENTED_EDGE('',*,*,#8386,.F.);
#8410 = PLANE('',#8411);
#8411 = AXIS2_PLACEMENT_3D('',#8412,#8413,#8414);
#8412 = CARTESIAN_POINT('',(-0.25,2.35,5.85));
#8413 = DIRECTION('',(-0.707106781187,8.659560562349E-17,-0.707106781187
    ));
#8414 = DIRECTION('',(-0.707106781187,8.659560562349E-17,0.707106781187)
  );
#8415 = ADVANCED_FACE('',(#8416),#8427,.F.);
#8416 = FACE_BOUND('',#8417,.F.);
#8417 = EDGE_LOOP('',(#8418,#8419,#8425,#8426));
#8418 = ORIENTED_EDGE('',*,*,#7397,.F.);
#8419 = ORIENTED_EDGE('',*,*,#8420,.T.);
#8420 = EDGE_CURVE('',#7390,#7188,#8421,.T.);
#8421 = LINE('',#8422,#8423);
#8422 = CARTESIAN_POINT('',(-0.5,2.35,5.6));
#8423 = VECTOR('',#8424,1.);
#8424 = DIRECTION('',(-1.224646799147E-16,-1.,0.));
#8425 = ORIENTED_EDGE('',*,*,#7195,.F.);
#8426 = ORIENTED_EDGE('',*,*,#8403,.F.);
#8427 = PLANE('',#8428);
#8428 = AXIS2_PLACEMENT_3D('',#8429,#8430,#8431);
#8429 = CARTESIAN_POINT('',(-0.5,2.35,5.6));
#8430 = DIRECTION('',(-0.707106781187,8.659560562349E-17,0.707106781187)
  );
#8431 = DIRECTION('',(0.707106781187,-8.659560562349E-17,0.707106781187)
  );
#8432 = ADVANCED_FACE('',(#8433),#8444,.F.);
#8433 = FACE_BOUND('',#8434,.F.);
#8434 = EDGE_LOOP('',(#8435,#8436,#8442,#8443));
#8435 = ORIENTED_EDGE('',*,*,#7389,.F.);
#8436 = ORIENTED_EDGE('',*,*,#8437,.T.);
#8437 = EDGE_CURVE('',#7381,#7179,#8438,.T.);
#8438 = LINE('',#8439,#8440);
#8439 = CARTESIAN_POINT('',(-0.5,2.35,3.85));
#8440 = VECTOR('',#8441,1.);
#8441 = DIRECTION('',(-1.224646799147E-16,-1.,0.));
#8442 = ORIENTED_EDGE('',*,*,#7187,.F.);
#8443 = ORIENTED_EDGE('',*,*,#8420,.F.);
#8444 = PLANE('',#8445);
#8445 = AXIS2_PLACEMENT_3D('',#8446,#8447,#8448);
#8446 = CARTESIAN_POINT('',(-0.5,2.35,3.1));
#8447 = DIRECTION('',(-1.,1.224646799147E-16,0.));
#8448 = DIRECTION('',(0.,0.,1.));
#8449 = ADVANCED_FACE('',(#8450),#8461,.F.);
#8450 = FACE_BOUND('',#8451,.F.);
#8451 = EDGE_LOOP('',(#8452,#8453,#8454,#8455));
#8452 = ORIENTED_EDGE('',*,*,#7178,.F.);
#8453 = ORIENTED_EDGE('',*,*,#8437,.F.);
#8454 = ORIENTED_EDGE('',*,*,#7380,.F.);
#8455 = ORIENTED_EDGE('',*,*,#8456,.T.);
#8456 = EDGE_CURVE('',#7373,#7171,#8457,.T.);
#8457 = LINE('',#8458,#8459);
#8458 = CARTESIAN_POINT('',(0.25,2.35,3.1));
#8459 = VECTOR('',#8460,1.);
#8460 = DIRECTION('',(-1.224646799147E-16,-1.,0.));
#8461 = CYLINDRICAL_SURFACE('',#8462,0.75);
#8462 = AXIS2_PLACEMENT_3D('',#8463,#8464,#8465);
#8463 = CARTESIAN_POINT('',(0.25,2.35,3.85));
#8464 = DIRECTION('',(-1.224646799147E-16,-1.,0.));
#8465 = DIRECTION('',(-0.,0.,-1.));
#8466 = ADVANCED_FACE('',(#8467),#8478,.F.);
#8467 = FACE_BOUND('',#8468,.F.);
#8468 = EDGE_LOOP('',(#8469,#8470,#8471,#8477));
#8469 = ORIENTED_EDGE('',*,*,#8456,.F.);
#8470 = ORIENTED_EDGE('',*,*,#7372,.F.);
#8471 = ORIENTED_EDGE('',*,*,#8472,.T.);
#8472 = EDGE_CURVE('',#7365,#7163,#8473,.T.);
#8473 = LINE('',#8474,#8475);
#8474 = CARTESIAN_POINT('',(1.,2.35,3.1));
#8475 = VECTOR('',#8476,1.);
#8476 = DIRECTION('',(-1.224646799147E-16,-1.,0.));
#8477 = ORIENTED_EDGE('',*,*,#7170,.F.);
#8478 = PLANE('',#8479);
#8479 = AXIS2_PLACEMENT_3D('',#8480,#8481,#8482);
#8480 = CARTESIAN_POINT('',(1.,2.35,3.1));
#8481 = DIRECTION('',(-0.,0.,-1.));
#8482 = DIRECTION('',(-1.,1.224646799147E-16,0.));
#8483 = ADVANCED_FACE('',(#8484),#8495,.F.);
#8484 = FACE_BOUND('',#8485,.F.);
#8485 = EDGE_LOOP('',(#8486,#8487,#8493,#8494));
#8486 = ORIENTED_EDGE('',*,*,#7364,.F.);
#8487 = ORIENTED_EDGE('',*,*,#8488,.T.);
#8488 = EDGE_CURVE('',#7357,#7155,#8489,.T.);
#8489 = LINE('',#8490,#8491);
#8490 = CARTESIAN_POINT('',(1.,2.35,7.));
#8491 = VECTOR('',#8492,1.);
#8492 = DIRECTION('',(-1.224646799147E-16,-1.,0.));
#8493 = ORIENTED_EDGE('',*,*,#7162,.F.);
#8494 = ORIENTED_EDGE('',*,*,#8472,.F.);
#8495 = PLANE('',#8496);
#8496 = AXIS2_PLACEMENT_3D('',#8497,#8498,#8499);
#8497 = CARTESIAN_POINT('',(1.,2.35,7.));
#8498 = DIRECTION('',(1.,-1.224646799147E-16,0.));
#8499 = DIRECTION('',(0.,-0.,-1.));
#8500 = ADVANCED_FACE('',(#8501),#8512,.T.);
#8501 = FACE_BOUND('',#8502,.T.);
#8502 = EDGE_LOOP('',(#8503,#8504,#8510,#8511));
#8503 = ORIENTED_EDGE('',*,*,#7154,.F.);
#8504 = ORIENTED_EDGE('',*,*,#8505,.F.);
#8505 = EDGE_CURVE('',#7349,#7147,#8506,.T.);
#8506 = LINE('',#8507,#8508);
#8507 = CARTESIAN_POINT('',(9.,2.35,7.));
#8508 = VECTOR('',#8509,1.);
#8509 = DIRECTION('',(-1.224646799147E-16,-1.,0.));
#8510 = ORIENTED_EDGE('',*,*,#7356,.T.);
#8511 = ORIENTED_EDGE('',*,*,#8488,.T.);
#8512 = PLANE('',#8513);
#8513 = AXIS2_PLACEMENT_3D('',#8514,#8515,#8516);
#8514 = CARTESIAN_POINT('',(5.,-0.525,7.));
#8515 = DIRECTION('',(0.,0.,1.));
#8516 = DIRECTION('',(-1.,1.224646799147E-16,0.));
#8517 = ADVANCED_FACE('',(#8518),#8529,.T.);
#8518 = FACE_BOUND('',#8519,.T.);
#8519 = EDGE_LOOP('',(#8520,#8521,#8522,#8523));
#8520 = ORIENTED_EDGE('',*,*,#7348,.F.);
#8521 = ORIENTED_EDGE('',*,*,#8505,.T.);
#8522 = ORIENTED_EDGE('',*,*,#7146,.F.);
#8523 = ORIENTED_EDGE('',*,*,#8524,.F.);
#8524 = EDGE_CURVE('',#7341,#7139,#8525,.T.);
#8525 = LINE('',#8526,#8527);
#8526 = CARTESIAN_POINT('',(9.,2.35,3.1));
#8527 = VECTOR('',#8528,1.);
#8528 = DIRECTION('',(-1.224646799147E-16,-1.,0.));
#8529 = PLANE('',#8530);
#8530 = AXIS2_PLACEMENT_3D('',#8531,#8532,#8533);
#8531 = CARTESIAN_POINT('',(9.,2.35,7.));
#8532 = DIRECTION('',(1.,-1.224646799147E-16,0.));
#8533 = DIRECTION('',(0.,-0.,-1.));
#8534 = ADVANCED_FACE('',(#8535),#8546,.T.);
#8535 = FACE_BOUND('',#8536,.T.);
#8536 = EDGE_LOOP('',(#8537,#8543,#8544,#8545));
#8537 = ORIENTED_EDGE('',*,*,#8538,.F.);
#8538 = EDGE_CURVE('',#7332,#7130,#8539,.T.);
#8539 = LINE('',#8540,#8541);
#8540 = CARTESIAN_POINT('',(9.75,2.35,3.1));
#8541 = VECTOR('',#8542,1.);
#8542 = DIRECTION('',(-1.224646799147E-16,-1.,0.));
#8543 = ORIENTED_EDGE('',*,*,#7340,.F.);
#8544 = ORIENTED_EDGE('',*,*,#8524,.T.);
#8545 = ORIENTED_EDGE('',*,*,#7138,.F.);
#8546 = PLANE('',#8547);
#8547 = AXIS2_PLACEMENT_3D('',#8548,#8549,#8550);
#8548 = CARTESIAN_POINT('',(9.,2.35,3.1));
#8549 = DIRECTION('',(0.,0.,1.));
#8550 = DIRECTION('',(1.,-1.224646799147E-16,0.));
#8551 = ADVANCED_FACE('',(#8552),#8563,.F.);
#8552 = FACE_BOUND('',#8553,.F.);
#8553 = EDGE_LOOP('',(#8554,#8555,#8556,#8562));
#8554 = ORIENTED_EDGE('',*,*,#8538,.F.);
#8555 = ORIENTED_EDGE('',*,*,#7331,.T.);
#8556 = ORIENTED_EDGE('',*,*,#8557,.T.);
#8557 = EDGE_CURVE('',#7324,#7122,#8558,.T.);
#8558 = LINE('',#8559,#8560);
#8559 = CARTESIAN_POINT('',(10.5,2.35,3.85));
#8560 = VECTOR('',#8561,1.);
#8561 = DIRECTION('',(-1.224646799147E-16,-1.,0.));
#8562 = ORIENTED_EDGE('',*,*,#7129,.F.);
#8563 = CYLINDRICAL_SURFACE('',#8564,0.75);
#8564 = AXIS2_PLACEMENT_3D('',#8565,#8566,#8567);
#8565 = CARTESIAN_POINT('',(9.75,2.35,3.85));
#8566 = DIRECTION('',(-1.224646799147E-16,-1.,0.));
#8567 = DIRECTION('',(0.,-0.,-1.));
#8568 = ADVANCED_FACE('',(#8569),#8580,.T.);
#8569 = FACE_BOUND('',#8570,.T.);
#8570 = EDGE_LOOP('',(#8571,#8572,#8573,#8574));
#8571 = ORIENTED_EDGE('',*,*,#7323,.F.);
#8572 = ORIENTED_EDGE('',*,*,#8557,.T.);
#8573 = ORIENTED_EDGE('',*,*,#7121,.F.);
#8574 = ORIENTED_EDGE('',*,*,#8575,.F.);
#8575 = EDGE_CURVE('',#7316,#7114,#8576,.T.);
#8576 = LINE('',#8577,#8578);
#8577 = CARTESIAN_POINT('',(10.5,2.35,5.6));
#8578 = VECTOR('',#8579,1.);
#8579 = DIRECTION('',(-1.224646799147E-16,-1.,0.));
#8580 = PLANE('',#8581);
#8581 = AXIS2_PLACEMENT_3D('',#8582,#8583,#8584);
#8582 = CARTESIAN_POINT('',(10.5,2.35,3.1));
#8583 = DIRECTION('',(-1.,1.224646799147E-16,0.));
#8584 = DIRECTION('',(0.,0.,1.));
#8585 = ADVANCED_FACE('',(#8586),#8597,.T.);
#8586 = FACE_BOUND('',#8587,.T.);
#8587 = EDGE_LOOP('',(#8588,#8589,#8590,#8591));
#8588 = ORIENTED_EDGE('',*,*,#7315,.F.);
#8589 = ORIENTED_EDGE('',*,*,#8575,.T.);
#8590 = ORIENTED_EDGE('',*,*,#7113,.F.);
#8591 = ORIENTED_EDGE('',*,*,#8592,.F.);
#8592 = EDGE_CURVE('',#7308,#7106,#8593,.T.);
#8593 = LINE('',#8594,#8595);
#8594 = CARTESIAN_POINT('',(10.25,2.35,5.85));
#8595 = VECTOR('',#8596,1.);
#8596 = DIRECTION('',(-1.224646799147E-16,-1.,0.));
#8597 = PLANE('',#8598);
#8598 = AXIS2_PLACEMENT_3D('',#8599,#8600,#8601);
#8599 = CARTESIAN_POINT('',(10.5,2.35,5.6));
#8600 = DIRECTION('',(-0.707106781187,8.659560562349E-17,-0.707106781187
    ));
#8601 = DIRECTION('',(-0.707106781187,8.659560562349E-17,0.707106781187)
  );
#8602 = ADVANCED_FACE('',(#8603),#8614,.T.);
#8603 = FACE_BOUND('',#8604,.T.);
#8604 = EDGE_LOOP('',(#8605,#8606,#8607,#8608));
#8605 = ORIENTED_EDGE('',*,*,#7307,.F.);
#8606 = ORIENTED_EDGE('',*,*,#8592,.T.);
#8607 = ORIENTED_EDGE('',*,*,#7105,.F.);
#8608 = ORIENTED_EDGE('',*,*,#8609,.F.);
#8609 = EDGE_CURVE('',#7300,#7098,#8610,.T.);
#8610 = LINE('',#8611,#8612);
#8611 = CARTESIAN_POINT('',(10.5,2.35,6.1));
#8612 = VECTOR('',#8613,1.);
#8613 = DIRECTION('',(-1.224646799147E-16,-1.,0.));
#8614 = PLANE('',#8615);
#8615 = AXIS2_PLACEMENT_3D('',#8616,#8617,#8618);
#8616 = CARTESIAN_POINT('',(10.25,2.35,5.85));
#8617 = DIRECTION('',(-0.707106781187,8.659560562349E-17,0.707106781187)
  );
#8618 = DIRECTION('',(0.707106781187,-8.659560562349E-17,0.707106781187)
  );
#8619 = ADVANCED_FACE('',(#8620),#8626,.T.);
#8620 = FACE_BOUND('',#8621,.T.);
#8621 = EDGE_LOOP('',(#8622,#8623,#8624,#8625));
#8622 = ORIENTED_EDGE('',*,*,#7299,.F.);
#8623 = ORIENTED_EDGE('',*,*,#8609,.T.);
#8624 = ORIENTED_EDGE('',*,*,#7097,.F.);
#8625 = ORIENTED_EDGE('',*,*,#8160,.F.);
#8626 = PLANE('',#8627);
#8627 = AXIS2_PLACEMENT_3D('',#8628,#8629,#8630);
#8628 = CARTESIAN_POINT('',(10.5,2.35,6.1));
#8629 = DIRECTION('',(-1.,1.224646799147E-16,0.));
#8630 = DIRECTION('',(0.,0.,1.));
#8631 = ADVANCED_FACE('',(#8632),#8643,.F.);
#8632 = FACE_BOUND('',#8633,.F.);
#8633 = EDGE_LOOP('',(#8634,#8635,#8636,#8642));
#8634 = ORIENTED_EDGE('',*,*,#7558,.T.);
#8635 = ORIENTED_EDGE('',*,*,#8025,.T.);
#8636 = ORIENTED_EDGE('',*,*,#8637,.F.);
#8637 = EDGE_CURVE('',#8083,#8026,#8638,.T.);
#8638 = LINE('',#8639,#8640);
#8639 = CARTESIAN_POINT('',(10.75,0.5,0.3));
#8640 = VECTOR('',#8641,1.);
#8641 = DIRECTION('',(-1.,1.224646799147E-16,0.));
#8642 = ORIENTED_EDGE('',*,*,#8082,.F.);
#8643 = PLANE('',#8644);
#8644 = AXIS2_PLACEMENT_3D('',#8645,#8646,#8647);
#8645 = CARTESIAN_POINT('',(10.75,2.35,1.));
#8646 = DIRECTION('',(-4.33392824344E-17,-0.353892097416,0.935286257456)
  );
#8647 = DIRECTION('',(-1.14539532148E-16,-0.935286257456,-0.353892097416
    ));
#8648 = ADVANCED_FACE('',(#8649),#8660,.F.);
#8649 = FACE_BOUND('',#8650,.F.);
#8650 = EDGE_LOOP('',(#8651,#8652,#8653,#8659));
#8651 = ORIENTED_EDGE('',*,*,#7526,.T.);
#8652 = ORIENTED_EDGE('',*,*,#7920,.T.);
#8653 = ORIENTED_EDGE('',*,*,#8654,.F.);
#8654 = EDGE_CURVE('',#7978,#7921,#8655,.T.);
#8655 = LINE('',#8656,#8657);
#8656 = CARTESIAN_POINT('',(8.25,0.5,0.3));
#8657 = VECTOR('',#8658,1.);
#8658 = DIRECTION('',(-1.,1.224646799147E-16,0.));
#8659 = ORIENTED_EDGE('',*,*,#7977,.F.);
#8660 = PLANE('',#8661);
#8661 = AXIS2_PLACEMENT_3D('',#8662,#8663,#8664);
#8662 = CARTESIAN_POINT('',(8.25,2.35,1.));
#8663 = DIRECTION('',(-4.33392824344E-17,-0.353892097416,0.935286257456)
  );
#8664 = DIRECTION('',(-1.14539532148E-16,-0.935286257456,-0.353892097416
    ));
#8665 = ADVANCED_FACE('',(#8666),#8677,.F.);
#8666 = FACE_BOUND('',#8667,.F.);
#8667 = EDGE_LOOP('',(#8668,#8669,#8670,#8676));
#8668 = ORIENTED_EDGE('',*,*,#7494,.T.);
#8669 = ORIENTED_EDGE('',*,*,#7815,.T.);
#8670 = ORIENTED_EDGE('',*,*,#8671,.F.);
#8671 = EDGE_CURVE('',#7873,#7816,#8672,.T.);
#8672 = LINE('',#8673,#8674);
#8673 = CARTESIAN_POINT('',(5.75,0.5,0.3));
#8674 = VECTOR('',#8675,1.);
#8675 = DIRECTION('',(-1.,1.224646799147E-16,0.));
#8676 = ORIENTED_EDGE('',*,*,#7872,.F.);
#8677 = PLANE('',#8678);
#8678 = AXIS2_PLACEMENT_3D('',#8679,#8680,#8681);
#8679 = CARTESIAN_POINT('',(5.75,2.35,1.));
#8680 = DIRECTION('',(-4.33392824344E-17,-0.353892097416,0.935286257456)
  );
#8681 = DIRECTION('',(-1.14539532148E-16,-0.935286257456,-0.353892097416
    ));
#8682 = ADVANCED_FACE('',(#8683),#8694,.F.);
#8683 = FACE_BOUND('',#8684,.F.);
#8684 = EDGE_LOOP('',(#8685,#8686,#8687,#8693));
#8685 = ORIENTED_EDGE('',*,*,#7462,.T.);
#8686 = ORIENTED_EDGE('',*,*,#7710,.T.);
#8687 = ORIENTED_EDGE('',*,*,#8688,.F.);
#8688 = EDGE_CURVE('',#7768,#7711,#8689,.T.);
#8689 = LINE('',#8690,#8691);
#8690 = CARTESIAN_POINT('',(3.25,0.5,0.3));
#8691 = VECTOR('',#8692,1.);
#8692 = DIRECTION('',(-1.,1.224646799147E-16,0.));
#8693 = ORIENTED_EDGE('',*,*,#7767,.F.);
#8694 = PLANE('',#8695);
#8695 = AXIS2_PLACEMENT_3D('',#8696,#8697,#8698);
#8696 = CARTESIAN_POINT('',(3.25,2.35,1.));
#8697 = DIRECTION('',(-4.33392824344E-17,-0.353892097416,0.935286257456)
  );
#8698 = DIRECTION('',(-1.14539532148E-16,-0.935286257456,-0.353892097416
    ));
#8699 = ADVANCED_FACE('',(#8700),#8711,.F.);
#8700 = FACE_BOUND('',#8701,.F.);
#8701 = EDGE_LOOP('',(#8702,#8703,#8704,#8710));
#8702 = ORIENTED_EDGE('',*,*,#7430,.T.);
#8703 = ORIENTED_EDGE('',*,*,#7605,.T.);
#8704 = ORIENTED_EDGE('',*,*,#8705,.F.);
#8705 = EDGE_CURVE('',#7663,#7606,#8706,.T.);
#8706 = LINE('',#8707,#8708);
#8707 = CARTESIAN_POINT('',(0.75,0.5,0.3));
#8708 = VECTOR('',#8709,1.);
#8709 = DIRECTION('',(-1.,1.224646799147E-16,0.));
#8710 = ORIENTED_EDGE('',*,*,#7662,.F.);
#8711 = PLANE('',#8712);
#8712 = AXIS2_PLACEMENT_3D('',#8713,#8714,#8715);
#8713 = CARTESIAN_POINT('',(0.75,2.35,1.));
#8714 = DIRECTION('',(-4.33392824344E-17,-0.353892097416,0.935286257456)
  );
#8715 = DIRECTION('',(-1.14539532148E-16,-0.935286257456,-0.353892097416
    ));
#8716 = ADVANCED_FACE('',(#8717,#8723),#8757,.F.);
#8717 = FACE_BOUND('',#8718,.F.);
#8718 = EDGE_LOOP('',(#8719,#8720,#8721,#8722));
#8719 = ORIENTED_EDGE('',*,*,#8705,.T.);
#8720 = ORIENTED_EDGE('',*,*,#7613,.T.);
#8721 = ORIENTED_EDGE('',*,*,#7637,.F.);
#8722 = ORIENTED_EDGE('',*,*,#7670,.F.);
#8723 = FACE_BOUND('',#8724,.F.);
#8724 = EDGE_LOOP('',(#8725,#8735,#8743,#8751));
#8725 = ORIENTED_EDGE('',*,*,#8726,.F.);
#8726 = EDGE_CURVE('',#8727,#8729,#8731,.T.);
#8727 = VERTEX_POINT('',#8728);
#8728 = CARTESIAN_POINT('',(-0.32,0.32,0.3));
#8729 = VERTEX_POINT('',#8730);
#8730 = CARTESIAN_POINT('',(-0.32,-0.32,0.3));
#8731 = LINE('',#8732,#8733);
#8732 = CARTESIAN_POINT('',(-0.32,0.26829700442,0.3));
#8733 = VECTOR('',#8734,1.);
#8734 = DIRECTION('',(-1.224646799147E-16,-1.,0.));
#8735 = ORIENTED_EDGE('',*,*,#8736,.T.);
#8736 = EDGE_CURVE('',#8727,#8737,#8739,.T.);
#8737 = VERTEX_POINT('',#8738);
#8738 = CARTESIAN_POINT('',(0.32,0.32,0.3));
#8739 = LINE('',#8740,#8741);
#8740 = CARTESIAN_POINT('',(0.535,0.32,0.3));
#8741 = VECTOR('',#8742,1.);
#8742 = DIRECTION('',(1.,-1.224646799147E-16,0.));
#8743 = ORIENTED_EDGE('',*,*,#8744,.T.);
#8744 = EDGE_CURVE('',#8737,#8745,#8747,.T.);
#8745 = VERTEX_POINT('',#8746);
#8746 = CARTESIAN_POINT('',(0.32,-0.32,0.3));
#8747 = LINE('',#8748,#8749);
#8748 = CARTESIAN_POINT('',(0.32,0.26829700442,0.3));
#8749 = VECTOR('',#8750,1.);
#8750 = DIRECTION('',(-1.224646799147E-16,-1.,0.));
#8751 = ORIENTED_EDGE('',*,*,#8752,.T.);
#8752 = EDGE_CURVE('',#8745,#8729,#8753,.T.);
#8753 = LINE('',#8754,#8755);
#8754 = CARTESIAN_POINT('',(0.535,-0.32,0.3));
#8755 = VECTOR('',#8756,1.);
#8756 = DIRECTION('',(-1.,1.224646799147E-16,0.));
#8757 = PLANE('',#8758);
#8758 = AXIS2_PLACEMENT_3D('',#8759,#8760,#8761);
#8759 = CARTESIAN_POINT('',(0.75,0.5,0.3));
#8760 = DIRECTION('',(0.,0.,1.));
#8761 = DIRECTION('',(-1.224646799147E-16,-1.,0.));
#8762 = ADVANCED_FACE('',(#8763,#8769),#8803,.F.);
#8763 = FACE_BOUND('',#8764,.F.);
#8764 = EDGE_LOOP('',(#8765,#8766,#8767,#8768));
#8765 = ORIENTED_EDGE('',*,*,#8688,.T.);
#8766 = ORIENTED_EDGE('',*,*,#7718,.T.);
#8767 = ORIENTED_EDGE('',*,*,#7742,.F.);
#8768 = ORIENTED_EDGE('',*,*,#7775,.F.);
#8769 = FACE_BOUND('',#8770,.F.);
#8770 = EDGE_LOOP('',(#8771,#8781,#8789,#8797));
#8771 = ORIENTED_EDGE('',*,*,#8772,.T.);
#8772 = EDGE_CURVE('',#8773,#8775,#8777,.T.);
#8773 = VERTEX_POINT('',#8774);
#8774 = CARTESIAN_POINT('',(2.82,0.32,0.3));
#8775 = VERTEX_POINT('',#8776);
#8776 = CARTESIAN_POINT('',(2.82,-0.32,0.3));
#8777 = LINE('',#8778,#8779);
#8778 = CARTESIAN_POINT('',(2.82,0.25,0.3));
#8779 = VECTOR('',#8780,1.);
#8780 = DIRECTION('',(-1.224646799147E-16,-1.,0.));
#8781 = ORIENTED_EDGE('',*,*,#8782,.T.);
#8782 = EDGE_CURVE('',#8775,#8783,#8785,.T.);
#8783 = VERTEX_POINT('',#8784);
#8784 = CARTESIAN_POINT('',(2.18,-0.32,0.3));
#8785 = LINE('',#8786,#8787);
#8786 = CARTESIAN_POINT('',(3.035,-0.32,0.3));
#8787 = VECTOR('',#8788,1.);
#8788 = DIRECTION('',(-1.,1.224646799147E-16,0.));
#8789 = ORIENTED_EDGE('',*,*,#8790,.F.);
#8790 = EDGE_CURVE('',#8791,#8783,#8793,.T.);
#8791 = VERTEX_POINT('',#8792);
#8792 = CARTESIAN_POINT('',(2.18,0.32,0.3));
#8793 = LINE('',#8794,#8795);
#8794 = CARTESIAN_POINT('',(2.18,0.25,0.3));
#8795 = VECTOR('',#8796,1.);
#8796 = DIRECTION('',(-1.224646799147E-16,-1.,0.));
#8797 = ORIENTED_EDGE('',*,*,#8798,.T.);
#8798 = EDGE_CURVE('',#8791,#8773,#8799,.T.);
#8799 = LINE('',#8800,#8801);
#8800 = CARTESIAN_POINT('',(3.035,0.32,0.3));
#8801 = VECTOR('',#8802,1.);
#8802 = DIRECTION('',(1.,-1.224646799147E-16,0.));
#8803 = PLANE('',#8804);
#8804 = AXIS2_PLACEMENT_3D('',#8805,#8806,#8807);
#8805 = CARTESIAN_POINT('',(3.25,0.5,0.3));
#8806 = DIRECTION('',(0.,0.,1.));
#8807 = DIRECTION('',(-1.224646799147E-16,-1.,0.));
#8808 = ADVANCED_FACE('',(#8809,#8815),#8849,.F.);
#8809 = FACE_BOUND('',#8810,.F.);
#8810 = EDGE_LOOP('',(#8811,#8812,#8813,#8814));
#8811 = ORIENTED_EDGE('',*,*,#8671,.T.);
#8812 = ORIENTED_EDGE('',*,*,#7823,.T.);
#8813 = ORIENTED_EDGE('',*,*,#7847,.F.);
#8814 = ORIENTED_EDGE('',*,*,#7880,.F.);
#8815 = FACE_BOUND('',#8816,.F.);
#8816 = EDGE_LOOP('',(#8817,#8827,#8835,#8843));
#8817 = ORIENTED_EDGE('',*,*,#8818,.T.);
#8818 = EDGE_CURVE('',#8819,#8821,#8823,.T.);
#8819 = VERTEX_POINT('',#8820);
#8820 = CARTESIAN_POINT('',(5.32,0.32,0.3));
#8821 = VERTEX_POINT('',#8822);
#8822 = CARTESIAN_POINT('',(5.32,-0.32,0.3));
#8823 = LINE('',#8824,#8825);
#8824 = CARTESIAN_POINT('',(5.32,0.25,0.3));
#8825 = VECTOR('',#8826,1.);
#8826 = DIRECTION('',(-1.224646799147E-16,-1.,0.));
#8827 = ORIENTED_EDGE('',*,*,#8828,.T.);
#8828 = EDGE_CURVE('',#8821,#8829,#8831,.T.);
#8829 = VERTEX_POINT('',#8830);
#8830 = CARTESIAN_POINT('',(4.68,-0.32,0.3));
#8831 = LINE('',#8832,#8833);
#8832 = CARTESIAN_POINT('',(5.535,-0.32,0.3));
#8833 = VECTOR('',#8834,1.);
#8834 = DIRECTION('',(-1.,1.224646799147E-16,0.));
#8835 = ORIENTED_EDGE('',*,*,#8836,.F.);
#8836 = EDGE_CURVE('',#8837,#8829,#8839,.T.);
#8837 = VERTEX_POINT('',#8838);
#8838 = CARTESIAN_POINT('',(4.68,0.32,0.3));
#8839 = LINE('',#8840,#8841);
#8840 = CARTESIAN_POINT('',(4.68,0.25,0.3));
#8841 = VECTOR('',#8842,1.);
#8842 = DIRECTION('',(-1.224646799147E-16,-1.,0.));
#8843 = ORIENTED_EDGE('',*,*,#8844,.T.);
#8844 = EDGE_CURVE('',#8837,#8819,#8845,.T.);
#8845 = LINE('',#8846,#8847);
#8846 = CARTESIAN_POINT('',(5.535,0.32,0.3));
#8847 = VECTOR('',#8848,1.);
#8848 = DIRECTION('',(1.,-1.224646799147E-16,0.));
#8849 = PLANE('',#8850);
#8850 = AXIS2_PLACEMENT_3D('',#8851,#8852,#8853);
#8851 = CARTESIAN_POINT('',(5.75,0.5,0.3));
#8852 = DIRECTION('',(0.,0.,1.));
#8853 = DIRECTION('',(-1.224646799147E-16,-1.,0.));
#8854 = ADVANCED_FACE('',(#8855,#8861),#8895,.F.);
#8855 = FACE_BOUND('',#8856,.F.);
#8856 = EDGE_LOOP('',(#8857,#8858,#8859,#8860));
#8857 = ORIENTED_EDGE('',*,*,#8654,.T.);
#8858 = ORIENTED_EDGE('',*,*,#7928,.T.);
#8859 = ORIENTED_EDGE('',*,*,#7952,.F.);
#8860 = ORIENTED_EDGE('',*,*,#7985,.F.);
#8861 = FACE_BOUND('',#8862,.F.);
#8862 = EDGE_LOOP('',(#8863,#8873,#8881,#8889));
#8863 = ORIENTED_EDGE('',*,*,#8864,.F.);
#8864 = EDGE_CURVE('',#8865,#8867,#8869,.T.);
#8865 = VERTEX_POINT('',#8866);
#8866 = CARTESIAN_POINT('',(7.18,0.32,0.3));
#8867 = VERTEX_POINT('',#8868);
#8868 = CARTESIAN_POINT('',(7.18,-0.32,0.3));
#8869 = LINE('',#8870,#8871);
#8870 = CARTESIAN_POINT('',(7.18,0.25,0.3));
#8871 = VECTOR('',#8872,1.);
#8872 = DIRECTION('',(-1.224646799147E-16,-1.,0.));
#8873 = ORIENTED_EDGE('',*,*,#8874,.T.);
#8874 = EDGE_CURVE('',#8865,#8875,#8877,.T.);
#8875 = VERTEX_POINT('',#8876);
#8876 = CARTESIAN_POINT('',(7.82,0.32,0.3));
#8877 = LINE('',#8878,#8879);
#8878 = CARTESIAN_POINT('',(8.035,0.32,0.3));
#8879 = VECTOR('',#8880,1.);
#8880 = DIRECTION('',(1.,-1.224646799147E-16,0.));
#8881 = ORIENTED_EDGE('',*,*,#8882,.T.);
#8882 = EDGE_CURVE('',#8875,#8883,#8885,.T.);
#8883 = VERTEX_POINT('',#8884);
#8884 = CARTESIAN_POINT('',(7.82,-0.32,0.3));
#8885 = LINE('',#8886,#8887);
#8886 = CARTESIAN_POINT('',(7.82,0.25,0.3));
#8887 = VECTOR('',#8888,1.);
#8888 = DIRECTION('',(-1.224646799147E-16,-1.,0.));
#8889 = ORIENTED_EDGE('',*,*,#8890,.T.);
#8890 = EDGE_CURVE('',#8883,#8867,#8891,.T.);
#8891 = LINE('',#8892,#8893);
#8892 = CARTESIAN_POINT('',(8.035,-0.32,0.3));
#8893 = VECTOR('',#8894,1.);
#8894 = DIRECTION('',(-1.,1.224646799147E-16,0.));
#8895 = PLANE('',#8896);
#8896 = AXIS2_PLACEMENT_3D('',#8897,#8898,#8899);
#8897 = CARTESIAN_POINT('',(8.25,0.5,0.3));
#8898 = DIRECTION('',(0.,0.,1.));
#8899 = DIRECTION('',(-1.224646799147E-16,-1.,0.));
#8900 = ADVANCED_FACE('',(#8901,#8907),#8941,.F.);
#8901 = FACE_BOUND('',#8902,.F.);
#8902 = EDGE_LOOP('',(#8903,#8904,#8905,#8906));
#8903 = ORIENTED_EDGE('',*,*,#8637,.T.);
#8904 = ORIENTED_EDGE('',*,*,#8033,.T.);
#8905 = ORIENTED_EDGE('',*,*,#8057,.F.);
#8906 = ORIENTED_EDGE('',*,*,#8090,.F.);
#8907 = FACE_BOUND('',#8908,.F.);
#8908 = EDGE_LOOP('',(#8909,#8919,#8927,#8935));
#8909 = ORIENTED_EDGE('',*,*,#8910,.T.);
#8910 = EDGE_CURVE('',#8911,#8913,#8915,.T.);
#8911 = VERTEX_POINT('',#8912);
#8912 = CARTESIAN_POINT('',(9.68,0.32,0.3));
#8913 = VERTEX_POINT('',#8914);
#8914 = CARTESIAN_POINT('',(10.32,0.32,0.3));
#8915 = LINE('',#8916,#8917);
#8916 = CARTESIAN_POINT('',(10.535,0.32,0.3));
#8917 = VECTOR('',#8918,1.);
#8918 = DIRECTION('',(1.,-1.224646799147E-16,0.));
#8919 = ORIENTED_EDGE('',*,*,#8920,.T.);
#8920 = EDGE_CURVE('',#8913,#8921,#8923,.T.);
#8921 = VERTEX_POINT('',#8922);
#8922 = CARTESIAN_POINT('',(10.32,-0.32,0.3));
#8923 = LINE('',#8924,#8925);
#8924 = CARTESIAN_POINT('',(10.32,0.26829700442,0.3));
#8925 = VECTOR('',#8926,1.);
#8926 = DIRECTION('',(-1.224646799147E-16,-1.,0.));
#8927 = ORIENTED_EDGE('',*,*,#8928,.T.);
#8928 = EDGE_CURVE('',#8921,#8929,#8931,.T.);
#8929 = VERTEX_POINT('',#8930);
#8930 = CARTESIAN_POINT('',(9.68,-0.32,0.3));
#8931 = LINE('',#8932,#8933);
#8932 = CARTESIAN_POINT('',(10.535,-0.32,0.3));
#8933 = VECTOR('',#8934,1.);
#8934 = DIRECTION('',(-1.,1.224646799147E-16,0.));
#8935 = ORIENTED_EDGE('',*,*,#8936,.F.);
#8936 = EDGE_CURVE('',#8911,#8929,#8937,.T.);
#8937 = LINE('',#8938,#8939);
#8938 = CARTESIAN_POINT('',(9.68,0.26829700442,0.3));
#8939 = VECTOR('',#8940,1.);
#8940 = DIRECTION('',(-1.224646799147E-16,-1.,0.));
#8941 = PLANE('',#8942);
#8942 = AXIS2_PLACEMENT_3D('',#8943,#8944,#8945);
#8943 = CARTESIAN_POINT('',(10.75,0.5,0.3));
#8944 = DIRECTION('',(0.,0.,1.));
#8945 = DIRECTION('',(-1.224646799147E-16,-1.,0.));
#8946 = ADVANCED_FACE('',(#8947),#8972,.F.);
#8947 = FACE_BOUND('',#8948,.F.);
#8948 = EDGE_LOOP('',(#8949,#8950,#8958,#8966));
#8949 = ORIENTED_EDGE('',*,*,#8209,.T.);
#8950 = ORIENTED_EDGE('',*,*,#8951,.T.);
#8951 = EDGE_CURVE('',#8212,#8952,#8954,.T.);
#8952 = VERTEX_POINT('',#8953);
#8953 = CARTESIAN_POINT('',(5.32,-0.32,6.3));
#8954 = LINE('',#8955,#8956);
#8955 = CARTESIAN_POINT('',(5.32,-0.32,-3.4));
#8956 = VECTOR('',#8957,1.);
#8957 = DIRECTION('',(0.,0.,1.));
#8958 = ORIENTED_EDGE('',*,*,#8959,.T.);
#8959 = EDGE_CURVE('',#8952,#8960,#8962,.T.);
#8960 = VERTEX_POINT('',#8961);
#8961 = CARTESIAN_POINT('',(5.32,0.32,6.3));
#8962 = LINE('',#8963,#8964);
#8963 = CARTESIAN_POINT('',(5.32,-0.32,6.3));
#8964 = VECTOR('',#8965,1.);
#8965 = DIRECTION('',(1.224646799147E-16,1.,0.));
#8966 = ORIENTED_EDGE('',*,*,#8967,.T.);
#8967 = EDGE_CURVE('',#8960,#8210,#8968,.T.);
#8968 = LINE('',#8969,#8970);
#8969 = CARTESIAN_POINT('',(5.32,0.32,6.5));
#8970 = VECTOR('',#8971,1.);
#8971 = DIRECTION('',(-0.,0.,-1.));
#8972 = PLANE('',#8973);
#8973 = AXIS2_PLACEMENT_3D('',#8974,#8975,#8976);
#8974 = CARTESIAN_POINT('',(5.32,-3.918869757272E-17,1.55));
#8975 = DIRECTION('',(-1.,1.224646799147E-16,0.));
#8976 = DIRECTION('',(0.,0.,1.));
#8977 = ADVANCED_FACE('',(#8978),#8996,.F.);
#8978 = FACE_BOUND('',#8979,.F.);
#8979 = EDGE_LOOP('',(#8980,#8981,#8989,#8995));
#8980 = ORIENTED_EDGE('',*,*,#8967,.F.);
#8981 = ORIENTED_EDGE('',*,*,#8982,.T.);
#8982 = EDGE_CURVE('',#8960,#8983,#8985,.T.);
#8983 = VERTEX_POINT('',#8984);
#8984 = CARTESIAN_POINT('',(4.68,0.32,6.3));
#8985 = LINE('',#8986,#8987);
#8986 = CARTESIAN_POINT('',(5.32,0.32,6.3));
#8987 = VECTOR('',#8988,1.);
#8988 = DIRECTION('',(-1.,1.224646799147E-16,0.));
#8989 = ORIENTED_EDGE('',*,*,#8990,.T.);
#8990 = EDGE_CURVE('',#8983,#8228,#8991,.T.);
#8991 = LINE('',#8992,#8993);
#8992 = CARTESIAN_POINT('',(4.68,0.32,6.5));
#8993 = VECTOR('',#8994,1.);
#8994 = DIRECTION('',(-0.,0.,-1.));
#8995 = ORIENTED_EDGE('',*,*,#8235,.T.);
#8996 = PLANE('',#8997);
#8997 = AXIS2_PLACEMENT_3D('',#8998,#8999,#9000);
#8998 = CARTESIAN_POINT('',(5.32,0.32,6.5));
#8999 = DIRECTION('',(-1.224646799147E-16,-1.,0.));
#9000 = DIRECTION('',(-0.,0.,-1.));
#9001 = ADVANCED_FACE('',(#9002),#9020,.T.);
#9002 = FACE_BOUND('',#9003,.T.);
#9003 = EDGE_LOOP('',(#9004,#9005,#9013,#9019));
#9004 = ORIENTED_EDGE('',*,*,#8227,.T.);
#9005 = ORIENTED_EDGE('',*,*,#9006,.T.);
#9006 = EDGE_CURVE('',#8220,#9007,#9009,.T.);
#9007 = VERTEX_POINT('',#9008);
#9008 = CARTESIAN_POINT('',(4.68,-0.32,6.3));
#9009 = LINE('',#9010,#9011);
#9010 = CARTESIAN_POINT('',(4.68,-0.32,-3.4));
#9011 = VECTOR('',#9012,1.);
#9012 = DIRECTION('',(0.,0.,1.));
#9013 = ORIENTED_EDGE('',*,*,#9014,.T.);
#9014 = EDGE_CURVE('',#9007,#8983,#9015,.T.);
#9015 = LINE('',#9016,#9017);
#9016 = CARTESIAN_POINT('',(4.68,-0.32,6.3));
#9017 = VECTOR('',#9018,1.);
#9018 = DIRECTION('',(1.224646799147E-16,1.,0.));
#9019 = ORIENTED_EDGE('',*,*,#8990,.T.);
#9020 = PLANE('',#9021);
#9021 = AXIS2_PLACEMENT_3D('',#9022,#9023,#9024);
#9022 = CARTESIAN_POINT('',(4.68,3.918869757272E-17,1.55));
#9023 = DIRECTION('',(-1.,1.224646799147E-16,0.));
#9024 = DIRECTION('',(0.,0.,1.));
#9025 = ADVANCED_FACE('',(#9026),#9037,.F.);
#9026 = FACE_BOUND('',#9027,.F.);
#9027 = EDGE_LOOP('',(#9028,#9029,#9030,#9031));
#9028 = ORIENTED_EDGE('',*,*,#8951,.F.);
#9029 = ORIENTED_EDGE('',*,*,#8219,.T.);
#9030 = ORIENTED_EDGE('',*,*,#9006,.T.);
#9031 = ORIENTED_EDGE('',*,*,#9032,.F.);
#9032 = EDGE_CURVE('',#8952,#9007,#9033,.T.);
#9033 = LINE('',#9034,#9035);
#9034 = CARTESIAN_POINT('',(5.32,-0.32,6.3));
#9035 = VECTOR('',#9036,1.);
#9036 = DIRECTION('',(-1.,1.224646799147E-16,0.));
#9037 = PLANE('',#9038);
#9038 = AXIS2_PLACEMENT_3D('',#9039,#9040,#9041);
#9039 = CARTESIAN_POINT('',(5.32,-0.32,-3.4));
#9040 = DIRECTION('',(1.224646799147E-16,1.,0.));
#9041 = DIRECTION('',(0.,-0.,1.));
#9042 = ADVANCED_FACE('',(#9043),#9068,.T.);
#9043 = FACE_BOUND('',#9044,.T.);
#9044 = EDGE_LOOP('',(#9045,#9046,#9054,#9062));
#9045 = ORIENTED_EDGE('',*,*,#8243,.T.);
#9046 = ORIENTED_EDGE('',*,*,#9047,.T.);
#9047 = EDGE_CURVE('',#8246,#9048,#9050,.T.);
#9048 = VERTEX_POINT('',#9049);
#9049 = CARTESIAN_POINT('',(7.18,-0.32,6.3));
#9050 = LINE('',#9051,#9052);
#9051 = CARTESIAN_POINT('',(7.18,-0.32,-3.4));
#9052 = VECTOR('',#9053,1.);
#9053 = DIRECTION('',(0.,0.,1.));
#9054 = ORIENTED_EDGE('',*,*,#9055,.T.);
#9055 = EDGE_CURVE('',#9048,#9056,#9058,.T.);
#9056 = VERTEX_POINT('',#9057);
#9057 = CARTESIAN_POINT('',(7.18,0.32,6.3));
#9058 = LINE('',#9059,#9060);
#9059 = CARTESIAN_POINT('',(7.18,-0.32,6.3));
#9060 = VECTOR('',#9061,1.);
#9061 = DIRECTION('',(1.224646799147E-16,1.,0.));
#9062 = ORIENTED_EDGE('',*,*,#9063,.T.);
#9063 = EDGE_CURVE('',#9056,#8244,#9064,.T.);
#9064 = LINE('',#9065,#9066);
#9065 = CARTESIAN_POINT('',(7.18,0.32,6.5));
#9066 = VECTOR('',#9067,1.);
#9067 = DIRECTION('',(-0.,0.,-1.));
#9068 = PLANE('',#9069);
#9069 = AXIS2_PLACEMENT_3D('',#9070,#9071,#9072);
#9070 = CARTESIAN_POINT('',(7.18,-2.669730022141E-16,1.55));
#9071 = DIRECTION('',(-1.,1.224646799147E-16,0.));
#9072 = DIRECTION('',(0.,0.,1.));
#9073 = ADVANCED_FACE('',(#9074),#9092,.F.);
#9074 = FACE_BOUND('',#9075,.F.);
#9075 = EDGE_LOOP('',(#9076,#9084,#9085,#9086));
#9076 = ORIENTED_EDGE('',*,*,#9077,.F.);
#9077 = EDGE_CURVE('',#8262,#9078,#9080,.T.);
#9078 = VERTEX_POINT('',#9079);
#9079 = CARTESIAN_POINT('',(7.82,-0.32,6.3));
#9080 = LINE('',#9081,#9082);
#9081 = CARTESIAN_POINT('',(7.82,-0.32,-3.4));
#9082 = VECTOR('',#9083,1.);
#9083 = DIRECTION('',(0.,0.,1.));
#9084 = ORIENTED_EDGE('',*,*,#8269,.T.);
#9085 = ORIENTED_EDGE('',*,*,#9047,.T.);
#9086 = ORIENTED_EDGE('',*,*,#9087,.F.);
#9087 = EDGE_CURVE('',#9078,#9048,#9088,.T.);
#9088 = LINE('',#9089,#9090);
#9089 = CARTESIAN_POINT('',(7.82,-0.32,6.3));
#9090 = VECTOR('',#9091,1.);
#9091 = DIRECTION('',(-1.,1.224646799147E-16,0.));
#9092 = PLANE('',#9093);
#9093 = AXIS2_PLACEMENT_3D('',#9094,#9095,#9096);
#9094 = CARTESIAN_POINT('',(7.82,-0.32,-3.4));
#9095 = DIRECTION('',(1.224646799147E-16,1.,0.));
#9096 = DIRECTION('',(0.,-0.,1.));
#9097 = ADVANCED_FACE('',(#9098),#9116,.F.);
#9098 = FACE_BOUND('',#9099,.F.);
#9099 = EDGE_LOOP('',(#9100,#9101,#9102,#9110));
#9100 = ORIENTED_EDGE('',*,*,#8261,.T.);
#9101 = ORIENTED_EDGE('',*,*,#9077,.T.);
#9102 = ORIENTED_EDGE('',*,*,#9103,.T.);
#9103 = EDGE_CURVE('',#9078,#9104,#9106,.T.);
#9104 = VERTEX_POINT('',#9105);
#9105 = CARTESIAN_POINT('',(7.82,0.32,6.3));
#9106 = LINE('',#9107,#9108);
#9107 = CARTESIAN_POINT('',(7.82,-0.32,6.3));
#9108 = VECTOR('',#9109,1.);
#9109 = DIRECTION('',(1.224646799147E-16,1.,0.));
#9110 = ORIENTED_EDGE('',*,*,#9111,.T.);
#9111 = EDGE_CURVE('',#9104,#8254,#9112,.T.);
#9112 = LINE('',#9113,#9114);
#9113 = CARTESIAN_POINT('',(7.82,0.32,6.5));
#9114 = VECTOR('',#9115,1.);
#9115 = DIRECTION('',(-0.,0.,-1.));
#9116 = PLANE('',#9117);
#9117 = AXIS2_PLACEMENT_3D('',#9118,#9119,#9120);
#9118 = CARTESIAN_POINT('',(7.82,-3.453503973596E-16,1.55));
#9119 = DIRECTION('',(-1.,1.224646799147E-16,0.));
#9120 = DIRECTION('',(0.,0.,1.));
#9121 = ADVANCED_FACE('',(#9122),#9133,.F.);
#9122 = FACE_BOUND('',#9123,.F.);
#9123 = EDGE_LOOP('',(#9124,#9125,#9131,#9132));
#9124 = ORIENTED_EDGE('',*,*,#9111,.F.);
#9125 = ORIENTED_EDGE('',*,*,#9126,.T.);
#9126 = EDGE_CURVE('',#9104,#9056,#9127,.T.);
#9127 = LINE('',#9128,#9129);
#9128 = CARTESIAN_POINT('',(7.82,0.32,6.3));
#9129 = VECTOR('',#9130,1.);
#9130 = DIRECTION('',(-1.,1.224646799147E-16,0.));
#9131 = ORIENTED_EDGE('',*,*,#9063,.T.);
#9132 = ORIENTED_EDGE('',*,*,#8253,.T.);
#9133 = PLANE('',#9134);
#9134 = AXIS2_PLACEMENT_3D('',#9135,#9136,#9137);
#9135 = CARTESIAN_POINT('',(7.82,0.32,6.5));
#9136 = DIRECTION('',(-1.224646799147E-16,-1.,0.));
#9137 = DIRECTION('',(-0.,0.,-1.));
#9138 = ADVANCED_FACE('',(#9139),#9164,.F.);
#9139 = FACE_BOUND('',#9140,.F.);
#9140 = EDGE_LOOP('',(#9141,#9142,#9150,#9158));
#9141 = ORIENTED_EDGE('',*,*,#8277,.T.);
#9142 = ORIENTED_EDGE('',*,*,#9143,.T.);
#9143 = EDGE_CURVE('',#8280,#9144,#9146,.T.);
#9144 = VERTEX_POINT('',#9145);
#9145 = CARTESIAN_POINT('',(2.82,-0.32,6.3));
#9146 = LINE('',#9147,#9148);
#9147 = CARTESIAN_POINT('',(2.82,-0.32,-3.4));
#9148 = VECTOR('',#9149,1.);
#9149 = DIRECTION('',(0.,0.,1.));
#9150 = ORIENTED_EDGE('',*,*,#9151,.T.);
#9151 = EDGE_CURVE('',#9144,#9152,#9154,.T.);
#9152 = VERTEX_POINT('',#9153);
#9153 = CARTESIAN_POINT('',(2.82,0.32,6.3));
#9154 = LINE('',#9155,#9156);
#9155 = CARTESIAN_POINT('',(2.82,-0.32,6.3));
#9156 = VECTOR('',#9157,1.);
#9157 = DIRECTION('',(1.224646799147E-16,1.,0.));
#9158 = ORIENTED_EDGE('',*,*,#9159,.T.);
#9159 = EDGE_CURVE('',#9152,#8278,#9160,.T.);
#9160 = LINE('',#9161,#9162);
#9161 = CARTESIAN_POINT('',(2.82,0.32,6.5));
#9162 = VECTOR('',#9163,1.);
#9163 = DIRECTION('',(-0.,0.,-1.));
#9164 = PLANE('',#9165);
#9165 = AXIS2_PLACEMENT_3D('',#9166,#9167,#9168);
#9166 = CARTESIAN_POINT('',(2.82,2.669730022141E-16,1.55));
#9167 = DIRECTION('',(-1.,1.224646799147E-16,0.));
#9168 = DIRECTION('',(0.,0.,1.));
#9169 = ADVANCED_FACE('',(#9170),#9188,.F.);
#9170 = FACE_BOUND('',#9171,.F.);
#9171 = EDGE_LOOP('',(#9172,#9173,#9181,#9187));
#9172 = ORIENTED_EDGE('',*,*,#9159,.F.);
#9173 = ORIENTED_EDGE('',*,*,#9174,.T.);
#9174 = EDGE_CURVE('',#9152,#9175,#9177,.T.);
#9175 = VERTEX_POINT('',#9176);
#9176 = CARTESIAN_POINT('',(2.18,0.32,6.3));
#9177 = LINE('',#9178,#9179);
#9178 = CARTESIAN_POINT('',(2.82,0.32,6.3));
#9179 = VECTOR('',#9180,1.);
#9180 = DIRECTION('',(-1.,1.224646799147E-16,0.));
#9181 = ORIENTED_EDGE('',*,*,#9182,.T.);
#9182 = EDGE_CURVE('',#9175,#8296,#9183,.T.);
#9183 = LINE('',#9184,#9185);
#9184 = CARTESIAN_POINT('',(2.18,0.32,6.5));
#9185 = VECTOR('',#9186,1.);
#9186 = DIRECTION('',(-0.,0.,-1.));
#9187 = ORIENTED_EDGE('',*,*,#8303,.T.);
#9188 = PLANE('',#9189);
#9189 = AXIS2_PLACEMENT_3D('',#9190,#9191,#9192);
#9190 = CARTESIAN_POINT('',(2.82,0.32,6.5));
#9191 = DIRECTION('',(-1.224646799147E-16,-1.,0.));
#9192 = DIRECTION('',(-0.,0.,-1.));
#9193 = ADVANCED_FACE('',(#9194),#9212,.T.);
#9194 = FACE_BOUND('',#9195,.T.);
#9195 = EDGE_LOOP('',(#9196,#9197,#9205,#9211));
#9196 = ORIENTED_EDGE('',*,*,#8295,.T.);
#9197 = ORIENTED_EDGE('',*,*,#9198,.T.);
#9198 = EDGE_CURVE('',#8288,#9199,#9201,.T.);
#9199 = VERTEX_POINT('',#9200);
#9200 = CARTESIAN_POINT('',(2.18,-0.32,6.3));
#9201 = LINE('',#9202,#9203);
#9202 = CARTESIAN_POINT('',(2.18,-0.32,-3.4));
#9203 = VECTOR('',#9204,1.);
#9204 = DIRECTION('',(0.,0.,1.));
#9205 = ORIENTED_EDGE('',*,*,#9206,.T.);
#9206 = EDGE_CURVE('',#9199,#9175,#9207,.T.);
#9207 = LINE('',#9208,#9209);
#9208 = CARTESIAN_POINT('',(2.18,-0.32,6.3));
#9209 = VECTOR('',#9210,1.);
#9210 = DIRECTION('',(1.224646799147E-16,1.,0.));
#9211 = ORIENTED_EDGE('',*,*,#9182,.T.);
#9212 = PLANE('',#9213);
#9213 = AXIS2_PLACEMENT_3D('',#9214,#9215,#9216);
#9214 = CARTESIAN_POINT('',(2.18,3.453503973596E-16,1.55));
#9215 = DIRECTION('',(-1.,1.224646799147E-16,0.));
#9216 = DIRECTION('',(0.,0.,1.));
#9217 = ADVANCED_FACE('',(#9218),#9229,.F.);
#9218 = FACE_BOUND('',#9219,.F.);
#9219 = EDGE_LOOP('',(#9220,#9221,#9222,#9223));
#9220 = ORIENTED_EDGE('',*,*,#9143,.F.);
#9221 = ORIENTED_EDGE('',*,*,#8287,.T.);
#9222 = ORIENTED_EDGE('',*,*,#9198,.T.);
#9223 = ORIENTED_EDGE('',*,*,#9224,.F.);
#9224 = EDGE_CURVE('',#9144,#9199,#9225,.T.);
#9225 = LINE('',#9226,#9227);
#9226 = CARTESIAN_POINT('',(2.82,-0.32,6.3));
#9227 = VECTOR('',#9228,1.);
#9228 = DIRECTION('',(-1.,1.224646799147E-16,0.));
#9229 = PLANE('',#9230);
#9230 = AXIS2_PLACEMENT_3D('',#9231,#9232,#9233);
#9231 = CARTESIAN_POINT('',(2.82,-0.32,-3.4));
#9232 = DIRECTION('',(1.224646799147E-16,1.,0.));
#9233 = DIRECTION('',(0.,-0.,1.));
#9234 = ADVANCED_FACE('',(#9235),#9260,.F.);
#9235 = FACE_BOUND('',#9236,.F.);
#9236 = EDGE_LOOP('',(#9237,#9245,#9253,#9259));
#9237 = ORIENTED_EDGE('',*,*,#9238,.F.);
#9238 = EDGE_CURVE('',#9239,#8314,#9241,.T.);
#9239 = VERTEX_POINT('',#9240);
#9240 = CARTESIAN_POINT('',(10.32,0.32,6.3));
#9241 = LINE('',#9242,#9243);
#9242 = CARTESIAN_POINT('',(10.32,0.32,6.5));
#9243 = VECTOR('',#9244,1.);
#9244 = DIRECTION('',(-0.,0.,-1.));
#9245 = ORIENTED_EDGE('',*,*,#9246,.T.);
#9246 = EDGE_CURVE('',#9239,#9247,#9249,.T.);
#9247 = VERTEX_POINT('',#9248);
#9248 = CARTESIAN_POINT('',(9.68,0.32,6.3));
#9249 = LINE('',#9250,#9251);
#9250 = CARTESIAN_POINT('',(10.32,0.32,6.3));
#9251 = VECTOR('',#9252,1.);
#9252 = DIRECTION('',(-1.,1.224646799147E-16,0.));
#9253 = ORIENTED_EDGE('',*,*,#9254,.T.);
#9254 = EDGE_CURVE('',#9247,#8312,#9255,.T.);
#9255 = LINE('',#9256,#9257);
#9256 = CARTESIAN_POINT('',(9.68,0.32,6.5));
#9257 = VECTOR('',#9258,1.);
#9258 = DIRECTION('',(-0.,0.,-1.));
#9259 = ORIENTED_EDGE('',*,*,#8311,.T.);
#9260 = PLANE('',#9261);
#9261 = AXIS2_PLACEMENT_3D('',#9262,#9263,#9264);
#9262 = CARTESIAN_POINT('',(10.32,0.32,6.5));
#9263 = DIRECTION('',(-1.224646799147E-16,-1.,0.));
#9264 = DIRECTION('',(-0.,0.,-1.));
#9265 = ADVANCED_FACE('',(#9266),#9284,.T.);
#9266 = FACE_BOUND('',#9267,.T.);
#9267 = EDGE_LOOP('',(#9268,#9269,#9277,#9283));
#9268 = ORIENTED_EDGE('',*,*,#8337,.T.);
#9269 = ORIENTED_EDGE('',*,*,#9270,.T.);
#9270 = EDGE_CURVE('',#8330,#9271,#9273,.T.);
#9271 = VERTEX_POINT('',#9272);
#9272 = CARTESIAN_POINT('',(9.68,-0.32,6.3));
#9273 = LINE('',#9274,#9275);
#9274 = CARTESIAN_POINT('',(9.68,-0.32,-0.9));
#9275 = VECTOR('',#9276,1.);
#9276 = DIRECTION('',(0.,0.,1.));
#9277 = ORIENTED_EDGE('',*,*,#9278,.T.);
#9278 = EDGE_CURVE('',#9271,#9247,#9279,.T.);
#9279 = LINE('',#9280,#9281);
#9280 = CARTESIAN_POINT('',(9.68,-0.32,6.3));
#9281 = VECTOR('',#9282,1.);
#9282 = DIRECTION('',(1.224646799147E-16,1.,0.));
#9283 = ORIENTED_EDGE('',*,*,#9254,.T.);
#9284 = PLANE('',#9285);
#9285 = AXIS2_PLACEMENT_3D('',#9286,#9287,#9288);
#9286 = CARTESIAN_POINT('',(9.68,3.65940088399E-02,1.522832428212));
#9287 = DIRECTION('',(-1.,1.224646799147E-16,0.));
#9288 = DIRECTION('',(0.,0.,1.));
#9289 = ADVANCED_FACE('',(#9290),#9308,.F.);
#9290 = FACE_BOUND('',#9291,.F.);
#9291 = EDGE_LOOP('',(#9292,#9300,#9301,#9302));
#9292 = ORIENTED_EDGE('',*,*,#9293,.F.);
#9293 = EDGE_CURVE('',#8322,#9294,#9296,.T.);
#9294 = VERTEX_POINT('',#9295);
#9295 = CARTESIAN_POINT('',(10.32,-0.32,6.3));
#9296 = LINE('',#9297,#9298);
#9297 = CARTESIAN_POINT('',(10.32,-0.32,-0.9));
#9298 = VECTOR('',#9299,1.);
#9299 = DIRECTION('',(0.,0.,1.));
#9300 = ORIENTED_EDGE('',*,*,#8329,.T.);
#9301 = ORIENTED_EDGE('',*,*,#9270,.T.);
#9302 = ORIENTED_EDGE('',*,*,#9303,.F.);
#9303 = EDGE_CURVE('',#9294,#9271,#9304,.T.);
#9304 = LINE('',#9305,#9306);
#9305 = CARTESIAN_POINT('',(10.32,-0.32,6.3));
#9306 = VECTOR('',#9307,1.);
#9307 = DIRECTION('',(-1.,1.224646799147E-16,0.));
#9308 = PLANE('',#9309);
#9309 = AXIS2_PLACEMENT_3D('',#9310,#9311,#9312);
#9310 = CARTESIAN_POINT('',(10.32,-0.32,-0.9));
#9311 = DIRECTION('',(1.224646799147E-16,1.,0.));
#9312 = DIRECTION('',(0.,-0.,1.));
#9313 = ADVANCED_FACE('',(#9314),#9325,.F.);
#9314 = FACE_BOUND('',#9315,.F.);
#9315 = EDGE_LOOP('',(#9316,#9317,#9318,#9324));
#9316 = ORIENTED_EDGE('',*,*,#8321,.T.);
#9317 = ORIENTED_EDGE('',*,*,#9293,.T.);
#9318 = ORIENTED_EDGE('',*,*,#9319,.T.);
#9319 = EDGE_CURVE('',#9294,#9239,#9320,.T.);
#9320 = LINE('',#9321,#9322);
#9321 = CARTESIAN_POINT('',(10.32,-0.32,6.3));
#9322 = VECTOR('',#9323,1.);
#9323 = DIRECTION('',(1.224646799147E-16,1.,0.));
#9324 = ORIENTED_EDGE('',*,*,#9238,.T.);
#9325 = PLANE('',#9326);
#9326 = AXIS2_PLACEMENT_3D('',#9327,#9328,#9329);
#9327 = CARTESIAN_POINT('',(10.32,3.65940088399E-02,1.522832428212));
#9328 = DIRECTION('',(-1.,1.224646799147E-16,0.));
#9329 = DIRECTION('',(0.,0.,1.));
#9330 = ADVANCED_FACE('',(#9331),#9356,.T.);
#9331 = FACE_BOUND('',#9332,.T.);
#9332 = EDGE_LOOP('',(#9333,#9334,#9342,#9350));
#9333 = ORIENTED_EDGE('',*,*,#8345,.T.);
#9334 = ORIENTED_EDGE('',*,*,#9335,.T.);
#9335 = EDGE_CURVE('',#8348,#9336,#9338,.T.);
#9336 = VERTEX_POINT('',#9337);
#9337 = CARTESIAN_POINT('',(-0.32,-0.32,6.3));
#9338 = LINE('',#9339,#9340);
#9339 = CARTESIAN_POINT('',(-0.32,-0.32,-0.9));
#9340 = VECTOR('',#9341,1.);
#9341 = DIRECTION('',(0.,0.,1.));
#9342 = ORIENTED_EDGE('',*,*,#9343,.T.);
#9343 = EDGE_CURVE('',#9336,#9344,#9346,.T.);
#9344 = VERTEX_POINT('',#9345);
#9345 = CARTESIAN_POINT('',(-0.32,0.32,6.3));
#9346 = LINE('',#9347,#9348);
#9347 = CARTESIAN_POINT('',(-0.32,-0.32,6.3));
#9348 = VECTOR('',#9349,1.);
#9349 = DIRECTION('',(1.224646799147E-16,1.,0.));
#9350 = ORIENTED_EDGE('',*,*,#9351,.T.);
#9351 = EDGE_CURVE('',#9344,#8346,#9352,.T.);
#9352 = LINE('',#9353,#9354);
#9353 = CARTESIAN_POINT('',(-0.32,0.32,6.5));
#9354 = VECTOR('',#9355,1.);
#9355 = DIRECTION('',(-0.,0.,-1.));
#9356 = PLANE('',#9357);
#9357 = AXIS2_PLACEMENT_3D('',#9358,#9359,#9360);
#9358 = CARTESIAN_POINT('',(-0.32,3.65940088399E-02,1.522832428212));
#9359 = DIRECTION('',(-1.,1.224646799147E-16,0.));
#9360 = DIRECTION('',(0.,0.,1.));
#9361 = ADVANCED_FACE('',(#9362),#9380,.F.);
#9362 = FACE_BOUND('',#9363,.F.);
#9363 = EDGE_LOOP('',(#9364,#9372,#9373,#9374));
#9364 = ORIENTED_EDGE('',*,*,#9365,.F.);
#9365 = EDGE_CURVE('',#8364,#9366,#9368,.T.);
#9366 = VERTEX_POINT('',#9367);
#9367 = CARTESIAN_POINT('',(0.32,-0.32,6.3));
#9368 = LINE('',#9369,#9370);
#9369 = CARTESIAN_POINT('',(0.32,-0.32,-0.9));
#9370 = VECTOR('',#9371,1.);
#9371 = DIRECTION('',(0.,0.,1.));
#9372 = ORIENTED_EDGE('',*,*,#8371,.T.);
#9373 = ORIENTED_EDGE('',*,*,#9335,.T.);
#9374 = ORIENTED_EDGE('',*,*,#9375,.F.);
#9375 = EDGE_CURVE('',#9366,#9336,#9376,.T.);
#9376 = LINE('',#9377,#9378);
#9377 = CARTESIAN_POINT('',(0.32,-0.32,6.3));
#9378 = VECTOR('',#9379,1.);
#9379 = DIRECTION('',(-1.,1.224646799147E-16,0.));
#9380 = PLANE('',#9381);
#9381 = AXIS2_PLACEMENT_3D('',#9382,#9383,#9384);
#9382 = CARTESIAN_POINT('',(0.32,-0.32,-0.9));
#9383 = DIRECTION('',(1.224646799147E-16,1.,0.));
#9384 = DIRECTION('',(0.,-0.,1.));
#9385 = ADVANCED_FACE('',(#9386),#9404,.F.);
#9386 = FACE_BOUND('',#9387,.F.);
#9387 = EDGE_LOOP('',(#9388,#9389,#9390,#9398));
#9388 = ORIENTED_EDGE('',*,*,#8363,.T.);
#9389 = ORIENTED_EDGE('',*,*,#9365,.T.);
#9390 = ORIENTED_EDGE('',*,*,#9391,.T.);
#9391 = EDGE_CURVE('',#9366,#9392,#9394,.T.);
#9392 = VERTEX_POINT('',#9393);
#9393 = CARTESIAN_POINT('',(0.32,0.32,6.3));
#9394 = LINE('',#9395,#9396);
#9395 = CARTESIAN_POINT('',(0.32,-0.32,6.3));
#9396 = VECTOR('',#9397,1.);
#9397 = DIRECTION('',(1.224646799147E-16,1.,0.));
#9398 = ORIENTED_EDGE('',*,*,#9399,.T.);
#9399 = EDGE_CURVE('',#9392,#8356,#9400,.T.);
#9400 = LINE('',#9401,#9402);
#9401 = CARTESIAN_POINT('',(0.32,0.32,6.5));
#9402 = VECTOR('',#9403,1.);
#9403 = DIRECTION('',(-0.,0.,-1.));
#9404 = PLANE('',#9405);
#9405 = AXIS2_PLACEMENT_3D('',#9406,#9407,#9408);
#9406 = CARTESIAN_POINT('',(0.32,3.65940088399E-02,1.522832428212));
#9407 = DIRECTION('',(-1.,1.224646799147E-16,0.));
#9408 = DIRECTION('',(0.,0.,1.));
#9409 = ADVANCED_FACE('',(#9410),#9421,.F.);
#9410 = FACE_BOUND('',#9411,.F.);
#9411 = EDGE_LOOP('',(#9412,#9413,#9419,#9420));
#9412 = ORIENTED_EDGE('',*,*,#9399,.F.);
#9413 = ORIENTED_EDGE('',*,*,#9414,.T.);
#9414 = EDGE_CURVE('',#9392,#9344,#9415,.T.);
#9415 = LINE('',#9416,#9417);
#9416 = CARTESIAN_POINT('',(0.32,0.32,6.3));
#9417 = VECTOR('',#9418,1.);
#9418 = DIRECTION('',(-1.,1.224646799147E-16,0.));
#9419 = ORIENTED_EDGE('',*,*,#9351,.T.);
#9420 = ORIENTED_EDGE('',*,*,#8355,.T.);
#9421 = PLANE('',#9422);
#9422 = AXIS2_PLACEMENT_3D('',#9423,#9424,#9425);
#9423 = CARTESIAN_POINT('',(0.32,0.32,6.5));
#9424 = DIRECTION('',(-1.224646799147E-16,-1.,0.));
#9425 = DIRECTION('',(-0.,0.,-1.));
#9426 = ADVANCED_FACE('',(#9427),#9484,.T.);
#9427 = FACE_BOUND('',#9428,.T.);
#9428 = EDGE_LOOP('',(#9429,#9439,#9447,#9455,#9461,#9462,#9470,#9478));
#9429 = ORIENTED_EDGE('',*,*,#9430,.T.);
#9430 = EDGE_CURVE('',#9431,#9433,#9435,.T.);
#9431 = VERTEX_POINT('',#9432);
#9432 = CARTESIAN_POINT('',(-0.32,0.351578947368,-3.2));
#9433 = VERTEX_POINT('',#9434);
#9434 = CARTESIAN_POINT('',(-0.32,-0.288421052632,-3.2));
#9435 = LINE('',#9436,#9437);
#9436 = CARTESIAN_POINT('',(-0.32,0.32,-3.2));
#9437 = VECTOR('',#9438,1.);
#9438 = DIRECTION('',(-1.224646799147E-16,-1.,0.));
#9439 = ORIENTED_EDGE('',*,*,#9440,.T.);
#9440 = EDGE_CURVE('',#9433,#9441,#9443,.T.);
#9441 = VERTEX_POINT('',#9442);
#9442 = CARTESIAN_POINT('',(-0.32,-2.E-02,-1.5));
#9443 = LINE('',#9444,#9445);
#9444 = CARTESIAN_POINT('',(-0.32,-0.32,-3.4));
#9445 = VECTOR('',#9446,1.);
#9446 = DIRECTION('',(1.909990663905E-17,0.155962573473,0.987762965329)
  );
#9447 = ORIENTED_EDGE('',*,*,#9448,.T.);
#9448 = EDGE_CURVE('',#9441,#9449,#9451,.T.);
#9449 = VERTEX_POINT('',#9450);
#9450 = CARTESIAN_POINT('',(-0.32,-0.32,-0.9));
#9451 = LINE('',#9452,#9453);
#9452 = CARTESIAN_POINT('',(-0.32,-2.E-02,-1.5));
#9453 = VECTOR('',#9454,1.);
#9454 = DIRECTION('',(-5.476786982641E-17,-0.4472135955,0.894427191));
#9455 = ORIENTED_EDGE('',*,*,#9456,.T.);
#9456 = EDGE_CURVE('',#9449,#8729,#9457,.T.);
#9457 = LINE('',#9458,#9459);
#9458 = CARTESIAN_POINT('',(-0.32,-0.32,-0.9));
#9459 = VECTOR('',#9460,1.);
#9460 = DIRECTION('',(0.,0.,1.));
#9461 = ORIENTED_EDGE('',*,*,#8726,.F.);
#9462 = ORIENTED_EDGE('',*,*,#9463,.T.);
#9463 = EDGE_CURVE('',#8727,#9464,#9466,.T.);
#9464 = VERTEX_POINT('',#9465);
#9465 = CARTESIAN_POINT('',(-0.32,0.32,-0.9));
#9466 = LINE('',#9467,#9468);
#9467 = CARTESIAN_POINT('',(-0.32,0.32,6.5));
#9468 = VECTOR('',#9469,1.);
#9469 = DIRECTION('',(-0.,0.,-1.));
#9470 = ORIENTED_EDGE('',*,*,#9471,.T.);
#9471 = EDGE_CURVE('',#9464,#9472,#9474,.T.);
#9472 = VERTEX_POINT('',#9473);
#9473 = CARTESIAN_POINT('',(-0.32,0.62,-1.5));
#9474 = LINE('',#9475,#9476);
#9475 = CARTESIAN_POINT('',(-0.32,0.32,-0.9));
#9476 = VECTOR('',#9477,1.);
#9477 = DIRECTION('',(5.476786982641E-17,0.4472135955,-0.894427191));
#9478 = ORIENTED_EDGE('',*,*,#9479,.T.);
#9479 = EDGE_CURVE('',#9472,#9431,#9480,.T.);
#9480 = LINE('',#9481,#9482);
#9481 = CARTESIAN_POINT('',(-0.32,0.62,-1.5));
#9482 = VECTOR('',#9483,1.);
#9483 = DIRECTION('',(-1.909990663905E-17,-0.155962573473,
    -0.987762965329));
#9484 = PLANE('',#9485);
#9485 = AXIS2_PLACEMENT_3D('',#9486,#9487,#9488);
#9486 = CARTESIAN_POINT('',(-0.32,3.65940088399E-02,1.522832428212));
#9487 = DIRECTION('',(-1.,1.224646799147E-16,0.));
#9488 = DIRECTION('',(0.,0.,1.));
#9489 = ADVANCED_FACE('',(#9490),#9508,.F.);
#9490 = FACE_BOUND('',#9491,.F.);
#9491 = EDGE_LOOP('',(#9492,#9500,#9506,#9507));
#9492 = ORIENTED_EDGE('',*,*,#9493,.F.);
#9493 = EDGE_CURVE('',#9494,#8745,#9496,.T.);
#9494 = VERTEX_POINT('',#9495);
#9495 = CARTESIAN_POINT('',(0.32,-0.32,-0.9));
#9496 = LINE('',#9497,#9498);
#9497 = CARTESIAN_POINT('',(0.32,-0.32,-0.9));
#9498 = VECTOR('',#9499,1.);
#9499 = DIRECTION('',(0.,0.,1.));
#9500 = ORIENTED_EDGE('',*,*,#9501,.T.);
#9501 = EDGE_CURVE('',#9494,#9449,#9502,.T.);
#9502 = LINE('',#9503,#9504);
#9503 = CARTESIAN_POINT('',(0.32,-0.32,-0.9));
#9504 = VECTOR('',#9505,1.);
#9505 = DIRECTION('',(-1.,1.224646799147E-16,0.));
#9506 = ORIENTED_EDGE('',*,*,#9456,.T.);
#9507 = ORIENTED_EDGE('',*,*,#8752,.F.);
#9508 = PLANE('',#9509);
#9509 = AXIS2_PLACEMENT_3D('',#9510,#9511,#9512);
#9510 = CARTESIAN_POINT('',(0.32,-0.32,-0.9));
#9511 = DIRECTION('',(1.224646799147E-16,1.,0.));
#9512 = DIRECTION('',(0.,-0.,1.));
#9513 = ADVANCED_FACE('',(#9514),#9564,.F.);
#9514 = FACE_BOUND('',#9515,.F.);
#9515 = EDGE_LOOP('',(#9516,#9526,#9534,#9540,#9541,#9542,#9550,#9558));
#9516 = ORIENTED_EDGE('',*,*,#9517,.T.);
#9517 = EDGE_CURVE('',#9518,#9520,#9522,.T.);
#9518 = VERTEX_POINT('',#9519);
#9519 = CARTESIAN_POINT('',(0.32,0.351578947368,-3.2));
#9520 = VERTEX_POINT('',#9521);
#9521 = CARTESIAN_POINT('',(0.32,-0.288421052632,-3.2));
#9522 = LINE('',#9523,#9524);
#9523 = CARTESIAN_POINT('',(0.32,0.32,-3.2));
#9524 = VECTOR('',#9525,1.);
#9525 = DIRECTION('',(-1.224646799147E-16,-1.,0.));
#9526 = ORIENTED_EDGE('',*,*,#9527,.T.);
#9527 = EDGE_CURVE('',#9520,#9528,#9530,.T.);
#9528 = VERTEX_POINT('',#9529);
#9529 = CARTESIAN_POINT('',(0.32,-2.E-02,-1.5));
#9530 = LINE('',#9531,#9532);
#9531 = CARTESIAN_POINT('',(0.32,-0.32,-3.4));
#9532 = VECTOR('',#9533,1.);
#9533 = DIRECTION('',(1.909990663905E-17,0.155962573473,0.987762965329)
  );
#9534 = ORIENTED_EDGE('',*,*,#9535,.T.);
#9535 = EDGE_CURVE('',#9528,#9494,#9536,.T.);
#9536 = LINE('',#9537,#9538);
#9537 = CARTESIAN_POINT('',(0.32,-2.E-02,-1.5));
#9538 = VECTOR('',#9539,1.);
#9539 = DIRECTION('',(-5.476786982641E-17,-0.4472135955,0.894427191));
#9540 = ORIENTED_EDGE('',*,*,#9493,.T.);
#9541 = ORIENTED_EDGE('',*,*,#8744,.F.);
#9542 = ORIENTED_EDGE('',*,*,#9543,.T.);
#9543 = EDGE_CURVE('',#8737,#9544,#9546,.T.);
#9544 = VERTEX_POINT('',#9545);
#9545 = CARTESIAN_POINT('',(0.32,0.32,-0.9));
#9546 = LINE('',#9547,#9548);
#9547 = CARTESIAN_POINT('',(0.32,0.32,6.5));
#9548 = VECTOR('',#9549,1.);
#9549 = DIRECTION('',(-0.,0.,-1.));
#9550 = ORIENTED_EDGE('',*,*,#9551,.T.);
#9551 = EDGE_CURVE('',#9544,#9552,#9554,.T.);
#9552 = VERTEX_POINT('',#9553);
#9553 = CARTESIAN_POINT('',(0.32,0.62,-1.5));
#9554 = LINE('',#9555,#9556);
#9555 = CARTESIAN_POINT('',(0.32,0.32,-0.9));
#9556 = VECTOR('',#9557,1.);
#9557 = DIRECTION('',(5.476786982641E-17,0.4472135955,-0.894427191));
#9558 = ORIENTED_EDGE('',*,*,#9559,.T.);
#9559 = EDGE_CURVE('',#9552,#9518,#9560,.T.);
#9560 = LINE('',#9561,#9562);
#9561 = CARTESIAN_POINT('',(0.32,0.62,-1.5));
#9562 = VECTOR('',#9563,1.);
#9563 = DIRECTION('',(-1.909990663905E-17,-0.155962573473,
    -0.987762965329));
#9564 = PLANE('',#9565);
#9565 = AXIS2_PLACEMENT_3D('',#9566,#9567,#9568);
#9566 = CARTESIAN_POINT('',(0.32,3.65940088399E-02,1.522832428212));
#9567 = DIRECTION('',(-1.,1.224646799147E-16,0.));
#9568 = DIRECTION('',(0.,0.,1.));
#9569 = ADVANCED_FACE('',(#9570),#9581,.F.);
#9570 = FACE_BOUND('',#9571,.F.);
#9571 = EDGE_LOOP('',(#9572,#9573,#9574,#9575));
#9572 = ORIENTED_EDGE('',*,*,#9543,.F.);
#9573 = ORIENTED_EDGE('',*,*,#8736,.F.);
#9574 = ORIENTED_EDGE('',*,*,#9463,.T.);
#9575 = ORIENTED_EDGE('',*,*,#9576,.F.);
#9576 = EDGE_CURVE('',#9544,#9464,#9577,.T.);
#9577 = LINE('',#9578,#9579);
#9578 = CARTESIAN_POINT('',(0.32,0.32,-0.9));
#9579 = VECTOR('',#9580,1.);
#9580 = DIRECTION('',(-1.,1.224646799147E-16,0.));
#9581 = PLANE('',#9582);
#9582 = AXIS2_PLACEMENT_3D('',#9583,#9584,#9585);
#9583 = CARTESIAN_POINT('',(0.32,0.32,6.5));
#9584 = DIRECTION('',(-1.224646799147E-16,-1.,0.));
#9585 = DIRECTION('',(-0.,0.,-1.));
#9586 = ADVANCED_FACE('',(#9587),#9612,.F.);
#9587 = FACE_BOUND('',#9588,.F.);
#9588 = EDGE_LOOP('',(#9589,#9599,#9605,#9606));
#9589 = ORIENTED_EDGE('',*,*,#9590,.T.);
#9590 = EDGE_CURVE('',#9591,#9593,#9595,.T.);
#9591 = VERTEX_POINT('',#9592);
#9592 = CARTESIAN_POINT('',(2.82,0.32,-3.2));
#9593 = VERTEX_POINT('',#9594);
#9594 = CARTESIAN_POINT('',(2.82,-0.32,-3.2));
#9595 = LINE('',#9596,#9597);
#9596 = CARTESIAN_POINT('',(2.82,0.32,-3.2));
#9597 = VECTOR('',#9598,1.);
#9598 = DIRECTION('',(-1.224646799147E-16,-1.,0.));
#9599 = ORIENTED_EDGE('',*,*,#9600,.T.);
#9600 = EDGE_CURVE('',#9593,#8775,#9601,.T.);
#9601 = LINE('',#9602,#9603);
#9602 = CARTESIAN_POINT('',(2.82,-0.32,-3.4));
#9603 = VECTOR('',#9604,1.);
#9604 = DIRECTION('',(0.,0.,1.));
#9605 = ORIENTED_EDGE('',*,*,#8772,.F.);
#9606 = ORIENTED_EDGE('',*,*,#9607,.T.);
#9607 = EDGE_CURVE('',#8773,#9591,#9608,.T.);
#9608 = LINE('',#9609,#9610);
#9609 = CARTESIAN_POINT('',(2.82,0.32,6.5));
#9610 = VECTOR('',#9611,1.);
#9611 = DIRECTION('',(-0.,0.,-1.));
#9612 = PLANE('',#9613);
#9613 = AXIS2_PLACEMENT_3D('',#9614,#9615,#9616);
#9614 = CARTESIAN_POINT('',(2.82,2.669730022141E-16,1.55));
#9615 = DIRECTION('',(-1.,1.224646799147E-16,0.));
#9616 = DIRECTION('',(0.,0.,1.));
#9617 = ADVANCED_FACE('',(#9618),#9636,.F.);
#9618 = FACE_BOUND('',#9619,.F.);
#9619 = EDGE_LOOP('',(#9620,#9621,#9622,#9630));
#9620 = ORIENTED_EDGE('',*,*,#9607,.F.);
#9621 = ORIENTED_EDGE('',*,*,#8798,.F.);
#9622 = ORIENTED_EDGE('',*,*,#9623,.T.);
#9623 = EDGE_CURVE('',#8791,#9624,#9626,.T.);
#9624 = VERTEX_POINT('',#9625);
#9625 = CARTESIAN_POINT('',(2.18,0.32,-3.2));
#9626 = LINE('',#9627,#9628);
#9627 = CARTESIAN_POINT('',(2.18,0.32,6.5));
#9628 = VECTOR('',#9629,1.);
#9629 = DIRECTION('',(-0.,0.,-1.));
#9630 = ORIENTED_EDGE('',*,*,#9631,.F.);
#9631 = EDGE_CURVE('',#9591,#9624,#9632,.T.);
#9632 = LINE('',#9633,#9634);
#9633 = CARTESIAN_POINT('',(2.82,0.32,-3.2));
#9634 = VECTOR('',#9635,1.);
#9635 = DIRECTION('',(-1.,1.224646799147E-16,0.));
#9636 = PLANE('',#9637);
#9637 = AXIS2_PLACEMENT_3D('',#9638,#9639,#9640);
#9638 = CARTESIAN_POINT('',(2.82,0.32,6.5));
#9639 = DIRECTION('',(-1.224646799147E-16,-1.,0.));
#9640 = DIRECTION('',(-0.,0.,-1.));
#9641 = ADVANCED_FACE('',(#9642),#9660,.T.);
#9642 = FACE_BOUND('',#9643,.T.);
#9643 = EDGE_LOOP('',(#9644,#9652,#9658,#9659));
#9644 = ORIENTED_EDGE('',*,*,#9645,.T.);
#9645 = EDGE_CURVE('',#9624,#9646,#9648,.T.);
#9646 = VERTEX_POINT('',#9647);
#9647 = CARTESIAN_POINT('',(2.18,-0.32,-3.2));
#9648 = LINE('',#9649,#9650);
#9649 = CARTESIAN_POINT('',(2.18,0.32,-3.2));
#9650 = VECTOR('',#9651,1.);
#9651 = DIRECTION('',(-1.224646799147E-16,-1.,0.));
#9652 = ORIENTED_EDGE('',*,*,#9653,.T.);
#9653 = EDGE_CURVE('',#9646,#8783,#9654,.T.);
#9654 = LINE('',#9655,#9656);
#9655 = CARTESIAN_POINT('',(2.18,-0.32,-3.4));
#9656 = VECTOR('',#9657,1.);
#9657 = DIRECTION('',(0.,0.,1.));
#9658 = ORIENTED_EDGE('',*,*,#8790,.F.);
#9659 = ORIENTED_EDGE('',*,*,#9623,.T.);
#9660 = PLANE('',#9661);
#9661 = AXIS2_PLACEMENT_3D('',#9662,#9663,#9664);
#9662 = CARTESIAN_POINT('',(2.18,3.453503973596E-16,1.55));
#9663 = DIRECTION('',(-1.,1.224646799147E-16,0.));
#9664 = DIRECTION('',(0.,0.,1.));
#9665 = ADVANCED_FACE('',(#9666),#9677,.F.);
#9666 = FACE_BOUND('',#9667,.F.);
#9667 = EDGE_LOOP('',(#9668,#9669,#9675,#9676));
#9668 = ORIENTED_EDGE('',*,*,#9600,.F.);
#9669 = ORIENTED_EDGE('',*,*,#9670,.T.);
#9670 = EDGE_CURVE('',#9593,#9646,#9671,.T.);
#9671 = LINE('',#9672,#9673);
#9672 = CARTESIAN_POINT('',(2.82,-0.32,-3.2));
#9673 = VECTOR('',#9674,1.);
#9674 = DIRECTION('',(-1.,1.224646799147E-16,0.));
#9675 = ORIENTED_EDGE('',*,*,#9653,.T.);
#9676 = ORIENTED_EDGE('',*,*,#8782,.F.);
#9677 = PLANE('',#9678);
#9678 = AXIS2_PLACEMENT_3D('',#9679,#9680,#9681);
#9679 = CARTESIAN_POINT('',(2.82,-0.32,-3.4));
#9680 = DIRECTION('',(1.224646799147E-16,1.,0.));
#9681 = DIRECTION('',(0.,-0.,1.));
#9682 = ADVANCED_FACE('',(#9683),#9708,.F.);
#9683 = FACE_BOUND('',#9684,.F.);
#9684 = EDGE_LOOP('',(#9685,#9695,#9701,#9702));
#9685 = ORIENTED_EDGE('',*,*,#9686,.T.);
#9686 = EDGE_CURVE('',#9687,#9689,#9691,.T.);
#9687 = VERTEX_POINT('',#9688);
#9688 = CARTESIAN_POINT('',(5.32,0.32,-3.2));
#9689 = VERTEX_POINT('',#9690);
#9690 = CARTESIAN_POINT('',(5.32,-0.32,-3.2));
#9691 = LINE('',#9692,#9693);
#9692 = CARTESIAN_POINT('',(5.32,0.32,-3.2));
#9693 = VECTOR('',#9694,1.);
#9694 = DIRECTION('',(-1.224646799147E-16,-1.,0.));
#9695 = ORIENTED_EDGE('',*,*,#9696,.T.);
#9696 = EDGE_CURVE('',#9689,#8821,#9697,.T.);
#9697 = LINE('',#9698,#9699);
#9698 = CARTESIAN_POINT('',(5.32,-0.32,-3.4));
#9699 = VECTOR('',#9700,1.);
#9700 = DIRECTION('',(0.,0.,1.));
#9701 = ORIENTED_EDGE('',*,*,#8818,.F.);
#9702 = ORIENTED_EDGE('',*,*,#9703,.T.);
#9703 = EDGE_CURVE('',#8819,#9687,#9704,.T.);
#9704 = LINE('',#9705,#9706);
#9705 = CARTESIAN_POINT('',(5.32,0.32,6.5));
#9706 = VECTOR('',#9707,1.);
#9707 = DIRECTION('',(-0.,0.,-1.));
#9708 = PLANE('',#9709);
#9709 = AXIS2_PLACEMENT_3D('',#9710,#9711,#9712);
#9710 = CARTESIAN_POINT('',(5.32,-3.918869757272E-17,1.55));
#9711 = DIRECTION('',(-1.,1.224646799147E-16,0.));
#9712 = DIRECTION('',(0.,0.,1.));
#9713 = ADVANCED_FACE('',(#9714),#9732,.F.);
#9714 = FACE_BOUND('',#9715,.F.);
#9715 = EDGE_LOOP('',(#9716,#9717,#9718,#9726));
#9716 = ORIENTED_EDGE('',*,*,#9703,.F.);
#9717 = ORIENTED_EDGE('',*,*,#8844,.F.);
#9718 = ORIENTED_EDGE('',*,*,#9719,.T.);
#9719 = EDGE_CURVE('',#8837,#9720,#9722,.T.);
#9720 = VERTEX_POINT('',#9721);
#9721 = CARTESIAN_POINT('',(4.68,0.32,-3.2));
#9722 = LINE('',#9723,#9724);
#9723 = CARTESIAN_POINT('',(4.68,0.32,6.5));
#9724 = VECTOR('',#9725,1.);
#9725 = DIRECTION('',(-0.,0.,-1.));
#9726 = ORIENTED_EDGE('',*,*,#9727,.F.);
#9727 = EDGE_CURVE('',#9687,#9720,#9728,.T.);
#9728 = LINE('',#9729,#9730);
#9729 = CARTESIAN_POINT('',(5.32,0.32,-3.2));
#9730 = VECTOR('',#9731,1.);
#9731 = DIRECTION('',(-1.,1.224646799147E-16,0.));
#9732 = PLANE('',#9733);
#9733 = AXIS2_PLACEMENT_3D('',#9734,#9735,#9736);
#9734 = CARTESIAN_POINT('',(5.32,0.32,6.5));
#9735 = DIRECTION('',(-1.224646799147E-16,-1.,0.));
#9736 = DIRECTION('',(-0.,0.,-1.));
#9737 = ADVANCED_FACE('',(#9738),#9756,.T.);
#9738 = FACE_BOUND('',#9739,.T.);
#9739 = EDGE_LOOP('',(#9740,#9748,#9754,#9755));
#9740 = ORIENTED_EDGE('',*,*,#9741,.T.);
#9741 = EDGE_CURVE('',#9720,#9742,#9744,.T.);
#9742 = VERTEX_POINT('',#9743);
#9743 = CARTESIAN_POINT('',(4.68,-0.32,-3.2));
#9744 = LINE('',#9745,#9746);
#9745 = CARTESIAN_POINT('',(4.68,0.32,-3.2));
#9746 = VECTOR('',#9747,1.);
#9747 = DIRECTION('',(-1.224646799147E-16,-1.,0.));
#9748 = ORIENTED_EDGE('',*,*,#9749,.T.);
#9749 = EDGE_CURVE('',#9742,#8829,#9750,.T.);
#9750 = LINE('',#9751,#9752);
#9751 = CARTESIAN_POINT('',(4.68,-0.32,-3.4));
#9752 = VECTOR('',#9753,1.);
#9753 = DIRECTION('',(0.,0.,1.));
#9754 = ORIENTED_EDGE('',*,*,#8836,.F.);
#9755 = ORIENTED_EDGE('',*,*,#9719,.T.);
#9756 = PLANE('',#9757);
#9757 = AXIS2_PLACEMENT_3D('',#9758,#9759,#9760);
#9758 = CARTESIAN_POINT('',(4.68,3.918869757272E-17,1.55));
#9759 = DIRECTION('',(-1.,1.224646799147E-16,0.));
#9760 = DIRECTION('',(0.,0.,1.));
#9761 = ADVANCED_FACE('',(#9762),#9773,.F.);
#9762 = FACE_BOUND('',#9763,.F.);
#9763 = EDGE_LOOP('',(#9764,#9765,#9771,#9772));
#9764 = ORIENTED_EDGE('',*,*,#9696,.F.);
#9765 = ORIENTED_EDGE('',*,*,#9766,.T.);
#9766 = EDGE_CURVE('',#9689,#9742,#9767,.T.);
#9767 = LINE('',#9768,#9769);
#9768 = CARTESIAN_POINT('',(5.32,-0.32,-3.2));
#9769 = VECTOR('',#9770,1.);
#9770 = DIRECTION('',(-1.,1.224646799147E-16,0.));
#9771 = ORIENTED_EDGE('',*,*,#9749,.T.);
#9772 = ORIENTED_EDGE('',*,*,#8828,.F.);
#9773 = PLANE('',#9774);
#9774 = AXIS2_PLACEMENT_3D('',#9775,#9776,#9777);
#9775 = CARTESIAN_POINT('',(5.32,-0.32,-3.4));
#9776 = DIRECTION('',(1.224646799147E-16,1.,0.));
#9777 = DIRECTION('',(0.,-0.,1.));
#9778 = ADVANCED_FACE('',(#9779),#9804,.T.);
#9779 = FACE_BOUND('',#9780,.T.);
#9780 = EDGE_LOOP('',(#9781,#9791,#9797,#9798));
#9781 = ORIENTED_EDGE('',*,*,#9782,.T.);
#9782 = EDGE_CURVE('',#9783,#9785,#9787,.T.);
#9783 = VERTEX_POINT('',#9784);
#9784 = CARTESIAN_POINT('',(7.18,0.32,-3.2));
#9785 = VERTEX_POINT('',#9786);
#9786 = CARTESIAN_POINT('',(7.18,-0.32,-3.2));
#9787 = LINE('',#9788,#9789);
#9788 = CARTESIAN_POINT('',(7.18,0.32,-3.2));
#9789 = VECTOR('',#9790,1.);
#9790 = DIRECTION('',(-1.224646799147E-16,-1.,0.));
#9791 = ORIENTED_EDGE('',*,*,#9792,.T.);
#9792 = EDGE_CURVE('',#9785,#8867,#9793,.T.);
#9793 = LINE('',#9794,#9795);
#9794 = CARTESIAN_POINT('',(7.18,-0.32,-3.4));
#9795 = VECTOR('',#9796,1.);
#9796 = DIRECTION('',(0.,0.,1.));
#9797 = ORIENTED_EDGE('',*,*,#8864,.F.);
#9798 = ORIENTED_EDGE('',*,*,#9799,.T.);
#9799 = EDGE_CURVE('',#8865,#9783,#9800,.T.);
#9800 = LINE('',#9801,#9802);
#9801 = CARTESIAN_POINT('',(7.18,0.32,6.5));
#9802 = VECTOR('',#9803,1.);
#9803 = DIRECTION('',(-0.,0.,-1.));
#9804 = PLANE('',#9805);
#9805 = AXIS2_PLACEMENT_3D('',#9806,#9807,#9808);
#9806 = CARTESIAN_POINT('',(7.18,-2.669730022141E-16,1.55));
#9807 = DIRECTION('',(-1.,1.224646799147E-16,0.));
#9808 = DIRECTION('',(0.,0.,1.));
#9809 = ADVANCED_FACE('',(#9810),#9828,.F.);
#9810 = FACE_BOUND('',#9811,.F.);
#9811 = EDGE_LOOP('',(#9812,#9820,#9826,#9827));
#9812 = ORIENTED_EDGE('',*,*,#9813,.F.);
#9813 = EDGE_CURVE('',#9814,#8883,#9816,.T.);
#9814 = VERTEX_POINT('',#9815);
#9815 = CARTESIAN_POINT('',(7.82,-0.32,-3.2));
#9816 = LINE('',#9817,#9818);
#9817 = CARTESIAN_POINT('',(7.82,-0.32,-3.4));
#9818 = VECTOR('',#9819,1.);
#9819 = DIRECTION('',(0.,0.,1.));
#9820 = ORIENTED_EDGE('',*,*,#9821,.T.);
#9821 = EDGE_CURVE('',#9814,#9785,#9822,.T.);
#9822 = LINE('',#9823,#9824);
#9823 = CARTESIAN_POINT('',(7.82,-0.32,-3.2));
#9824 = VECTOR('',#9825,1.);
#9825 = DIRECTION('',(-1.,1.224646799147E-16,0.));
#9826 = ORIENTED_EDGE('',*,*,#9792,.T.);
#9827 = ORIENTED_EDGE('',*,*,#8890,.F.);
#9828 = PLANE('',#9829);
#9829 = AXIS2_PLACEMENT_3D('',#9830,#9831,#9832);
#9830 = CARTESIAN_POINT('',(7.82,-0.32,-3.4));
#9831 = DIRECTION('',(1.224646799147E-16,1.,0.));
#9832 = DIRECTION('',(0.,-0.,1.));
#9833 = ADVANCED_FACE('',(#9834),#9852,.F.);
#9834 = FACE_BOUND('',#9835,.F.);
#9835 = EDGE_LOOP('',(#9836,#9844,#9845,#9846));
#9836 = ORIENTED_EDGE('',*,*,#9837,.T.);
#9837 = EDGE_CURVE('',#9838,#9814,#9840,.T.);
#9838 = VERTEX_POINT('',#9839);
#9839 = CARTESIAN_POINT('',(7.82,0.32,-3.2));
#9840 = LINE('',#9841,#9842);
#9841 = CARTESIAN_POINT('',(7.82,0.32,-3.2));
#9842 = VECTOR('',#9843,1.);
#9843 = DIRECTION('',(-1.224646799147E-16,-1.,0.));
#9844 = ORIENTED_EDGE('',*,*,#9813,.T.);
#9845 = ORIENTED_EDGE('',*,*,#8882,.F.);
#9846 = ORIENTED_EDGE('',*,*,#9847,.T.);
#9847 = EDGE_CURVE('',#8875,#9838,#9848,.T.);
#9848 = LINE('',#9849,#9850);
#9849 = CARTESIAN_POINT('',(7.82,0.32,6.5));
#9850 = VECTOR('',#9851,1.);
#9851 = DIRECTION('',(-0.,0.,-1.));
#9852 = PLANE('',#9853);
#9853 = AXIS2_PLACEMENT_3D('',#9854,#9855,#9856);
#9854 = CARTESIAN_POINT('',(7.82,-3.453503973596E-16,1.55));
#9855 = DIRECTION('',(-1.,1.224646799147E-16,0.));
#9856 = DIRECTION('',(0.,0.,1.));
#9857 = ADVANCED_FACE('',(#9858),#9869,.F.);
#9858 = FACE_BOUND('',#9859,.F.);
#9859 = EDGE_LOOP('',(#9860,#9861,#9862,#9863));
#9860 = ORIENTED_EDGE('',*,*,#9847,.F.);
#9861 = ORIENTED_EDGE('',*,*,#8874,.F.);
#9862 = ORIENTED_EDGE('',*,*,#9799,.T.);
#9863 = ORIENTED_EDGE('',*,*,#9864,.F.);
#9864 = EDGE_CURVE('',#9838,#9783,#9865,.T.);
#9865 = LINE('',#9866,#9867);
#9866 = CARTESIAN_POINT('',(7.82,0.32,-3.2));
#9867 = VECTOR('',#9868,1.);
#9868 = DIRECTION('',(-1.,1.224646799147E-16,0.));
#9869 = PLANE('',#9870);
#9870 = AXIS2_PLACEMENT_3D('',#9871,#9872,#9873);
#9871 = CARTESIAN_POINT('',(7.82,0.32,6.5));
#9872 = DIRECTION('',(-1.224646799147E-16,-1.,0.));
#9873 = DIRECTION('',(-0.,0.,-1.));
#9874 = ADVANCED_FACE('',(#9875),#9900,.F.);
#9875 = FACE_BOUND('',#9876,.F.);
#9876 = EDGE_LOOP('',(#9877,#9885,#9886,#9894));
#9877 = ORIENTED_EDGE('',*,*,#9878,.F.);
#9878 = EDGE_CURVE('',#8913,#9879,#9881,.T.);
#9879 = VERTEX_POINT('',#9880);
#9880 = CARTESIAN_POINT('',(10.32,0.32,-0.9));
#9881 = LINE('',#9882,#9883);
#9882 = CARTESIAN_POINT('',(10.32,0.32,6.5));
#9883 = VECTOR('',#9884,1.);
#9884 = DIRECTION('',(-0.,0.,-1.));
#9885 = ORIENTED_EDGE('',*,*,#8910,.F.);
#9886 = ORIENTED_EDGE('',*,*,#9887,.T.);
#9887 = EDGE_CURVE('',#8911,#9888,#9890,.T.);
#9888 = VERTEX_POINT('',#9889);
#9889 = CARTESIAN_POINT('',(9.68,0.32,-0.9));
#9890 = LINE('',#9891,#9892);
#9891 = CARTESIAN_POINT('',(9.68,0.32,6.5));
#9892 = VECTOR('',#9893,1.);
#9893 = DIRECTION('',(-0.,0.,-1.));
#9894 = ORIENTED_EDGE('',*,*,#9895,.F.);
#9895 = EDGE_CURVE('',#9879,#9888,#9896,.T.);
#9896 = LINE('',#9897,#9898);
#9897 = CARTESIAN_POINT('',(10.32,0.32,-0.9));
#9898 = VECTOR('',#9899,1.);
#9899 = DIRECTION('',(-1.,1.224646799147E-16,0.));
#9900 = PLANE('',#9901);
#9901 = AXIS2_PLACEMENT_3D('',#9902,#9903,#9904);
#9902 = CARTESIAN_POINT('',(10.32,0.32,6.5));
#9903 = DIRECTION('',(-1.224646799147E-16,-1.,0.));
#9904 = DIRECTION('',(-0.,0.,-1.));
#9905 = ADVANCED_FACE('',(#9906),#9956,.T.);
#9906 = FACE_BOUND('',#9907,.T.);
#9907 = EDGE_LOOP('',(#9908,#9918,#9926,#9934,#9940,#9941,#9942,#9950));
#9908 = ORIENTED_EDGE('',*,*,#9909,.T.);
#9909 = EDGE_CURVE('',#9910,#9912,#9914,.T.);
#9910 = VERTEX_POINT('',#9911);
#9911 = CARTESIAN_POINT('',(9.68,0.351578947368,-3.2));
#9912 = VERTEX_POINT('',#9913);
#9913 = CARTESIAN_POINT('',(9.68,-0.288421052632,-3.2));
#9914 = LINE('',#9915,#9916);
#9915 = CARTESIAN_POINT('',(9.68,0.32,-3.2));
#9916 = VECTOR('',#9917,1.);
#9917 = DIRECTION('',(-1.224646799147E-16,-1.,0.));
#9918 = ORIENTED_EDGE('',*,*,#9919,.T.);
#9919 = EDGE_CURVE('',#9912,#9920,#9922,.T.);
#9920 = VERTEX_POINT('',#9921);
#9921 = CARTESIAN_POINT('',(9.68,-2.E-02,-1.5));
#9922 = LINE('',#9923,#9924);
#9923 = CARTESIAN_POINT('',(9.68,-0.32,-3.4));
#9924 = VECTOR('',#9925,1.);
#9925 = DIRECTION('',(1.909990663905E-17,0.155962573473,0.987762965329)
  );
#9926 = ORIENTED_EDGE('',*,*,#9927,.T.);
#9927 = EDGE_CURVE('',#9920,#9928,#9930,.T.);
#9928 = VERTEX_POINT('',#9929);
#9929 = CARTESIAN_POINT('',(9.68,-0.32,-0.9));
#9930 = LINE('',#9931,#9932);
#9931 = CARTESIAN_POINT('',(9.68,-2.E-02,-1.5));
#9932 = VECTOR('',#9933,1.);
#9933 = DIRECTION('',(-5.476786982641E-17,-0.4472135955,0.894427191));
#9934 = ORIENTED_EDGE('',*,*,#9935,.T.);
#9935 = EDGE_CURVE('',#9928,#8929,#9936,.T.);
#9936 = LINE('',#9937,#9938);
#9937 = CARTESIAN_POINT('',(9.68,-0.32,-0.9));
#9938 = VECTOR('',#9939,1.);
#9939 = DIRECTION('',(0.,0.,1.));
#9940 = ORIENTED_EDGE('',*,*,#8936,.F.);
#9941 = ORIENTED_EDGE('',*,*,#9887,.T.);
#9942 = ORIENTED_EDGE('',*,*,#9943,.T.);
#9943 = EDGE_CURVE('',#9888,#9944,#9946,.T.);
#9944 = VERTEX_POINT('',#9945);
#9945 = CARTESIAN_POINT('',(9.68,0.62,-1.5));
#9946 = LINE('',#9947,#9948);
#9947 = CARTESIAN_POINT('',(9.68,0.32,-0.9));
#9948 = VECTOR('',#9949,1.);
#9949 = DIRECTION('',(5.476786982641E-17,0.4472135955,-0.894427191));
#9950 = ORIENTED_EDGE('',*,*,#9951,.T.);
#9951 = EDGE_CURVE('',#9944,#9910,#9952,.T.);
#9952 = LINE('',#9953,#9954);
#9953 = CARTESIAN_POINT('',(9.68,0.62,-1.5));
#9954 = VECTOR('',#9955,1.);
#9955 = DIRECTION('',(-1.909990663905E-17,-0.155962573473,
    -0.987762965329));
#9956 = PLANE('',#9957);
#9957 = AXIS2_PLACEMENT_3D('',#9958,#9959,#9960);
#9958 = CARTESIAN_POINT('',(9.68,3.65940088399E-02,1.522832428212));
#9959 = DIRECTION('',(-1.,1.224646799147E-16,0.));
#9960 = DIRECTION('',(0.,0.,1.));
#9961 = ADVANCED_FACE('',(#9962),#9980,.F.);
#9962 = FACE_BOUND('',#9963,.F.);
#9963 = EDGE_LOOP('',(#9964,#9972,#9978,#9979));
#9964 = ORIENTED_EDGE('',*,*,#9965,.F.);
#9965 = EDGE_CURVE('',#9966,#8921,#9968,.T.);
#9966 = VERTEX_POINT('',#9967);
#9967 = CARTESIAN_POINT('',(10.32,-0.32,-0.9));
#9968 = LINE('',#9969,#9970);
#9969 = CARTESIAN_POINT('',(10.32,-0.32,-0.9));
#9970 = VECTOR('',#9971,1.);
#9971 = DIRECTION('',(0.,0.,1.));
#9972 = ORIENTED_EDGE('',*,*,#9973,.T.);
#9973 = EDGE_CURVE('',#9966,#9928,#9974,.T.);
#9974 = LINE('',#9975,#9976);
#9975 = CARTESIAN_POINT('',(10.32,-0.32,-0.9));
#9976 = VECTOR('',#9977,1.);
#9977 = DIRECTION('',(-1.,1.224646799147E-16,0.));
#9978 = ORIENTED_EDGE('',*,*,#9935,.T.);
#9979 = ORIENTED_EDGE('',*,*,#8928,.F.);
#9980 = PLANE('',#9981);
#9981 = AXIS2_PLACEMENT_3D('',#9982,#9983,#9984);
#9982 = CARTESIAN_POINT('',(10.32,-0.32,-0.9));
#9983 = DIRECTION('',(1.224646799147E-16,1.,0.));
#9984 = DIRECTION('',(0.,-0.,1.));
#9985 = ADVANCED_FACE('',(#9986),#10029,.F.);
#9986 = FACE_BOUND('',#9987,.F.);
#9987 = EDGE_LOOP('',(#9988,#9998,#10006,#10012,#10013,#10014,#10015,
    #10023));
#9988 = ORIENTED_EDGE('',*,*,#9989,.T.);
#9989 = EDGE_CURVE('',#9990,#9992,#9994,.T.);
#9990 = VERTEX_POINT('',#9991);
#9991 = CARTESIAN_POINT('',(10.32,0.351578947368,-3.2));
#9992 = VERTEX_POINT('',#9993);
#9993 = CARTESIAN_POINT('',(10.32,-0.288421052632,-3.2));
#9994 = LINE('',#9995,#9996);
#9995 = CARTESIAN_POINT('',(10.32,0.32,-3.2));
#9996 = VECTOR('',#9997,1.);
#9997 = DIRECTION('',(-1.224646799147E-16,-1.,0.));
#9998 = ORIENTED_EDGE('',*,*,#9999,.T.);
#9999 = EDGE_CURVE('',#9992,#10000,#10002,.T.);
#10000 = VERTEX_POINT('',#10001);
#10001 = CARTESIAN_POINT('',(10.32,-2.E-02,-1.5));
#10002 = LINE('',#10003,#10004);
#10003 = CARTESIAN_POINT('',(10.32,-0.32,-3.4));
#10004 = VECTOR('',#10005,1.);
#10005 = DIRECTION('',(1.909990663905E-17,0.155962573473,0.987762965329)
  );
#10006 = ORIENTED_EDGE('',*,*,#10007,.T.);
#10007 = EDGE_CURVE('',#10000,#9966,#10008,.T.);
#10008 = LINE('',#10009,#10010);
#10009 = CARTESIAN_POINT('',(10.32,-2.E-02,-1.5));
#10010 = VECTOR('',#10011,1.);
#10011 = DIRECTION('',(-5.476786982641E-17,-0.4472135955,0.894427191));
#10012 = ORIENTED_EDGE('',*,*,#9965,.T.);
#10013 = ORIENTED_EDGE('',*,*,#8920,.F.);
#10014 = ORIENTED_EDGE('',*,*,#9878,.T.);
#10015 = ORIENTED_EDGE('',*,*,#10016,.T.);
#10016 = EDGE_CURVE('',#9879,#10017,#10019,.T.);
#10017 = VERTEX_POINT('',#10018);
#10018 = CARTESIAN_POINT('',(10.32,0.62,-1.5));
#10019 = LINE('',#10020,#10021);
#10020 = CARTESIAN_POINT('',(10.32,0.32,-0.9));
#10021 = VECTOR('',#10022,1.);
#10022 = DIRECTION('',(5.476786982641E-17,0.4472135955,-0.894427191));
#10023 = ORIENTED_EDGE('',*,*,#10024,.T.);
#10024 = EDGE_CURVE('',#10017,#9990,#10025,.T.);
#10025 = LINE('',#10026,#10027);
#10026 = CARTESIAN_POINT('',(10.32,0.62,-1.5));
#10027 = VECTOR('',#10028,1.);
#10028 = DIRECTION('',(-1.909990663905E-17,-0.155962573473,
    -0.987762965329));
#10029 = PLANE('',#10030);
#10030 = AXIS2_PLACEMENT_3D('',#10031,#10032,#10033);
#10031 = CARTESIAN_POINT('',(10.32,3.65940088399E-02,1.522832428212));
#10032 = DIRECTION('',(-1.,1.224646799147E-16,0.));
#10033 = DIRECTION('',(0.,0.,1.));
#10034 = ADVANCED_FACE('',(#10035),#10060,.T.);
#10035 = FACE_BOUND('',#10036,.F.);
#10036 = EDGE_LOOP('',(#10037,#10045,#10053,#10059));
#10037 = ORIENTED_EDGE('',*,*,#10038,.T.);
#10038 = EDGE_CURVE('',#8952,#10039,#10041,.T.);
#10039 = VERTEX_POINT('',#10040);
#10040 = CARTESIAN_POINT('',(5.12,-0.12,6.5));
#10041 = LINE('',#10042,#10043);
#10042 = CARTESIAN_POINT('',(5.253333333333,-0.253333333333,
    6.366666666667));
#10043 = VECTOR('',#10044,1.);
#10044 = DIRECTION('',(-0.57735026919,0.57735026919,0.57735026919));
#10045 = ORIENTED_EDGE('',*,*,#10046,.T.);
#10046 = EDGE_CURVE('',#10039,#10047,#10049,.T.);
#10047 = VERTEX_POINT('',#10048);
#10048 = CARTESIAN_POINT('',(5.12,0.12,6.5));
#10049 = LINE('',#10050,#10051);
#10050 = CARTESIAN_POINT('',(5.12,-0.32,6.5));
#10051 = VECTOR('',#10052,1.);
#10052 = DIRECTION('',(1.224646799147E-16,1.,0.));
#10053 = ORIENTED_EDGE('',*,*,#10054,.T.);
#10054 = EDGE_CURVE('',#10047,#8960,#10055,.T.);
#10055 = LINE('',#10056,#10057);
#10056 = CARTESIAN_POINT('',(5.146666666667,0.146666666667,
    6.473333333333));
#10057 = VECTOR('',#10058,1.);
#10058 = DIRECTION('',(0.57735026919,0.57735026919,-0.57735026919));
#10059 = ORIENTED_EDGE('',*,*,#8959,.F.);
#10060 = PLANE('',#10061);
#10061 = AXIS2_PLACEMENT_3D('',#10062,#10063,#10064);
#10062 = CARTESIAN_POINT('',(5.22,-0.32,6.4));
#10063 = DIRECTION('',(0.707106781187,-8.833102285013E-17,0.707106781187
    ));
#10064 = DIRECTION('',(-1.236918052038E-16,-1.,-1.227125289097E-18));
#10065 = ADVANCED_FACE('',(#10066),#10084,.T.);
#10066 = FACE_BOUND('',#10067,.F.);
#10067 = EDGE_LOOP('',(#10068,#10069,#10077,#10083));
#10068 = ORIENTED_EDGE('',*,*,#10054,.F.);
#10069 = ORIENTED_EDGE('',*,*,#10070,.T.);
#10070 = EDGE_CURVE('',#10047,#10071,#10073,.T.);
#10071 = VERTEX_POINT('',#10072);
#10072 = CARTESIAN_POINT('',(4.88,0.12,6.5));
#10073 = LINE('',#10074,#10075);
#10074 = CARTESIAN_POINT('',(5.32,0.12,6.5));
#10075 = VECTOR('',#10076,1.);
#10076 = DIRECTION('',(-1.,1.224646799147E-16,0.));
#10077 = ORIENTED_EDGE('',*,*,#10078,.T.);
#10078 = EDGE_CURVE('',#10071,#8983,#10079,.T.);
#10079 = LINE('',#10080,#10081);
#10080 = CARTESIAN_POINT('',(4.96,4.E-02,6.58));
#10081 = VECTOR('',#10082,1.);
#10082 = DIRECTION('',(-0.57735026919,0.57735026919,-0.57735026919));
#10083 = ORIENTED_EDGE('',*,*,#8982,.F.);
#10084 = PLANE('',#10085);
#10085 = AXIS2_PLACEMENT_3D('',#10086,#10087,#10088);
#10086 = CARTESIAN_POINT('',(5.32,0.22,6.4));
#10087 = DIRECTION('',(8.833102285013E-17,0.707106781187,0.707106781187)
  );
#10088 = DIRECTION('',(1.,-1.236918052038E-16,-1.227125289097E-18));
#10089 = ADVANCED_FACE('',(#10090),#10108,.F.);
#10090 = FACE_BOUND('',#10091,.T.);
#10091 = EDGE_LOOP('',(#10092,#10100,#10106,#10107));
#10092 = ORIENTED_EDGE('',*,*,#10093,.T.);
#10093 = EDGE_CURVE('',#9007,#10094,#10096,.T.);
#10094 = VERTEX_POINT('',#10095);
#10095 = CARTESIAN_POINT('',(4.88,-0.12,6.5));
#10096 = LINE('',#10097,#10098);
#10097 = CARTESIAN_POINT('',(4.853333333333,-0.146666666667,
    6.473333333333));
#10098 = VECTOR('',#10099,1.);
#10099 = DIRECTION('',(0.57735026919,0.57735026919,0.57735026919));
#10100 = ORIENTED_EDGE('',*,*,#10101,.T.);
#10101 = EDGE_CURVE('',#10094,#10071,#10102,.T.);
#10102 = LINE('',#10103,#10104);
#10103 = CARTESIAN_POINT('',(4.88,-0.32,6.5));
#10104 = VECTOR('',#10105,1.);
#10105 = DIRECTION('',(1.224646799147E-16,1.,0.));
#10106 = ORIENTED_EDGE('',*,*,#10078,.T.);
#10107 = ORIENTED_EDGE('',*,*,#9014,.F.);
#10108 = PLANE('',#10109);
#10109 = AXIS2_PLACEMENT_3D('',#10110,#10111,#10112);
#10110 = CARTESIAN_POINT('',(4.78,-0.32,6.4));
#10111 = DIRECTION('',(0.707106781187,-8.486018839685E-17,
    -0.707106781187));
#10112 = DIRECTION('',(-1.212375546256E-16,-1.,-1.227125289196E-18));
#10113 = ADVANCED_FACE('',(#10114),#10125,.T.);
#10114 = FACE_BOUND('',#10115,.F.);
#10115 = EDGE_LOOP('',(#10116,#10117,#10118,#10119));
#10116 = ORIENTED_EDGE('',*,*,#10038,.F.);
#10117 = ORIENTED_EDGE('',*,*,#9032,.T.);
#10118 = ORIENTED_EDGE('',*,*,#10093,.T.);
#10119 = ORIENTED_EDGE('',*,*,#10120,.F.);
#10120 = EDGE_CURVE('',#10039,#10094,#10121,.T.);
#10121 = LINE('',#10122,#10123);
#10122 = CARTESIAN_POINT('',(5.32,-0.12,6.5));
#10123 = VECTOR('',#10124,1.);
#10124 = DIRECTION('',(-1.,1.224646799147E-16,0.));
#10125 = PLANE('',#10126);
#10126 = AXIS2_PLACEMENT_3D('',#10127,#10128,#10129);
#10127 = CARTESIAN_POINT('',(5.32,-0.22,6.4));
#10128 = DIRECTION('',(-8.833102285013E-17,-0.707106781187,
    0.707106781187));
#10129 = DIRECTION('',(1.,-1.236918052038E-16,1.227125289097E-18));
#10130 = ADVANCED_FACE('',(#10131),#10156,.F.);
#10131 = FACE_BOUND('',#10132,.T.);
#10132 = EDGE_LOOP('',(#10133,#10141,#10149,#10155));
#10133 = ORIENTED_EDGE('',*,*,#10134,.T.);
#10134 = EDGE_CURVE('',#9048,#10135,#10137,.T.);
#10135 = VERTEX_POINT('',#10136);
#10136 = CARTESIAN_POINT('',(7.38,-0.12,6.5));
#10137 = LINE('',#10138,#10139);
#10138 = CARTESIAN_POINT('',(7.353333333333,-0.146666666667,
    6.473333333333));
#10139 = VECTOR('',#10140,1.);
#10140 = DIRECTION('',(0.57735026919,0.57735026919,0.57735026919));
#10141 = ORIENTED_EDGE('',*,*,#10142,.T.);
#10142 = EDGE_CURVE('',#10135,#10143,#10145,.T.);
#10143 = VERTEX_POINT('',#10144);
#10144 = CARTESIAN_POINT('',(7.38,0.12,6.5));
#10145 = LINE('',#10146,#10147);
#10146 = CARTESIAN_POINT('',(7.38,-0.32,6.5));
#10147 = VECTOR('',#10148,1.);
#10148 = DIRECTION('',(1.224646799147E-16,1.,0.));
#10149 = ORIENTED_EDGE('',*,*,#10150,.T.);
#10150 = EDGE_CURVE('',#10143,#9056,#10151,.T.);
#10151 = LINE('',#10152,#10153);
#10152 = CARTESIAN_POINT('',(7.46,4.E-02,6.58));
#10153 = VECTOR('',#10154,1.);
#10154 = DIRECTION('',(-0.57735026919,0.57735026919,-0.57735026919));
#10155 = ORIENTED_EDGE('',*,*,#9055,.F.);
#10156 = PLANE('',#10157);
#10157 = AXIS2_PLACEMENT_3D('',#10158,#10159,#10160);
#10158 = CARTESIAN_POINT('',(7.28,-0.32,6.4));
#10159 = DIRECTION('',(0.707106781187,-8.486018839685E-17,
    -0.707106781187));
#10160 = DIRECTION('',(-1.212375546256E-16,-1.,-1.227125289196E-18));
#10161 = ADVANCED_FACE('',(#10162),#10180,.T.);
#10162 = FACE_BOUND('',#10163,.F.);
#10163 = EDGE_LOOP('',(#10164,#10172,#10173,#10174));
#10164 = ORIENTED_EDGE('',*,*,#10165,.F.);
#10165 = EDGE_CURVE('',#9078,#10166,#10168,.T.);
#10166 = VERTEX_POINT('',#10167);
#10167 = CARTESIAN_POINT('',(7.62,-0.12,6.5));
#10168 = LINE('',#10169,#10170);
#10169 = CARTESIAN_POINT('',(7.753333333333,-0.253333333333,
    6.366666666667));
#10170 = VECTOR('',#10171,1.);
#10171 = DIRECTION('',(-0.57735026919,0.57735026919,0.57735026919));
#10172 = ORIENTED_EDGE('',*,*,#9087,.T.);
#10173 = ORIENTED_EDGE('',*,*,#10134,.T.);
#10174 = ORIENTED_EDGE('',*,*,#10175,.F.);
#10175 = EDGE_CURVE('',#10166,#10135,#10176,.T.);
#10176 = LINE('',#10177,#10178);
#10177 = CARTESIAN_POINT('',(7.82,-0.12,6.5));
#10178 = VECTOR('',#10179,1.);
#10179 = DIRECTION('',(-1.,1.224646799147E-16,0.));
#10180 = PLANE('',#10181);
#10181 = AXIS2_PLACEMENT_3D('',#10182,#10183,#10184);
#10182 = CARTESIAN_POINT('',(7.82,-0.22,6.4));
#10183 = DIRECTION('',(-8.833102285013E-17,-0.707106781187,
    0.707106781187));
#10184 = DIRECTION('',(1.,-1.236918052038E-16,1.227125289097E-18));
#10185 = ADVANCED_FACE('',(#10186),#10204,.T.);
#10186 = FACE_BOUND('',#10187,.F.);
#10187 = EDGE_LOOP('',(#10188,#10189,#10197,#10203));
#10188 = ORIENTED_EDGE('',*,*,#10165,.T.);
#10189 = ORIENTED_EDGE('',*,*,#10190,.T.);
#10190 = EDGE_CURVE('',#10166,#10191,#10193,.T.);
#10191 = VERTEX_POINT('',#10192);
#10192 = CARTESIAN_POINT('',(7.62,0.12,6.5));
#10193 = LINE('',#10194,#10195);
#10194 = CARTESIAN_POINT('',(7.62,-0.32,6.5));
#10195 = VECTOR('',#10196,1.);
#10196 = DIRECTION('',(1.224646799147E-16,1.,0.));
#10197 = ORIENTED_EDGE('',*,*,#10198,.T.);
#10198 = EDGE_CURVE('',#10191,#9104,#10199,.T.);
#10199 = LINE('',#10200,#10201);
#10200 = CARTESIAN_POINT('',(7.646666666667,0.146666666667,
    6.473333333333));
#10201 = VECTOR('',#10202,1.);
#10202 = DIRECTION('',(0.57735026919,0.57735026919,-0.57735026919));
#10203 = ORIENTED_EDGE('',*,*,#9103,.F.);
#10204 = PLANE('',#10205);
#10205 = AXIS2_PLACEMENT_3D('',#10206,#10207,#10208);
#10206 = CARTESIAN_POINT('',(7.72,-0.32,6.4));
#10207 = DIRECTION('',(0.707106781187,-8.833102285013E-17,0.707106781187
    ));
#10208 = DIRECTION('',(-1.236918052038E-16,-1.,-1.227125289097E-18));
#10209 = ADVANCED_FACE('',(#10210),#10221,.T.);
#10210 = FACE_BOUND('',#10211,.F.);
#10211 = EDGE_LOOP('',(#10212,#10213,#10219,#10220));
#10212 = ORIENTED_EDGE('',*,*,#10198,.F.);
#10213 = ORIENTED_EDGE('',*,*,#10214,.T.);
#10214 = EDGE_CURVE('',#10191,#10143,#10215,.T.);
#10215 = LINE('',#10216,#10217);
#10216 = CARTESIAN_POINT('',(7.82,0.12,6.5));
#10217 = VECTOR('',#10218,1.);
#10218 = DIRECTION('',(-1.,1.224646799147E-16,0.));
#10219 = ORIENTED_EDGE('',*,*,#10150,.T.);
#10220 = ORIENTED_EDGE('',*,*,#9126,.F.);
#10221 = PLANE('',#10222);
#10222 = AXIS2_PLACEMENT_3D('',#10223,#10224,#10225);
#10223 = CARTESIAN_POINT('',(7.82,0.22,6.4));
#10224 = DIRECTION('',(8.833102285013E-17,0.707106781187,0.707106781187)
  );
#10225 = DIRECTION('',(1.,-1.236918052038E-16,-1.227125289097E-18));
#10226 = ADVANCED_FACE('',(#10227),#10252,.T.);
#10227 = FACE_BOUND('',#10228,.F.);
#10228 = EDGE_LOOP('',(#10229,#10237,#10245,#10251));
#10229 = ORIENTED_EDGE('',*,*,#10230,.T.);
#10230 = EDGE_CURVE('',#9144,#10231,#10233,.T.);
#10231 = VERTEX_POINT('',#10232);
#10232 = CARTESIAN_POINT('',(2.62,-0.12,6.5));
#10233 = LINE('',#10234,#10235);
#10234 = CARTESIAN_POINT('',(2.753333333333,-0.253333333333,
    6.366666666667));
#10235 = VECTOR('',#10236,1.);
#10236 = DIRECTION('',(-0.57735026919,0.57735026919,0.57735026919));
#10237 = ORIENTED_EDGE('',*,*,#10238,.T.);
#10238 = EDGE_CURVE('',#10231,#10239,#10241,.T.);
#10239 = VERTEX_POINT('',#10240);
#10240 = CARTESIAN_POINT('',(2.62,0.12,6.5));
#10241 = LINE('',#10242,#10243);
#10242 = CARTESIAN_POINT('',(2.62,-0.32,6.5));
#10243 = VECTOR('',#10244,1.);
#10244 = DIRECTION('',(1.224646799147E-16,1.,0.));
#10245 = ORIENTED_EDGE('',*,*,#10246,.T.);
#10246 = EDGE_CURVE('',#10239,#9152,#10247,.T.);
#10247 = LINE('',#10248,#10249);
#10248 = CARTESIAN_POINT('',(2.646666666667,0.146666666667,
    6.473333333333));
#10249 = VECTOR('',#10250,1.);
#10250 = DIRECTION('',(0.57735026919,0.57735026919,-0.57735026919));
#10251 = ORIENTED_EDGE('',*,*,#9151,.F.);
#10252 = PLANE('',#10253);
#10253 = AXIS2_PLACEMENT_3D('',#10254,#10255,#10256);
#10254 = CARTESIAN_POINT('',(2.72,-0.32,6.4));
#10255 = DIRECTION('',(0.707106781187,-8.833102285013E-17,0.707106781187
    ));
#10256 = DIRECTION('',(-1.236918052038E-16,-1.,-1.227125289097E-18));
#10257 = ADVANCED_FACE('',(#10258),#10276,.T.);
#10258 = FACE_BOUND('',#10259,.F.);
#10259 = EDGE_LOOP('',(#10260,#10261,#10269,#10275));
#10260 = ORIENTED_EDGE('',*,*,#10246,.F.);
#10261 = ORIENTED_EDGE('',*,*,#10262,.T.);
#10262 = EDGE_CURVE('',#10239,#10263,#10265,.T.);
#10263 = VERTEX_POINT('',#10264);
#10264 = CARTESIAN_POINT('',(2.38,0.12,6.5));
#10265 = LINE('',#10266,#10267);
#10266 = CARTESIAN_POINT('',(2.82,0.12,6.5));
#10267 = VECTOR('',#10268,1.);
#10268 = DIRECTION('',(-1.,1.224646799147E-16,0.));
#10269 = ORIENTED_EDGE('',*,*,#10270,.T.);
#10270 = EDGE_CURVE('',#10263,#9175,#10271,.T.);
#10271 = LINE('',#10272,#10273);
#10272 = CARTESIAN_POINT('',(2.46,4.E-02,6.58));
#10273 = VECTOR('',#10274,1.);
#10274 = DIRECTION('',(-0.57735026919,0.57735026919,-0.57735026919));
#10275 = ORIENTED_EDGE('',*,*,#9174,.F.);
#10276 = PLANE('',#10277);
#10277 = AXIS2_PLACEMENT_3D('',#10278,#10279,#10280);
#10278 = CARTESIAN_POINT('',(2.82,0.22,6.4));
#10279 = DIRECTION('',(8.833102285013E-17,0.707106781187,0.707106781187)
  );
#10280 = DIRECTION('',(1.,-1.236918052038E-16,-1.227125289097E-18));
#10281 = ADVANCED_FACE('',(#10282),#10300,.F.);
#10282 = FACE_BOUND('',#10283,.T.);
#10283 = EDGE_LOOP('',(#10284,#10292,#10298,#10299));
#10284 = ORIENTED_EDGE('',*,*,#10285,.T.);
#10285 = EDGE_CURVE('',#9199,#10286,#10288,.T.);
#10286 = VERTEX_POINT('',#10287);
#10287 = CARTESIAN_POINT('',(2.38,-0.12,6.5));
#10288 = LINE('',#10289,#10290);
#10289 = CARTESIAN_POINT('',(2.353333333333,-0.146666666667,
    6.473333333333));
#10290 = VECTOR('',#10291,1.);
#10291 = DIRECTION('',(0.57735026919,0.57735026919,0.57735026919));
#10292 = ORIENTED_EDGE('',*,*,#10293,.T.);
#10293 = EDGE_CURVE('',#10286,#10263,#10294,.T.);
#10294 = LINE('',#10295,#10296);
#10295 = CARTESIAN_POINT('',(2.38,-0.32,6.5));
#10296 = VECTOR('',#10297,1.);
#10297 = DIRECTION('',(1.224646799147E-16,1.,0.));
#10298 = ORIENTED_EDGE('',*,*,#10270,.T.);
#10299 = ORIENTED_EDGE('',*,*,#9206,.F.);
#10300 = PLANE('',#10301);
#10301 = AXIS2_PLACEMENT_3D('',#10302,#10303,#10304);
#10302 = CARTESIAN_POINT('',(2.28,-0.32,6.4));
#10303 = DIRECTION('',(0.707106781187,-8.486018839685E-17,
    -0.707106781187));
#10304 = DIRECTION('',(-1.212375546256E-16,-1.,-1.227125289196E-18));
#10305 = ADVANCED_FACE('',(#10306),#10317,.T.);
#10306 = FACE_BOUND('',#10307,.F.);
#10307 = EDGE_LOOP('',(#10308,#10309,#10310,#10311));
#10308 = ORIENTED_EDGE('',*,*,#10230,.F.);
#10309 = ORIENTED_EDGE('',*,*,#9224,.T.);
#10310 = ORIENTED_EDGE('',*,*,#10285,.T.);
#10311 = ORIENTED_EDGE('',*,*,#10312,.F.);
#10312 = EDGE_CURVE('',#10231,#10286,#10313,.T.);
#10313 = LINE('',#10314,#10315);
#10314 = CARTESIAN_POINT('',(2.82,-0.12,6.5));
#10315 = VECTOR('',#10316,1.);
#10316 = DIRECTION('',(-1.,1.224646799147E-16,0.));
#10317 = PLANE('',#10318);
#10318 = AXIS2_PLACEMENT_3D('',#10319,#10320,#10321);
#10319 = CARTESIAN_POINT('',(2.82,-0.22,6.4));
#10320 = DIRECTION('',(-8.833102285013E-17,-0.707106781187,
    0.707106781187));
#10321 = DIRECTION('',(1.,-1.236918052038E-16,1.227125289097E-18));
#10322 = ADVANCED_FACE('',(#10323),#10348,.T.);
#10323 = FACE_BOUND('',#10324,.F.);
#10324 = EDGE_LOOP('',(#10325,#10333,#10341,#10347));
#10325 = ORIENTED_EDGE('',*,*,#10326,.F.);
#10326 = EDGE_CURVE('',#10327,#9239,#10329,.T.);
#10327 = VERTEX_POINT('',#10328);
#10328 = CARTESIAN_POINT('',(10.12,0.12,6.5));
#10329 = LINE('',#10330,#10331);
#10330 = CARTESIAN_POINT('',(10.146666666667,0.146666666667,
    6.473333333333));
#10331 = VECTOR('',#10332,1.);
#10332 = DIRECTION('',(0.57735026919,0.57735026919,-0.57735026919));
#10333 = ORIENTED_EDGE('',*,*,#10334,.T.);
#10334 = EDGE_CURVE('',#10327,#10335,#10337,.T.);
#10335 = VERTEX_POINT('',#10336);
#10336 = CARTESIAN_POINT('',(9.88,0.12,6.5));
#10337 = LINE('',#10338,#10339);
#10338 = CARTESIAN_POINT('',(10.32,0.12,6.5));
#10339 = VECTOR('',#10340,1.);
#10340 = DIRECTION('',(-1.,1.224646799147E-16,0.));
#10341 = ORIENTED_EDGE('',*,*,#10342,.T.);
#10342 = EDGE_CURVE('',#10335,#9247,#10343,.T.);
#10343 = LINE('',#10344,#10345);
#10344 = CARTESIAN_POINT('',(9.96,4.E-02,6.58));
#10345 = VECTOR('',#10346,1.);
#10346 = DIRECTION('',(-0.57735026919,0.57735026919,-0.57735026919));
#10347 = ORIENTED_EDGE('',*,*,#9246,.F.);
#10348 = PLANE('',#10349);
#10349 = AXIS2_PLACEMENT_3D('',#10350,#10351,#10352);
#10350 = CARTESIAN_POINT('',(10.32,0.22,6.4));
#10351 = DIRECTION('',(8.833102285013E-17,0.707106781187,0.707106781187)
  );
#10352 = DIRECTION('',(1.,-1.236918052038E-16,-1.227125289097E-18));
#10353 = ADVANCED_FACE('',(#10354),#10372,.F.);
#10354 = FACE_BOUND('',#10355,.T.);
#10355 = EDGE_LOOP('',(#10356,#10364,#10370,#10371));
#10356 = ORIENTED_EDGE('',*,*,#10357,.T.);
#10357 = EDGE_CURVE('',#9271,#10358,#10360,.T.);
#10358 = VERTEX_POINT('',#10359);
#10359 = CARTESIAN_POINT('',(9.88,-0.12,6.5));
#10360 = LINE('',#10361,#10362);
#10361 = CARTESIAN_POINT('',(9.853333333333,-0.146666666667,
    6.473333333333));
#10362 = VECTOR('',#10363,1.);
#10363 = DIRECTION('',(0.57735026919,0.57735026919,0.57735026919));
#10364 = ORIENTED_EDGE('',*,*,#10365,.T.);
#10365 = EDGE_CURVE('',#10358,#10335,#10366,.T.);
#10366 = LINE('',#10367,#10368);
#10367 = CARTESIAN_POINT('',(9.88,-0.32,6.5));
#10368 = VECTOR('',#10369,1.);
#10369 = DIRECTION('',(1.224646799147E-16,1.,0.));
#10370 = ORIENTED_EDGE('',*,*,#10342,.T.);
#10371 = ORIENTED_EDGE('',*,*,#9278,.F.);
#10372 = PLANE('',#10373);
#10373 = AXIS2_PLACEMENT_3D('',#10374,#10375,#10376);
#10374 = CARTESIAN_POINT('',(9.78,-0.32,6.4));
#10375 = DIRECTION('',(0.707106781187,-8.486018839685E-17,
    -0.707106781187));
#10376 = DIRECTION('',(-1.212375546256E-16,-1.,-1.227125289196E-18));
#10377 = ADVANCED_FACE('',(#10378),#10396,.T.);
#10378 = FACE_BOUND('',#10379,.F.);
#10379 = EDGE_LOOP('',(#10380,#10388,#10389,#10390));
#10380 = ORIENTED_EDGE('',*,*,#10381,.F.);
#10381 = EDGE_CURVE('',#9294,#10382,#10384,.T.);
#10382 = VERTEX_POINT('',#10383);
#10383 = CARTESIAN_POINT('',(10.12,-0.12,6.5));
#10384 = LINE('',#10385,#10386);
#10385 = CARTESIAN_POINT('',(10.253333333333,-0.253333333333,
    6.366666666667));
#10386 = VECTOR('',#10387,1.);
#10387 = DIRECTION('',(-0.57735026919,0.57735026919,0.57735026919));
#10388 = ORIENTED_EDGE('',*,*,#9303,.T.);
#10389 = ORIENTED_EDGE('',*,*,#10357,.T.);
#10390 = ORIENTED_EDGE('',*,*,#10391,.F.);
#10391 = EDGE_CURVE('',#10382,#10358,#10392,.T.);
#10392 = LINE('',#10393,#10394);
#10393 = CARTESIAN_POINT('',(10.32,-0.12,6.5));
#10394 = VECTOR('',#10395,1.);
#10395 = DIRECTION('',(-1.,1.224646799147E-16,0.));
#10396 = PLANE('',#10397);
#10397 = AXIS2_PLACEMENT_3D('',#10398,#10399,#10400);
#10398 = CARTESIAN_POINT('',(10.32,-0.22,6.4));
#10399 = DIRECTION('',(-8.833102285013E-17,-0.707106781187,
    0.707106781187));
#10400 = DIRECTION('',(1.,-1.236918052038E-16,1.227125289097E-18));
#10401 = ADVANCED_FACE('',(#10402),#10413,.T.);
#10402 = FACE_BOUND('',#10403,.F.);
#10403 = EDGE_LOOP('',(#10404,#10405,#10411,#10412));
#10404 = ORIENTED_EDGE('',*,*,#10381,.T.);
#10405 = ORIENTED_EDGE('',*,*,#10406,.T.);
#10406 = EDGE_CURVE('',#10382,#10327,#10407,.T.);
#10407 = LINE('',#10408,#10409);
#10408 = CARTESIAN_POINT('',(10.12,-0.32,6.5));
#10409 = VECTOR('',#10410,1.);
#10410 = DIRECTION('',(1.224646799147E-16,1.,0.));
#10411 = ORIENTED_EDGE('',*,*,#10326,.T.);
#10412 = ORIENTED_EDGE('',*,*,#9319,.F.);
#10413 = PLANE('',#10414);
#10414 = AXIS2_PLACEMENT_3D('',#10415,#10416,#10417);
#10415 = CARTESIAN_POINT('',(10.22,-0.32,6.4));
#10416 = DIRECTION('',(0.707106781187,-8.833102285013E-17,0.707106781187
    ));
#10417 = DIRECTION('',(-1.236918052038E-16,-1.,-1.227125289097E-18));
#10418 = ADVANCED_FACE('',(#10419),#10444,.F.);
#10419 = FACE_BOUND('',#10420,.T.);
#10420 = EDGE_LOOP('',(#10421,#10429,#10437,#10443));
#10421 = ORIENTED_EDGE('',*,*,#10422,.T.);
#10422 = EDGE_CURVE('',#9336,#10423,#10425,.T.);
#10423 = VERTEX_POINT('',#10424);
#10424 = CARTESIAN_POINT('',(-0.12,-0.12,6.5));
#10425 = LINE('',#10426,#10427);
#10426 = CARTESIAN_POINT('',(-0.146666666667,-0.146666666667,
    6.473333333333));
#10427 = VECTOR('',#10428,1.);
#10428 = DIRECTION('',(0.57735026919,0.57735026919,0.57735026919));
#10429 = ORIENTED_EDGE('',*,*,#10430,.T.);
#10430 = EDGE_CURVE('',#10423,#10431,#10433,.T.);
#10431 = VERTEX_POINT('',#10432);
#10432 = CARTESIAN_POINT('',(-0.12,0.12,6.5));
#10433 = LINE('',#10434,#10435);
#10434 = CARTESIAN_POINT('',(-0.12,-0.32,6.5));
#10435 = VECTOR('',#10436,1.);
#10436 = DIRECTION('',(1.224646799147E-16,1.,0.));
#10437 = ORIENTED_EDGE('',*,*,#10438,.T.);
#10438 = EDGE_CURVE('',#10431,#9344,#10439,.T.);
#10439 = LINE('',#10440,#10441);
#10440 = CARTESIAN_POINT('',(-4.E-02,4.E-02,6.58));
#10441 = VECTOR('',#10442,1.);
#10442 = DIRECTION('',(-0.57735026919,0.57735026919,-0.57735026919));
#10443 = ORIENTED_EDGE('',*,*,#9343,.F.);
#10444 = PLANE('',#10445);
#10445 = AXIS2_PLACEMENT_3D('',#10446,#10447,#10448);
#10446 = CARTESIAN_POINT('',(-0.22,-0.32,6.4));
#10447 = DIRECTION('',(0.707106781187,-8.486018839685E-17,
    -0.707106781187));
#10448 = DIRECTION('',(-1.212375546256E-16,-1.,-1.227125289196E-18));
#10449 = ADVANCED_FACE('',(#10450),#10468,.T.);
#10450 = FACE_BOUND('',#10451,.F.);
#10451 = EDGE_LOOP('',(#10452,#10460,#10461,#10462));
#10452 = ORIENTED_EDGE('',*,*,#10453,.F.);
#10453 = EDGE_CURVE('',#9366,#10454,#10456,.T.);
#10454 = VERTEX_POINT('',#10455);
#10455 = CARTESIAN_POINT('',(0.12,-0.12,6.5));
#10456 = LINE('',#10457,#10458);
#10457 = CARTESIAN_POINT('',(0.253333333333,-0.253333333333,
    6.366666666667));
#10458 = VECTOR('',#10459,1.);
#10459 = DIRECTION('',(-0.57735026919,0.57735026919,0.57735026919));
#10460 = ORIENTED_EDGE('',*,*,#9375,.T.);
#10461 = ORIENTED_EDGE('',*,*,#10422,.T.);
#10462 = ORIENTED_EDGE('',*,*,#10463,.F.);
#10463 = EDGE_CURVE('',#10454,#10423,#10464,.T.);
#10464 = LINE('',#10465,#10466);
#10465 = CARTESIAN_POINT('',(0.32,-0.12,6.5));
#10466 = VECTOR('',#10467,1.);
#10467 = DIRECTION('',(-1.,1.224646799147E-16,0.));
#10468 = PLANE('',#10469);
#10469 = AXIS2_PLACEMENT_3D('',#10470,#10471,#10472);
#10470 = CARTESIAN_POINT('',(0.32,-0.22,6.4));
#10471 = DIRECTION('',(-8.833102285013E-17,-0.707106781187,
    0.707106781187));
#10472 = DIRECTION('',(1.,-1.236918052038E-16,1.227125289097E-18));
#10473 = ADVANCED_FACE('',(#10474),#10492,.T.);
#10474 = FACE_BOUND('',#10475,.F.);
#10475 = EDGE_LOOP('',(#10476,#10477,#10485,#10491));
#10476 = ORIENTED_EDGE('',*,*,#10453,.T.);
#10477 = ORIENTED_EDGE('',*,*,#10478,.T.);
#10478 = EDGE_CURVE('',#10454,#10479,#10481,.T.);
#10479 = VERTEX_POINT('',#10480);
#10480 = CARTESIAN_POINT('',(0.12,0.12,6.5));
#10481 = LINE('',#10482,#10483);
#10482 = CARTESIAN_POINT('',(0.12,-0.32,6.5));
#10483 = VECTOR('',#10484,1.);
#10484 = DIRECTION('',(1.224646799147E-16,1.,0.));
#10485 = ORIENTED_EDGE('',*,*,#10486,.T.);
#10486 = EDGE_CURVE('',#10479,#9392,#10487,.T.);
#10487 = LINE('',#10488,#10489);
#10488 = CARTESIAN_POINT('',(0.146666666667,0.146666666667,
    6.473333333333));
#10489 = VECTOR('',#10490,1.);
#10490 = DIRECTION('',(0.57735026919,0.57735026919,-0.57735026919));
#10491 = ORIENTED_EDGE('',*,*,#9391,.F.);
#10492 = PLANE('',#10493);
#10493 = AXIS2_PLACEMENT_3D('',#10494,#10495,#10496);
#10494 = CARTESIAN_POINT('',(0.22,-0.32,6.4));
#10495 = DIRECTION('',(0.707106781187,-8.833102285013E-17,0.707106781187
    ));
#10496 = DIRECTION('',(-1.236918052038E-16,-1.,-1.227125289097E-18));
#10497 = ADVANCED_FACE('',(#10498),#10509,.T.);
#10498 = FACE_BOUND('',#10499,.F.);
#10499 = EDGE_LOOP('',(#10500,#10501,#10507,#10508));
#10500 = ORIENTED_EDGE('',*,*,#10486,.F.);
#10501 = ORIENTED_EDGE('',*,*,#10502,.T.);
#10502 = EDGE_CURVE('',#10479,#10431,#10503,.T.);
#10503 = LINE('',#10504,#10505);
#10504 = CARTESIAN_POINT('',(0.32,0.12,6.5));
#10505 = VECTOR('',#10506,1.);
#10506 = DIRECTION('',(-1.,1.224646799147E-16,0.));
#10507 = ORIENTED_EDGE('',*,*,#10438,.T.);
#10508 = ORIENTED_EDGE('',*,*,#9414,.F.);
#10509 = PLANE('',#10510);
#10510 = AXIS2_PLACEMENT_3D('',#10511,#10512,#10513);
#10511 = CARTESIAN_POINT('',(0.32,0.22,6.4));
#10512 = DIRECTION('',(8.833102285013E-17,0.707106781187,0.707106781187)
  );
#10513 = DIRECTION('',(1.,-1.236918052038E-16,-1.227125289097E-18));
#10514 = ADVANCED_FACE('',(#10515),#10556,.F.);
#10515 = FACE_BOUND('',#10516,.T.);
#10516 = EDGE_LOOP('',(#10517,#10527,#10535,#10543,#10549,#10550));
#10517 = ORIENTED_EDGE('',*,*,#10518,.F.);
#10518 = EDGE_CURVE('',#10519,#10521,#10523,.T.);
#10519 = VERTEX_POINT('',#10520);
#10520 = CARTESIAN_POINT('',(-0.12,0.12,-3.4));
#10521 = VERTEX_POINT('',#10522);
#10522 = CARTESIAN_POINT('',(-0.317552593066,0.351192514695,
    -3.202447406934));
#10523 = LINE('',#10524,#10525);
#10524 = CARTESIAN_POINT('',(-0.153849098111,0.159613036666,
    -3.366150901889));
#10525 = VECTOR('',#10526,1.);
#10526 = DIRECTION('',(-0.544770019249,0.63753529491,0.544770019249));
#10527 = ORIENTED_EDGE('',*,*,#10528,.T.);
#10528 = EDGE_CURVE('',#10519,#10529,#10531,.T.);
#10529 = VERTEX_POINT('',#10530);
#10530 = CARTESIAN_POINT('',(-0.12,-0.12,-3.4));
#10531 = LINE('',#10532,#10533);
#10532 = CARTESIAN_POINT('',(-0.12,0.32,-3.4));
#10533 = VECTOR('',#10534,1.);
#10534 = DIRECTION('',(-1.224646799147E-16,-1.,0.));
#10535 = ORIENTED_EDGE('',*,*,#10536,.T.);
#10536 = EDGE_CURVE('',#10529,#10537,#10539,.T.);
#10537 = VERTEX_POINT('',#10538);
#10538 = CARTESIAN_POINT('',(-0.317552593066,-0.288807485305,
    -3.202447406934));
#10539 = LINE('',#10540,#10541);
#10540 = CARTESIAN_POINT('',(-3.848855660758E-02,-5.034896900541E-02,
    -3.481511443392));
#10541 = VECTOR('',#10542,1.);
#10542 = DIRECTION('',(-0.605209817607,-0.517148096144,0.605209817607));
#10543 = ORIENTED_EDGE('',*,*,#10544,.T.);
#10544 = EDGE_CURVE('',#10537,#9433,#10545,.T.);
#10545 = LINE('',#10546,#10547);
#10546 = CARTESIAN_POINT('',(-8.569083447332E-02,-0.325417236662,
    -3.434309165527));
#10547 = VECTOR('',#10548,1.);
#10548 = DIRECTION('',(-0.702740385383,0.110959008218,0.702740385383));
#10549 = ORIENTED_EDGE('',*,*,#9430,.F.);
#10550 = ORIENTED_EDGE('',*,*,#10551,.F.);
#10551 = EDGE_CURVE('',#10521,#9431,#10552,.T.);
#10552 = LINE('',#10553,#10554);
#10553 = CARTESIAN_POINT('',(-0.541586867305,0.386566347469,
    -2.978413132695));
#10554 = VECTOR('',#10555,1.);
#10555 = DIRECTION('',(-0.702740385383,0.110959008218,0.702740385383));
#10556 = PLANE('',#10557);
#10557 = AXIS2_PLACEMENT_3D('',#10558,#10559,#10560);
#10558 = CARTESIAN_POINT('',(-0.22,0.32,-3.3));
#10559 = DIRECTION('',(0.707106781187,-8.833102285013E-17,0.707106781187
    ));
#10560 = DIRECTION('',(1.236918052038E-16,1.,1.227125289097E-18));
#10561 = ADVANCED_FACE('',(#10562),#10587,.F.);
#10562 = FACE_BOUND('',#10563,.F.);
#10563 = EDGE_LOOP('',(#10564,#10565,#10571,#10572,#10573,#10581));
#10564 = ORIENTED_EDGE('',*,*,#9559,.F.);
#10565 = ORIENTED_EDGE('',*,*,#10566,.T.);
#10566 = EDGE_CURVE('',#9552,#9472,#10567,.T.);
#10567 = LINE('',#10568,#10569);
#10568 = CARTESIAN_POINT('',(0.32,0.62,-1.5));
#10569 = VECTOR('',#10570,1.);
#10570 = DIRECTION('',(-1.,1.224646799147E-16,0.));
#10571 = ORIENTED_EDGE('',*,*,#9479,.T.);
#10572 = ORIENTED_EDGE('',*,*,#10551,.F.);
#10573 = ORIENTED_EDGE('',*,*,#10574,.F.);
#10574 = EDGE_CURVE('',#10575,#10521,#10577,.T.);
#10575 = VERTEX_POINT('',#10576);
#10576 = CARTESIAN_POINT('',(0.317552593066,0.351192514695,
    -3.202447406934));
#10577 = LINE('',#10578,#10579);
#10578 = CARTESIAN_POINT('',(0.32,0.351192514695,-3.202447406934));
#10579 = VECTOR('',#10580,1.);
#10580 = DIRECTION('',(-1.,1.224646799147E-16,0.));
#10581 = ORIENTED_EDGE('',*,*,#10582,.T.);
#10582 = EDGE_CURVE('',#10575,#9518,#10583,.T.);
#10583 = LINE('',#10584,#10585);
#10584 = CARTESIAN_POINT('',(0.699616963064,0.411518467852,
    -2.820383036936));
#10585 = VECTOR('',#10586,1.);
#10586 = DIRECTION('',(0.702740385383,0.110959008218,0.702740385383));
#10587 = PLANE('',#10588);
#10588 = AXIS2_PLACEMENT_3D('',#10589,#10590,#10591);
#10589 = CARTESIAN_POINT('',(0.32,0.62,-1.5));
#10590 = DIRECTION('',(-1.209660753807E-16,-0.987762965329,
    0.155962573473));
#10591 = DIRECTION('',(-1.909990663905E-17,-0.155962573473,
    -0.987762965329));
#10592 = ADVANCED_FACE('',(#10593),#10599,.F.);
#10593 = FACE_BOUND('',#10594,.F.);
#10594 = EDGE_LOOP('',(#10595,#10596,#10597,#10598));
#10595 = ORIENTED_EDGE('',*,*,#9576,.T.);
#10596 = ORIENTED_EDGE('',*,*,#9471,.T.);
#10597 = ORIENTED_EDGE('',*,*,#10566,.F.);
#10598 = ORIENTED_EDGE('',*,*,#9551,.F.);
#10599 = PLANE('',#10600);
#10600 = AXIS2_PLACEMENT_3D('',#10601,#10602,#10603);
#10601 = CARTESIAN_POINT('',(0.32,0.32,-0.9));
#10602 = DIRECTION('',(-1.095357396528E-16,-0.894427191,-0.4472135955));
#10603 = DIRECTION('',(5.476786982641E-17,0.4472135955,-0.894427191));
#10604 = ADVANCED_FACE('',(#10605),#10616,.F.);
#10605 = FACE_BOUND('',#10606,.F.);
#10606 = EDGE_LOOP('',(#10607,#10613,#10614,#10615));
#10607 = ORIENTED_EDGE('',*,*,#10608,.T.);
#10608 = EDGE_CURVE('',#9528,#9441,#10609,.T.);
#10609 = LINE('',#10610,#10611);
#10610 = CARTESIAN_POINT('',(0.32,-2.E-02,-1.5));
#10611 = VECTOR('',#10612,1.);
#10612 = DIRECTION('',(-1.,1.224646799147E-16,0.));
#10613 = ORIENTED_EDGE('',*,*,#9448,.T.);
#10614 = ORIENTED_EDGE('',*,*,#9501,.F.);
#10615 = ORIENTED_EDGE('',*,*,#9535,.F.);
#10616 = PLANE('',#10617);
#10617 = AXIS2_PLACEMENT_3D('',#10618,#10619,#10620);
#10618 = CARTESIAN_POINT('',(0.32,-2.E-02,-1.5));
#10619 = DIRECTION('',(1.095357396528E-16,0.894427191,0.4472135955));
#10620 = DIRECTION('',(-5.476786982641E-17,-0.4472135955,0.894427191));
#10621 = ADVANCED_FACE('',(#10622),#10642,.F.);
#10622 = FACE_BOUND('',#10623,.F.);
#10623 = EDGE_LOOP('',(#10624,#10625,#10633,#10639,#10640,#10641));
#10624 = ORIENTED_EDGE('',*,*,#9527,.F.);
#10625 = ORIENTED_EDGE('',*,*,#10626,.F.);
#10626 = EDGE_CURVE('',#10627,#9520,#10629,.T.);
#10627 = VERTEX_POINT('',#10628);
#10628 = CARTESIAN_POINT('',(0.317552593066,-0.288807485305,
    -3.202447406934));
#10629 = LINE('',#10630,#10631);
#10630 = CARTESIAN_POINT('',(0.243720930233,-0.300465116279,
    -3.276279069767));
#10631 = VECTOR('',#10632,1.);
#10632 = DIRECTION('',(0.702740385383,0.110959008218,0.702740385383));
#10633 = ORIENTED_EDGE('',*,*,#10634,.T.);
#10634 = EDGE_CURVE('',#10627,#10537,#10635,.T.);
#10635 = LINE('',#10636,#10637);
#10636 = CARTESIAN_POINT('',(0.32,-0.288807485305,-3.202447406934));
#10637 = VECTOR('',#10638,1.);
#10638 = DIRECTION('',(-1.,1.224646799147E-16,0.));
#10639 = ORIENTED_EDGE('',*,*,#10544,.T.);
#10640 = ORIENTED_EDGE('',*,*,#9440,.T.);
#10641 = ORIENTED_EDGE('',*,*,#10608,.F.);
#10642 = PLANE('',#10643);
#10643 = AXIS2_PLACEMENT_3D('',#10644,#10645,#10646);
#10644 = CARTESIAN_POINT('',(0.32,-0.32,-3.4));
#10645 = DIRECTION('',(1.209660753807E-16,0.987762965329,-0.155962573473
    ));
#10646 = DIRECTION('',(1.909990663905E-17,0.155962573473,0.987762965329)
  );
#10647 = ADVANCED_FACE('',(#10648),#10675,.T.);
#10648 = FACE_BOUND('',#10649,.F.);
#10649 = EDGE_LOOP('',(#10650,#10658,#10666,#10672,#10673,#10674));
#10650 = ORIENTED_EDGE('',*,*,#10651,.F.);
#10651 = EDGE_CURVE('',#10652,#10575,#10654,.T.);
#10652 = VERTEX_POINT('',#10653);
#10653 = CARTESIAN_POINT('',(0.12,0.12,-3.4));
#10654 = LINE('',#10655,#10656);
#10655 = CARTESIAN_POINT('',(0.24881689775,0.270752273427,-3.27118310225
    ));
#10656 = VECTOR('',#10657,1.);
#10657 = DIRECTION('',(0.544770019249,0.63753529491,0.544770019249));
#10658 = ORIENTED_EDGE('',*,*,#10659,.T.);
#10659 = EDGE_CURVE('',#10652,#10660,#10662,.T.);
#10660 = VERTEX_POINT('',#10661);
#10661 = CARTESIAN_POINT('',(0.12,-0.12,-3.4));
#10662 = LINE('',#10663,#10664);
#10663 = CARTESIAN_POINT('',(0.12,0.32,-3.4));
#10664 = VECTOR('',#10665,1.);
#10665 = DIRECTION('',(-1.224646799147E-16,-1.,0.));
#10666 = ORIENTED_EDGE('',*,*,#10667,.T.);
#10667 = EDGE_CURVE('',#10660,#10627,#10668,.T.);
#10668 = LINE('',#10669,#10670);
#10669 = CARTESIAN_POINT('',(0.155697812072,-0.150503562587,
    -3.364302187928));
#10670 = VECTOR('',#10671,1.);
#10671 = DIRECTION('',(0.605209817607,-0.517148096144,0.605209817607));
#10672 = ORIENTED_EDGE('',*,*,#10626,.T.);
#10673 = ORIENTED_EDGE('',*,*,#9517,.F.);
#10674 = ORIENTED_EDGE('',*,*,#10582,.F.);
#10675 = PLANE('',#10676);
#10676 = AXIS2_PLACEMENT_3D('',#10677,#10678,#10679);
#10677 = CARTESIAN_POINT('',(0.22,0.32,-3.3));
#10678 = DIRECTION('',(0.707106781187,-8.486018839685E-17,
    -0.707106781187));
#10679 = DIRECTION('',(1.212375546256E-16,1.,1.227125289196E-18));
#10680 = ADVANCED_FACE('',(#10681),#10706,.T.);
#10681 = FACE_BOUND('',#10682,.F.);
#10682 = EDGE_LOOP('',(#10683,#10691,#10699,#10705));
#10683 = ORIENTED_EDGE('',*,*,#10684,.F.);
#10684 = EDGE_CURVE('',#10685,#9591,#10687,.T.);
#10685 = VERTEX_POINT('',#10686);
#10686 = CARTESIAN_POINT('',(2.62,0.12,-3.4));
#10687 = LINE('',#10688,#10689);
#10688 = CARTESIAN_POINT('',(2.753333333333,0.253333333333,
    -3.266666666667));
#10689 = VECTOR('',#10690,1.);
#10690 = DIRECTION('',(0.57735026919,0.57735026919,0.57735026919));
#10691 = ORIENTED_EDGE('',*,*,#10692,.T.);
#10692 = EDGE_CURVE('',#10685,#10693,#10695,.T.);
#10693 = VERTEX_POINT('',#10694);
#10694 = CARTESIAN_POINT('',(2.62,-0.12,-3.4));
#10695 = LINE('',#10696,#10697);
#10696 = CARTESIAN_POINT('',(2.62,0.32,-3.4));
#10697 = VECTOR('',#10698,1.);
#10698 = DIRECTION('',(-1.224646799147E-16,-1.,0.));
#10699 = ORIENTED_EDGE('',*,*,#10700,.T.);
#10700 = EDGE_CURVE('',#10693,#9593,#10701,.T.);
#10701 = LINE('',#10702,#10703);
#10702 = CARTESIAN_POINT('',(2.646666666667,-0.146666666667,
    -3.373333333333));
#10703 = VECTOR('',#10704,1.);
#10704 = DIRECTION('',(0.57735026919,-0.57735026919,0.57735026919));
#10705 = ORIENTED_EDGE('',*,*,#9590,.F.);
#10706 = PLANE('',#10707);
#10707 = AXIS2_PLACEMENT_3D('',#10708,#10709,#10710);
#10708 = CARTESIAN_POINT('',(2.72,0.32,-3.3));
#10709 = DIRECTION('',(0.707106781187,-8.486018839685E-17,
    -0.707106781187));
#10710 = DIRECTION('',(1.212375546256E-16,1.,1.227125289196E-18));
#10711 = ADVANCED_FACE('',(#10712),#10730,.T.);
#10712 = FACE_BOUND('',#10713,.T.);
#10713 = EDGE_LOOP('',(#10714,#10715,#10723,#10729));
#10714 = ORIENTED_EDGE('',*,*,#10684,.F.);
#10715 = ORIENTED_EDGE('',*,*,#10716,.T.);
#10716 = EDGE_CURVE('',#10685,#10717,#10719,.T.);
#10717 = VERTEX_POINT('',#10718);
#10718 = CARTESIAN_POINT('',(2.38,0.12,-3.4));
#10719 = LINE('',#10720,#10721);
#10720 = CARTESIAN_POINT('',(2.82,0.12,-3.4));
#10721 = VECTOR('',#10722,1.);
#10722 = DIRECTION('',(-1.,1.224646799147E-16,0.));
#10723 = ORIENTED_EDGE('',*,*,#10724,.T.);
#10724 = EDGE_CURVE('',#10717,#9624,#10725,.T.);
#10725 = LINE('',#10726,#10727);
#10726 = CARTESIAN_POINT('',(2.353333333333,0.146666666667,
    -3.373333333333));
#10727 = VECTOR('',#10728,1.);
#10728 = DIRECTION('',(-0.57735026919,0.57735026919,0.57735026919));
#10729 = ORIENTED_EDGE('',*,*,#9631,.F.);
#10730 = PLANE('',#10731);
#10731 = AXIS2_PLACEMENT_3D('',#10732,#10733,#10734);
#10732 = CARTESIAN_POINT('',(2.82,0.22,-3.3));
#10733 = DIRECTION('',(8.486018839685E-17,0.707106781187,-0.707106781187
    ));
#10734 = DIRECTION('',(-1.,1.212375546256E-16,1.227125289196E-18));
#10735 = ADVANCED_FACE('',(#10736),#10754,.F.);
#10736 = FACE_BOUND('',#10737,.T.);
#10737 = EDGE_LOOP('',(#10738,#10739,#10747,#10753));
#10738 = ORIENTED_EDGE('',*,*,#10724,.F.);
#10739 = ORIENTED_EDGE('',*,*,#10740,.T.);
#10740 = EDGE_CURVE('',#10717,#10741,#10743,.T.);
#10741 = VERTEX_POINT('',#10742);
#10742 = CARTESIAN_POINT('',(2.38,-0.12,-3.4));
#10743 = LINE('',#10744,#10745);
#10744 = CARTESIAN_POINT('',(2.38,0.32,-3.4));
#10745 = VECTOR('',#10746,1.);
#10746 = DIRECTION('',(-1.224646799147E-16,-1.,0.));
#10747 = ORIENTED_EDGE('',*,*,#10748,.T.);
#10748 = EDGE_CURVE('',#10741,#9646,#10749,.T.);
#10749 = LINE('',#10750,#10751);
#10750 = CARTESIAN_POINT('',(2.46,-4.E-02,-3.48));
#10751 = VECTOR('',#10752,1.);
#10752 = DIRECTION('',(-0.57735026919,-0.57735026919,0.57735026919));
#10753 = ORIENTED_EDGE('',*,*,#9645,.F.);
#10754 = PLANE('',#10755);
#10755 = AXIS2_PLACEMENT_3D('',#10756,#10757,#10758);
#10756 = CARTESIAN_POINT('',(2.28,0.32,-3.3));
#10757 = DIRECTION('',(0.707106781187,-8.833102285013E-17,0.707106781187
    ));
#10758 = DIRECTION('',(1.236918052038E-16,1.,1.227125289097E-18));
#10759 = ADVANCED_FACE('',(#10760),#10771,.T.);
#10760 = FACE_BOUND('',#10761,.F.);
#10761 = EDGE_LOOP('',(#10762,#10763,#10769,#10770));
#10762 = ORIENTED_EDGE('',*,*,#10700,.F.);
#10763 = ORIENTED_EDGE('',*,*,#10764,.T.);
#10764 = EDGE_CURVE('',#10693,#10741,#10765,.T.);
#10765 = LINE('',#10766,#10767);
#10766 = CARTESIAN_POINT('',(2.82,-0.12,-3.4));
#10767 = VECTOR('',#10768,1.);
#10768 = DIRECTION('',(-1.,1.224646799147E-16,0.));
#10769 = ORIENTED_EDGE('',*,*,#10748,.T.);
#10770 = ORIENTED_EDGE('',*,*,#9670,.F.);
#10771 = PLANE('',#10772);
#10772 = AXIS2_PLACEMENT_3D('',#10773,#10774,#10775);
#10773 = CARTESIAN_POINT('',(2.82,-0.22,-3.3));
#10774 = DIRECTION('',(-8.486018839685E-17,-0.707106781187,
    -0.707106781187));
#10775 = DIRECTION('',(1.,-1.212375546256E-16,1.227125289196E-18));
#10776 = ADVANCED_FACE('',(#10777),#10802,.T.);
#10777 = FACE_BOUND('',#10778,.F.);
#10778 = EDGE_LOOP('',(#10779,#10787,#10795,#10801));
#10779 = ORIENTED_EDGE('',*,*,#10780,.F.);
#10780 = EDGE_CURVE('',#10781,#9687,#10783,.T.);
#10781 = VERTEX_POINT('',#10782);
#10782 = CARTESIAN_POINT('',(5.12,0.12,-3.4));
#10783 = LINE('',#10784,#10785);
#10784 = CARTESIAN_POINT('',(5.253333333333,0.253333333333,
    -3.266666666667));
#10785 = VECTOR('',#10786,1.);
#10786 = DIRECTION('',(0.57735026919,0.57735026919,0.57735026919));
#10787 = ORIENTED_EDGE('',*,*,#10788,.T.);
#10788 = EDGE_CURVE('',#10781,#10789,#10791,.T.);
#10789 = VERTEX_POINT('',#10790);
#10790 = CARTESIAN_POINT('',(5.12,-0.12,-3.4));
#10791 = LINE('',#10792,#10793);
#10792 = CARTESIAN_POINT('',(5.12,0.32,-3.4));
#10793 = VECTOR('',#10794,1.);
#10794 = DIRECTION('',(-1.224646799147E-16,-1.,0.));
#10795 = ORIENTED_EDGE('',*,*,#10796,.T.);
#10796 = EDGE_CURVE('',#10789,#9689,#10797,.T.);
#10797 = LINE('',#10798,#10799);
#10798 = CARTESIAN_POINT('',(5.146666666667,-0.146666666667,
    -3.373333333333));
#10799 = VECTOR('',#10800,1.);
#10800 = DIRECTION('',(0.57735026919,-0.57735026919,0.57735026919));
#10801 = ORIENTED_EDGE('',*,*,#9686,.F.);
#10802 = PLANE('',#10803);
#10803 = AXIS2_PLACEMENT_3D('',#10804,#10805,#10806);
#10804 = CARTESIAN_POINT('',(5.22,0.32,-3.3));
#10805 = DIRECTION('',(0.707106781187,-8.486018839685E-17,
    -0.707106781187));
#10806 = DIRECTION('',(1.212375546256E-16,1.,1.227125289196E-18));
#10807 = ADVANCED_FACE('',(#10808),#10826,.T.);
#10808 = FACE_BOUND('',#10809,.T.);
#10809 = EDGE_LOOP('',(#10810,#10811,#10819,#10825));
#10810 = ORIENTED_EDGE('',*,*,#10780,.F.);
#10811 = ORIENTED_EDGE('',*,*,#10812,.T.);
#10812 = EDGE_CURVE('',#10781,#10813,#10815,.T.);
#10813 = VERTEX_POINT('',#10814);
#10814 = CARTESIAN_POINT('',(4.88,0.12,-3.4));
#10815 = LINE('',#10816,#10817);
#10816 = CARTESIAN_POINT('',(5.32,0.12,-3.4));
#10817 = VECTOR('',#10818,1.);
#10818 = DIRECTION('',(-1.,1.224646799147E-16,0.));
#10819 = ORIENTED_EDGE('',*,*,#10820,.T.);
#10820 = EDGE_CURVE('',#10813,#9720,#10821,.T.);
#10821 = LINE('',#10822,#10823);
#10822 = CARTESIAN_POINT('',(4.853333333333,0.146666666667,
    -3.373333333333));
#10823 = VECTOR('',#10824,1.);
#10824 = DIRECTION('',(-0.57735026919,0.57735026919,0.57735026919));
#10825 = ORIENTED_EDGE('',*,*,#9727,.F.);
#10826 = PLANE('',#10827);
#10827 = AXIS2_PLACEMENT_3D('',#10828,#10829,#10830);
#10828 = CARTESIAN_POINT('',(5.32,0.22,-3.3));
#10829 = DIRECTION('',(8.486018839685E-17,0.707106781187,-0.707106781187
    ));
#10830 = DIRECTION('',(-1.,1.212375546256E-16,1.227125289196E-18));
#10831 = ADVANCED_FACE('',(#10832),#10850,.F.);
#10832 = FACE_BOUND('',#10833,.T.);
#10833 = EDGE_LOOP('',(#10834,#10835,#10843,#10849));
#10834 = ORIENTED_EDGE('',*,*,#10820,.F.);
#10835 = ORIENTED_EDGE('',*,*,#10836,.T.);
#10836 = EDGE_CURVE('',#10813,#10837,#10839,.T.);
#10837 = VERTEX_POINT('',#10838);
#10838 = CARTESIAN_POINT('',(4.88,-0.12,-3.4));
#10839 = LINE('',#10840,#10841);
#10840 = CARTESIAN_POINT('',(4.88,0.32,-3.4));
#10841 = VECTOR('',#10842,1.);
#10842 = DIRECTION('',(-1.224646799147E-16,-1.,0.));
#10843 = ORIENTED_EDGE('',*,*,#10844,.T.);
#10844 = EDGE_CURVE('',#10837,#9742,#10845,.T.);
#10845 = LINE('',#10846,#10847);
#10846 = CARTESIAN_POINT('',(4.96,-4.E-02,-3.48));
#10847 = VECTOR('',#10848,1.);
#10848 = DIRECTION('',(-0.57735026919,-0.57735026919,0.57735026919));
#10849 = ORIENTED_EDGE('',*,*,#9741,.F.);
#10850 = PLANE('',#10851);
#10851 = AXIS2_PLACEMENT_3D('',#10852,#10853,#10854);
#10852 = CARTESIAN_POINT('',(4.78,0.32,-3.3));
#10853 = DIRECTION('',(0.707106781187,-8.833102285013E-17,0.707106781187
    ));
#10854 = DIRECTION('',(1.236918052038E-16,1.,1.227125289097E-18));
#10855 = ADVANCED_FACE('',(#10856),#10867,.T.);
#10856 = FACE_BOUND('',#10857,.F.);
#10857 = EDGE_LOOP('',(#10858,#10859,#10865,#10866));
#10858 = ORIENTED_EDGE('',*,*,#10796,.F.);
#10859 = ORIENTED_EDGE('',*,*,#10860,.T.);
#10860 = EDGE_CURVE('',#10789,#10837,#10861,.T.);
#10861 = LINE('',#10862,#10863);
#10862 = CARTESIAN_POINT('',(5.32,-0.12,-3.4));
#10863 = VECTOR('',#10864,1.);
#10864 = DIRECTION('',(-1.,1.224646799147E-16,0.));
#10865 = ORIENTED_EDGE('',*,*,#10844,.T.);
#10866 = ORIENTED_EDGE('',*,*,#9766,.F.);
#10867 = PLANE('',#10868);
#10868 = AXIS2_PLACEMENT_3D('',#10869,#10870,#10871);
#10869 = CARTESIAN_POINT('',(5.32,-0.22,-3.3));
#10870 = DIRECTION('',(-8.486018839685E-17,-0.707106781187,
    -0.707106781187));
#10871 = DIRECTION('',(1.,-1.212375546256E-16,1.227125289196E-18));
#10872 = ADVANCED_FACE('',(#10873),#10898,.F.);
#10873 = FACE_BOUND('',#10874,.T.);
#10874 = EDGE_LOOP('',(#10875,#10883,#10891,#10897));
#10875 = ORIENTED_EDGE('',*,*,#10876,.F.);
#10876 = EDGE_CURVE('',#10877,#9783,#10879,.T.);
#10877 = VERTEX_POINT('',#10878);
#10878 = CARTESIAN_POINT('',(7.38,0.12,-3.4));
#10879 = LINE('',#10880,#10881);
#10880 = CARTESIAN_POINT('',(7.353333333333,0.146666666667,
    -3.373333333333));
#10881 = VECTOR('',#10882,1.);
#10882 = DIRECTION('',(-0.57735026919,0.57735026919,0.57735026919));
#10883 = ORIENTED_EDGE('',*,*,#10884,.T.);
#10884 = EDGE_CURVE('',#10877,#10885,#10887,.T.);
#10885 = VERTEX_POINT('',#10886);
#10886 = CARTESIAN_POINT('',(7.38,-0.12,-3.4));
#10887 = LINE('',#10888,#10889);
#10888 = CARTESIAN_POINT('',(7.38,0.32,-3.4));
#10889 = VECTOR('',#10890,1.);
#10890 = DIRECTION('',(-1.224646799147E-16,-1.,0.));
#10891 = ORIENTED_EDGE('',*,*,#10892,.T.);
#10892 = EDGE_CURVE('',#10885,#9785,#10893,.T.);
#10893 = LINE('',#10894,#10895);
#10894 = CARTESIAN_POINT('',(7.46,-4.E-02,-3.48));
#10895 = VECTOR('',#10896,1.);
#10896 = DIRECTION('',(-0.57735026919,-0.57735026919,0.57735026919));
#10897 = ORIENTED_EDGE('',*,*,#9782,.F.);
#10898 = PLANE('',#10899);
#10899 = AXIS2_PLACEMENT_3D('',#10900,#10901,#10902);
#10900 = CARTESIAN_POINT('',(7.28,0.32,-3.3));
#10901 = DIRECTION('',(0.707106781187,-8.833102285013E-17,0.707106781187
    ));
#10902 = DIRECTION('',(1.236918052038E-16,1.,1.227125289097E-18));
#10903 = ADVANCED_FACE('',(#10904),#10922,.T.);
#10904 = FACE_BOUND('',#10905,.F.);
#10905 = EDGE_LOOP('',(#10906,#10914,#10920,#10921));
#10906 = ORIENTED_EDGE('',*,*,#10907,.F.);
#10907 = EDGE_CURVE('',#10908,#9814,#10910,.T.);
#10908 = VERTEX_POINT('',#10909);
#10909 = CARTESIAN_POINT('',(7.62,-0.12,-3.4));
#10910 = LINE('',#10911,#10912);
#10911 = CARTESIAN_POINT('',(7.646666666667,-0.146666666667,
    -3.373333333333));
#10912 = VECTOR('',#10913,1.);
#10913 = DIRECTION('',(0.57735026919,-0.57735026919,0.57735026919));
#10914 = ORIENTED_EDGE('',*,*,#10915,.T.);
#10915 = EDGE_CURVE('',#10908,#10885,#10916,.T.);
#10916 = LINE('',#10917,#10918);
#10917 = CARTESIAN_POINT('',(7.82,-0.12,-3.4));
#10918 = VECTOR('',#10919,1.);
#10919 = DIRECTION('',(-1.,1.224646799147E-16,0.));
#10920 = ORIENTED_EDGE('',*,*,#10892,.T.);
#10921 = ORIENTED_EDGE('',*,*,#9821,.F.);
#10922 = PLANE('',#10923);
#10923 = AXIS2_PLACEMENT_3D('',#10924,#10925,#10926);
#10924 = CARTESIAN_POINT('',(7.82,-0.22,-3.3));
#10925 = DIRECTION('',(-8.486018839685E-17,-0.707106781187,
    -0.707106781187));
#10926 = DIRECTION('',(1.,-1.212375546256E-16,1.227125289196E-18));
#10927 = ADVANCED_FACE('',(#10928),#10946,.T.);
#10928 = FACE_BOUND('',#10929,.F.);
#10929 = EDGE_LOOP('',(#10930,#10938,#10944,#10945));
#10930 = ORIENTED_EDGE('',*,*,#10931,.F.);
#10931 = EDGE_CURVE('',#10932,#9838,#10934,.T.);
#10932 = VERTEX_POINT('',#10933);
#10933 = CARTESIAN_POINT('',(7.62,0.12,-3.4));
#10934 = LINE('',#10935,#10936);
#10935 = CARTESIAN_POINT('',(7.753333333333,0.253333333333,
    -3.266666666667));
#10936 = VECTOR('',#10937,1.);
#10937 = DIRECTION('',(0.57735026919,0.57735026919,0.57735026919));
#10938 = ORIENTED_EDGE('',*,*,#10939,.T.);
#10939 = EDGE_CURVE('',#10932,#10908,#10940,.T.);
#10940 = LINE('',#10941,#10942);
#10941 = CARTESIAN_POINT('',(7.62,0.32,-3.4));
#10942 = VECTOR('',#10943,1.);
#10943 = DIRECTION('',(-1.224646799147E-16,-1.,0.));
#10944 = ORIENTED_EDGE('',*,*,#10907,.T.);
#10945 = ORIENTED_EDGE('',*,*,#9837,.F.);
#10946 = PLANE('',#10947);
#10947 = AXIS2_PLACEMENT_3D('',#10948,#10949,#10950);
#10948 = CARTESIAN_POINT('',(7.72,0.32,-3.3));
#10949 = DIRECTION('',(0.707106781187,-8.486018839685E-17,
    -0.707106781187));
#10950 = DIRECTION('',(1.212375546256E-16,1.,1.227125289196E-18));
#10951 = ADVANCED_FACE('',(#10952),#10963,.T.);
#10952 = FACE_BOUND('',#10953,.T.);
#10953 = EDGE_LOOP('',(#10954,#10955,#10961,#10962));
#10954 = ORIENTED_EDGE('',*,*,#10931,.F.);
#10955 = ORIENTED_EDGE('',*,*,#10956,.T.);
#10956 = EDGE_CURVE('',#10932,#10877,#10957,.T.);
#10957 = LINE('',#10958,#10959);
#10958 = CARTESIAN_POINT('',(7.82,0.12,-3.4));
#10959 = VECTOR('',#10960,1.);
#10960 = DIRECTION('',(-1.,1.224646799147E-16,0.));
#10961 = ORIENTED_EDGE('',*,*,#10876,.T.);
#10962 = ORIENTED_EDGE('',*,*,#9864,.F.);
#10963 = PLANE('',#10964);
#10964 = AXIS2_PLACEMENT_3D('',#10965,#10966,#10967);
#10965 = CARTESIAN_POINT('',(7.82,0.22,-3.3));
#10966 = DIRECTION('',(8.486018839685E-17,0.707106781187,-0.707106781187
    ));
#10967 = DIRECTION('',(-1.,1.212375546256E-16,1.227125289196E-18));
#10968 = ADVANCED_FACE('',(#10969),#10980,.F.);
#10969 = FACE_BOUND('',#10970,.F.);
#10970 = EDGE_LOOP('',(#10971,#10972,#10973,#10979));
#10971 = ORIENTED_EDGE('',*,*,#9895,.T.);
#10972 = ORIENTED_EDGE('',*,*,#9943,.T.);
#10973 = ORIENTED_EDGE('',*,*,#10974,.F.);
#10974 = EDGE_CURVE('',#10017,#9944,#10975,.T.);
#10975 = LINE('',#10976,#10977);
#10976 = CARTESIAN_POINT('',(10.32,0.62,-1.5));
#10977 = VECTOR('',#10978,1.);
#10978 = DIRECTION('',(-1.,1.224646799147E-16,0.));
#10979 = ORIENTED_EDGE('',*,*,#10016,.F.);
#10980 = PLANE('',#10981);
#10981 = AXIS2_PLACEMENT_3D('',#10982,#10983,#10984);
#10982 = CARTESIAN_POINT('',(10.32,0.32,-0.9));
#10983 = DIRECTION('',(-1.095357396528E-16,-0.894427191,-0.4472135955));
#10984 = DIRECTION('',(5.476786982641E-17,0.4472135955,-0.894427191));
#10985 = ADVANCED_FACE('',(#10986),#11027,.F.);
#10986 = FACE_BOUND('',#10987,.T.);
#10987 = EDGE_LOOP('',(#10988,#10998,#11006,#11014,#11020,#11021));
#10988 = ORIENTED_EDGE('',*,*,#10989,.F.);
#10989 = EDGE_CURVE('',#10990,#10992,#10994,.T.);
#10990 = VERTEX_POINT('',#10991);
#10991 = CARTESIAN_POINT('',(9.88,0.12,-3.4));
#10992 = VERTEX_POINT('',#10993);
#10993 = CARTESIAN_POINT('',(9.682447406934,0.351192514695,
    -3.202447406934));
#10994 = LINE('',#10995,#10996);
#10995 = CARTESIAN_POINT('',(9.846150901889,0.159613036666,
    -3.366150901889));
#10996 = VECTOR('',#10997,1.);
#10997 = DIRECTION('',(-0.544770019249,0.63753529491,0.544770019249));
#10998 = ORIENTED_EDGE('',*,*,#10999,.T.);
#10999 = EDGE_CURVE('',#10990,#11000,#11002,.T.);
#11000 = VERTEX_POINT('',#11001);
#11001 = CARTESIAN_POINT('',(9.88,-0.12,-3.4));
#11002 = LINE('',#11003,#11004);
#11003 = CARTESIAN_POINT('',(9.88,0.32,-3.4));
#11004 = VECTOR('',#11005,1.);
#11005 = DIRECTION('',(-1.224646799147E-16,-1.,0.));
#11006 = ORIENTED_EDGE('',*,*,#11007,.T.);
#11007 = EDGE_CURVE('',#11000,#11008,#11010,.T.);
#11008 = VERTEX_POINT('',#11009);
#11009 = CARTESIAN_POINT('',(9.682447406934,-0.288807485305,
    -3.202447406934));
#11010 = LINE('',#11011,#11012);
#11011 = CARTESIAN_POINT('',(9.961511443392,-5.034896900541E-02,
    -3.481511443392));
#11012 = VECTOR('',#11013,1.);
#11013 = DIRECTION('',(-0.605209817607,-0.517148096144,0.605209817607));
#11014 = ORIENTED_EDGE('',*,*,#11015,.T.);
#11015 = EDGE_CURVE('',#11008,#9912,#11016,.T.);
#11016 = LINE('',#11017,#11018);
#11017 = CARTESIAN_POINT('',(9.914309165527,-0.325417236662,
    -3.434309165527));
#11018 = VECTOR('',#11019,1.);
#11019 = DIRECTION('',(-0.702740385383,0.110959008218,0.702740385383));
#11020 = ORIENTED_EDGE('',*,*,#9909,.F.);
#11021 = ORIENTED_EDGE('',*,*,#11022,.F.);
#11022 = EDGE_CURVE('',#10992,#9910,#11023,.T.);
#11023 = LINE('',#11024,#11025);
#11024 = CARTESIAN_POINT('',(9.458413132695,0.386566347469,
    -2.978413132695));
#11025 = VECTOR('',#11026,1.);
#11026 = DIRECTION('',(-0.702740385383,0.110959008218,0.702740385383));
#11027 = PLANE('',#11028);
#11028 = AXIS2_PLACEMENT_3D('',#11029,#11030,#11031);
#11029 = CARTESIAN_POINT('',(9.78,0.32,-3.3));
#11030 = DIRECTION('',(0.707106781187,-8.833102285013E-17,0.707106781187
    ));
#11031 = DIRECTION('',(1.236918052038E-16,1.,1.227125289097E-18));
#11032 = ADVANCED_FACE('',(#11033),#11053,.F.);
#11033 = FACE_BOUND('',#11034,.F.);
#11034 = EDGE_LOOP('',(#11035,#11036,#11037,#11038,#11039,#11047));
#11035 = ORIENTED_EDGE('',*,*,#10024,.F.);
#11036 = ORIENTED_EDGE('',*,*,#10974,.T.);
#11037 = ORIENTED_EDGE('',*,*,#9951,.T.);
#11038 = ORIENTED_EDGE('',*,*,#11022,.F.);
#11039 = ORIENTED_EDGE('',*,*,#11040,.F.);
#11040 = EDGE_CURVE('',#11041,#10992,#11043,.T.);
#11041 = VERTEX_POINT('',#11042);
#11042 = CARTESIAN_POINT('',(10.317552593066,0.351192514695,
    -3.202447406934));
#11043 = LINE('',#11044,#11045);
#11044 = CARTESIAN_POINT('',(10.32,0.351192514695,-3.202447406934));
#11045 = VECTOR('',#11046,1.);
#11046 = DIRECTION('',(-1.,1.224646799147E-16,0.));
#11047 = ORIENTED_EDGE('',*,*,#11048,.T.);
#11048 = EDGE_CURVE('',#11041,#9990,#11049,.T.);
#11049 = LINE('',#11050,#11051);
#11050 = CARTESIAN_POINT('',(10.699616963064,0.411518467852,
    -2.820383036936));
#11051 = VECTOR('',#11052,1.);
#11052 = DIRECTION('',(0.702740385383,0.110959008218,0.702740385383));
#11053 = PLANE('',#11054);
#11054 = AXIS2_PLACEMENT_3D('',#11055,#11056,#11057);
#11055 = CARTESIAN_POINT('',(10.32,0.62,-1.5));
#11056 = DIRECTION('',(-1.209660753807E-16,-0.987762965329,
    0.155962573473));
#11057 = DIRECTION('',(-1.909990663905E-17,-0.155962573473,
    -0.987762965329));
#11058 = ADVANCED_FACE('',(#11059),#11070,.F.);
#11059 = FACE_BOUND('',#11060,.F.);
#11060 = EDGE_LOOP('',(#11061,#11067,#11068,#11069));
#11061 = ORIENTED_EDGE('',*,*,#11062,.T.);
#11062 = EDGE_CURVE('',#10000,#9920,#11063,.T.);
#11063 = LINE('',#11064,#11065);
#11064 = CARTESIAN_POINT('',(10.32,-2.E-02,-1.5));
#11065 = VECTOR('',#11066,1.);
#11066 = DIRECTION('',(-1.,1.224646799147E-16,0.));
#11067 = ORIENTED_EDGE('',*,*,#9927,.T.);
#11068 = ORIENTED_EDGE('',*,*,#9973,.F.);
#11069 = ORIENTED_EDGE('',*,*,#10007,.F.);
#11070 = PLANE('',#11071);
#11071 = AXIS2_PLACEMENT_3D('',#11072,#11073,#11074);
#11072 = CARTESIAN_POINT('',(10.32,-2.E-02,-1.5));
#11073 = DIRECTION('',(1.095357396528E-16,0.894427191,0.4472135955));
#11074 = DIRECTION('',(-5.476786982641E-17,-0.4472135955,0.894427191));
#11075 = ADVANCED_FACE('',(#11076),#11096,.F.);
#11076 = FACE_BOUND('',#11077,.F.);
#11077 = EDGE_LOOP('',(#11078,#11079,#11087,#11093,#11094,#11095));
#11078 = ORIENTED_EDGE('',*,*,#9999,.F.);
#11079 = ORIENTED_EDGE('',*,*,#11080,.F.);
#11080 = EDGE_CURVE('',#11081,#9992,#11083,.T.);
#11081 = VERTEX_POINT('',#11082);
#11082 = CARTESIAN_POINT('',(10.317552593066,-0.288807485305,
    -3.202447406934));
#11083 = LINE('',#11084,#11085);
#11084 = CARTESIAN_POINT('',(10.243720930233,-0.300465116279,
    -3.276279069767));
#11085 = VECTOR('',#11086,1.);
#11086 = DIRECTION('',(0.702740385383,0.110959008218,0.702740385383));
#11087 = ORIENTED_EDGE('',*,*,#11088,.T.);
#11088 = EDGE_CURVE('',#11081,#11008,#11089,.T.);
#11089 = LINE('',#11090,#11091);
#11090 = CARTESIAN_POINT('',(10.32,-0.288807485305,-3.202447406934));
#11091 = VECTOR('',#11092,1.);
#11092 = DIRECTION('',(-1.,1.224646799147E-16,0.));
#11093 = ORIENTED_EDGE('',*,*,#11015,.T.);
#11094 = ORIENTED_EDGE('',*,*,#9919,.T.);
#11095 = ORIENTED_EDGE('',*,*,#11062,.F.);
#11096 = PLANE('',#11097);
#11097 = AXIS2_PLACEMENT_3D('',#11098,#11099,#11100);
#11098 = CARTESIAN_POINT('',(10.32,-0.32,-3.4));
#11099 = DIRECTION('',(1.209660753807E-16,0.987762965329,-0.155962573473
    ));
#11100 = DIRECTION('',(1.909990663905E-17,0.155962573473,0.987762965329)
  );
#11101 = ADVANCED_FACE('',(#11102),#11129,.T.);
#11102 = FACE_BOUND('',#11103,.F.);
#11103 = EDGE_LOOP('',(#11104,#11112,#11120,#11126,#11127,#11128));
#11104 = ORIENTED_EDGE('',*,*,#11105,.F.);
#11105 = EDGE_CURVE('',#11106,#11041,#11108,.T.);
#11106 = VERTEX_POINT('',#11107);
#11107 = CARTESIAN_POINT('',(10.12,0.12,-3.4));
#11108 = LINE('',#11109,#11110);
#11109 = CARTESIAN_POINT('',(10.24881689775,0.270752273427,
    -3.27118310225));
#11110 = VECTOR('',#11111,1.);
#11111 = DIRECTION('',(0.544770019249,0.63753529491,0.544770019249));
#11112 = ORIENTED_EDGE('',*,*,#11113,.T.);
#11113 = EDGE_CURVE('',#11106,#11114,#11116,.T.);
#11114 = VERTEX_POINT('',#11115);
#11115 = CARTESIAN_POINT('',(10.12,-0.12,-3.4));
#11116 = LINE('',#11117,#11118);
#11117 = CARTESIAN_POINT('',(10.12,0.32,-3.4));
#11118 = VECTOR('',#11119,1.);
#11119 = DIRECTION('',(-1.224646799147E-16,-1.,0.));
#11120 = ORIENTED_EDGE('',*,*,#11121,.T.);
#11121 = EDGE_CURVE('',#11114,#11081,#11122,.T.);
#11122 = LINE('',#11123,#11124);
#11123 = CARTESIAN_POINT('',(10.155697812072,-0.150503562587,
    -3.364302187928));
#11124 = VECTOR('',#11125,1.);
#11125 = DIRECTION('',(0.605209817607,-0.517148096144,0.605209817607));
#11126 = ORIENTED_EDGE('',*,*,#11080,.T.);
#11127 = ORIENTED_EDGE('',*,*,#9989,.F.);
#11128 = ORIENTED_EDGE('',*,*,#11048,.F.);
#11129 = PLANE('',#11130);
#11130 = AXIS2_PLACEMENT_3D('',#11131,#11132,#11133);
#11131 = CARTESIAN_POINT('',(10.22,0.32,-3.3));
#11132 = DIRECTION('',(0.707106781187,-8.486018839685E-17,
    -0.707106781187));
#11133 = DIRECTION('',(1.212375546256E-16,1.,1.227125289196E-18));
#11134 = ADVANCED_FACE('',(#11135),#11141,.F.);
#11135 = FACE_BOUND('',#11136,.F.);
#11136 = EDGE_LOOP('',(#11137,#11138,#11139,#11140));
#11137 = ORIENTED_EDGE('',*,*,#10070,.F.);
#11138 = ORIENTED_EDGE('',*,*,#10046,.F.);
#11139 = ORIENTED_EDGE('',*,*,#10120,.T.);
#11140 = ORIENTED_EDGE('',*,*,#10101,.T.);
#11141 = PLANE('',#11142);
#11142 = AXIS2_PLACEMENT_3D('',#11143,#11144,#11145);
#11143 = CARTESIAN_POINT('',(5.32,-0.32,6.5));
#11144 = DIRECTION('',(-0.,0.,-1.));
#11145 = DIRECTION('',(1.224646799147E-16,1.,0.));
#11146 = ADVANCED_FACE('',(#11147),#11153,.F.);
#11147 = FACE_BOUND('',#11148,.F.);
#11148 = EDGE_LOOP('',(#11149,#11150,#11151,#11152));
#11149 = ORIENTED_EDGE('',*,*,#10214,.F.);
#11150 = ORIENTED_EDGE('',*,*,#10190,.F.);
#11151 = ORIENTED_EDGE('',*,*,#10175,.T.);
#11152 = ORIENTED_EDGE('',*,*,#10142,.T.);
#11153 = PLANE('',#11154);
#11154 = AXIS2_PLACEMENT_3D('',#11155,#11156,#11157);
#11155 = CARTESIAN_POINT('',(7.82,-0.32,6.5));
#11156 = DIRECTION('',(-0.,0.,-1.));
#11157 = DIRECTION('',(1.224646799147E-16,1.,0.));
#11158 = ADVANCED_FACE('',(#11159),#11165,.F.);
#11159 = FACE_BOUND('',#11160,.F.);
#11160 = EDGE_LOOP('',(#11161,#11162,#11163,#11164));
#11161 = ORIENTED_EDGE('',*,*,#10262,.F.);
#11162 = ORIENTED_EDGE('',*,*,#10238,.F.);
#11163 = ORIENTED_EDGE('',*,*,#10312,.T.);
#11164 = ORIENTED_EDGE('',*,*,#10293,.T.);
#11165 = PLANE('',#11166);
#11166 = AXIS2_PLACEMENT_3D('',#11167,#11168,#11169);
#11167 = CARTESIAN_POINT('',(2.82,-0.32,6.5));
#11168 = DIRECTION('',(-0.,0.,-1.));
#11169 = DIRECTION('',(1.224646799147E-16,1.,0.));
#11170 = ADVANCED_FACE('',(#11171),#11177,.F.);
#11171 = FACE_BOUND('',#11172,.F.);
#11172 = EDGE_LOOP('',(#11173,#11174,#11175,#11176));
#11173 = ORIENTED_EDGE('',*,*,#10391,.T.);
#11174 = ORIENTED_EDGE('',*,*,#10365,.T.);
#11175 = ORIENTED_EDGE('',*,*,#10334,.F.);
#11176 = ORIENTED_EDGE('',*,*,#10406,.F.);
#11177 = PLANE('',#11178);
#11178 = AXIS2_PLACEMENT_3D('',#11179,#11180,#11181);
#11179 = CARTESIAN_POINT('',(10.32,-0.32,6.5));
#11180 = DIRECTION('',(-0.,0.,-1.));
#11181 = DIRECTION('',(1.224646799147E-16,1.,0.));
#11182 = ADVANCED_FACE('',(#11183),#11189,.F.);
#11183 = FACE_BOUND('',#11184,.F.);
#11184 = EDGE_LOOP('',(#11185,#11186,#11187,#11188));
#11185 = ORIENTED_EDGE('',*,*,#10463,.T.);
#11186 = ORIENTED_EDGE('',*,*,#10430,.T.);
#11187 = ORIENTED_EDGE('',*,*,#10502,.F.);
#11188 = ORIENTED_EDGE('',*,*,#10478,.F.);
#11189 = PLANE('',#11190);
#11190 = AXIS2_PLACEMENT_3D('',#11191,#11192,#11193);
#11191 = CARTESIAN_POINT('',(0.32,-0.32,6.5));
#11192 = DIRECTION('',(-0.,0.,-1.));
#11193 = DIRECTION('',(1.224646799147E-16,1.,0.));
#11194 = ADVANCED_FACE('',(#11195),#11206,.T.);
#11195 = FACE_BOUND('',#11196,.T.);
#11196 = EDGE_LOOP('',(#11197,#11198,#11204,#11205));
#11197 = ORIENTED_EDGE('',*,*,#10651,.F.);
#11198 = ORIENTED_EDGE('',*,*,#11199,.T.);
#11199 = EDGE_CURVE('',#10652,#10519,#11200,.T.);
#11200 = LINE('',#11201,#11202);
#11201 = CARTESIAN_POINT('',(0.32,0.12,-3.4));
#11202 = VECTOR('',#11203,1.);
#11203 = DIRECTION('',(-1.,1.224646799147E-16,0.));
#11204 = ORIENTED_EDGE('',*,*,#10518,.T.);
#11205 = ORIENTED_EDGE('',*,*,#10574,.F.);
#11206 = PLANE('',#11207);
#11207 = AXIS2_PLACEMENT_3D('',#11208,#11209,#11210);
#11208 = CARTESIAN_POINT('',(0.32,0.235596257347,-3.301223703467));
#11209 = DIRECTION('',(8.302774088379E-17,0.64962967394,-0.760250805153)
  );
#11210 = DIRECTION('',(-1.,1.247195775152E-16,-2.638869166629E-18));
#11211 = ADVANCED_FACE('',(#11212),#11223,.F.);
#11212 = FACE_BOUND('',#11213,.F.);
#11213 = EDGE_LOOP('',(#11214,#11215,#11216,#11217));
#11214 = ORIENTED_EDGE('',*,*,#10659,.F.);
#11215 = ORIENTED_EDGE('',*,*,#11199,.T.);
#11216 = ORIENTED_EDGE('',*,*,#10528,.T.);
#11217 = ORIENTED_EDGE('',*,*,#11218,.F.);
#11218 = EDGE_CURVE('',#10660,#10529,#11219,.T.);
#11219 = LINE('',#11220,#11221);
#11220 = CARTESIAN_POINT('',(0.32,-0.12,-3.4));
#11221 = VECTOR('',#11222,1.);
#11222 = DIRECTION('',(-1.,1.224646799147E-16,0.));
#11223 = PLANE('',#11224);
#11224 = AXIS2_PLACEMENT_3D('',#11225,#11226,#11227);
#11225 = CARTESIAN_POINT('',(0.32,0.32,-3.4));
#11226 = DIRECTION('',(0.,0.,1.));
#11227 = DIRECTION('',(-1.224646799147E-16,-1.,0.));
#11228 = ADVANCED_FACE('',(#11229),#11235,.T.);
#11229 = FACE_BOUND('',#11230,.F.);
#11230 = EDGE_LOOP('',(#11231,#11232,#11233,#11234));
#11231 = ORIENTED_EDGE('',*,*,#10667,.F.);
#11232 = ORIENTED_EDGE('',*,*,#11218,.T.);
#11233 = ORIENTED_EDGE('',*,*,#10536,.T.);
#11234 = ORIENTED_EDGE('',*,*,#10634,.F.);
#11235 = PLANE('',#11236);
#11236 = AXIS2_PLACEMENT_3D('',#11237,#11238,#11239);
#11237 = CARTESIAN_POINT('',(0.32,-0.204403742653,-3.301223703467));
#11238 = DIRECTION('',(-9.310387150808E-17,-0.760250805153,
    -0.64962967394));
#11239 = DIRECTION('',(1.,-1.224646799148E-16,-5.515863360725E-29));
#11240 = ADVANCED_FACE('',(#11241),#11247,.F.);
#11241 = FACE_BOUND('',#11242,.F.);
#11242 = EDGE_LOOP('',(#11243,#11244,#11245,#11246));
#11243 = ORIENTED_EDGE('',*,*,#10716,.T.);
#11244 = ORIENTED_EDGE('',*,*,#10740,.T.);
#11245 = ORIENTED_EDGE('',*,*,#10764,.F.);
#11246 = ORIENTED_EDGE('',*,*,#10692,.F.);
#11247 = PLANE('',#11248);
#11248 = AXIS2_PLACEMENT_3D('',#11249,#11250,#11251);
#11249 = CARTESIAN_POINT('',(2.82,0.32,-3.4));
#11250 = DIRECTION('',(0.,0.,1.));
#11251 = DIRECTION('',(-1.224646799147E-16,-1.,0.));
#11252 = ADVANCED_FACE('',(#11253),#11259,.F.);
#11253 = FACE_BOUND('',#11254,.F.);
#11254 = EDGE_LOOP('',(#11255,#11256,#11257,#11258));
#11255 = ORIENTED_EDGE('',*,*,#10812,.T.);
#11256 = ORIENTED_EDGE('',*,*,#10836,.T.);
#11257 = ORIENTED_EDGE('',*,*,#10860,.F.);
#11258 = ORIENTED_EDGE('',*,*,#10788,.F.);
#11259 = PLANE('',#11260);
#11260 = AXIS2_PLACEMENT_3D('',#11261,#11262,#11263);
#11261 = CARTESIAN_POINT('',(5.32,0.32,-3.4));
#11262 = DIRECTION('',(0.,0.,1.));
#11263 = DIRECTION('',(-1.224646799147E-16,-1.,0.));
#11264 = ADVANCED_FACE('',(#11265),#11271,.F.);
#11265 = FACE_BOUND('',#11266,.F.);
#11266 = EDGE_LOOP('',(#11267,#11268,#11269,#11270));
#11267 = ORIENTED_EDGE('',*,*,#10956,.T.);
#11268 = ORIENTED_EDGE('',*,*,#10884,.T.);
#11269 = ORIENTED_EDGE('',*,*,#10915,.F.);
#11270 = ORIENTED_EDGE('',*,*,#10939,.F.);
#11271 = PLANE('',#11272);
#11272 = AXIS2_PLACEMENT_3D('',#11273,#11274,#11275);
#11273 = CARTESIAN_POINT('',(7.82,0.32,-3.4));
#11274 = DIRECTION('',(0.,0.,1.));
#11275 = DIRECTION('',(-1.224646799147E-16,-1.,0.));
#11276 = ADVANCED_FACE('',(#11277),#11288,.T.);
#11277 = FACE_BOUND('',#11278,.T.);
#11278 = EDGE_LOOP('',(#11279,#11280,#11286,#11287));
#11279 = ORIENTED_EDGE('',*,*,#11105,.F.);
#11280 = ORIENTED_EDGE('',*,*,#11281,.T.);
#11281 = EDGE_CURVE('',#11106,#10990,#11282,.T.);
#11282 = LINE('',#11283,#11284);
#11283 = CARTESIAN_POINT('',(10.32,0.12,-3.4));
#11284 = VECTOR('',#11285,1.);
#11285 = DIRECTION('',(-1.,1.224646799147E-16,0.));
#11286 = ORIENTED_EDGE('',*,*,#10989,.T.);
#11287 = ORIENTED_EDGE('',*,*,#11040,.F.);
#11288 = PLANE('',#11289);
#11289 = AXIS2_PLACEMENT_3D('',#11290,#11291,#11292);
#11290 = CARTESIAN_POINT('',(10.32,0.235596257347,-3.301223703467));
#11291 = DIRECTION('',(8.302774088379E-17,0.64962967394,-0.760250805153)
  );
#11292 = DIRECTION('',(-1.,1.247195775152E-16,-2.638869166629E-18));
#11293 = ADVANCED_FACE('',(#11294),#11305,.F.);
#11294 = FACE_BOUND('',#11295,.F.);
#11295 = EDGE_LOOP('',(#11296,#11297,#11298,#11299));
#11296 = ORIENTED_EDGE('',*,*,#11113,.F.);
#11297 = ORIENTED_EDGE('',*,*,#11281,.T.);
#11298 = ORIENTED_EDGE('',*,*,#10999,.T.);
#11299 = ORIENTED_EDGE('',*,*,#11300,.F.);
#11300 = EDGE_CURVE('',#11114,#11000,#11301,.T.);
#11301 = LINE('',#11302,#11303);
#11302 = CARTESIAN_POINT('',(10.32,-0.12,-3.4));
#11303 = VECTOR('',#11304,1.);
#11304 = DIRECTION('',(-1.,1.224646799147E-16,0.));
#11305 = PLANE('',#11306);
#11306 = AXIS2_PLACEMENT_3D('',#11307,#11308,#11309);
#11307 = CARTESIAN_POINT('',(10.32,0.32,-3.4));
#11308 = DIRECTION('',(0.,0.,1.));
#11309 = DIRECTION('',(-1.224646799147E-16,-1.,0.));
#11310 = ADVANCED_FACE('',(#11311),#11317,.T.);
#11311 = FACE_BOUND('',#11312,.F.);
#11312 = EDGE_LOOP('',(#11313,#11314,#11315,#11316));
#11313 = ORIENTED_EDGE('',*,*,#11121,.F.);
#11314 = ORIENTED_EDGE('',*,*,#11300,.T.);
#11315 = ORIENTED_EDGE('',*,*,#11007,.T.);
#11316 = ORIENTED_EDGE('',*,*,#11088,.F.);
#11317 = PLANE('',#11318);
#11318 = AXIS2_PLACEMENT_3D('',#11319,#11320,#11321);
#11319 = CARTESIAN_POINT('',(10.32,-0.204403742653,-3.301223703467));
#11320 = DIRECTION('',(-9.310387150808E-17,-0.760250805153,
    -0.64962967394));
#11321 = DIRECTION('',(1.,-1.224646799148E-16,-5.515863360725E-29));
#11322 = ( GEOMETRIC_REPRESENTATION_CONTEXT(3) 
GLOBAL_UNCERTAINTY_ASSIGNED_CONTEXT((#11326)) 
GLOBAL_UNIT_ASSIGNED_CONTEXT((#11323,#11324,#11325)) 
REPRESENTATION_CONTEXT('Context #1',
  '3D Context with UNIT and UNCERTAINTY') );
#11323 = ( LENGTH_UNIT() NAMED_UNIT(*) SI_UNIT(.MILLI.,.METRE.) );
#11324 = ( NAMED_UNIT(*) PLANE_ANGLE_UNIT() SI_UNIT($,.RADIAN.) );
#11325 = ( NAMED_UNIT(*) SI_UNIT($,.STERADIAN.) SOLID_ANGLE_UNIT() );
#11326 = UNCERTAINTY_MEASURE_WITH_UNIT(LENGTH_MEASURE(1.E-07),#11323,
  'distance_accuracy_value','confusion accuracy');
#11327 = CONTEXT_DEPENDENT_SHAPE_REPRESENTATION(#11328,#11330);
#11328 = ( REPRESENTATION_RELATIONSHIP('','',#6452,#10) 
REPRESENTATION_RELATIONSHIP_WITH_TRANSFORMATION(#11329) 
SHAPE_REPRESENTATION_RELATIONSHIP() );
#11329 = ITEM_DEFINED_TRANSFORMATION('','',#11,#47);
#11330 = PRODUCT_DEFINITION_SHAPE('Placement','Placement of an item',
  #11331);
#11331 = NEXT_ASSEMBLY_USAGE_OCCURRENCE('9','J19','',#5,#6447,$);
#11332 = PRODUCT_RELATED_PRODUCT_CATEGORY('part',$,(#6449));
#11333 = CONTEXT_DEPENDENT_SHAPE_REPRESENTATION(#11334,#11336);
#11334 = ( REPRESENTATION_RELATIONSHIP('','',#80,#10) 
REPRESENTATION_RELATIONSHIP_WITH_TRANSFORMATION(#11335) 
SHAPE_REPRESENTATION_RELATIONSHIP() );
#11335 = ITEM_DEFINED_TRANSFORMATION('','',#11,#51);
#11336 = PRODUCT_DEFINITION_SHAPE('Placement','Placement of an item',
  #11337);
#11337 = NEXT_ASSEMBLY_USAGE_OCCURRENCE('10','R4','',#5,#75,$);
#11338 = CONTEXT_DEPENDENT_SHAPE_REPRESENTATION(#11339,#11341);
#11339 = ( REPRESENTATION_RELATIONSHIP('','',#767,#10) 
REPRESENTATION_RELATIONSHIP_WITH_TRANSFORMATION(#11340) 
SHAPE_REPRESENTATION_RELATIONSHIP() );
#11340 = ITEM_DEFINED_TRANSFORMATION('','',#11,#55);
#11341 = PRODUCT_DEFINITION_SHAPE('Placement','Placement of an item',
  #11342);
#11342 = NEXT_ASSEMBLY_USAGE_OCCURRENCE('11','J13','',#5,#762,$);
#11343 = SHAPE_DEFINITION_REPRESENTATION(#11344,#11350);
#11344 = PRODUCT_DEFINITION_SHAPE('','',#11345);
#11345 = PRODUCT_DEFINITION('design','',#11346,#11349);
#11346 = PRODUCT_DEFINITION_FORMATION('','',#11347);
#11347 = PRODUCT('JST_XH_B2B-XH-A_1x02_P2.50mm_Vertical',
  'JST_XH_B2B-XH-A_1x02_P2.50mm_Vertical','',(#11348));
#11348 = PRODUCT_CONTEXT('',#2,'mechanical');
#11349 = PRODUCT_DEFINITION_CONTEXT('part definition',#2,'design');
#11350 = ADVANCED_BREP_SHAPE_REPRESENTATION('',(#11,#11351),#14066);
#11351 = MANIFOLD_SOLID_BREP('',#11352);
#11352 = CLOSED_SHELL('',(#11353,#11425,#11464,#11488,#11553,#11577,
    #11665,#11689,#11754,#11779,#11828,#11845,#11869,#11886,#12024,
    #12048,#12218,#12242,#12275,#12299,#12330,#12347,#12380,#12404,
    #12435,#12447,#12480,#12497,#12514,#12526,#12606,#12623,#12640,
    #12657,#12674,#12691,#12708,#12725,#12742,#12759,#12776,#12788,
    #12805,#12822,#12868,#12914,#12945,#12969,#12993,#13010,#13041,
    #13065,#13089,#13106,#13169,#13193,#13249,#13266,#13329,#13353,
    #13409,#13426,#13457,#13481,#13505,#13522,#13553,#13577,#13601,
    #13618,#13665,#13696,#13708,#13725,#13751,#13784,#13831,#13862,
    #13874,#13891,#13917,#13950,#13962,#13974,#13991,#14008,#14020,
    #14037,#14054));
#11353 = ADVANCED_FACE('',(#11354),#11420,.T.);
#11354 = FACE_BOUND('',#11355,.T.);
#11355 = EDGE_LOOP('',(#11356,#11366,#11374,#11382,#11390,#11398,#11406,
    #11414));
#11356 = ORIENTED_EDGE('',*,*,#11357,.T.);
#11357 = EDGE_CURVE('',#11358,#11360,#11362,.T.);
#11358 = VERTEX_POINT('',#11359);
#11359 = CARTESIAN_POINT('',(-1.8,0.5,7.));
#11360 = VERTEX_POINT('',#11361);
#11361 = CARTESIAN_POINT('',(-2.45,0.5,7.));
#11362 = LINE('',#11363,#11364);
#11363 = CARTESIAN_POINT('',(4.95,0.5,7.));
#11364 = VECTOR('',#11365,1.);
#11365 = DIRECTION('',(-1.,1.224646799147E-16,0.));
#11366 = ORIENTED_EDGE('',*,*,#11367,.T.);
#11367 = EDGE_CURVE('',#11360,#11368,#11370,.T.);
#11368 = VERTEX_POINT('',#11369);
#11369 = CARTESIAN_POINT('',(-2.45,-3.4,7.));
#11370 = LINE('',#11371,#11372);
#11371 = CARTESIAN_POINT('',(-2.45,2.35,7.));
#11372 = VECTOR('',#11373,1.);
#11373 = DIRECTION('',(-1.224646799147E-16,-1.,0.));
#11374 = ORIENTED_EDGE('',*,*,#11375,.T.);
#11375 = EDGE_CURVE('',#11368,#11376,#11378,.T.);
#11376 = VERTEX_POINT('',#11377);
#11377 = CARTESIAN_POINT('',(4.95,-3.4,7.));
#11378 = LINE('',#11379,#11380);
#11379 = CARTESIAN_POINT('',(-2.45,-3.4,7.));
#11380 = VECTOR('',#11381,1.);
#11381 = DIRECTION('',(1.,-1.224646799147E-16,0.));
#11382 = ORIENTED_EDGE('',*,*,#11383,.T.);
#11383 = EDGE_CURVE('',#11376,#11384,#11386,.T.);
#11384 = VERTEX_POINT('',#11385);
#11385 = CARTESIAN_POINT('',(4.95,0.5,7.));
#11386 = LINE('',#11387,#11388);
#11387 = CARTESIAN_POINT('',(4.95,-3.4,7.));
#11388 = VECTOR('',#11389,1.);
#11389 = DIRECTION('',(1.224646799147E-16,1.,0.));
#11390 = ORIENTED_EDGE('',*,*,#11391,.T.);
#11391 = EDGE_CURVE('',#11384,#11392,#11394,.T.);
#11392 = VERTEX_POINT('',#11393);
#11393 = CARTESIAN_POINT('',(4.3,0.5,7.));
#11394 = LINE('',#11395,#11396);
#11395 = CARTESIAN_POINT('',(4.95,0.5,7.));
#11396 = VECTOR('',#11397,1.);
#11397 = DIRECTION('',(-1.,1.224646799147E-16,0.));
#11398 = ORIENTED_EDGE('',*,*,#11399,.F.);
#11399 = EDGE_CURVE('',#11400,#11392,#11402,.T.);
#11400 = VERTEX_POINT('',#11401);
#11401 = CARTESIAN_POINT('',(4.3,-2.85,7.));
#11402 = LINE('',#11403,#11404);
#11403 = CARTESIAN_POINT('',(4.3,-2.65,7.));
#11404 = VECTOR('',#11405,1.);
#11405 = DIRECTION('',(1.224646799147E-16,1.,0.));
#11406 = ORIENTED_EDGE('',*,*,#11407,.F.);
#11407 = EDGE_CURVE('',#11408,#11400,#11410,.T.);
#11408 = VERTEX_POINT('',#11409);
#11409 = CARTESIAN_POINT('',(-1.8,-2.85,7.));
#11410 = LINE('',#11411,#11412);
#11411 = CARTESIAN_POINT('',(-1.6,-2.85,7.));
#11412 = VECTOR('',#11413,1.);
#11413 = DIRECTION('',(1.,-1.224646799147E-16,0.));
#11414 = ORIENTED_EDGE('',*,*,#11415,.F.);
#11415 = EDGE_CURVE('',#11358,#11408,#11416,.T.);
#11416 = LINE('',#11417,#11418);
#11417 = CARTESIAN_POINT('',(-1.8,0.5,7.));
#11418 = VECTOR('',#11419,1.);
#11419 = DIRECTION('',(-1.224646799147E-16,-1.,0.));
#11420 = PLANE('',#11421);
#11421 = AXIS2_PLACEMENT_3D('',#11422,#11423,#11424);
#11422 = CARTESIAN_POINT('',(1.25,-0.525,7.));
#11423 = DIRECTION('',(0.,0.,1.));
#11424 = DIRECTION('',(-1.,1.224646799147E-16,0.));
#11425 = ADVANCED_FACE('',(#11426),#11459,.T.);
#11426 = FACE_BOUND('',#11427,.T.);
#11427 = EDGE_LOOP('',(#11428,#11438,#11446,#11452,#11453));
#11428 = ORIENTED_EDGE('',*,*,#11429,.T.);
#11429 = EDGE_CURVE('',#11430,#11432,#11434,.T.);
#11430 = VERTEX_POINT('',#11431);
#11431 = CARTESIAN_POINT('',(-1.6,0.5,6.8));
#11432 = VERTEX_POINT('',#11433);
#11433 = CARTESIAN_POINT('',(-1.6,0.5,3.65));
#11434 = LINE('',#11435,#11436);
#11435 = CARTESIAN_POINT('',(-1.6,0.5,5.325));
#11436 = VECTOR('',#11437,1.);
#11437 = DIRECTION('',(-0.,0.,-1.));
#11438 = ORIENTED_EDGE('',*,*,#11439,.T.);
#11439 = EDGE_CURVE('',#11432,#11440,#11442,.T.);
#11440 = VERTEX_POINT('',#11441);
#11441 = CARTESIAN_POINT('',(-2.45,0.5,3.65));
#11442 = LINE('',#11443,#11444);
#11443 = CARTESIAN_POINT('',(4.95,0.5,3.65));
#11444 = VECTOR('',#11445,1.);
#11445 = DIRECTION('',(-1.,1.224646799147E-16,0.));
#11446 = ORIENTED_EDGE('',*,*,#11447,.T.);
#11447 = EDGE_CURVE('',#11440,#11360,#11448,.T.);
#11448 = LINE('',#11449,#11450);
#11449 = CARTESIAN_POINT('',(-2.45,0.5,1.825));
#11450 = VECTOR('',#11451,1.);
#11451 = DIRECTION('',(0.,0.,1.));
#11452 = ORIENTED_EDGE('',*,*,#11357,.F.);
#11453 = ORIENTED_EDGE('',*,*,#11454,.T.);
#11454 = EDGE_CURVE('',#11358,#11430,#11455,.T.);
#11455 = LINE('',#11456,#11457);
#11456 = CARTESIAN_POINT('',(0.775,0.5,4.425));
#11457 = VECTOR('',#11458,1.);
#11458 = DIRECTION('',(0.707106781187,-8.659560562349E-17,
    -0.707106781187));
#11459 = PLANE('',#11460);
#11460 = AXIS2_PLACEMENT_3D('',#11461,#11462,#11463);
#11461 = CARTESIAN_POINT('',(4.95,0.5,3.65));
#11462 = DIRECTION('',(1.224646799147E-16,1.,0.));
#11463 = DIRECTION('',(0.,-0.,1.));
#11464 = ADVANCED_FACE('',(#11465),#11483,.F.);
#11465 = FACE_BOUND('',#11466,.T.);
#11466 = EDGE_LOOP('',(#11467,#11468,#11469,#11477));
#11467 = ORIENTED_EDGE('',*,*,#11454,.F.);
#11468 = ORIENTED_EDGE('',*,*,#11415,.T.);
#11469 = ORIENTED_EDGE('',*,*,#11470,.T.);
#11470 = EDGE_CURVE('',#11408,#11471,#11473,.T.);
#11471 = VERTEX_POINT('',#11472);
#11472 = CARTESIAN_POINT('',(-1.6,-2.65,6.8));
#11473 = LINE('',#11474,#11475);
#11474 = CARTESIAN_POINT('',(-1.141666666667,-2.191666666667,
    6.341666666667));
#11475 = VECTOR('',#11476,1.);
#11476 = DIRECTION('',(0.57735026919,0.57735026919,-0.57735026919));
#11477 = ORIENTED_EDGE('',*,*,#11478,.F.);
#11478 = EDGE_CURVE('',#11430,#11471,#11479,.T.);
#11479 = LINE('',#11480,#11481);
#11480 = CARTESIAN_POINT('',(-1.6,0.5,6.8));
#11481 = VECTOR('',#11482,1.);
#11482 = DIRECTION('',(-1.224646799147E-16,-1.,0.));
#11483 = PLANE('',#11484);
#11484 = AXIS2_PLACEMENT_3D('',#11485,#11486,#11487);
#11485 = CARTESIAN_POINT('',(-1.7,0.5,6.9));
#11486 = DIRECTION('',(-0.707106781187,8.659560562349E-17,
    -0.707106781187));
#11487 = DIRECTION('',(1.224646799147E-16,1.,-2.105272540809E-29));
#11488 = ADVANCED_FACE('',(#11489),#11548,.F.);
#11489 = FACE_BOUND('',#11490,.F.);
#11490 = EDGE_LOOP('',(#11491,#11501,#11509,#11517,#11525,#11534,#11540,
    #11541,#11542));
#11491 = ORIENTED_EDGE('',*,*,#11492,.F.);
#11492 = EDGE_CURVE('',#11493,#11495,#11497,.T.);
#11493 = VERTEX_POINT('',#11494);
#11494 = CARTESIAN_POINT('',(-2.45,2.35,0.));
#11495 = VERTEX_POINT('',#11496);
#11496 = CARTESIAN_POINT('',(-2.45,-3.4,0.));
#11497 = LINE('',#11498,#11499);
#11498 = CARTESIAN_POINT('',(-2.45,2.35,0.));
#11499 = VECTOR('',#11500,1.);
#11500 = DIRECTION('',(-1.224646799147E-16,-1.,0.));
#11501 = ORIENTED_EDGE('',*,*,#11502,.T.);
#11502 = EDGE_CURVE('',#11493,#11503,#11505,.T.);
#11503 = VERTEX_POINT('',#11504);
#11504 = CARTESIAN_POINT('',(-2.45,2.35,7.));
#11505 = LINE('',#11506,#11507);
#11506 = CARTESIAN_POINT('',(-2.45,2.35,0.));
#11507 = VECTOR('',#11508,1.);
#11508 = DIRECTION('',(0.,0.,1.));
#11509 = ORIENTED_EDGE('',*,*,#11510,.T.);
#11510 = EDGE_CURVE('',#11503,#11511,#11513,.T.);
#11511 = VERTEX_POINT('',#11512);
#11512 = CARTESIAN_POINT('',(-2.45,1.5,7.));
#11513 = LINE('',#11514,#11515);
#11514 = CARTESIAN_POINT('',(-2.45,2.35,7.));
#11515 = VECTOR('',#11516,1.);
#11516 = DIRECTION('',(-1.224646799147E-16,-1.,0.));
#11517 = ORIENTED_EDGE('',*,*,#11518,.T.);
#11518 = EDGE_CURVE('',#11511,#11519,#11521,.T.);
#11519 = VERTEX_POINT('',#11520);
#11520 = CARTESIAN_POINT('',(-2.45,1.5,4.15));
#11521 = LINE('',#11522,#11523);
#11522 = CARTESIAN_POINT('',(-2.45,1.5,3.5));
#11523 = VECTOR('',#11524,1.);
#11524 = DIRECTION('',(-0.,0.,-1.));
#11525 = ORIENTED_EDGE('',*,*,#11526,.F.);
#11526 = EDGE_CURVE('',#11527,#11519,#11529,.T.);
#11527 = VERTEX_POINT('',#11528);
#11528 = CARTESIAN_POINT('',(-2.45,1.,3.65));
#11529 = CIRCLE('',#11530,0.5);
#11530 = AXIS2_PLACEMENT_3D('',#11531,#11532,#11533);
#11531 = CARTESIAN_POINT('',(-2.45,1.,4.15));
#11532 = DIRECTION('',(1.,-1.224646799147E-16,0.));
#11533 = DIRECTION('',(1.224646799147E-16,1.,0.));
#11534 = ORIENTED_EDGE('',*,*,#11535,.T.);
#11535 = EDGE_CURVE('',#11527,#11440,#11536,.T.);
#11536 = LINE('',#11537,#11538);
#11537 = CARTESIAN_POINT('',(-2.45,1.675,3.65));
#11538 = VECTOR('',#11539,1.);
#11539 = DIRECTION('',(-1.224646799147E-16,-1.,0.));
#11540 = ORIENTED_EDGE('',*,*,#11447,.T.);
#11541 = ORIENTED_EDGE('',*,*,#11367,.T.);
#11542 = ORIENTED_EDGE('',*,*,#11543,.F.);
#11543 = EDGE_CURVE('',#11495,#11368,#11544,.T.);
#11544 = LINE('',#11545,#11546);
#11545 = CARTESIAN_POINT('',(-2.45,-3.4,0.));
#11546 = VECTOR('',#11547,1.);
#11547 = DIRECTION('',(0.,0.,1.));
#11548 = PLANE('',#11549);
#11549 = AXIS2_PLACEMENT_3D('',#11550,#11551,#11552);
#11550 = CARTESIAN_POINT('',(-2.45,2.35,0.));
#11551 = DIRECTION('',(1.,-1.224646799147E-16,0.));
#11552 = DIRECTION('',(-1.224646799147E-16,-1.,0.));
#11553 = ADVANCED_FACE('',(#11554),#11572,.F.);
#11554 = FACE_BOUND('',#11555,.T.);
#11555 = EDGE_LOOP('',(#11556,#11557,#11558,#11566));
#11556 = ORIENTED_EDGE('',*,*,#11470,.F.);
#11557 = ORIENTED_EDGE('',*,*,#11407,.T.);
#11558 = ORIENTED_EDGE('',*,*,#11559,.T.);
#11559 = EDGE_CURVE('',#11400,#11560,#11562,.T.);
#11560 = VERTEX_POINT('',#11561);
#11561 = CARTESIAN_POINT('',(4.1,-2.65,6.8));
#11562 = LINE('',#11563,#11564);
#11563 = CARTESIAN_POINT('',(3.216666666667,-1.766666666667,
    5.916666666667));
#11564 = VECTOR('',#11565,1.);
#11565 = DIRECTION('',(-0.57735026919,0.57735026919,-0.57735026919));
#11566 = ORIENTED_EDGE('',*,*,#11567,.F.);
#11567 = EDGE_CURVE('',#11471,#11560,#11568,.T.);
#11568 = LINE('',#11569,#11570);
#11569 = CARTESIAN_POINT('',(-1.6,-2.65,6.8));
#11570 = VECTOR('',#11571,1.);
#11571 = DIRECTION('',(1.,-1.224646799147E-16,0.));
#11572 = PLANE('',#11573);
#11573 = AXIS2_PLACEMENT_3D('',#11574,#11575,#11576);
#11574 = CARTESIAN_POINT('',(-1.6,-2.75,6.9));
#11575 = DIRECTION('',(-8.659560562349E-17,-0.707106781187,
    -0.707106781187));
#11576 = DIRECTION('',(-1.,1.224646799147E-16,-2.105272540809E-29));
#11577 = ADVANCED_FACE('',(#11578),#11660,.F.);
#11578 = FACE_BOUND('',#11579,.F.);
#11579 = EDGE_LOOP('',(#11580,#11588,#11589,#11590,#11598,#11606,#11614,
    #11622,#11630,#11638,#11646,#11654));
#11580 = ORIENTED_EDGE('',*,*,#11581,.F.);
#11581 = EDGE_CURVE('',#11495,#11582,#11584,.T.);
#11582 = VERTEX_POINT('',#11583);
#11583 = CARTESIAN_POINT('',(-0.75,-3.4,0.));
#11584 = LINE('',#11585,#11586);
#11585 = CARTESIAN_POINT('',(-2.45,-3.4,0.));
#11586 = VECTOR('',#11587,1.);
#11587 = DIRECTION('',(1.,-1.224646799147E-16,0.));
#11588 = ORIENTED_EDGE('',*,*,#11543,.T.);
#11589 = ORIENTED_EDGE('',*,*,#11375,.T.);
#11590 = ORIENTED_EDGE('',*,*,#11591,.F.);
#11591 = EDGE_CURVE('',#11592,#11376,#11594,.T.);
#11592 = VERTEX_POINT('',#11593);
#11593 = CARTESIAN_POINT('',(4.95,-3.4,0.));
#11594 = LINE('',#11595,#11596);
#11595 = CARTESIAN_POINT('',(4.95,-3.4,0.));
#11596 = VECTOR('',#11597,1.);
#11597 = DIRECTION('',(0.,0.,1.));
#11598 = ORIENTED_EDGE('',*,*,#11599,.F.);
#11599 = EDGE_CURVE('',#11600,#11592,#11602,.T.);
#11600 = VERTEX_POINT('',#11601);
#11601 = CARTESIAN_POINT('',(3.25,-3.4,0.));
#11602 = LINE('',#11603,#11604);
#11603 = CARTESIAN_POINT('',(-2.45,-3.4,0.));
#11604 = VECTOR('',#11605,1.);
#11605 = DIRECTION('',(1.,-1.224646799147E-16,0.));
#11606 = ORIENTED_EDGE('',*,*,#11607,.F.);
#11607 = EDGE_CURVE('',#11608,#11600,#11610,.T.);
#11608 = VERTEX_POINT('',#11609);
#11609 = CARTESIAN_POINT('',(3.25,-3.4,1.));
#11610 = LINE('',#11611,#11612);
#11611 = CARTESIAN_POINT('',(3.25,-3.4,1.));
#11612 = VECTOR('',#11613,1.);
#11613 = DIRECTION('',(-0.,0.,-1.));
#11614 = ORIENTED_EDGE('',*,*,#11615,.T.);
#11615 = EDGE_CURVE('',#11608,#11616,#11618,.T.);
#11616 = VERTEX_POINT('',#11617);
#11617 = CARTESIAN_POINT('',(1.75,-3.4,1.));
#11618 = LINE('',#11619,#11620);
#11619 = CARTESIAN_POINT('',(3.25,-3.4,1.));
#11620 = VECTOR('',#11621,1.);
#11621 = DIRECTION('',(-1.,1.224646799147E-16,0.));
#11622 = ORIENTED_EDGE('',*,*,#11623,.T.);
#11623 = EDGE_CURVE('',#11616,#11624,#11626,.T.);
#11624 = VERTEX_POINT('',#11625);
#11625 = CARTESIAN_POINT('',(1.75,-3.4,0.));
#11626 = LINE('',#11627,#11628);
#11627 = CARTESIAN_POINT('',(1.75,-3.4,1.));
#11628 = VECTOR('',#11629,1.);
#11629 = DIRECTION('',(-0.,0.,-1.));
#11630 = ORIENTED_EDGE('',*,*,#11631,.F.);
#11631 = EDGE_CURVE('',#11632,#11624,#11634,.T.);
#11632 = VERTEX_POINT('',#11633);
#11633 = CARTESIAN_POINT('',(0.75,-3.4,0.));
#11634 = LINE('',#11635,#11636);
#11635 = CARTESIAN_POINT('',(-2.45,-3.4,0.));
#11636 = VECTOR('',#11637,1.);
#11637 = DIRECTION('',(1.,-1.224646799147E-16,0.));
#11638 = ORIENTED_EDGE('',*,*,#11639,.F.);
#11639 = EDGE_CURVE('',#11640,#11632,#11642,.T.);
#11640 = VERTEX_POINT('',#11641);
#11641 = CARTESIAN_POINT('',(0.75,-3.4,1.));
#11642 = LINE('',#11643,#11644);
#11643 = CARTESIAN_POINT('',(0.75,-3.4,1.));
#11644 = VECTOR('',#11645,1.);
#11645 = DIRECTION('',(-0.,0.,-1.));
#11646 = ORIENTED_EDGE('',*,*,#11647,.T.);
#11647 = EDGE_CURVE('',#11640,#11648,#11650,.T.);
#11648 = VERTEX_POINT('',#11649);
#11649 = CARTESIAN_POINT('',(-0.75,-3.4,1.));
#11650 = LINE('',#11651,#11652);
#11651 = CARTESIAN_POINT('',(0.75,-3.4,1.));
#11652 = VECTOR('',#11653,1.);
#11653 = DIRECTION('',(-1.,1.224646799147E-16,0.));
#11654 = ORIENTED_EDGE('',*,*,#11655,.T.);
#11655 = EDGE_CURVE('',#11648,#11582,#11656,.T.);
#11656 = LINE('',#11657,#11658);
#11657 = CARTESIAN_POINT('',(-0.75,-3.4,1.));
#11658 = VECTOR('',#11659,1.);
#11659 = DIRECTION('',(-0.,0.,-1.));
#11660 = PLANE('',#11661);
#11661 = AXIS2_PLACEMENT_3D('',#11662,#11663,#11664);
#11662 = CARTESIAN_POINT('',(-2.45,-3.4,0.));
#11663 = DIRECTION('',(1.224646799147E-16,1.,0.));
#11664 = DIRECTION('',(1.,-1.224646799147E-16,0.));
#11665 = ADVANCED_FACE('',(#11666),#11684,.F.);
#11666 = FACE_BOUND('',#11667,.T.);
#11667 = EDGE_LOOP('',(#11668,#11669,#11670,#11678));
#11668 = ORIENTED_EDGE('',*,*,#11559,.F.);
#11669 = ORIENTED_EDGE('',*,*,#11399,.T.);
#11670 = ORIENTED_EDGE('',*,*,#11671,.T.);
#11671 = EDGE_CURVE('',#11392,#11672,#11674,.T.);
#11672 = VERTEX_POINT('',#11673);
#11673 = CARTESIAN_POINT('',(4.1,0.5,6.8));
#11674 = LINE('',#11675,#11676);
#11675 = CARTESIAN_POINT('',(3.575,0.5,6.275));
#11676 = VECTOR('',#11677,1.);
#11677 = DIRECTION('',(-0.707106781187,8.659560562349E-17,
    -0.707106781187));
#11678 = ORIENTED_EDGE('',*,*,#11679,.F.);
#11679 = EDGE_CURVE('',#11560,#11672,#11680,.T.);
#11680 = LINE('',#11681,#11682);
#11681 = CARTESIAN_POINT('',(4.1,-2.65,6.8));
#11682 = VECTOR('',#11683,1.);
#11683 = DIRECTION('',(1.224646799147E-16,1.,0.));
#11684 = PLANE('',#11685);
#11685 = AXIS2_PLACEMENT_3D('',#11686,#11687,#11688);
#11686 = CARTESIAN_POINT('',(4.2,-2.65,6.9));
#11687 = DIRECTION('',(0.707106781187,-8.659560562349E-17,
    -0.707106781187));
#11688 = DIRECTION('',(-1.224646799147E-16,-1.,-2.105272540809E-29));
#11689 = ADVANCED_FACE('',(#11690),#11749,.F.);
#11690 = FACE_BOUND('',#11691,.F.);
#11691 = EDGE_LOOP('',(#11692,#11700,#11701,#11702,#11710,#11718,#11727,
    #11735,#11743));
#11692 = ORIENTED_EDGE('',*,*,#11693,.F.);
#11693 = EDGE_CURVE('',#11592,#11694,#11696,.T.);
#11694 = VERTEX_POINT('',#11695);
#11695 = CARTESIAN_POINT('',(4.95,2.35,0.));
#11696 = LINE('',#11697,#11698);
#11697 = CARTESIAN_POINT('',(4.95,-3.4,0.));
#11698 = VECTOR('',#11699,1.);
#11699 = DIRECTION('',(1.224646799147E-16,1.,0.));
#11700 = ORIENTED_EDGE('',*,*,#11591,.T.);
#11701 = ORIENTED_EDGE('',*,*,#11383,.T.);
#11702 = ORIENTED_EDGE('',*,*,#11703,.F.);
#11703 = EDGE_CURVE('',#11704,#11384,#11706,.T.);
#11704 = VERTEX_POINT('',#11705);
#11705 = CARTESIAN_POINT('',(4.95,0.5,3.65));
#11706 = LINE('',#11707,#11708);
#11707 = CARTESIAN_POINT('',(4.95,0.5,3.65));
#11708 = VECTOR('',#11709,1.);
#11709 = DIRECTION('',(0.,0.,1.));
#11710 = ORIENTED_EDGE('',*,*,#11711,.F.);
#11711 = EDGE_CURVE('',#11712,#11704,#11714,.T.);
#11712 = VERTEX_POINT('',#11713);
#11713 = CARTESIAN_POINT('',(4.95,1.,3.65));
#11714 = LINE('',#11715,#11716);
#11715 = CARTESIAN_POINT('',(4.95,1.,3.65));
#11716 = VECTOR('',#11717,1.);
#11717 = DIRECTION('',(-1.224646799147E-16,-1.,0.));
#11718 = ORIENTED_EDGE('',*,*,#11719,.F.);
#11719 = EDGE_CURVE('',#11720,#11712,#11722,.T.);
#11720 = VERTEX_POINT('',#11721);
#11721 = CARTESIAN_POINT('',(4.95,1.5,4.15));
#11722 = CIRCLE('',#11723,0.5);
#11723 = AXIS2_PLACEMENT_3D('',#11724,#11725,#11726);
#11724 = CARTESIAN_POINT('',(4.95,1.,4.15));
#11725 = DIRECTION('',(-1.,1.224646799147E-16,0.));
#11726 = DIRECTION('',(1.224646799147E-16,1.,0.));
#11727 = ORIENTED_EDGE('',*,*,#11728,.F.);
#11728 = EDGE_CURVE('',#11729,#11720,#11731,.T.);
#11729 = VERTEX_POINT('',#11730);
#11730 = CARTESIAN_POINT('',(4.95,1.5,7.));
#11731 = LINE('',#11732,#11733);
#11732 = CARTESIAN_POINT('',(4.95,1.5,7.));
#11733 = VECTOR('',#11734,1.);
#11734 = DIRECTION('',(-0.,0.,-1.));
#11735 = ORIENTED_EDGE('',*,*,#11736,.T.);
#11736 = EDGE_CURVE('',#11729,#11737,#11739,.T.);
#11737 = VERTEX_POINT('',#11738);
#11738 = CARTESIAN_POINT('',(4.95,2.35,7.));
#11739 = LINE('',#11740,#11741);
#11740 = CARTESIAN_POINT('',(4.95,-3.4,7.));
#11741 = VECTOR('',#11742,1.);
#11742 = DIRECTION('',(1.224646799147E-16,1.,0.));
#11743 = ORIENTED_EDGE('',*,*,#11744,.F.);
#11744 = EDGE_CURVE('',#11694,#11737,#11745,.T.);
#11745 = LINE('',#11746,#11747);
#11746 = CARTESIAN_POINT('',(4.95,2.35,0.));
#11747 = VECTOR('',#11748,1.);
#11748 = DIRECTION('',(0.,0.,1.));
#11749 = PLANE('',#11750);
#11750 = AXIS2_PLACEMENT_3D('',#11751,#11752,#11753);
#11751 = CARTESIAN_POINT('',(4.95,-3.4,0.));
#11752 = DIRECTION('',(-1.,1.224646799147E-16,0.));
#11753 = DIRECTION('',(1.224646799147E-16,1.,0.));
#11754 = ADVANCED_FACE('',(#11755),#11774,.T.);
#11755 = FACE_BOUND('',#11756,.T.);
#11756 = EDGE_LOOP('',(#11757,#11758,#11759,#11767,#11773));
#11757 = ORIENTED_EDGE('',*,*,#11391,.F.);
#11758 = ORIENTED_EDGE('',*,*,#11703,.F.);
#11759 = ORIENTED_EDGE('',*,*,#11760,.T.);
#11760 = EDGE_CURVE('',#11704,#11761,#11763,.T.);
#11761 = VERTEX_POINT('',#11762);
#11762 = CARTESIAN_POINT('',(4.1,0.5,3.65));
#11763 = LINE('',#11764,#11765);
#11764 = CARTESIAN_POINT('',(4.95,0.5,3.65));
#11765 = VECTOR('',#11766,1.);
#11766 = DIRECTION('',(-1.,1.224646799147E-16,0.));
#11767 = ORIENTED_EDGE('',*,*,#11768,.T.);
#11768 = EDGE_CURVE('',#11761,#11672,#11769,.T.);
#11769 = LINE('',#11770,#11771);
#11770 = CARTESIAN_POINT('',(4.1,0.5,5.325));
#11771 = VECTOR('',#11772,1.);
#11772 = DIRECTION('',(0.,0.,1.));
#11773 = ORIENTED_EDGE('',*,*,#11671,.F.);
#11774 = PLANE('',#11775);
#11775 = AXIS2_PLACEMENT_3D('',#11776,#11777,#11778);
#11776 = CARTESIAN_POINT('',(4.95,0.5,3.65));
#11777 = DIRECTION('',(1.224646799147E-16,1.,0.));
#11778 = DIRECTION('',(0.,-0.,1.));
#11779 = ADVANCED_FACE('',(#11780),#11823,.F.);
#11780 = FACE_BOUND('',#11781,.F.);
#11781 = EDGE_LOOP('',(#11782,#11783,#11791,#11800,#11808,#11816,#11822)
  );
#11782 = ORIENTED_EDGE('',*,*,#11429,.T.);
#11783 = ORIENTED_EDGE('',*,*,#11784,.T.);
#11784 = EDGE_CURVE('',#11432,#11785,#11787,.T.);
#11785 = VERTEX_POINT('',#11786);
#11786 = CARTESIAN_POINT('',(-1.6,1.,3.65));
#11787 = LINE('',#11788,#11789);
#11788 = CARTESIAN_POINT('',(-1.6,1.25,3.65));
#11789 = VECTOR('',#11790,1.);
#11790 = DIRECTION('',(1.224646799147E-16,1.,0.));
#11791 = ORIENTED_EDGE('',*,*,#11792,.T.);
#11792 = EDGE_CURVE('',#11785,#11793,#11795,.T.);
#11793 = VERTEX_POINT('',#11794);
#11794 = CARTESIAN_POINT('',(-1.6,1.5,4.15));
#11795 = CIRCLE('',#11796,0.5);
#11796 = AXIS2_PLACEMENT_3D('',#11797,#11798,#11799);
#11797 = CARTESIAN_POINT('',(-1.6,1.,4.15));
#11798 = DIRECTION('',(1.,-1.224646799147E-16,0.));
#11799 = DIRECTION('',(1.224646799147E-16,1.,0.));
#11800 = ORIENTED_EDGE('',*,*,#11801,.T.);
#11801 = EDGE_CURVE('',#11793,#11802,#11804,.T.);
#11802 = VERTEX_POINT('',#11803);
#11803 = CARTESIAN_POINT('',(-1.6,1.5,1.85));
#11804 = LINE('',#11805,#11806);
#11805 = CARTESIAN_POINT('',(-1.6,1.5,7.));
#11806 = VECTOR('',#11807,1.);
#11807 = DIRECTION('',(0.,0.,-1.));
#11808 = ORIENTED_EDGE('',*,*,#11809,.T.);
#11809 = EDGE_CURVE('',#11802,#11810,#11812,.T.);
#11810 = VERTEX_POINT('',#11811);
#11811 = CARTESIAN_POINT('',(-1.6,-2.65,1.85));
#11812 = LINE('',#11813,#11814);
#11813 = CARTESIAN_POINT('',(-1.6,1.5,1.85));
#11814 = VECTOR('',#11815,1.);
#11815 = DIRECTION('',(-1.224646799147E-16,-1.,0.));
#11816 = ORIENTED_EDGE('',*,*,#11817,.F.);
#11817 = EDGE_CURVE('',#11471,#11810,#11818,.T.);
#11818 = LINE('',#11819,#11820);
#11819 = CARTESIAN_POINT('',(-1.6,-2.65,7.));
#11820 = VECTOR('',#11821,1.);
#11821 = DIRECTION('',(0.,0.,-1.));
#11822 = ORIENTED_EDGE('',*,*,#11478,.F.);
#11823 = PLANE('',#11824);
#11824 = AXIS2_PLACEMENT_3D('',#11825,#11826,#11827);
#11825 = CARTESIAN_POINT('',(-1.6,1.5,7.));
#11826 = DIRECTION('',(-1.,1.224646799147E-16,0.));
#11827 = DIRECTION('',(-1.224646799147E-16,-1.,0.));
#11828 = ADVANCED_FACE('',(#11829),#11840,.T.);
#11829 = FACE_BOUND('',#11830,.T.);
#11830 = EDGE_LOOP('',(#11831,#11832,#11838,#11839));
#11831 = ORIENTED_EDGE('',*,*,#11784,.T.);
#11832 = ORIENTED_EDGE('',*,*,#11833,.T.);
#11833 = EDGE_CURVE('',#11785,#11527,#11834,.T.);
#11834 = LINE('',#11835,#11836);
#11835 = CARTESIAN_POINT('',(4.95,1.,3.65));
#11836 = VECTOR('',#11837,1.);
#11837 = DIRECTION('',(-1.,1.224646799147E-16,0.));
#11838 = ORIENTED_EDGE('',*,*,#11535,.T.);
#11839 = ORIENTED_EDGE('',*,*,#11439,.F.);
#11840 = PLANE('',#11841);
#11841 = AXIS2_PLACEMENT_3D('',#11842,#11843,#11844);
#11842 = CARTESIAN_POINT('',(4.95,1.,3.65));
#11843 = DIRECTION('',(0.,0.,1.));
#11844 = DIRECTION('',(-1.224646799147E-16,-1.,0.));
#11845 = ADVANCED_FACE('',(#11846),#11864,.F.);
#11846 = FACE_BOUND('',#11847,.F.);
#11847 = EDGE_LOOP('',(#11848,#11849,#11857,#11863));
#11848 = ORIENTED_EDGE('',*,*,#11581,.T.);
#11849 = ORIENTED_EDGE('',*,*,#11850,.T.);
#11850 = EDGE_CURVE('',#11582,#11851,#11853,.T.);
#11851 = VERTEX_POINT('',#11852);
#11852 = CARTESIAN_POINT('',(-0.75,2.35,0.));
#11853 = LINE('',#11854,#11855);
#11854 = CARTESIAN_POINT('',(-0.75,-3.4,0.));
#11855 = VECTOR('',#11856,1.);
#11856 = DIRECTION('',(1.224646799147E-16,1.,0.));
#11857 = ORIENTED_EDGE('',*,*,#11858,.T.);
#11858 = EDGE_CURVE('',#11851,#11493,#11859,.T.);
#11859 = LINE('',#11860,#11861);
#11860 = CARTESIAN_POINT('',(4.95,2.35,0.));
#11861 = VECTOR('',#11862,1.);
#11862 = DIRECTION('',(-1.,1.224646799147E-16,0.));
#11863 = ORIENTED_EDGE('',*,*,#11492,.T.);
#11864 = PLANE('',#11865);
#11865 = AXIS2_PLACEMENT_3D('',#11866,#11867,#11868);
#11866 = CARTESIAN_POINT('',(1.25,-0.525,0.));
#11867 = DIRECTION('',(0.,0.,1.));
#11868 = DIRECTION('',(-1.,1.224646799147E-16,0.));
#11869 = ADVANCED_FACE('',(#11870),#11881,.F.);
#11870 = FACE_BOUND('',#11871,.F.);
#11871 = EDGE_LOOP('',(#11872,#11873,#11874,#11880));
#11872 = ORIENTED_EDGE('',*,*,#11833,.T.);
#11873 = ORIENTED_EDGE('',*,*,#11526,.T.);
#11874 = ORIENTED_EDGE('',*,*,#11875,.F.);
#11875 = EDGE_CURVE('',#11793,#11519,#11876,.T.);
#11876 = LINE('',#11877,#11878);
#11877 = CARTESIAN_POINT('',(4.95,1.5,4.15));
#11878 = VECTOR('',#11879,1.);
#11879 = DIRECTION('',(-1.,1.224646799147E-16,0.));
#11880 = ORIENTED_EDGE('',*,*,#11792,.F.);
#11881 = CYLINDRICAL_SURFACE('',#11882,0.5);
#11882 = AXIS2_PLACEMENT_3D('',#11883,#11884,#11885);
#11883 = CARTESIAN_POINT('',(4.95,1.,4.15));
#11884 = DIRECTION('',(1.,-1.224646799147E-16,-0.));
#11885 = DIRECTION('',(1.224646799147E-16,1.,0.));
#11886 = ADVANCED_FACE('',(#11887),#12019,.T.);
#11887 = FACE_BOUND('',#11888,.T.);
#11888 = EDGE_LOOP('',(#11889,#11890,#11898,#11906,#11914,#11922,#11930,
    #11939,#11947,#11956,#11964,#11972,#11980,#11988,#11994,#11995,
    #11996,#11997,#12005,#12013));
#11889 = ORIENTED_EDGE('',*,*,#11728,.F.);
#11890 = ORIENTED_EDGE('',*,*,#11891,.T.);
#11891 = EDGE_CURVE('',#11729,#11892,#11894,.T.);
#11892 = VERTEX_POINT('',#11893);
#11893 = CARTESIAN_POINT('',(3.,1.5,7.));
#11894 = LINE('',#11895,#11896);
#11895 = CARTESIAN_POINT('',(4.95,1.5,7.));
#11896 = VECTOR('',#11897,1.);
#11897 = DIRECTION('',(-1.,1.224646799147E-16,0.));
#11898 = ORIENTED_EDGE('',*,*,#11899,.T.);
#11899 = EDGE_CURVE('',#11892,#11900,#11902,.T.);
#11900 = VERTEX_POINT('',#11901);
#11901 = CARTESIAN_POINT('',(3.,1.5,6.1));
#11902 = LINE('',#11903,#11904);
#11903 = CARTESIAN_POINT('',(3.,1.5,5.340388446215));
#11904 = VECTOR('',#11905,1.);
#11905 = DIRECTION('',(-2.467162276945E-16,8.387236609414E-17,-1.));
#11906 = ORIENTED_EDGE('',*,*,#11907,.T.);
#11907 = EDGE_CURVE('',#11900,#11908,#11910,.T.);
#11908 = VERTEX_POINT('',#11909);
#11909 = CARTESIAN_POINT('',(2.75,1.5,5.85));
#11910 = LINE('',#11911,#11912);
#11911 = CARTESIAN_POINT('',(2.057694223108,1.5,5.157694223108));
#11912 = VECTOR('',#11913,1.);
#11913 = DIRECTION('',(-0.707106781187,1.459023244428E-16,
    -0.707106781187));
#11914 = ORIENTED_EDGE('',*,*,#11915,.T.);
#11915 = EDGE_CURVE('',#11908,#11916,#11918,.T.);
#11916 = VERTEX_POINT('',#11917);
#11917 = CARTESIAN_POINT('',(3.,1.5,5.6));
#11918 = LINE('',#11919,#11920);
#11919 = CARTESIAN_POINT('',(2.817305776892,1.5,5.782694223108));
#11920 = VECTOR('',#11921,1.);
#11921 = DIRECTION('',(0.707106781187,-2.72888868042E-17,-0.707106781187
    ));
#11922 = ORIENTED_EDGE('',*,*,#11923,.T.);
#11923 = EDGE_CURVE('',#11916,#11924,#11926,.T.);
#11924 = VERTEX_POINT('',#11925);
#11925 = CARTESIAN_POINT('',(3.,1.5,3.85));
#11926 = LINE('',#11927,#11928);
#11927 = CARTESIAN_POINT('',(3.,1.5,3.840388446215));
#11928 = VECTOR('',#11929,1.);
#11929 = DIRECTION('',(1.027140246741E-32,8.387236609414E-17,-1.));
#11930 = ORIENTED_EDGE('',*,*,#11931,.F.);
#11931 = EDGE_CURVE('',#11932,#11924,#11934,.T.);
#11932 = VERTEX_POINT('',#11933);
#11933 = CARTESIAN_POINT('',(2.25,1.5,3.1));
#11934 = CIRCLE('',#11935,0.75);
#11935 = AXIS2_PLACEMENT_3D('',#11936,#11937,#11938);
#11936 = CARTESIAN_POINT('',(2.25,1.5,3.85));
#11937 = DIRECTION('',(-1.224646799147E-16,-1.,0.));
#11938 = DIRECTION('',(-0.,0.,-1.));
#11939 = ORIENTED_EDGE('',*,*,#11940,.F.);
#11940 = EDGE_CURVE('',#11941,#11932,#11943,.T.);
#11941 = VERTEX_POINT('',#11942);
#11942 = CARTESIAN_POINT('',(0.25,1.5,3.1));
#11943 = LINE('',#11944,#11945);
#11944 = CARTESIAN_POINT('',(1.25,1.5,3.1));
#11945 = VECTOR('',#11946,1.);
#11946 = DIRECTION('',(1.,-1.224646799147E-16,6.189508478766E-63));
#11947 = ORIENTED_EDGE('',*,*,#11948,.F.);
#11948 = EDGE_CURVE('',#11949,#11941,#11951,.T.);
#11949 = VERTEX_POINT('',#11950);
#11950 = CARTESIAN_POINT('',(-0.5,1.5,3.85));
#11951 = CIRCLE('',#11952,0.75);
#11952 = AXIS2_PLACEMENT_3D('',#11953,#11954,#11955);
#11953 = CARTESIAN_POINT('',(0.25,1.5,3.85));
#11954 = DIRECTION('',(-1.224646799147E-16,-1.,0.));
#11955 = DIRECTION('',(-0.,0.,-1.));
#11956 = ORIENTED_EDGE('',*,*,#11957,.F.);
#11957 = EDGE_CURVE('',#11958,#11949,#11960,.T.);
#11958 = VERTEX_POINT('',#11959);
#11959 = CARTESIAN_POINT('',(-0.5,1.5,5.6));
#11960 = LINE('',#11961,#11962);
#11961 = CARTESIAN_POINT('',(-0.5,1.5,3.840388446215));
#11962 = VECTOR('',#11963,1.);
#11963 = DIRECTION('',(1.027140246741E-32,8.387236609414E-17,-1.));
#11964 = ORIENTED_EDGE('',*,*,#11965,.F.);
#11965 = EDGE_CURVE('',#11966,#11958,#11968,.T.);
#11966 = VERTEX_POINT('',#11967);
#11967 = CARTESIAN_POINT('',(-0.25,1.5,5.85));
#11968 = LINE('',#11969,#11970);
#11969 = CARTESIAN_POINT('',(-0.317305776892,1.5,5.782694223108));
#11970 = VECTOR('',#11971,1.);
#11971 = DIRECTION('',(-0.707106781187,1.459023244428E-16,
    -0.707106781187));
#11972 = ORIENTED_EDGE('',*,*,#11973,.F.);
#11973 = EDGE_CURVE('',#11974,#11966,#11976,.T.);
#11974 = VERTEX_POINT('',#11975);
#11975 = CARTESIAN_POINT('',(-0.5,1.5,6.1));
#11976 = LINE('',#11977,#11978);
#11977 = CARTESIAN_POINT('',(0.442305776892,1.5,5.157694223108));
#11978 = VECTOR('',#11979,1.);
#11979 = DIRECTION('',(0.707106781187,-2.72888868042E-17,-0.707106781187
    ));
#11980 = ORIENTED_EDGE('',*,*,#11981,.F.);
#11981 = EDGE_CURVE('',#11982,#11974,#11984,.T.);
#11982 = VERTEX_POINT('',#11983);
#11983 = CARTESIAN_POINT('',(-0.5,1.5,7.));
#11984 = LINE('',#11985,#11986);
#11985 = CARTESIAN_POINT('',(-0.5,1.5,5.340388446215));
#11986 = VECTOR('',#11987,1.);
#11987 = DIRECTION('',(1.027140246741E-32,8.387236609414E-17,-1.));
#11988 = ORIENTED_EDGE('',*,*,#11989,.T.);
#11989 = EDGE_CURVE('',#11982,#11511,#11990,.T.);
#11990 = LINE('',#11991,#11992);
#11991 = CARTESIAN_POINT('',(4.95,1.5,7.));
#11992 = VECTOR('',#11993,1.);
#11993 = DIRECTION('',(-1.,1.224646799147E-16,0.));
#11994 = ORIENTED_EDGE('',*,*,#11518,.T.);
#11995 = ORIENTED_EDGE('',*,*,#11875,.F.);
#11996 = ORIENTED_EDGE('',*,*,#11801,.T.);
#11997 = ORIENTED_EDGE('',*,*,#11998,.F.);
#11998 = EDGE_CURVE('',#11999,#11802,#12001,.T.);
#11999 = VERTEX_POINT('',#12000);
#12000 = CARTESIAN_POINT('',(4.1,1.5,1.85));
#12001 = LINE('',#12002,#12003);
#12002 = CARTESIAN_POINT('',(4.1,1.5,1.85));
#12003 = VECTOR('',#12004,1.);
#12004 = DIRECTION('',(-1.,1.224646799147E-16,0.));
#12005 = ORIENTED_EDGE('',*,*,#12006,.F.);
#12006 = EDGE_CURVE('',#12007,#11999,#12009,.T.);
#12007 = VERTEX_POINT('',#12008);
#12008 = CARTESIAN_POINT('',(4.1,1.5,4.15));
#12009 = LINE('',#12010,#12011);
#12010 = CARTESIAN_POINT('',(4.1,1.5,7.));
#12011 = VECTOR('',#12012,1.);
#12012 = DIRECTION('',(0.,0.,-1.));
#12013 = ORIENTED_EDGE('',*,*,#12014,.F.);
#12014 = EDGE_CURVE('',#11720,#12007,#12015,.T.);
#12015 = LINE('',#12016,#12017);
#12016 = CARTESIAN_POINT('',(4.95,1.5,4.15));
#12017 = VECTOR('',#12018,1.);
#12018 = DIRECTION('',(-1.,1.224646799147E-16,0.));
#12019 = PLANE('',#12020);
#12020 = AXIS2_PLACEMENT_3D('',#12021,#12022,#12023);
#12021 = CARTESIAN_POINT('',(1.25,1.5,4.58077689243));
#12022 = DIRECTION('',(-1.224646799147E-16,-1.,-8.387236609414E-17));
#12023 = DIRECTION('',(-1.027140246741E-32,-8.387236609414E-17,1.));
#12024 = ADVANCED_FACE('',(#12025),#12043,.T.);
#12025 = FACE_BOUND('',#12026,.T.);
#12026 = EDGE_LOOP('',(#12027,#12028,#12036,#12042));
#12027 = ORIENTED_EDGE('',*,*,#11989,.F.);
#12028 = ORIENTED_EDGE('',*,*,#12029,.F.);
#12029 = EDGE_CURVE('',#12030,#11982,#12032,.T.);
#12030 = VERTEX_POINT('',#12031);
#12031 = CARTESIAN_POINT('',(-0.5,2.35,7.));
#12032 = LINE('',#12033,#12034);
#12033 = CARTESIAN_POINT('',(-0.5,2.35,7.));
#12034 = VECTOR('',#12035,1.);
#12035 = DIRECTION('',(-1.224646799147E-16,-1.,0.));
#12036 = ORIENTED_EDGE('',*,*,#12037,.T.);
#12037 = EDGE_CURVE('',#12030,#11503,#12038,.T.);
#12038 = LINE('',#12039,#12040);
#12039 = CARTESIAN_POINT('',(4.95,2.35,7.));
#12040 = VECTOR('',#12041,1.);
#12041 = DIRECTION('',(-1.,1.224646799147E-16,0.));
#12042 = ORIENTED_EDGE('',*,*,#11510,.T.);
#12043 = PLANE('',#12044);
#12044 = AXIS2_PLACEMENT_3D('',#12045,#12046,#12047);
#12045 = CARTESIAN_POINT('',(1.25,-0.525,7.));
#12046 = DIRECTION('',(0.,0.,1.));
#12047 = DIRECTION('',(-1.,1.224646799147E-16,0.));
#12048 = ADVANCED_FACE('',(#12049),#12213,.F.);
#12049 = FACE_BOUND('',#12050,.F.);
#12050 = EDGE_LOOP('',(#12051,#12059,#12060,#12068,#12076,#12084,#12092,
    #12100,#12109,#12117,#12126,#12134,#12142,#12150,#12156,#12157,
    #12158,#12159,#12167,#12175,#12183,#12191,#12199,#12207));
#12051 = ORIENTED_EDGE('',*,*,#12052,.F.);
#12052 = EDGE_CURVE('',#11694,#12053,#12055,.T.);
#12053 = VERTEX_POINT('',#12054);
#12054 = CARTESIAN_POINT('',(3.25,2.35,0.));
#12055 = LINE('',#12056,#12057);
#12056 = CARTESIAN_POINT('',(4.95,2.35,0.));
#12057 = VECTOR('',#12058,1.);
#12058 = DIRECTION('',(-1.,1.224646799147E-16,0.));
#12059 = ORIENTED_EDGE('',*,*,#11744,.T.);
#12060 = ORIENTED_EDGE('',*,*,#12061,.T.);
#12061 = EDGE_CURVE('',#11737,#12062,#12064,.T.);
#12062 = VERTEX_POINT('',#12063);
#12063 = CARTESIAN_POINT('',(3.,2.35,7.));
#12064 = LINE('',#12065,#12066);
#12065 = CARTESIAN_POINT('',(4.95,2.35,7.));
#12066 = VECTOR('',#12067,1.);
#12067 = DIRECTION('',(-1.,1.224646799147E-16,0.));
#12068 = ORIENTED_EDGE('',*,*,#12069,.F.);
#12069 = EDGE_CURVE('',#12070,#12062,#12072,.T.);
#12070 = VERTEX_POINT('',#12071);
#12071 = CARTESIAN_POINT('',(3.,2.35,6.1));
#12072 = LINE('',#12073,#12074);
#12073 = CARTESIAN_POINT('',(3.,2.35,6.1));
#12074 = VECTOR('',#12075,1.);
#12075 = DIRECTION('',(2.467162276945E-16,-3.021402385438E-32,1.));
#12076 = ORIENTED_EDGE('',*,*,#12077,.F.);
#12077 = EDGE_CURVE('',#12078,#12070,#12080,.T.);
#12078 = VERTEX_POINT('',#12079);
#12079 = CARTESIAN_POINT('',(2.75,2.35,5.85));
#12080 = LINE('',#12081,#12082);
#12081 = CARTESIAN_POINT('',(2.75,2.35,5.85));
#12082 = VECTOR('',#12083,1.);
#12083 = DIRECTION('',(0.707106781187,-8.659560562349E-17,0.707106781187
    ));
#12084 = ORIENTED_EDGE('',*,*,#12085,.F.);
#12085 = EDGE_CURVE('',#12086,#12078,#12088,.T.);
#12086 = VERTEX_POINT('',#12087);
#12087 = CARTESIAN_POINT('',(3.,2.35,5.6));
#12088 = LINE('',#12089,#12090);
#12089 = CARTESIAN_POINT('',(3.,2.35,5.6));
#12090 = VECTOR('',#12091,1.);
#12091 = DIRECTION('',(-0.707106781187,8.659560562349E-17,0.707106781187
    ));
#12092 = ORIENTED_EDGE('',*,*,#12093,.F.);
#12093 = EDGE_CURVE('',#12094,#12086,#12096,.T.);
#12094 = VERTEX_POINT('',#12095);
#12095 = CARTESIAN_POINT('',(3.,2.35,3.85));
#12096 = LINE('',#12097,#12098);
#12097 = CARTESIAN_POINT('',(3.,2.35,3.1));
#12098 = VECTOR('',#12099,1.);
#12099 = DIRECTION('',(0.,0.,1.));
#12100 = ORIENTED_EDGE('',*,*,#12101,.F.);
#12101 = EDGE_CURVE('',#12102,#12094,#12104,.T.);
#12102 = VERTEX_POINT('',#12103);
#12103 = CARTESIAN_POINT('',(2.25,2.35,3.1));
#12104 = CIRCLE('',#12105,0.75);
#12105 = AXIS2_PLACEMENT_3D('',#12106,#12107,#12108);
#12106 = CARTESIAN_POINT('',(2.25,2.35,3.85));
#12107 = DIRECTION('',(-1.224646799147E-16,-1.,0.));
#12108 = DIRECTION('',(0.,0.,1.));
#12109 = ORIENTED_EDGE('',*,*,#12110,.F.);
#12110 = EDGE_CURVE('',#12111,#12102,#12113,.T.);
#12111 = VERTEX_POINT('',#12112);
#12112 = CARTESIAN_POINT('',(0.25,2.35,3.1));
#12113 = LINE('',#12114,#12115);
#12114 = CARTESIAN_POINT('',(1.25,2.35,3.1));
#12115 = VECTOR('',#12116,1.);
#12116 = DIRECTION('',(1.,-1.224646799147E-16,0.));
#12117 = ORIENTED_EDGE('',*,*,#12118,.T.);
#12118 = EDGE_CURVE('',#12111,#12119,#12121,.T.);
#12119 = VERTEX_POINT('',#12120);
#12120 = CARTESIAN_POINT('',(-0.5,2.35,3.85));
#12121 = CIRCLE('',#12122,0.75);
#12122 = AXIS2_PLACEMENT_3D('',#12123,#12124,#12125);
#12123 = CARTESIAN_POINT('',(0.25,2.35,3.85));
#12124 = DIRECTION('',(1.224646799147E-16,1.,-0.));
#12125 = DIRECTION('',(0.,0.,1.));
#12126 = ORIENTED_EDGE('',*,*,#12127,.T.);
#12127 = EDGE_CURVE('',#12119,#12128,#12130,.T.);
#12128 = VERTEX_POINT('',#12129);
#12129 = CARTESIAN_POINT('',(-0.5,2.35,5.6));
#12130 = LINE('',#12131,#12132);
#12131 = CARTESIAN_POINT('',(-0.5,2.35,3.1));
#12132 = VECTOR('',#12133,1.);
#12133 = DIRECTION('',(0.,0.,1.));
#12134 = ORIENTED_EDGE('',*,*,#12135,.T.);
#12135 = EDGE_CURVE('',#12128,#12136,#12138,.T.);
#12136 = VERTEX_POINT('',#12137);
#12137 = CARTESIAN_POINT('',(-0.25,2.35,5.85));
#12138 = LINE('',#12139,#12140);
#12139 = CARTESIAN_POINT('',(-0.5,2.35,5.6));
#12140 = VECTOR('',#12141,1.);
#12141 = DIRECTION('',(0.707106781187,-8.659560562349E-17,0.707106781187
    ));
#12142 = ORIENTED_EDGE('',*,*,#12143,.T.);
#12143 = EDGE_CURVE('',#12136,#12144,#12146,.T.);
#12144 = VERTEX_POINT('',#12145);
#12145 = CARTESIAN_POINT('',(-0.5,2.35,6.1));
#12146 = LINE('',#12147,#12148);
#12147 = CARTESIAN_POINT('',(-0.25,2.35,5.85));
#12148 = VECTOR('',#12149,1.);
#12149 = DIRECTION('',(-0.707106781187,8.659560562349E-17,0.707106781187
    ));
#12150 = ORIENTED_EDGE('',*,*,#12151,.T.);
#12151 = EDGE_CURVE('',#12144,#12030,#12152,.T.);
#12152 = LINE('',#12153,#12154);
#12153 = CARTESIAN_POINT('',(-0.5,2.35,6.1));
#12154 = VECTOR('',#12155,1.);
#12155 = DIRECTION('',(0.,0.,1.));
#12156 = ORIENTED_EDGE('',*,*,#12037,.T.);
#12157 = ORIENTED_EDGE('',*,*,#11502,.F.);
#12158 = ORIENTED_EDGE('',*,*,#11858,.F.);
#12159 = ORIENTED_EDGE('',*,*,#12160,.T.);
#12160 = EDGE_CURVE('',#11851,#12161,#12163,.T.);
#12161 = VERTEX_POINT('',#12162);
#12162 = CARTESIAN_POINT('',(-0.75,2.35,1.));
#12163 = LINE('',#12164,#12165);
#12164 = CARTESIAN_POINT('',(-0.75,2.35,0.));
#12165 = VECTOR('',#12166,1.);
#12166 = DIRECTION('',(0.,0.,1.));
#12167 = ORIENTED_EDGE('',*,*,#12168,.F.);
#12168 = EDGE_CURVE('',#12169,#12161,#12171,.T.);
#12169 = VERTEX_POINT('',#12170);
#12170 = CARTESIAN_POINT('',(0.75,2.35,1.));
#12171 = LINE('',#12172,#12173);
#12172 = CARTESIAN_POINT('',(0.75,2.35,1.));
#12173 = VECTOR('',#12174,1.);
#12174 = DIRECTION('',(-1.,1.224646799147E-16,0.));
#12175 = ORIENTED_EDGE('',*,*,#12176,.F.);
#12176 = EDGE_CURVE('',#12177,#12169,#12179,.T.);
#12177 = VERTEX_POINT('',#12178);
#12178 = CARTESIAN_POINT('',(0.75,2.35,0.));
#12179 = LINE('',#12180,#12181);
#12180 = CARTESIAN_POINT('',(0.75,2.35,0.));
#12181 = VECTOR('',#12182,1.);
#12182 = DIRECTION('',(0.,0.,1.));
#12183 = ORIENTED_EDGE('',*,*,#12184,.F.);
#12184 = EDGE_CURVE('',#12185,#12177,#12187,.T.);
#12185 = VERTEX_POINT('',#12186);
#12186 = CARTESIAN_POINT('',(1.75,2.35,0.));
#12187 = LINE('',#12188,#12189);
#12188 = CARTESIAN_POINT('',(4.95,2.35,0.));
#12189 = VECTOR('',#12190,1.);
#12190 = DIRECTION('',(-1.,1.224646799147E-16,0.));
#12191 = ORIENTED_EDGE('',*,*,#12192,.T.);
#12192 = EDGE_CURVE('',#12185,#12193,#12195,.T.);
#12193 = VERTEX_POINT('',#12194);
#12194 = CARTESIAN_POINT('',(1.75,2.35,1.));
#12195 = LINE('',#12196,#12197);
#12196 = CARTESIAN_POINT('',(1.75,2.35,0.));
#12197 = VECTOR('',#12198,1.);
#12198 = DIRECTION('',(0.,0.,1.));
#12199 = ORIENTED_EDGE('',*,*,#12200,.F.);
#12200 = EDGE_CURVE('',#12201,#12193,#12203,.T.);
#12201 = VERTEX_POINT('',#12202);
#12202 = CARTESIAN_POINT('',(3.25,2.35,1.));
#12203 = LINE('',#12204,#12205);
#12204 = CARTESIAN_POINT('',(3.25,2.35,1.));
#12205 = VECTOR('',#12206,1.);
#12206 = DIRECTION('',(-1.,1.224646799147E-16,0.));
#12207 = ORIENTED_EDGE('',*,*,#12208,.F.);
#12208 = EDGE_CURVE('',#12053,#12201,#12209,.T.);
#12209 = LINE('',#12210,#12211);
#12210 = CARTESIAN_POINT('',(3.25,2.35,0.));
#12211 = VECTOR('',#12212,1.);
#12212 = DIRECTION('',(0.,0.,1.));
#12213 = PLANE('',#12214);
#12214 = AXIS2_PLACEMENT_3D('',#12215,#12216,#12217);
#12215 = CARTESIAN_POINT('',(4.95,2.35,0.));
#12216 = DIRECTION('',(-1.224646799147E-16,-1.,0.));
#12217 = DIRECTION('',(-1.,1.224646799147E-16,0.));
#12218 = ADVANCED_FACE('',(#12219),#12237,.F.);
#12219 = FACE_BOUND('',#12220,.F.);
#12220 = EDGE_LOOP('',(#12221,#12222,#12230,#12236));
#12221 = ORIENTED_EDGE('',*,*,#11817,.T.);
#12222 = ORIENTED_EDGE('',*,*,#12223,.T.);
#12223 = EDGE_CURVE('',#11810,#12224,#12226,.T.);
#12224 = VERTEX_POINT('',#12225);
#12225 = CARTESIAN_POINT('',(4.1,-2.65,1.85));
#12226 = LINE('',#12227,#12228);
#12227 = CARTESIAN_POINT('',(-1.6,-2.65,1.85));
#12228 = VECTOR('',#12229,1.);
#12229 = DIRECTION('',(1.,-1.224646799147E-16,0.));
#12230 = ORIENTED_EDGE('',*,*,#12231,.F.);
#12231 = EDGE_CURVE('',#11560,#12224,#12232,.T.);
#12232 = LINE('',#12233,#12234);
#12233 = CARTESIAN_POINT('',(4.1,-2.65,7.));
#12234 = VECTOR('',#12235,1.);
#12235 = DIRECTION('',(0.,0.,-1.));
#12236 = ORIENTED_EDGE('',*,*,#11567,.F.);
#12237 = PLANE('',#12238);
#12238 = AXIS2_PLACEMENT_3D('',#12239,#12240,#12241);
#12239 = CARTESIAN_POINT('',(-1.6,-2.65,7.));
#12240 = DIRECTION('',(-1.224646799147E-16,-1.,0.));
#12241 = DIRECTION('',(1.,-1.224646799147E-16,0.));
#12242 = ADVANCED_FACE('',(#12243),#12270,.T.);
#12243 = FACE_BOUND('',#12244,.T.);
#12244 = EDGE_LOOP('',(#12245,#12246,#12254,#12262,#12268,#12269));
#12245 = ORIENTED_EDGE('',*,*,#12160,.T.);
#12246 = ORIENTED_EDGE('',*,*,#12247,.T.);
#12247 = EDGE_CURVE('',#12161,#12248,#12250,.T.);
#12248 = VERTEX_POINT('',#12249);
#12249 = CARTESIAN_POINT('',(-0.75,0.5,0.3));
#12250 = LINE('',#12251,#12252);
#12251 = CARTESIAN_POINT('',(-0.75,2.35,1.));
#12252 = VECTOR('',#12253,1.);
#12253 = DIRECTION('',(-1.14539532148E-16,-0.935286257456,
    -0.353892097416));
#12254 = ORIENTED_EDGE('',*,*,#12255,.T.);
#12255 = EDGE_CURVE('',#12248,#12256,#12258,.T.);
#12256 = VERTEX_POINT('',#12257);
#12257 = CARTESIAN_POINT('',(-0.75,-0.5,0.3));
#12258 = LINE('',#12259,#12260);
#12259 = CARTESIAN_POINT('',(-0.75,0.5,0.3));
#12260 = VECTOR('',#12261,1.);
#12261 = DIRECTION('',(-1.224646799147E-16,-1.,0.));
#12262 = ORIENTED_EDGE('',*,*,#12263,.T.);
#12263 = EDGE_CURVE('',#12256,#11648,#12264,.T.);
#12264 = LINE('',#12265,#12266);
#12265 = CARTESIAN_POINT('',(-0.75,-0.5,0.3));
#12266 = VECTOR('',#12267,1.);
#12267 = DIRECTION('',(-1.190457365237E-16,-0.972082208573,
    0.234640533104));
#12268 = ORIENTED_EDGE('',*,*,#11655,.T.);
#12269 = ORIENTED_EDGE('',*,*,#11850,.T.);
#12270 = PLANE('',#12271);
#12271 = AXIS2_PLACEMENT_3D('',#12272,#12273,#12274);
#12272 = CARTESIAN_POINT('',(-0.75,-0.515451356496,0.330008245993));
#12273 = DIRECTION('',(1.,-1.224646799147E-16,-1.256256073143E-32));
#12274 = DIRECTION('',(-1.256256073143E-32,1.538469978883E-48,-1.));
#12275 = ADVANCED_FACE('',(#12276),#12294,.F.);
#12276 = FACE_BOUND('',#12277,.F.);
#12277 = EDGE_LOOP('',(#12278,#12286,#12287,#12288));
#12278 = ORIENTED_EDGE('',*,*,#12279,.T.);
#12279 = EDGE_CURVE('',#12280,#12256,#12282,.T.);
#12280 = VERTEX_POINT('',#12281);
#12281 = CARTESIAN_POINT('',(0.75,-0.5,0.3));
#12282 = LINE('',#12283,#12284);
#12283 = CARTESIAN_POINT('',(0.75,-0.5,0.3));
#12284 = VECTOR('',#12285,1.);
#12285 = DIRECTION('',(-1.,1.224646799147E-16,0.));
#12286 = ORIENTED_EDGE('',*,*,#12263,.T.);
#12287 = ORIENTED_EDGE('',*,*,#11647,.F.);
#12288 = ORIENTED_EDGE('',*,*,#12289,.F.);
#12289 = EDGE_CURVE('',#12280,#11640,#12290,.T.);
#12290 = LINE('',#12291,#12292);
#12291 = CARTESIAN_POINT('',(0.75,-0.5,0.3));
#12292 = VECTOR('',#12293,1.);
#12293 = DIRECTION('',(-1.190457365237E-16,-0.972082208573,
    0.234640533104));
#12294 = PLANE('',#12295);
#12295 = AXIS2_PLACEMENT_3D('',#12296,#12297,#12298);
#12296 = CARTESIAN_POINT('',(0.75,-0.5,0.3));
#12297 = DIRECTION('',(2.87351777816E-17,0.234640533104,0.972082208573)
  );
#12298 = DIRECTION('',(-1.190457365237E-16,-0.972082208573,
    0.234640533104));
#12299 = ADVANCED_FACE('',(#12300),#12325,.F.);
#12300 = FACE_BOUND('',#12301,.F.);
#12301 = EDGE_LOOP('',(#12302,#12303,#12311,#12317,#12318,#12319));
#12302 = ORIENTED_EDGE('',*,*,#12176,.T.);
#12303 = ORIENTED_EDGE('',*,*,#12304,.T.);
#12304 = EDGE_CURVE('',#12169,#12305,#12307,.T.);
#12305 = VERTEX_POINT('',#12306);
#12306 = CARTESIAN_POINT('',(0.75,0.5,0.3));
#12307 = LINE('',#12308,#12309);
#12308 = CARTESIAN_POINT('',(0.75,2.35,1.));
#12309 = VECTOR('',#12310,1.);
#12310 = DIRECTION('',(-1.14539532148E-16,-0.935286257456,
    -0.353892097416));
#12311 = ORIENTED_EDGE('',*,*,#12312,.T.);
#12312 = EDGE_CURVE('',#12305,#12280,#12313,.T.);
#12313 = LINE('',#12314,#12315);
#12314 = CARTESIAN_POINT('',(0.75,0.5,0.3));
#12315 = VECTOR('',#12316,1.);
#12316 = DIRECTION('',(-1.224646799147E-16,-1.,0.));
#12317 = ORIENTED_EDGE('',*,*,#12289,.T.);
#12318 = ORIENTED_EDGE('',*,*,#11639,.T.);
#12319 = ORIENTED_EDGE('',*,*,#12320,.T.);
#12320 = EDGE_CURVE('',#11632,#12177,#12321,.T.);
#12321 = LINE('',#12322,#12323);
#12322 = CARTESIAN_POINT('',(0.75,-3.4,0.));
#12323 = VECTOR('',#12324,1.);
#12324 = DIRECTION('',(1.224646799147E-16,1.,0.));
#12325 = PLANE('',#12326);
#12326 = AXIS2_PLACEMENT_3D('',#12327,#12328,#12329);
#12327 = CARTESIAN_POINT('',(0.75,-0.515451356496,0.330008245993));
#12328 = DIRECTION('',(1.,-1.224646799147E-16,-1.256256073143E-32));
#12329 = DIRECTION('',(-1.256256073143E-32,1.538469978883E-48,-1.));
#12330 = ADVANCED_FACE('',(#12331),#12342,.F.);
#12331 = FACE_BOUND('',#12332,.F.);
#12332 = EDGE_LOOP('',(#12333,#12334,#12340,#12341));
#12333 = ORIENTED_EDGE('',*,*,#11631,.T.);
#12334 = ORIENTED_EDGE('',*,*,#12335,.T.);
#12335 = EDGE_CURVE('',#11624,#12185,#12336,.T.);
#12336 = LINE('',#12337,#12338);
#12337 = CARTESIAN_POINT('',(1.75,-3.4,0.));
#12338 = VECTOR('',#12339,1.);
#12339 = DIRECTION('',(1.224646799147E-16,1.,0.));
#12340 = ORIENTED_EDGE('',*,*,#12184,.T.);
#12341 = ORIENTED_EDGE('',*,*,#12320,.F.);
#12342 = PLANE('',#12343);
#12343 = AXIS2_PLACEMENT_3D('',#12344,#12345,#12346);
#12344 = CARTESIAN_POINT('',(1.25,-0.525,0.));
#12345 = DIRECTION('',(0.,0.,1.));
#12346 = DIRECTION('',(-1.,1.224646799147E-16,0.));
#12347 = ADVANCED_FACE('',(#12348),#12375,.T.);
#12348 = FACE_BOUND('',#12349,.T.);
#12349 = EDGE_LOOP('',(#12350,#12351,#12359,#12367,#12373,#12374));
#12350 = ORIENTED_EDGE('',*,*,#12192,.T.);
#12351 = ORIENTED_EDGE('',*,*,#12352,.T.);
#12352 = EDGE_CURVE('',#12193,#12353,#12355,.T.);
#12353 = VERTEX_POINT('',#12354);
#12354 = CARTESIAN_POINT('',(1.75,0.5,0.3));
#12355 = LINE('',#12356,#12357);
#12356 = CARTESIAN_POINT('',(1.75,2.35,1.));
#12357 = VECTOR('',#12358,1.);
#12358 = DIRECTION('',(-1.14539532148E-16,-0.935286257456,
    -0.353892097416));
#12359 = ORIENTED_EDGE('',*,*,#12360,.T.);
#12360 = EDGE_CURVE('',#12353,#12361,#12363,.T.);
#12361 = VERTEX_POINT('',#12362);
#12362 = CARTESIAN_POINT('',(1.75,-0.5,0.3));
#12363 = LINE('',#12364,#12365);
#12364 = CARTESIAN_POINT('',(1.75,0.5,0.3));
#12365 = VECTOR('',#12366,1.);
#12366 = DIRECTION('',(-1.224646799147E-16,-1.,0.));
#12367 = ORIENTED_EDGE('',*,*,#12368,.T.);
#12368 = EDGE_CURVE('',#12361,#11616,#12369,.T.);
#12369 = LINE('',#12370,#12371);
#12370 = CARTESIAN_POINT('',(1.75,-0.5,0.3));
#12371 = VECTOR('',#12372,1.);
#12372 = DIRECTION('',(-1.190457365237E-16,-0.972082208573,
    0.234640533104));
#12373 = ORIENTED_EDGE('',*,*,#11623,.T.);
#12374 = ORIENTED_EDGE('',*,*,#12335,.T.);
#12375 = PLANE('',#12376);
#12376 = AXIS2_PLACEMENT_3D('',#12377,#12378,#12379);
#12377 = CARTESIAN_POINT('',(1.75,-0.515451356496,0.330008245993));
#12378 = DIRECTION('',(1.,-1.224646799147E-16,-1.256256073143E-32));
#12379 = DIRECTION('',(-1.256256073143E-32,1.538469978883E-48,-1.));
#12380 = ADVANCED_FACE('',(#12381),#12399,.F.);
#12381 = FACE_BOUND('',#12382,.F.);
#12382 = EDGE_LOOP('',(#12383,#12391,#12392,#12393));
#12383 = ORIENTED_EDGE('',*,*,#12384,.T.);
#12384 = EDGE_CURVE('',#12385,#12361,#12387,.T.);
#12385 = VERTEX_POINT('',#12386);
#12386 = CARTESIAN_POINT('',(3.25,-0.5,0.3));
#12387 = LINE('',#12388,#12389);
#12388 = CARTESIAN_POINT('',(3.25,-0.5,0.3));
#12389 = VECTOR('',#12390,1.);
#12390 = DIRECTION('',(-1.,1.224646799147E-16,0.));
#12391 = ORIENTED_EDGE('',*,*,#12368,.T.);
#12392 = ORIENTED_EDGE('',*,*,#11615,.F.);
#12393 = ORIENTED_EDGE('',*,*,#12394,.F.);
#12394 = EDGE_CURVE('',#12385,#11608,#12395,.T.);
#12395 = LINE('',#12396,#12397);
#12396 = CARTESIAN_POINT('',(3.25,-0.5,0.3));
#12397 = VECTOR('',#12398,1.);
#12398 = DIRECTION('',(-1.190457365237E-16,-0.972082208573,
    0.234640533104));
#12399 = PLANE('',#12400);
#12400 = AXIS2_PLACEMENT_3D('',#12401,#12402,#12403);
#12401 = CARTESIAN_POINT('',(3.25,-0.5,0.3));
#12402 = DIRECTION('',(2.87351777816E-17,0.234640533104,0.972082208573)
  );
#12403 = DIRECTION('',(-1.190457365237E-16,-0.972082208573,
    0.234640533104));
#12404 = ADVANCED_FACE('',(#12405),#12430,.F.);
#12405 = FACE_BOUND('',#12406,.F.);
#12406 = EDGE_LOOP('',(#12407,#12408,#12416,#12422,#12423,#12424));
#12407 = ORIENTED_EDGE('',*,*,#12208,.T.);
#12408 = ORIENTED_EDGE('',*,*,#12409,.T.);
#12409 = EDGE_CURVE('',#12201,#12410,#12412,.T.);
#12410 = VERTEX_POINT('',#12411);
#12411 = CARTESIAN_POINT('',(3.25,0.5,0.3));
#12412 = LINE('',#12413,#12414);
#12413 = CARTESIAN_POINT('',(3.25,2.35,1.));
#12414 = VECTOR('',#12415,1.);
#12415 = DIRECTION('',(-1.14539532148E-16,-0.935286257456,
    -0.353892097416));
#12416 = ORIENTED_EDGE('',*,*,#12417,.T.);
#12417 = EDGE_CURVE('',#12410,#12385,#12418,.T.);
#12418 = LINE('',#12419,#12420);
#12419 = CARTESIAN_POINT('',(3.25,0.5,0.3));
#12420 = VECTOR('',#12421,1.);
#12421 = DIRECTION('',(-1.224646799147E-16,-1.,0.));
#12422 = ORIENTED_EDGE('',*,*,#12394,.T.);
#12423 = ORIENTED_EDGE('',*,*,#11607,.T.);
#12424 = ORIENTED_EDGE('',*,*,#12425,.T.);
#12425 = EDGE_CURVE('',#11600,#12053,#12426,.T.);
#12426 = LINE('',#12427,#12428);
#12427 = CARTESIAN_POINT('',(3.25,-3.4,0.));
#12428 = VECTOR('',#12429,1.);
#12429 = DIRECTION('',(1.224646799147E-16,1.,0.));
#12430 = PLANE('',#12431);
#12431 = AXIS2_PLACEMENT_3D('',#12432,#12433,#12434);
#12432 = CARTESIAN_POINT('',(3.25,-0.515451356496,0.330008245993));
#12433 = DIRECTION('',(1.,-1.224646799147E-16,-1.256256073143E-32));
#12434 = DIRECTION('',(-1.256256073143E-32,1.538469978883E-48,-1.));
#12435 = ADVANCED_FACE('',(#12436),#12442,.F.);
#12436 = FACE_BOUND('',#12437,.F.);
#12437 = EDGE_LOOP('',(#12438,#12439,#12440,#12441));
#12438 = ORIENTED_EDGE('',*,*,#11693,.T.);
#12439 = ORIENTED_EDGE('',*,*,#12052,.T.);
#12440 = ORIENTED_EDGE('',*,*,#12425,.F.);
#12441 = ORIENTED_EDGE('',*,*,#11599,.T.);
#12442 = PLANE('',#12443);
#12443 = AXIS2_PLACEMENT_3D('',#12444,#12445,#12446);
#12444 = CARTESIAN_POINT('',(1.25,-0.525,0.));
#12445 = DIRECTION('',(0.,0.,1.));
#12446 = DIRECTION('',(-1.,1.224646799147E-16,0.));
#12447 = ADVANCED_FACE('',(#12448),#12475,.F.);
#12448 = FACE_BOUND('',#12449,.F.);
#12449 = EDGE_LOOP('',(#12450,#12451,#12452,#12453,#12459,#12460,#12469)
  );
#12450 = ORIENTED_EDGE('',*,*,#11768,.T.);
#12451 = ORIENTED_EDGE('',*,*,#11679,.F.);
#12452 = ORIENTED_EDGE('',*,*,#12231,.T.);
#12453 = ORIENTED_EDGE('',*,*,#12454,.T.);
#12454 = EDGE_CURVE('',#12224,#11999,#12455,.T.);
#12455 = LINE('',#12456,#12457);
#12456 = CARTESIAN_POINT('',(4.1,-2.65,1.85));
#12457 = VECTOR('',#12458,1.);
#12458 = DIRECTION('',(1.224646799147E-16,1.,0.));
#12459 = ORIENTED_EDGE('',*,*,#12006,.F.);
#12460 = ORIENTED_EDGE('',*,*,#12461,.F.);
#12461 = EDGE_CURVE('',#12462,#12007,#12464,.T.);
#12462 = VERTEX_POINT('',#12463);
#12463 = CARTESIAN_POINT('',(4.1,1.,3.65));
#12464 = CIRCLE('',#12465,0.5);
#12465 = AXIS2_PLACEMENT_3D('',#12466,#12467,#12468);
#12466 = CARTESIAN_POINT('',(4.1,1.,4.15));
#12467 = DIRECTION('',(1.,-1.224646799147E-16,0.));
#12468 = DIRECTION('',(1.224646799147E-16,1.,0.));
#12469 = ORIENTED_EDGE('',*,*,#12470,.T.);
#12470 = EDGE_CURVE('',#12462,#11761,#12471,.T.);
#12471 = LINE('',#12472,#12473);
#12472 = CARTESIAN_POINT('',(4.1,-0.825,3.65));
#12473 = VECTOR('',#12474,1.);
#12474 = DIRECTION('',(-1.224646799147E-16,-1.,0.));
#12475 = PLANE('',#12476);
#12476 = AXIS2_PLACEMENT_3D('',#12477,#12478,#12479);
#12477 = CARTESIAN_POINT('',(4.1,-2.65,7.));
#12478 = DIRECTION('',(1.,-1.224646799147E-16,0.));
#12479 = DIRECTION('',(1.224646799147E-16,1.,0.));
#12480 = ADVANCED_FACE('',(#12481),#12492,.T.);
#12481 = FACE_BOUND('',#12482,.T.);
#12482 = EDGE_LOOP('',(#12483,#12484,#12485,#12486));
#12483 = ORIENTED_EDGE('',*,*,#11891,.F.);
#12484 = ORIENTED_EDGE('',*,*,#11736,.T.);
#12485 = ORIENTED_EDGE('',*,*,#12061,.T.);
#12486 = ORIENTED_EDGE('',*,*,#12487,.T.);
#12487 = EDGE_CURVE('',#12062,#11892,#12488,.T.);
#12488 = LINE('',#12489,#12490);
#12489 = CARTESIAN_POINT('',(3.,2.35,7.));
#12490 = VECTOR('',#12491,1.);
#12491 = DIRECTION('',(-1.224646799147E-16,-1.,0.));
#12492 = PLANE('',#12493);
#12493 = AXIS2_PLACEMENT_3D('',#12494,#12495,#12496);
#12494 = CARTESIAN_POINT('',(1.25,-0.525,7.));
#12495 = DIRECTION('',(0.,0.,1.));
#12496 = DIRECTION('',(-1.,1.224646799147E-16,0.));
#12497 = ADVANCED_FACE('',(#12498),#12509,.F.);
#12498 = FACE_BOUND('',#12499,.F.);
#12499 = EDGE_LOOP('',(#12500,#12506,#12507,#12508));
#12500 = ORIENTED_EDGE('',*,*,#12501,.T.);
#12501 = EDGE_CURVE('',#11712,#12462,#12502,.T.);
#12502 = LINE('',#12503,#12504);
#12503 = CARTESIAN_POINT('',(4.95,1.,3.65));
#12504 = VECTOR('',#12505,1.);
#12505 = DIRECTION('',(-1.,1.224646799147E-16,0.));
#12506 = ORIENTED_EDGE('',*,*,#12461,.T.);
#12507 = ORIENTED_EDGE('',*,*,#12014,.F.);
#12508 = ORIENTED_EDGE('',*,*,#11719,.T.);
#12509 = CYLINDRICAL_SURFACE('',#12510,0.5);
#12510 = AXIS2_PLACEMENT_3D('',#12511,#12512,#12513);
#12511 = CARTESIAN_POINT('',(4.95,1.,4.15));
#12512 = DIRECTION('',(1.,-1.224646799147E-16,-0.));
#12513 = DIRECTION('',(1.224646799147E-16,1.,0.));
#12514 = ADVANCED_FACE('',(#12515),#12521,.T.);
#12515 = FACE_BOUND('',#12516,.T.);
#12516 = EDGE_LOOP('',(#12517,#12518,#12519,#12520));
#12517 = ORIENTED_EDGE('',*,*,#11711,.F.);
#12518 = ORIENTED_EDGE('',*,*,#12501,.T.);
#12519 = ORIENTED_EDGE('',*,*,#12470,.T.);
#12520 = ORIENTED_EDGE('',*,*,#11760,.F.);
#12521 = PLANE('',#12522);
#12522 = AXIS2_PLACEMENT_3D('',#12523,#12524,#12525);
#12523 = CARTESIAN_POINT('',(4.95,1.,3.65));
#12524 = DIRECTION('',(0.,0.,1.));
#12525 = DIRECTION('',(-1.224646799147E-16,-1.,0.));
#12526 = ADVANCED_FACE('',(#12527,#12533,#12567),#12601,.T.);
#12527 = FACE_BOUND('',#12528,.T.);
#12528 = EDGE_LOOP('',(#12529,#12530,#12531,#12532));
#12529 = ORIENTED_EDGE('',*,*,#11998,.T.);
#12530 = ORIENTED_EDGE('',*,*,#11809,.T.);
#12531 = ORIENTED_EDGE('',*,*,#12223,.T.);
#12532 = ORIENTED_EDGE('',*,*,#12454,.T.);
#12533 = FACE_BOUND('',#12534,.T.);
#12534 = EDGE_LOOP('',(#12535,#12545,#12553,#12561));
#12535 = ORIENTED_EDGE('',*,*,#12536,.F.);
#12536 = EDGE_CURVE('',#12537,#12539,#12541,.T.);
#12537 = VERTEX_POINT('',#12538);
#12538 = CARTESIAN_POINT('',(-0.32,0.32,1.85));
#12539 = VERTEX_POINT('',#12540);
#12540 = CARTESIAN_POINT('',(-0.32,-0.32,1.85));
#12541 = LINE('',#12542,#12543);
#12542 = CARTESIAN_POINT('',(-0.32,-0.26920299558,1.85));
#12543 = VECTOR('',#12544,1.);
#12544 = DIRECTION('',(-1.224646799147E-16,-1.,0.));
#12545 = ORIENTED_EDGE('',*,*,#12546,.T.);
#12546 = EDGE_CURVE('',#12537,#12547,#12549,.T.);
#12547 = VERTEX_POINT('',#12548);
#12548 = CARTESIAN_POINT('',(0.32,0.32,1.85));
#12549 = LINE('',#12550,#12551);
#12550 = CARTESIAN_POINT('',(0.785,0.32,1.85));
#12551 = VECTOR('',#12552,1.);
#12552 = DIRECTION('',(1.,-1.224646799147E-16,0.));
#12553 = ORIENTED_EDGE('',*,*,#12554,.T.);
#12554 = EDGE_CURVE('',#12547,#12555,#12557,.T.);
#12555 = VERTEX_POINT('',#12556);
#12556 = CARTESIAN_POINT('',(0.32,-0.32,1.85));
#12557 = LINE('',#12558,#12559);
#12558 = CARTESIAN_POINT('',(0.32,-0.26920299558,1.85));
#12559 = VECTOR('',#12560,1.);
#12560 = DIRECTION('',(-1.224646799147E-16,-1.,0.));
#12561 = ORIENTED_EDGE('',*,*,#12562,.T.);
#12562 = EDGE_CURVE('',#12555,#12539,#12563,.T.);
#12563 = LINE('',#12564,#12565);
#12564 = CARTESIAN_POINT('',(0.785,-0.32,1.85));
#12565 = VECTOR('',#12566,1.);
#12566 = DIRECTION('',(-1.,1.224646799147E-16,0.));
#12567 = FACE_BOUND('',#12568,.T.);
#12568 = EDGE_LOOP('',(#12569,#12579,#12587,#12595));
#12569 = ORIENTED_EDGE('',*,*,#12570,.F.);
#12570 = EDGE_CURVE('',#12571,#12573,#12575,.T.);
#12571 = VERTEX_POINT('',#12572);
#12572 = CARTESIAN_POINT('',(2.18,0.32,1.85));
#12573 = VERTEX_POINT('',#12574);
#12574 = CARTESIAN_POINT('',(2.18,-0.32,1.85));
#12575 = LINE('',#12576,#12577);
#12576 = CARTESIAN_POINT('',(2.18,-0.26920299558,1.85));
#12577 = VECTOR('',#12578,1.);
#12578 = DIRECTION('',(-1.224646799147E-16,-1.,0.));
#12579 = ORIENTED_EDGE('',*,*,#12580,.T.);
#12580 = EDGE_CURVE('',#12571,#12581,#12583,.T.);
#12581 = VERTEX_POINT('',#12582);
#12582 = CARTESIAN_POINT('',(2.82,0.32,1.85));
#12583 = LINE('',#12584,#12585);
#12584 = CARTESIAN_POINT('',(2.035,0.32,1.85));
#12585 = VECTOR('',#12586,1.);
#12586 = DIRECTION('',(1.,-1.224646799147E-16,0.));
#12587 = ORIENTED_EDGE('',*,*,#12588,.T.);
#12588 = EDGE_CURVE('',#12581,#12589,#12591,.T.);
#12589 = VERTEX_POINT('',#12590);
#12590 = CARTESIAN_POINT('',(2.82,-0.32,1.85));
#12591 = LINE('',#12592,#12593);
#12592 = CARTESIAN_POINT('',(2.82,-0.26920299558,1.85));
#12593 = VECTOR('',#12594,1.);
#12594 = DIRECTION('',(-1.224646799147E-16,-1.,0.));
#12595 = ORIENTED_EDGE('',*,*,#12596,.T.);
#12596 = EDGE_CURVE('',#12589,#12573,#12597,.T.);
#12597 = LINE('',#12598,#12599);
#12598 = CARTESIAN_POINT('',(2.035,-0.32,1.85));
#12599 = VECTOR('',#12600,1.);
#12600 = DIRECTION('',(-1.,1.224646799147E-16,0.));
#12601 = PLANE('',#12602);
#12602 = AXIS2_PLACEMENT_3D('',#12603,#12604,#12605);
#12603 = CARTESIAN_POINT('',(1.25,-0.575,1.85));
#12604 = DIRECTION('',(0.,0.,1.));
#12605 = DIRECTION('',(-1.,1.224646799147E-16,0.));
#12606 = ADVANCED_FACE('',(#12607),#12618,.F.);
#12607 = FACE_BOUND('',#12608,.F.);
#12608 = EDGE_LOOP('',(#12609,#12610,#12616,#12617));
#12609 = ORIENTED_EDGE('',*,*,#12151,.F.);
#12610 = ORIENTED_EDGE('',*,*,#12611,.T.);
#12611 = EDGE_CURVE('',#12144,#11974,#12612,.T.);
#12612 = LINE('',#12613,#12614);
#12613 = CARTESIAN_POINT('',(-0.5,2.35,6.1));
#12614 = VECTOR('',#12615,1.);
#12615 = DIRECTION('',(-1.224646799147E-16,-1.,0.));
#12616 = ORIENTED_EDGE('',*,*,#11981,.F.);
#12617 = ORIENTED_EDGE('',*,*,#12029,.F.);
#12618 = PLANE('',#12619);
#12619 = AXIS2_PLACEMENT_3D('',#12620,#12621,#12622);
#12620 = CARTESIAN_POINT('',(-0.5,2.35,6.1));
#12621 = DIRECTION('',(-1.,1.224646799147E-16,0.));
#12622 = DIRECTION('',(0.,0.,1.));
#12623 = ADVANCED_FACE('',(#12624),#12635,.F.);
#12624 = FACE_BOUND('',#12625,.F.);
#12625 = EDGE_LOOP('',(#12626,#12627,#12633,#12634));
#12626 = ORIENTED_EDGE('',*,*,#12143,.F.);
#12627 = ORIENTED_EDGE('',*,*,#12628,.T.);
#12628 = EDGE_CURVE('',#12136,#11966,#12629,.T.);
#12629 = LINE('',#12630,#12631);
#12630 = CARTESIAN_POINT('',(-0.25,2.35,5.85));
#12631 = VECTOR('',#12632,1.);
#12632 = DIRECTION('',(-1.224646799147E-16,-1.,0.));
#12633 = ORIENTED_EDGE('',*,*,#11973,.F.);
#12634 = ORIENTED_EDGE('',*,*,#12611,.F.);
#12635 = PLANE('',#12636);
#12636 = AXIS2_PLACEMENT_3D('',#12637,#12638,#12639);
#12637 = CARTESIAN_POINT('',(-0.25,2.35,5.85));
#12638 = DIRECTION('',(-0.707106781187,8.659560562349E-17,
    -0.707106781187));
#12639 = DIRECTION('',(-0.707106781187,8.659560562349E-17,0.707106781187
    ));
#12640 = ADVANCED_FACE('',(#12641),#12652,.F.);
#12641 = FACE_BOUND('',#12642,.F.);
#12642 = EDGE_LOOP('',(#12643,#12644,#12650,#12651));
#12643 = ORIENTED_EDGE('',*,*,#12135,.F.);
#12644 = ORIENTED_EDGE('',*,*,#12645,.T.);
#12645 = EDGE_CURVE('',#12128,#11958,#12646,.T.);
#12646 = LINE('',#12647,#12648);
#12647 = CARTESIAN_POINT('',(-0.5,2.35,5.6));
#12648 = VECTOR('',#12649,1.);
#12649 = DIRECTION('',(-1.224646799147E-16,-1.,0.));
#12650 = ORIENTED_EDGE('',*,*,#11965,.F.);
#12651 = ORIENTED_EDGE('',*,*,#12628,.F.);
#12652 = PLANE('',#12653);
#12653 = AXIS2_PLACEMENT_3D('',#12654,#12655,#12656);
#12654 = CARTESIAN_POINT('',(-0.5,2.35,5.6));
#12655 = DIRECTION('',(-0.707106781187,8.659560562349E-17,0.707106781187
    ));
#12656 = DIRECTION('',(0.707106781187,-8.659560562349E-17,0.707106781187
    ));
#12657 = ADVANCED_FACE('',(#12658),#12669,.F.);
#12658 = FACE_BOUND('',#12659,.F.);
#12659 = EDGE_LOOP('',(#12660,#12661,#12667,#12668));
#12660 = ORIENTED_EDGE('',*,*,#12127,.F.);
#12661 = ORIENTED_EDGE('',*,*,#12662,.T.);
#12662 = EDGE_CURVE('',#12119,#11949,#12663,.T.);
#12663 = LINE('',#12664,#12665);
#12664 = CARTESIAN_POINT('',(-0.5,2.35,3.85));
#12665 = VECTOR('',#12666,1.);
#12666 = DIRECTION('',(-1.224646799147E-16,-1.,0.));
#12667 = ORIENTED_EDGE('',*,*,#11957,.F.);
#12668 = ORIENTED_EDGE('',*,*,#12645,.F.);
#12669 = PLANE('',#12670);
#12670 = AXIS2_PLACEMENT_3D('',#12671,#12672,#12673);
#12671 = CARTESIAN_POINT('',(-0.5,2.35,3.1));
#12672 = DIRECTION('',(-1.,1.224646799147E-16,0.));
#12673 = DIRECTION('',(0.,0.,1.));
#12674 = ADVANCED_FACE('',(#12675),#12686,.F.);
#12675 = FACE_BOUND('',#12676,.F.);
#12676 = EDGE_LOOP('',(#12677,#12678,#12679,#12680));
#12677 = ORIENTED_EDGE('',*,*,#11948,.F.);
#12678 = ORIENTED_EDGE('',*,*,#12662,.F.);
#12679 = ORIENTED_EDGE('',*,*,#12118,.F.);
#12680 = ORIENTED_EDGE('',*,*,#12681,.T.);
#12681 = EDGE_CURVE('',#12111,#11941,#12682,.T.);
#12682 = LINE('',#12683,#12684);
#12683 = CARTESIAN_POINT('',(0.25,2.35,3.1));
#12684 = VECTOR('',#12685,1.);
#12685 = DIRECTION('',(-1.224646799147E-16,-1.,0.));
#12686 = CYLINDRICAL_SURFACE('',#12687,0.75);
#12687 = AXIS2_PLACEMENT_3D('',#12688,#12689,#12690);
#12688 = CARTESIAN_POINT('',(0.25,2.35,3.85));
#12689 = DIRECTION('',(-1.224646799147E-16,-1.,0.));
#12690 = DIRECTION('',(-0.,0.,-1.));
#12691 = ADVANCED_FACE('',(#12692),#12703,.F.);
#12692 = FACE_BOUND('',#12693,.F.);
#12693 = EDGE_LOOP('',(#12694,#12695,#12696,#12702));
#12694 = ORIENTED_EDGE('',*,*,#12681,.F.);
#12695 = ORIENTED_EDGE('',*,*,#12110,.T.);
#12696 = ORIENTED_EDGE('',*,*,#12697,.T.);
#12697 = EDGE_CURVE('',#12102,#11932,#12698,.T.);
#12698 = LINE('',#12699,#12700);
#12699 = CARTESIAN_POINT('',(2.25,2.35,3.1));
#12700 = VECTOR('',#12701,1.);
#12701 = DIRECTION('',(-1.224646799147E-16,-1.,0.));
#12702 = ORIENTED_EDGE('',*,*,#11940,.F.);
#12703 = PLANE('',#12704);
#12704 = AXIS2_PLACEMENT_3D('',#12705,#12706,#12707);
#12705 = CARTESIAN_POINT('',(1.25,1.85,3.1));
#12706 = DIRECTION('',(1.288101310069E-46,1.051814540295E-30,-1.));
#12707 = DIRECTION('',(1.224646799147E-16,1.,1.051814540295E-30));
#12708 = ADVANCED_FACE('',(#12709),#12720,.F.);
#12709 = FACE_BOUND('',#12710,.F.);
#12710 = EDGE_LOOP('',(#12711,#12712,#12713,#12719));
#12711 = ORIENTED_EDGE('',*,*,#12697,.F.);
#12712 = ORIENTED_EDGE('',*,*,#12101,.T.);
#12713 = ORIENTED_EDGE('',*,*,#12714,.T.);
#12714 = EDGE_CURVE('',#12094,#11924,#12715,.T.);
#12715 = LINE('',#12716,#12717);
#12716 = CARTESIAN_POINT('',(3.,2.35,3.85));
#12717 = VECTOR('',#12718,1.);
#12718 = DIRECTION('',(-1.224646799147E-16,-1.,0.));
#12719 = ORIENTED_EDGE('',*,*,#11931,.F.);
#12720 = CYLINDRICAL_SURFACE('',#12721,0.75);
#12721 = AXIS2_PLACEMENT_3D('',#12722,#12723,#12724);
#12722 = CARTESIAN_POINT('',(2.25,2.35,3.85));
#12723 = DIRECTION('',(-1.224646799147E-16,-1.,0.));
#12724 = DIRECTION('',(0.,-0.,-1.));
#12725 = ADVANCED_FACE('',(#12726),#12737,.T.);
#12726 = FACE_BOUND('',#12727,.T.);
#12727 = EDGE_LOOP('',(#12728,#12729,#12730,#12731));
#12728 = ORIENTED_EDGE('',*,*,#12093,.F.);
#12729 = ORIENTED_EDGE('',*,*,#12714,.T.);
#12730 = ORIENTED_EDGE('',*,*,#11923,.F.);
#12731 = ORIENTED_EDGE('',*,*,#12732,.F.);
#12732 = EDGE_CURVE('',#12086,#11916,#12733,.T.);
#12733 = LINE('',#12734,#12735);
#12734 = CARTESIAN_POINT('',(3.,2.35,5.6));
#12735 = VECTOR('',#12736,1.);
#12736 = DIRECTION('',(-1.224646799147E-16,-1.,0.));
#12737 = PLANE('',#12738);
#12738 = AXIS2_PLACEMENT_3D('',#12739,#12740,#12741);
#12739 = CARTESIAN_POINT('',(3.,2.35,3.1));
#12740 = DIRECTION('',(-1.,1.224646799147E-16,0.));
#12741 = DIRECTION('',(0.,0.,1.));
#12742 = ADVANCED_FACE('',(#12743),#12754,.T.);
#12743 = FACE_BOUND('',#12744,.T.);
#12744 = EDGE_LOOP('',(#12745,#12746,#12747,#12748));
#12745 = ORIENTED_EDGE('',*,*,#12085,.F.);
#12746 = ORIENTED_EDGE('',*,*,#12732,.T.);
#12747 = ORIENTED_EDGE('',*,*,#11915,.F.);
#12748 = ORIENTED_EDGE('',*,*,#12749,.F.);
#12749 = EDGE_CURVE('',#12078,#11908,#12750,.T.);
#12750 = LINE('',#12751,#12752);
#12751 = CARTESIAN_POINT('',(2.75,2.35,5.85));
#12752 = VECTOR('',#12753,1.);
#12753 = DIRECTION('',(-1.224646799147E-16,-1.,0.));
#12754 = PLANE('',#12755);
#12755 = AXIS2_PLACEMENT_3D('',#12756,#12757,#12758);
#12756 = CARTESIAN_POINT('',(3.,2.35,5.6));
#12757 = DIRECTION('',(-0.707106781187,8.659560562349E-17,
    -0.707106781187));
#12758 = DIRECTION('',(-0.707106781187,8.659560562349E-17,0.707106781187
    ));
#12759 = ADVANCED_FACE('',(#12760),#12771,.T.);
#12760 = FACE_BOUND('',#12761,.T.);
#12761 = EDGE_LOOP('',(#12762,#12763,#12764,#12765));
#12762 = ORIENTED_EDGE('',*,*,#12077,.F.);
#12763 = ORIENTED_EDGE('',*,*,#12749,.T.);
#12764 = ORIENTED_EDGE('',*,*,#11907,.F.);
#12765 = ORIENTED_EDGE('',*,*,#12766,.F.);
#12766 = EDGE_CURVE('',#12070,#11900,#12767,.T.);
#12767 = LINE('',#12768,#12769);
#12768 = CARTESIAN_POINT('',(3.,2.35,6.1));
#12769 = VECTOR('',#12770,1.);
#12770 = DIRECTION('',(-1.224646799147E-16,-1.,0.));
#12771 = PLANE('',#12772);
#12772 = AXIS2_PLACEMENT_3D('',#12773,#12774,#12775);
#12773 = CARTESIAN_POINT('',(2.75,2.35,5.85));
#12774 = DIRECTION('',(-0.707106781187,8.659560562349E-17,0.707106781187
    ));
#12775 = DIRECTION('',(0.707106781187,-8.659560562349E-17,0.707106781187
    ));
#12776 = ADVANCED_FACE('',(#12777),#12783,.T.);
#12777 = FACE_BOUND('',#12778,.T.);
#12778 = EDGE_LOOP('',(#12779,#12780,#12781,#12782));
#12779 = ORIENTED_EDGE('',*,*,#12069,.F.);
#12780 = ORIENTED_EDGE('',*,*,#12766,.T.);
#12781 = ORIENTED_EDGE('',*,*,#11899,.F.);
#12782 = ORIENTED_EDGE('',*,*,#12487,.F.);
#12783 = PLANE('',#12784);
#12784 = AXIS2_PLACEMENT_3D('',#12785,#12786,#12787);
#12785 = CARTESIAN_POINT('',(3.,2.35,6.1));
#12786 = DIRECTION('',(-1.,1.224646799147E-16,2.467162276945E-16));
#12787 = DIRECTION('',(2.467162276945E-16,-3.021402385438E-32,1.));
#12788 = ADVANCED_FACE('',(#12789),#12800,.F.);
#12789 = FACE_BOUND('',#12790,.F.);
#12790 = EDGE_LOOP('',(#12791,#12792,#12793,#12799));
#12791 = ORIENTED_EDGE('',*,*,#12200,.T.);
#12792 = ORIENTED_EDGE('',*,*,#12352,.T.);
#12793 = ORIENTED_EDGE('',*,*,#12794,.F.);
#12794 = EDGE_CURVE('',#12410,#12353,#12795,.T.);
#12795 = LINE('',#12796,#12797);
#12796 = CARTESIAN_POINT('',(3.25,0.5,0.3));
#12797 = VECTOR('',#12798,1.);
#12798 = DIRECTION('',(-1.,1.224646799147E-16,0.));
#12799 = ORIENTED_EDGE('',*,*,#12409,.F.);
#12800 = PLANE('',#12801);
#12801 = AXIS2_PLACEMENT_3D('',#12802,#12803,#12804);
#12802 = CARTESIAN_POINT('',(3.25,2.35,1.));
#12803 = DIRECTION('',(-4.33392824344E-17,-0.353892097416,0.935286257456
    ));
#12804 = DIRECTION('',(-1.14539532148E-16,-0.935286257456,
    -0.353892097416));
#12805 = ADVANCED_FACE('',(#12806),#12817,.F.);
#12806 = FACE_BOUND('',#12807,.F.);
#12807 = EDGE_LOOP('',(#12808,#12809,#12810,#12816));
#12808 = ORIENTED_EDGE('',*,*,#12168,.T.);
#12809 = ORIENTED_EDGE('',*,*,#12247,.T.);
#12810 = ORIENTED_EDGE('',*,*,#12811,.F.);
#12811 = EDGE_CURVE('',#12305,#12248,#12812,.T.);
#12812 = LINE('',#12813,#12814);
#12813 = CARTESIAN_POINT('',(0.75,0.5,0.3));
#12814 = VECTOR('',#12815,1.);
#12815 = DIRECTION('',(-1.,1.224646799147E-16,0.));
#12816 = ORIENTED_EDGE('',*,*,#12304,.F.);
#12817 = PLANE('',#12818);
#12818 = AXIS2_PLACEMENT_3D('',#12819,#12820,#12821);
#12819 = CARTESIAN_POINT('',(0.75,2.35,1.));
#12820 = DIRECTION('',(-4.33392824344E-17,-0.353892097416,0.935286257456
    ));
#12821 = DIRECTION('',(-1.14539532148E-16,-0.935286257456,
    -0.353892097416));
#12822 = ADVANCED_FACE('',(#12823,#12829),#12863,.F.);
#12823 = FACE_BOUND('',#12824,.F.);
#12824 = EDGE_LOOP('',(#12825,#12826,#12827,#12828));
#12825 = ORIENTED_EDGE('',*,*,#12811,.T.);
#12826 = ORIENTED_EDGE('',*,*,#12255,.T.);
#12827 = ORIENTED_EDGE('',*,*,#12279,.F.);
#12828 = ORIENTED_EDGE('',*,*,#12312,.F.);
#12829 = FACE_BOUND('',#12830,.F.);
#12830 = EDGE_LOOP('',(#12831,#12841,#12849,#12857));
#12831 = ORIENTED_EDGE('',*,*,#12832,.F.);
#12832 = EDGE_CURVE('',#12833,#12835,#12837,.T.);
#12833 = VERTEX_POINT('',#12834);
#12834 = CARTESIAN_POINT('',(-0.32,0.32,0.3));
#12835 = VERTEX_POINT('',#12836);
#12836 = CARTESIAN_POINT('',(-0.32,-0.32,0.3));
#12837 = LINE('',#12838,#12839);
#12838 = CARTESIAN_POINT('',(-0.32,0.26829700442,0.3));
#12839 = VECTOR('',#12840,1.);
#12840 = DIRECTION('',(-1.224646799147E-16,-1.,0.));
#12841 = ORIENTED_EDGE('',*,*,#12842,.T.);
#12842 = EDGE_CURVE('',#12833,#12843,#12845,.T.);
#12843 = VERTEX_POINT('',#12844);
#12844 = CARTESIAN_POINT('',(0.32,0.32,0.3));
#12845 = LINE('',#12846,#12847);
#12846 = CARTESIAN_POINT('',(0.535,0.32,0.3));
#12847 = VECTOR('',#12848,1.);
#12848 = DIRECTION('',(1.,-1.224646799147E-16,0.));
#12849 = ORIENTED_EDGE('',*,*,#12850,.T.);
#12850 = EDGE_CURVE('',#12843,#12851,#12853,.T.);
#12851 = VERTEX_POINT('',#12852);
#12852 = CARTESIAN_POINT('',(0.32,-0.32,0.3));
#12853 = LINE('',#12854,#12855);
#12854 = CARTESIAN_POINT('',(0.32,0.26829700442,0.3));
#12855 = VECTOR('',#12856,1.);
#12856 = DIRECTION('',(-1.224646799147E-16,-1.,0.));
#12857 = ORIENTED_EDGE('',*,*,#12858,.T.);
#12858 = EDGE_CURVE('',#12851,#12835,#12859,.T.);
#12859 = LINE('',#12860,#12861);
#12860 = CARTESIAN_POINT('',(0.535,-0.32,0.3));
#12861 = VECTOR('',#12862,1.);
#12862 = DIRECTION('',(-1.,1.224646799147E-16,0.));
#12863 = PLANE('',#12864);
#12864 = AXIS2_PLACEMENT_3D('',#12865,#12866,#12867);
#12865 = CARTESIAN_POINT('',(0.75,0.5,0.3));
#12866 = DIRECTION('',(0.,0.,1.));
#12867 = DIRECTION('',(-1.224646799147E-16,-1.,0.));
#12868 = ADVANCED_FACE('',(#12869,#12875),#12909,.F.);
#12869 = FACE_BOUND('',#12870,.F.);
#12870 = EDGE_LOOP('',(#12871,#12872,#12873,#12874));
#12871 = ORIENTED_EDGE('',*,*,#12794,.T.);
#12872 = ORIENTED_EDGE('',*,*,#12360,.T.);
#12873 = ORIENTED_EDGE('',*,*,#12384,.F.);
#12874 = ORIENTED_EDGE('',*,*,#12417,.F.);
#12875 = FACE_BOUND('',#12876,.F.);
#12876 = EDGE_LOOP('',(#12877,#12887,#12895,#12903));
#12877 = ORIENTED_EDGE('',*,*,#12878,.F.);
#12878 = EDGE_CURVE('',#12879,#12881,#12883,.T.);
#12879 = VERTEX_POINT('',#12880);
#12880 = CARTESIAN_POINT('',(2.18,0.32,0.3));
#12881 = VERTEX_POINT('',#12882);
#12882 = CARTESIAN_POINT('',(2.18,-0.32,0.3));
#12883 = LINE('',#12884,#12885);
#12884 = CARTESIAN_POINT('',(2.18,0.26829700442,0.3));
#12885 = VECTOR('',#12886,1.);
#12886 = DIRECTION('',(-1.224646799147E-16,-1.,0.));
#12887 = ORIENTED_EDGE('',*,*,#12888,.T.);
#12888 = EDGE_CURVE('',#12879,#12889,#12891,.T.);
#12889 = VERTEX_POINT('',#12890);
#12890 = CARTESIAN_POINT('',(2.82,0.32,0.3));
#12891 = LINE('',#12892,#12893);
#12892 = CARTESIAN_POINT('',(3.035,0.32,0.3));
#12893 = VECTOR('',#12894,1.);
#12894 = DIRECTION('',(1.,-1.224646799147E-16,0.));
#12895 = ORIENTED_EDGE('',*,*,#12896,.T.);
#12896 = EDGE_CURVE('',#12889,#12897,#12899,.T.);
#12897 = VERTEX_POINT('',#12898);
#12898 = CARTESIAN_POINT('',(2.82,-0.32,0.3));
#12899 = LINE('',#12900,#12901);
#12900 = CARTESIAN_POINT('',(2.82,0.26829700442,0.3));
#12901 = VECTOR('',#12902,1.);
#12902 = DIRECTION('',(-1.224646799147E-16,-1.,0.));
#12903 = ORIENTED_EDGE('',*,*,#12904,.T.);
#12904 = EDGE_CURVE('',#12897,#12881,#12905,.T.);
#12905 = LINE('',#12906,#12907);
#12906 = CARTESIAN_POINT('',(3.035,-0.32,0.3));
#12907 = VECTOR('',#12908,1.);
#12908 = DIRECTION('',(-1.,1.224646799147E-16,0.));
#12909 = PLANE('',#12910);
#12910 = AXIS2_PLACEMENT_3D('',#12911,#12912,#12913);
#12911 = CARTESIAN_POINT('',(3.25,0.5,0.3));
#12912 = DIRECTION('',(0.,0.,1.));
#12913 = DIRECTION('',(-1.224646799147E-16,-1.,0.));
#12914 = ADVANCED_FACE('',(#12915),#12940,.T.);
#12915 = FACE_BOUND('',#12916,.T.);
#12916 = EDGE_LOOP('',(#12917,#12918,#12926,#12934));
#12917 = ORIENTED_EDGE('',*,*,#12536,.T.);
#12918 = ORIENTED_EDGE('',*,*,#12919,.T.);
#12919 = EDGE_CURVE('',#12539,#12920,#12922,.T.);
#12920 = VERTEX_POINT('',#12921);
#12921 = CARTESIAN_POINT('',(-0.32,-0.32,6.3));
#12922 = LINE('',#12923,#12924);
#12923 = CARTESIAN_POINT('',(-0.32,-0.32,-0.9));
#12924 = VECTOR('',#12925,1.);
#12925 = DIRECTION('',(0.,0.,1.));
#12926 = ORIENTED_EDGE('',*,*,#12927,.T.);
#12927 = EDGE_CURVE('',#12920,#12928,#12930,.T.);
#12928 = VERTEX_POINT('',#12929);
#12929 = CARTESIAN_POINT('',(-0.32,0.32,6.3));
#12930 = LINE('',#12931,#12932);
#12931 = CARTESIAN_POINT('',(-0.32,-0.32,6.3));
#12932 = VECTOR('',#12933,1.);
#12933 = DIRECTION('',(1.224646799147E-16,1.,0.));
#12934 = ORIENTED_EDGE('',*,*,#12935,.T.);
#12935 = EDGE_CURVE('',#12928,#12537,#12936,.T.);
#12936 = LINE('',#12937,#12938);
#12937 = CARTESIAN_POINT('',(-0.32,0.32,6.5));
#12938 = VECTOR('',#12939,1.);
#12939 = DIRECTION('',(-0.,0.,-1.));
#12940 = PLANE('',#12941);
#12941 = AXIS2_PLACEMENT_3D('',#12942,#12943,#12944);
#12942 = CARTESIAN_POINT('',(-0.32,3.65940088399E-02,1.522832428212));
#12943 = DIRECTION('',(-1.,1.224646799147E-16,0.));
#12944 = DIRECTION('',(0.,0.,1.));
#12945 = ADVANCED_FACE('',(#12946),#12964,.F.);
#12946 = FACE_BOUND('',#12947,.F.);
#12947 = EDGE_LOOP('',(#12948,#12956,#12957,#12958));
#12948 = ORIENTED_EDGE('',*,*,#12949,.F.);
#12949 = EDGE_CURVE('',#12555,#12950,#12952,.T.);
#12950 = VERTEX_POINT('',#12951);
#12951 = CARTESIAN_POINT('',(0.32,-0.32,6.3));
#12952 = LINE('',#12953,#12954);
#12953 = CARTESIAN_POINT('',(0.32,-0.32,-0.9));
#12954 = VECTOR('',#12955,1.);
#12955 = DIRECTION('',(0.,0.,1.));
#12956 = ORIENTED_EDGE('',*,*,#12562,.T.);
#12957 = ORIENTED_EDGE('',*,*,#12919,.T.);
#12958 = ORIENTED_EDGE('',*,*,#12959,.F.);
#12959 = EDGE_CURVE('',#12950,#12920,#12960,.T.);
#12960 = LINE('',#12961,#12962);
#12961 = CARTESIAN_POINT('',(0.32,-0.32,6.3));
#12962 = VECTOR('',#12963,1.);
#12963 = DIRECTION('',(-1.,1.224646799147E-16,0.));
#12964 = PLANE('',#12965);
#12965 = AXIS2_PLACEMENT_3D('',#12966,#12967,#12968);
#12966 = CARTESIAN_POINT('',(0.32,-0.32,-0.9));
#12967 = DIRECTION('',(1.224646799147E-16,1.,0.));
#12968 = DIRECTION('',(0.,-0.,1.));
#12969 = ADVANCED_FACE('',(#12970),#12988,.F.);
#12970 = FACE_BOUND('',#12971,.F.);
#12971 = EDGE_LOOP('',(#12972,#12973,#12974,#12982));
#12972 = ORIENTED_EDGE('',*,*,#12554,.T.);
#12973 = ORIENTED_EDGE('',*,*,#12949,.T.);
#12974 = ORIENTED_EDGE('',*,*,#12975,.T.);
#12975 = EDGE_CURVE('',#12950,#12976,#12978,.T.);
#12976 = VERTEX_POINT('',#12977);
#12977 = CARTESIAN_POINT('',(0.32,0.32,6.3));
#12978 = LINE('',#12979,#12980);
#12979 = CARTESIAN_POINT('',(0.32,-0.32,6.3));
#12980 = VECTOR('',#12981,1.);
#12981 = DIRECTION('',(1.224646799147E-16,1.,0.));
#12982 = ORIENTED_EDGE('',*,*,#12983,.T.);
#12983 = EDGE_CURVE('',#12976,#12547,#12984,.T.);
#12984 = LINE('',#12985,#12986);
#12985 = CARTESIAN_POINT('',(0.32,0.32,6.5));
#12986 = VECTOR('',#12987,1.);
#12987 = DIRECTION('',(-0.,0.,-1.));
#12988 = PLANE('',#12989);
#12989 = AXIS2_PLACEMENT_3D('',#12990,#12991,#12992);
#12990 = CARTESIAN_POINT('',(0.32,3.65940088399E-02,1.522832428212));
#12991 = DIRECTION('',(-1.,1.224646799147E-16,0.));
#12992 = DIRECTION('',(0.,0.,1.));
#12993 = ADVANCED_FACE('',(#12994),#13005,.F.);
#12994 = FACE_BOUND('',#12995,.F.);
#12995 = EDGE_LOOP('',(#12996,#12997,#13003,#13004));
#12996 = ORIENTED_EDGE('',*,*,#12983,.F.);
#12997 = ORIENTED_EDGE('',*,*,#12998,.T.);
#12998 = EDGE_CURVE('',#12976,#12928,#12999,.T.);
#12999 = LINE('',#13000,#13001);
#13000 = CARTESIAN_POINT('',(0.32,0.32,6.3));
#13001 = VECTOR('',#13002,1.);
#13002 = DIRECTION('',(-1.,1.224646799147E-16,0.));
#13003 = ORIENTED_EDGE('',*,*,#12935,.T.);
#13004 = ORIENTED_EDGE('',*,*,#12546,.T.);
#13005 = PLANE('',#13006);
#13006 = AXIS2_PLACEMENT_3D('',#13007,#13008,#13009);
#13007 = CARTESIAN_POINT('',(0.32,0.32,6.5));
#13008 = DIRECTION('',(-1.224646799147E-16,-1.,0.));
#13009 = DIRECTION('',(-0.,0.,-1.));
#13010 = ADVANCED_FACE('',(#13011),#13036,.T.);
#13011 = FACE_BOUND('',#13012,.T.);
#13012 = EDGE_LOOP('',(#13013,#13014,#13022,#13030));
#13013 = ORIENTED_EDGE('',*,*,#12570,.T.);
#13014 = ORIENTED_EDGE('',*,*,#13015,.T.);
#13015 = EDGE_CURVE('',#12573,#13016,#13018,.T.);
#13016 = VERTEX_POINT('',#13017);
#13017 = CARTESIAN_POINT('',(2.18,-0.32,6.3));
#13018 = LINE('',#13019,#13020);
#13019 = CARTESIAN_POINT('',(2.18,-0.32,-0.9));
#13020 = VECTOR('',#13021,1.);
#13021 = DIRECTION('',(0.,0.,1.));
#13022 = ORIENTED_EDGE('',*,*,#13023,.T.);
#13023 = EDGE_CURVE('',#13016,#13024,#13026,.T.);
#13024 = VERTEX_POINT('',#13025);
#13025 = CARTESIAN_POINT('',(2.18,0.32,6.3));
#13026 = LINE('',#13027,#13028);
#13027 = CARTESIAN_POINT('',(2.18,-0.32,6.3));
#13028 = VECTOR('',#13029,1.);
#13029 = DIRECTION('',(1.224646799147E-16,1.,0.));
#13030 = ORIENTED_EDGE('',*,*,#13031,.T.);
#13031 = EDGE_CURVE('',#13024,#12571,#13032,.T.);
#13032 = LINE('',#13033,#13034);
#13033 = CARTESIAN_POINT('',(2.18,0.32,6.5));
#13034 = VECTOR('',#13035,1.);
#13035 = DIRECTION('',(-0.,0.,-1.));
#13036 = PLANE('',#13037);
#13037 = AXIS2_PLACEMENT_3D('',#13038,#13039,#13040);
#13038 = CARTESIAN_POINT('',(2.18,3.65940088399E-02,1.522832428212));
#13039 = DIRECTION('',(-1.,1.224646799147E-16,0.));
#13040 = DIRECTION('',(0.,0.,1.));
#13041 = ADVANCED_FACE('',(#13042),#13060,.F.);
#13042 = FACE_BOUND('',#13043,.F.);
#13043 = EDGE_LOOP('',(#13044,#13052,#13053,#13054));
#13044 = ORIENTED_EDGE('',*,*,#13045,.F.);
#13045 = EDGE_CURVE('',#12589,#13046,#13048,.T.);
#13046 = VERTEX_POINT('',#13047);
#13047 = CARTESIAN_POINT('',(2.82,-0.32,6.3));
#13048 = LINE('',#13049,#13050);
#13049 = CARTESIAN_POINT('',(2.82,-0.32,-0.9));
#13050 = VECTOR('',#13051,1.);
#13051 = DIRECTION('',(0.,0.,1.));
#13052 = ORIENTED_EDGE('',*,*,#12596,.T.);
#13053 = ORIENTED_EDGE('',*,*,#13015,.T.);
#13054 = ORIENTED_EDGE('',*,*,#13055,.F.);
#13055 = EDGE_CURVE('',#13046,#13016,#13056,.T.);
#13056 = LINE('',#13057,#13058);
#13057 = CARTESIAN_POINT('',(2.82,-0.32,6.3));
#13058 = VECTOR('',#13059,1.);
#13059 = DIRECTION('',(-1.,1.224646799147E-16,0.));
#13060 = PLANE('',#13061);
#13061 = AXIS2_PLACEMENT_3D('',#13062,#13063,#13064);
#13062 = CARTESIAN_POINT('',(2.82,-0.32,-0.9));
#13063 = DIRECTION('',(1.224646799147E-16,1.,0.));
#13064 = DIRECTION('',(0.,-0.,1.));
#13065 = ADVANCED_FACE('',(#13066),#13084,.F.);
#13066 = FACE_BOUND('',#13067,.F.);
#13067 = EDGE_LOOP('',(#13068,#13069,#13070,#13078));
#13068 = ORIENTED_EDGE('',*,*,#12588,.T.);
#13069 = ORIENTED_EDGE('',*,*,#13045,.T.);
#13070 = ORIENTED_EDGE('',*,*,#13071,.T.);
#13071 = EDGE_CURVE('',#13046,#13072,#13074,.T.);
#13072 = VERTEX_POINT('',#13073);
#13073 = CARTESIAN_POINT('',(2.82,0.32,6.3));
#13074 = LINE('',#13075,#13076);
#13075 = CARTESIAN_POINT('',(2.82,-0.32,6.3));
#13076 = VECTOR('',#13077,1.);
#13077 = DIRECTION('',(1.224646799147E-16,1.,0.));
#13078 = ORIENTED_EDGE('',*,*,#13079,.T.);
#13079 = EDGE_CURVE('',#13072,#12581,#13080,.T.);
#13080 = LINE('',#13081,#13082);
#13081 = CARTESIAN_POINT('',(2.82,0.32,6.5));
#13082 = VECTOR('',#13083,1.);
#13083 = DIRECTION('',(-0.,0.,-1.));
#13084 = PLANE('',#13085);
#13085 = AXIS2_PLACEMENT_3D('',#13086,#13087,#13088);
#13086 = CARTESIAN_POINT('',(2.82,3.65940088399E-02,1.522832428212));
#13087 = DIRECTION('',(-1.,1.224646799147E-16,0.));
#13088 = DIRECTION('',(0.,0.,1.));
#13089 = ADVANCED_FACE('',(#13090),#13101,.F.);
#13090 = FACE_BOUND('',#13091,.F.);
#13091 = EDGE_LOOP('',(#13092,#13093,#13099,#13100));
#13092 = ORIENTED_EDGE('',*,*,#13079,.F.);
#13093 = ORIENTED_EDGE('',*,*,#13094,.T.);
#13094 = EDGE_CURVE('',#13072,#13024,#13095,.T.);
#13095 = LINE('',#13096,#13097);
#13096 = CARTESIAN_POINT('',(2.82,0.32,6.3));
#13097 = VECTOR('',#13098,1.);
#13098 = DIRECTION('',(-1.,1.224646799147E-16,0.));
#13099 = ORIENTED_EDGE('',*,*,#13031,.T.);
#13100 = ORIENTED_EDGE('',*,*,#12580,.T.);
#13101 = PLANE('',#13102);
#13102 = AXIS2_PLACEMENT_3D('',#13103,#13104,#13105);
#13103 = CARTESIAN_POINT('',(2.82,0.32,6.5));
#13104 = DIRECTION('',(-1.224646799147E-16,-1.,0.));
#13105 = DIRECTION('',(-0.,0.,-1.));
#13106 = ADVANCED_FACE('',(#13107),#13164,.T.);
#13107 = FACE_BOUND('',#13108,.T.);
#13108 = EDGE_LOOP('',(#13109,#13119,#13127,#13135,#13141,#13142,#13150,
    #13158));
#13109 = ORIENTED_EDGE('',*,*,#13110,.T.);
#13110 = EDGE_CURVE('',#13111,#13113,#13115,.T.);
#13111 = VERTEX_POINT('',#13112);
#13112 = CARTESIAN_POINT('',(-0.32,0.351578947368,-3.2));
#13113 = VERTEX_POINT('',#13114);
#13114 = CARTESIAN_POINT('',(-0.32,-0.288421052632,-3.2));
#13115 = LINE('',#13116,#13117);
#13116 = CARTESIAN_POINT('',(-0.32,0.32,-3.2));
#13117 = VECTOR('',#13118,1.);
#13118 = DIRECTION('',(-1.224646799147E-16,-1.,0.));
#13119 = ORIENTED_EDGE('',*,*,#13120,.T.);
#13120 = EDGE_CURVE('',#13113,#13121,#13123,.T.);
#13121 = VERTEX_POINT('',#13122);
#13122 = CARTESIAN_POINT('',(-0.32,-2.E-02,-1.5));
#13123 = LINE('',#13124,#13125);
#13124 = CARTESIAN_POINT('',(-0.32,-0.32,-3.4));
#13125 = VECTOR('',#13126,1.);
#13126 = DIRECTION('',(1.909990663905E-17,0.155962573473,0.987762965329)
  );
#13127 = ORIENTED_EDGE('',*,*,#13128,.T.);
#13128 = EDGE_CURVE('',#13121,#13129,#13131,.T.);
#13129 = VERTEX_POINT('',#13130);
#13130 = CARTESIAN_POINT('',(-0.32,-0.32,-0.9));
#13131 = LINE('',#13132,#13133);
#13132 = CARTESIAN_POINT('',(-0.32,-2.E-02,-1.5));
#13133 = VECTOR('',#13134,1.);
#13134 = DIRECTION('',(-5.476786982641E-17,-0.4472135955,0.894427191));
#13135 = ORIENTED_EDGE('',*,*,#13136,.T.);
#13136 = EDGE_CURVE('',#13129,#12835,#13137,.T.);
#13137 = LINE('',#13138,#13139);
#13138 = CARTESIAN_POINT('',(-0.32,-0.32,-0.9));
#13139 = VECTOR('',#13140,1.);
#13140 = DIRECTION('',(0.,0.,1.));
#13141 = ORIENTED_EDGE('',*,*,#12832,.F.);
#13142 = ORIENTED_EDGE('',*,*,#13143,.T.);
#13143 = EDGE_CURVE('',#12833,#13144,#13146,.T.);
#13144 = VERTEX_POINT('',#13145);
#13145 = CARTESIAN_POINT('',(-0.32,0.32,-0.9));
#13146 = LINE('',#13147,#13148);
#13147 = CARTESIAN_POINT('',(-0.32,0.32,6.5));
#13148 = VECTOR('',#13149,1.);
#13149 = DIRECTION('',(-0.,0.,-1.));
#13150 = ORIENTED_EDGE('',*,*,#13151,.T.);
#13151 = EDGE_CURVE('',#13144,#13152,#13154,.T.);
#13152 = VERTEX_POINT('',#13153);
#13153 = CARTESIAN_POINT('',(-0.32,0.62,-1.5));
#13154 = LINE('',#13155,#13156);
#13155 = CARTESIAN_POINT('',(-0.32,0.32,-0.9));
#13156 = VECTOR('',#13157,1.);
#13157 = DIRECTION('',(5.476786982641E-17,0.4472135955,-0.894427191));
#13158 = ORIENTED_EDGE('',*,*,#13159,.T.);
#13159 = EDGE_CURVE('',#13152,#13111,#13160,.T.);
#13160 = LINE('',#13161,#13162);
#13161 = CARTESIAN_POINT('',(-0.32,0.62,-1.5));
#13162 = VECTOR('',#13163,1.);
#13163 = DIRECTION('',(-1.909990663905E-17,-0.155962573473,
    -0.987762965329));
#13164 = PLANE('',#13165);
#13165 = AXIS2_PLACEMENT_3D('',#13166,#13167,#13168);
#13166 = CARTESIAN_POINT('',(-0.32,3.65940088399E-02,1.522832428212));
#13167 = DIRECTION('',(-1.,1.224646799147E-16,0.));
#13168 = DIRECTION('',(0.,0.,1.));
#13169 = ADVANCED_FACE('',(#13170),#13188,.F.);
#13170 = FACE_BOUND('',#13171,.F.);
#13171 = EDGE_LOOP('',(#13172,#13180,#13186,#13187));
#13172 = ORIENTED_EDGE('',*,*,#13173,.F.);
#13173 = EDGE_CURVE('',#13174,#12851,#13176,.T.);
#13174 = VERTEX_POINT('',#13175);
#13175 = CARTESIAN_POINT('',(0.32,-0.32,-0.9));
#13176 = LINE('',#13177,#13178);
#13177 = CARTESIAN_POINT('',(0.32,-0.32,-0.9));
#13178 = VECTOR('',#13179,1.);
#13179 = DIRECTION('',(0.,0.,1.));
#13180 = ORIENTED_EDGE('',*,*,#13181,.T.);
#13181 = EDGE_CURVE('',#13174,#13129,#13182,.T.);
#13182 = LINE('',#13183,#13184);
#13183 = CARTESIAN_POINT('',(0.32,-0.32,-0.9));
#13184 = VECTOR('',#13185,1.);
#13185 = DIRECTION('',(-1.,1.224646799147E-16,0.));
#13186 = ORIENTED_EDGE('',*,*,#13136,.T.);
#13187 = ORIENTED_EDGE('',*,*,#12858,.F.);
#13188 = PLANE('',#13189);
#13189 = AXIS2_PLACEMENT_3D('',#13190,#13191,#13192);
#13190 = CARTESIAN_POINT('',(0.32,-0.32,-0.9));
#13191 = DIRECTION('',(1.224646799147E-16,1.,0.));
#13192 = DIRECTION('',(0.,-0.,1.));
#13193 = ADVANCED_FACE('',(#13194),#13244,.F.);
#13194 = FACE_BOUND('',#13195,.F.);
#13195 = EDGE_LOOP('',(#13196,#13206,#13214,#13220,#13221,#13222,#13230,
    #13238));
#13196 = ORIENTED_EDGE('',*,*,#13197,.T.);
#13197 = EDGE_CURVE('',#13198,#13200,#13202,.T.);
#13198 = VERTEX_POINT('',#13199);
#13199 = CARTESIAN_POINT('',(0.32,0.351578947368,-3.2));
#13200 = VERTEX_POINT('',#13201);
#13201 = CARTESIAN_POINT('',(0.32,-0.288421052632,-3.2));
#13202 = LINE('',#13203,#13204);
#13203 = CARTESIAN_POINT('',(0.32,0.32,-3.2));
#13204 = VECTOR('',#13205,1.);
#13205 = DIRECTION('',(-1.224646799147E-16,-1.,0.));
#13206 = ORIENTED_EDGE('',*,*,#13207,.T.);
#13207 = EDGE_CURVE('',#13200,#13208,#13210,.T.);
#13208 = VERTEX_POINT('',#13209);
#13209 = CARTESIAN_POINT('',(0.32,-2.E-02,-1.5));
#13210 = LINE('',#13211,#13212);
#13211 = CARTESIAN_POINT('',(0.32,-0.32,-3.4));
#13212 = VECTOR('',#13213,1.);
#13213 = DIRECTION('',(1.909990663905E-17,0.155962573473,0.987762965329)
  );
#13214 = ORIENTED_EDGE('',*,*,#13215,.T.);
#13215 = EDGE_CURVE('',#13208,#13174,#13216,.T.);
#13216 = LINE('',#13217,#13218);
#13217 = CARTESIAN_POINT('',(0.32,-2.E-02,-1.5));
#13218 = VECTOR('',#13219,1.);
#13219 = DIRECTION('',(-5.476786982641E-17,-0.4472135955,0.894427191));
#13220 = ORIENTED_EDGE('',*,*,#13173,.T.);
#13221 = ORIENTED_EDGE('',*,*,#12850,.F.);
#13222 = ORIENTED_EDGE('',*,*,#13223,.T.);
#13223 = EDGE_CURVE('',#12843,#13224,#13226,.T.);
#13224 = VERTEX_POINT('',#13225);
#13225 = CARTESIAN_POINT('',(0.32,0.32,-0.9));
#13226 = LINE('',#13227,#13228);
#13227 = CARTESIAN_POINT('',(0.32,0.32,6.5));
#13228 = VECTOR('',#13229,1.);
#13229 = DIRECTION('',(-0.,0.,-1.));
#13230 = ORIENTED_EDGE('',*,*,#13231,.T.);
#13231 = EDGE_CURVE('',#13224,#13232,#13234,.T.);
#13232 = VERTEX_POINT('',#13233);
#13233 = CARTESIAN_POINT('',(0.32,0.62,-1.5));
#13234 = LINE('',#13235,#13236);
#13235 = CARTESIAN_POINT('',(0.32,0.32,-0.9));
#13236 = VECTOR('',#13237,1.);
#13237 = DIRECTION('',(5.476786982641E-17,0.4472135955,-0.894427191));
#13238 = ORIENTED_EDGE('',*,*,#13239,.T.);
#13239 = EDGE_CURVE('',#13232,#13198,#13240,.T.);
#13240 = LINE('',#13241,#13242);
#13241 = CARTESIAN_POINT('',(0.32,0.62,-1.5));
#13242 = VECTOR('',#13243,1.);
#13243 = DIRECTION('',(-1.909990663905E-17,-0.155962573473,
    -0.987762965329));
#13244 = PLANE('',#13245);
#13245 = AXIS2_PLACEMENT_3D('',#13246,#13247,#13248);
#13246 = CARTESIAN_POINT('',(0.32,3.65940088399E-02,1.522832428212));
#13247 = DIRECTION('',(-1.,1.224646799147E-16,0.));
#13248 = DIRECTION('',(0.,0.,1.));
#13249 = ADVANCED_FACE('',(#13250),#13261,.F.);
#13250 = FACE_BOUND('',#13251,.F.);
#13251 = EDGE_LOOP('',(#13252,#13253,#13254,#13255));
#13252 = ORIENTED_EDGE('',*,*,#13223,.F.);
#13253 = ORIENTED_EDGE('',*,*,#12842,.F.);
#13254 = ORIENTED_EDGE('',*,*,#13143,.T.);
#13255 = ORIENTED_EDGE('',*,*,#13256,.F.);
#13256 = EDGE_CURVE('',#13224,#13144,#13257,.T.);
#13257 = LINE('',#13258,#13259);
#13258 = CARTESIAN_POINT('',(0.32,0.32,-0.9));
#13259 = VECTOR('',#13260,1.);
#13260 = DIRECTION('',(-1.,1.224646799147E-16,0.));
#13261 = PLANE('',#13262);
#13262 = AXIS2_PLACEMENT_3D('',#13263,#13264,#13265);
#13263 = CARTESIAN_POINT('',(0.32,0.32,6.5));
#13264 = DIRECTION('',(-1.224646799147E-16,-1.,0.));
#13265 = DIRECTION('',(-0.,0.,-1.));
#13266 = ADVANCED_FACE('',(#13267),#13324,.T.);
#13267 = FACE_BOUND('',#13268,.T.);
#13268 = EDGE_LOOP('',(#13269,#13279,#13287,#13295,#13301,#13302,#13310,
    #13318));
#13269 = ORIENTED_EDGE('',*,*,#13270,.T.);
#13270 = EDGE_CURVE('',#13271,#13273,#13275,.T.);
#13271 = VERTEX_POINT('',#13272);
#13272 = CARTESIAN_POINT('',(2.18,0.351578947368,-3.2));
#13273 = VERTEX_POINT('',#13274);
#13274 = CARTESIAN_POINT('',(2.18,-0.288421052632,-3.2));
#13275 = LINE('',#13276,#13277);
#13276 = CARTESIAN_POINT('',(2.18,0.32,-3.2));
#13277 = VECTOR('',#13278,1.);
#13278 = DIRECTION('',(-1.224646799147E-16,-1.,0.));
#13279 = ORIENTED_EDGE('',*,*,#13280,.T.);
#13280 = EDGE_CURVE('',#13273,#13281,#13283,.T.);
#13281 = VERTEX_POINT('',#13282);
#13282 = CARTESIAN_POINT('',(2.18,-2.E-02,-1.5));
#13283 = LINE('',#13284,#13285);
#13284 = CARTESIAN_POINT('',(2.18,-0.32,-3.4));
#13285 = VECTOR('',#13286,1.);
#13286 = DIRECTION('',(1.909990663905E-17,0.155962573473,0.987762965329)
  );
#13287 = ORIENTED_EDGE('',*,*,#13288,.T.);
#13288 = EDGE_CURVE('',#13281,#13289,#13291,.T.);
#13289 = VERTEX_POINT('',#13290);
#13290 = CARTESIAN_POINT('',(2.18,-0.32,-0.9));
#13291 = LINE('',#13292,#13293);
#13292 = CARTESIAN_POINT('',(2.18,-2.E-02,-1.5));
#13293 = VECTOR('',#13294,1.);
#13294 = DIRECTION('',(-5.476786982641E-17,-0.4472135955,0.894427191));
#13295 = ORIENTED_EDGE('',*,*,#13296,.T.);
#13296 = EDGE_CURVE('',#13289,#12881,#13297,.T.);
#13297 = LINE('',#13298,#13299);
#13298 = CARTESIAN_POINT('',(2.18,-0.32,-0.9));
#13299 = VECTOR('',#13300,1.);
#13300 = DIRECTION('',(0.,0.,1.));
#13301 = ORIENTED_EDGE('',*,*,#12878,.F.);
#13302 = ORIENTED_EDGE('',*,*,#13303,.T.);
#13303 = EDGE_CURVE('',#12879,#13304,#13306,.T.);
#13304 = VERTEX_POINT('',#13305);
#13305 = CARTESIAN_POINT('',(2.18,0.32,-0.9));
#13306 = LINE('',#13307,#13308);
#13307 = CARTESIAN_POINT('',(2.18,0.32,6.5));
#13308 = VECTOR('',#13309,1.);
#13309 = DIRECTION('',(-0.,0.,-1.));
#13310 = ORIENTED_EDGE('',*,*,#13311,.T.);
#13311 = EDGE_CURVE('',#13304,#13312,#13314,.T.);
#13312 = VERTEX_POINT('',#13313);
#13313 = CARTESIAN_POINT('',(2.18,0.62,-1.5));
#13314 = LINE('',#13315,#13316);
#13315 = CARTESIAN_POINT('',(2.18,0.32,-0.9));
#13316 = VECTOR('',#13317,1.);
#13317 = DIRECTION('',(5.476786982641E-17,0.4472135955,-0.894427191));
#13318 = ORIENTED_EDGE('',*,*,#13319,.T.);
#13319 = EDGE_CURVE('',#13312,#13271,#13320,.T.);
#13320 = LINE('',#13321,#13322);
#13321 = CARTESIAN_POINT('',(2.18,0.62,-1.5));
#13322 = VECTOR('',#13323,1.);
#13323 = DIRECTION('',(-1.909990663905E-17,-0.155962573473,
    -0.987762965329));
#13324 = PLANE('',#13325);
#13325 = AXIS2_PLACEMENT_3D('',#13326,#13327,#13328);
#13326 = CARTESIAN_POINT('',(2.18,3.65940088399E-02,1.522832428212));
#13327 = DIRECTION('',(-1.,1.224646799147E-16,0.));
#13328 = DIRECTION('',(0.,0.,1.));
#13329 = ADVANCED_FACE('',(#13330),#13348,.F.);
#13330 = FACE_BOUND('',#13331,.F.);
#13331 = EDGE_LOOP('',(#13332,#13340,#13346,#13347));
#13332 = ORIENTED_EDGE('',*,*,#13333,.F.);
#13333 = EDGE_CURVE('',#13334,#12897,#13336,.T.);
#13334 = VERTEX_POINT('',#13335);
#13335 = CARTESIAN_POINT('',(2.82,-0.32,-0.9));
#13336 = LINE('',#13337,#13338);
#13337 = CARTESIAN_POINT('',(2.82,-0.32,-0.9));
#13338 = VECTOR('',#13339,1.);
#13339 = DIRECTION('',(0.,0.,1.));
#13340 = ORIENTED_EDGE('',*,*,#13341,.T.);
#13341 = EDGE_CURVE('',#13334,#13289,#13342,.T.);
#13342 = LINE('',#13343,#13344);
#13343 = CARTESIAN_POINT('',(2.82,-0.32,-0.9));
#13344 = VECTOR('',#13345,1.);
#13345 = DIRECTION('',(-1.,1.224646799147E-16,0.));
#13346 = ORIENTED_EDGE('',*,*,#13296,.T.);
#13347 = ORIENTED_EDGE('',*,*,#12904,.F.);
#13348 = PLANE('',#13349);
#13349 = AXIS2_PLACEMENT_3D('',#13350,#13351,#13352);
#13350 = CARTESIAN_POINT('',(2.82,-0.32,-0.9));
#13351 = DIRECTION('',(1.224646799147E-16,1.,0.));
#13352 = DIRECTION('',(0.,-0.,1.));
#13353 = ADVANCED_FACE('',(#13354),#13404,.F.);
#13354 = FACE_BOUND('',#13355,.F.);
#13355 = EDGE_LOOP('',(#13356,#13366,#13374,#13380,#13381,#13382,#13390,
    #13398));
#13356 = ORIENTED_EDGE('',*,*,#13357,.T.);
#13357 = EDGE_CURVE('',#13358,#13360,#13362,.T.);
#13358 = VERTEX_POINT('',#13359);
#13359 = CARTESIAN_POINT('',(2.82,0.351578947368,-3.2));
#13360 = VERTEX_POINT('',#13361);
#13361 = CARTESIAN_POINT('',(2.82,-0.288421052632,-3.2));
#13362 = LINE('',#13363,#13364);
#13363 = CARTESIAN_POINT('',(2.82,0.32,-3.2));
#13364 = VECTOR('',#13365,1.);
#13365 = DIRECTION('',(-1.224646799147E-16,-1.,0.));
#13366 = ORIENTED_EDGE('',*,*,#13367,.T.);
#13367 = EDGE_CURVE('',#13360,#13368,#13370,.T.);
#13368 = VERTEX_POINT('',#13369);
#13369 = CARTESIAN_POINT('',(2.82,-2.E-02,-1.5));
#13370 = LINE('',#13371,#13372);
#13371 = CARTESIAN_POINT('',(2.82,-0.32,-3.4));
#13372 = VECTOR('',#13373,1.);
#13373 = DIRECTION('',(1.909990663905E-17,0.155962573473,0.987762965329)
  );
#13374 = ORIENTED_EDGE('',*,*,#13375,.T.);
#13375 = EDGE_CURVE('',#13368,#13334,#13376,.T.);
#13376 = LINE('',#13377,#13378);
#13377 = CARTESIAN_POINT('',(2.82,-2.E-02,-1.5));
#13378 = VECTOR('',#13379,1.);
#13379 = DIRECTION('',(-5.476786982641E-17,-0.4472135955,0.894427191));
#13380 = ORIENTED_EDGE('',*,*,#13333,.T.);
#13381 = ORIENTED_EDGE('',*,*,#12896,.F.);
#13382 = ORIENTED_EDGE('',*,*,#13383,.T.);
#13383 = EDGE_CURVE('',#12889,#13384,#13386,.T.);
#13384 = VERTEX_POINT('',#13385);
#13385 = CARTESIAN_POINT('',(2.82,0.32,-0.9));
#13386 = LINE('',#13387,#13388);
#13387 = CARTESIAN_POINT('',(2.82,0.32,6.5));
#13388 = VECTOR('',#13389,1.);
#13389 = DIRECTION('',(-0.,0.,-1.));
#13390 = ORIENTED_EDGE('',*,*,#13391,.T.);
#13391 = EDGE_CURVE('',#13384,#13392,#13394,.T.);
#13392 = VERTEX_POINT('',#13393);
#13393 = CARTESIAN_POINT('',(2.82,0.62,-1.5));
#13394 = LINE('',#13395,#13396);
#13395 = CARTESIAN_POINT('',(2.82,0.32,-0.9));
#13396 = VECTOR('',#13397,1.);
#13397 = DIRECTION('',(5.476786982641E-17,0.4472135955,-0.894427191));
#13398 = ORIENTED_EDGE('',*,*,#13399,.T.);
#13399 = EDGE_CURVE('',#13392,#13358,#13400,.T.);
#13400 = LINE('',#13401,#13402);
#13401 = CARTESIAN_POINT('',(2.82,0.62,-1.5));
#13402 = VECTOR('',#13403,1.);
#13403 = DIRECTION('',(-1.909990663905E-17,-0.155962573473,
    -0.987762965329));
#13404 = PLANE('',#13405);
#13405 = AXIS2_PLACEMENT_3D('',#13406,#13407,#13408);
#13406 = CARTESIAN_POINT('',(2.82,3.65940088399E-02,1.522832428212));
#13407 = DIRECTION('',(-1.,1.224646799147E-16,0.));
#13408 = DIRECTION('',(0.,0.,1.));
#13409 = ADVANCED_FACE('',(#13410),#13421,.F.);
#13410 = FACE_BOUND('',#13411,.F.);
#13411 = EDGE_LOOP('',(#13412,#13413,#13414,#13415));
#13412 = ORIENTED_EDGE('',*,*,#13383,.F.);
#13413 = ORIENTED_EDGE('',*,*,#12888,.F.);
#13414 = ORIENTED_EDGE('',*,*,#13303,.T.);
#13415 = ORIENTED_EDGE('',*,*,#13416,.F.);
#13416 = EDGE_CURVE('',#13384,#13304,#13417,.T.);
#13417 = LINE('',#13418,#13419);
#13418 = CARTESIAN_POINT('',(2.82,0.32,-0.9));
#13419 = VECTOR('',#13420,1.);
#13420 = DIRECTION('',(-1.,1.224646799147E-16,0.));
#13421 = PLANE('',#13422);
#13422 = AXIS2_PLACEMENT_3D('',#13423,#13424,#13425);
#13423 = CARTESIAN_POINT('',(2.82,0.32,6.5));
#13424 = DIRECTION('',(-1.224646799147E-16,-1.,0.));
#13425 = DIRECTION('',(-0.,0.,-1.));
#13426 = ADVANCED_FACE('',(#13427),#13452,.F.);
#13427 = FACE_BOUND('',#13428,.T.);
#13428 = EDGE_LOOP('',(#13429,#13437,#13445,#13451));
#13429 = ORIENTED_EDGE('',*,*,#13430,.F.);
#13430 = EDGE_CURVE('',#13431,#12920,#13433,.T.);
#13431 = VERTEX_POINT('',#13432);
#13432 = CARTESIAN_POINT('',(-0.12,-0.12,6.5));
#13433 = LINE('',#13434,#13435);
#13434 = CARTESIAN_POINT('',(-0.146666666667,-0.146666666667,
    6.473333333333));
#13435 = VECTOR('',#13436,1.);
#13436 = DIRECTION('',(-0.57735026919,-0.57735026919,-0.57735026919));
#13437 = ORIENTED_EDGE('',*,*,#13438,.T.);
#13438 = EDGE_CURVE('',#13431,#13439,#13441,.T.);
#13439 = VERTEX_POINT('',#13440);
#13440 = CARTESIAN_POINT('',(-0.12,0.12,6.5));
#13441 = LINE('',#13442,#13443);
#13442 = CARTESIAN_POINT('',(-0.12,-0.32,6.5));
#13443 = VECTOR('',#13444,1.);
#13444 = DIRECTION('',(1.224646799147E-16,1.,0.));
#13445 = ORIENTED_EDGE('',*,*,#13446,.T.);
#13446 = EDGE_CURVE('',#13439,#12928,#13447,.T.);
#13447 = LINE('',#13448,#13449);
#13448 = CARTESIAN_POINT('',(-4.E-02,4.E-02,6.58));
#13449 = VECTOR('',#13450,1.);
#13450 = DIRECTION('',(-0.57735026919,0.57735026919,-0.57735026919));
#13451 = ORIENTED_EDGE('',*,*,#12927,.F.);
#13452 = PLANE('',#13453);
#13453 = AXIS2_PLACEMENT_3D('',#13454,#13455,#13456);
#13454 = CARTESIAN_POINT('',(-0.22,-0.32,6.4));
#13455 = DIRECTION('',(0.707106781187,-8.486018839685E-17,
    -0.707106781187));
#13456 = DIRECTION('',(-1.212375546256E-16,-1.,-1.227125289196E-18));
#13457 = ADVANCED_FACE('',(#13458),#13476,.T.);
#13458 = FACE_BOUND('',#13459,.F.);
#13459 = EDGE_LOOP('',(#13460,#13468,#13469,#13470));
#13460 = ORIENTED_EDGE('',*,*,#13461,.T.);
#13461 = EDGE_CURVE('',#13462,#12950,#13464,.T.);
#13462 = VERTEX_POINT('',#13463);
#13463 = CARTESIAN_POINT('',(0.12,-0.12,6.5));
#13464 = LINE('',#13465,#13466);
#13465 = CARTESIAN_POINT('',(0.253333333333,-0.253333333333,
    6.366666666667));
#13466 = VECTOR('',#13467,1.);
#13467 = DIRECTION('',(0.57735026919,-0.57735026919,-0.57735026919));
#13468 = ORIENTED_EDGE('',*,*,#12959,.T.);
#13469 = ORIENTED_EDGE('',*,*,#13430,.F.);
#13470 = ORIENTED_EDGE('',*,*,#13471,.F.);
#13471 = EDGE_CURVE('',#13462,#13431,#13472,.T.);
#13472 = LINE('',#13473,#13474);
#13473 = CARTESIAN_POINT('',(0.32,-0.12,6.5));
#13474 = VECTOR('',#13475,1.);
#13475 = DIRECTION('',(-1.,1.224646799147E-16,0.));
#13476 = PLANE('',#13477);
#13477 = AXIS2_PLACEMENT_3D('',#13478,#13479,#13480);
#13478 = CARTESIAN_POINT('',(0.32,-0.22,6.4));
#13479 = DIRECTION('',(-8.833102285013E-17,-0.707106781187,
    0.707106781187));
#13480 = DIRECTION('',(1.,-1.236918052038E-16,1.227125289097E-18));
#13481 = ADVANCED_FACE('',(#13482),#13500,.T.);
#13482 = FACE_BOUND('',#13483,.F.);
#13483 = EDGE_LOOP('',(#13484,#13485,#13493,#13499));
#13484 = ORIENTED_EDGE('',*,*,#13461,.F.);
#13485 = ORIENTED_EDGE('',*,*,#13486,.T.);
#13486 = EDGE_CURVE('',#13462,#13487,#13489,.T.);
#13487 = VERTEX_POINT('',#13488);
#13488 = CARTESIAN_POINT('',(0.12,0.12,6.5));
#13489 = LINE('',#13490,#13491);
#13490 = CARTESIAN_POINT('',(0.12,-0.32,6.5));
#13491 = VECTOR('',#13492,1.);
#13492 = DIRECTION('',(1.224646799147E-16,1.,0.));
#13493 = ORIENTED_EDGE('',*,*,#13494,.T.);
#13494 = EDGE_CURVE('',#13487,#12976,#13495,.T.);
#13495 = LINE('',#13496,#13497);
#13496 = CARTESIAN_POINT('',(0.146666666667,0.146666666667,
    6.473333333333));
#13497 = VECTOR('',#13498,1.);
#13498 = DIRECTION('',(0.57735026919,0.57735026919,-0.57735026919));
#13499 = ORIENTED_EDGE('',*,*,#12975,.F.);
#13500 = PLANE('',#13501);
#13501 = AXIS2_PLACEMENT_3D('',#13502,#13503,#13504);
#13502 = CARTESIAN_POINT('',(0.22,-0.32,6.4));
#13503 = DIRECTION('',(0.707106781187,-8.833102285013E-17,0.707106781187
    ));
#13504 = DIRECTION('',(-1.236918052038E-16,-1.,-1.227125289097E-18));
#13505 = ADVANCED_FACE('',(#13506),#13517,.T.);
#13506 = FACE_BOUND('',#13507,.F.);
#13507 = EDGE_LOOP('',(#13508,#13509,#13515,#13516));
#13508 = ORIENTED_EDGE('',*,*,#13494,.F.);
#13509 = ORIENTED_EDGE('',*,*,#13510,.T.);
#13510 = EDGE_CURVE('',#13487,#13439,#13511,.T.);
#13511 = LINE('',#13512,#13513);
#13512 = CARTESIAN_POINT('',(0.32,0.12,6.5));
#13513 = VECTOR('',#13514,1.);
#13514 = DIRECTION('',(-1.,1.224646799147E-16,0.));
#13515 = ORIENTED_EDGE('',*,*,#13446,.T.);
#13516 = ORIENTED_EDGE('',*,*,#12998,.F.);
#13517 = PLANE('',#13518);
#13518 = AXIS2_PLACEMENT_3D('',#13519,#13520,#13521);
#13519 = CARTESIAN_POINT('',(0.32,0.22,6.4));
#13520 = DIRECTION('',(8.833102285013E-17,0.707106781187,0.707106781187)
  );
#13521 = DIRECTION('',(1.,-1.236918052038E-16,-1.227125289097E-18));
#13522 = ADVANCED_FACE('',(#13523),#13548,.F.);
#13523 = FACE_BOUND('',#13524,.T.);
#13524 = EDGE_LOOP('',(#13525,#13533,#13541,#13547));
#13525 = ORIENTED_EDGE('',*,*,#13526,.F.);
#13526 = EDGE_CURVE('',#13527,#13016,#13529,.T.);
#13527 = VERTEX_POINT('',#13528);
#13528 = CARTESIAN_POINT('',(2.38,-0.12,6.5));
#13529 = LINE('',#13530,#13531);
#13530 = CARTESIAN_POINT('',(2.353333333333,-0.146666666667,
    6.473333333333));
#13531 = VECTOR('',#13532,1.);
#13532 = DIRECTION('',(-0.57735026919,-0.57735026919,-0.57735026919));
#13533 = ORIENTED_EDGE('',*,*,#13534,.T.);
#13534 = EDGE_CURVE('',#13527,#13535,#13537,.T.);
#13535 = VERTEX_POINT('',#13536);
#13536 = CARTESIAN_POINT('',(2.38,0.12,6.5));
#13537 = LINE('',#13538,#13539);
#13538 = CARTESIAN_POINT('',(2.38,-0.32,6.5));
#13539 = VECTOR('',#13540,1.);
#13540 = DIRECTION('',(1.224646799147E-16,1.,0.));
#13541 = ORIENTED_EDGE('',*,*,#13542,.T.);
#13542 = EDGE_CURVE('',#13535,#13024,#13543,.T.);
#13543 = LINE('',#13544,#13545);
#13544 = CARTESIAN_POINT('',(2.46,4.E-02,6.58));
#13545 = VECTOR('',#13546,1.);
#13546 = DIRECTION('',(-0.57735026919,0.57735026919,-0.57735026919));
#13547 = ORIENTED_EDGE('',*,*,#13023,.F.);
#13548 = PLANE('',#13549);
#13549 = AXIS2_PLACEMENT_3D('',#13550,#13551,#13552);
#13550 = CARTESIAN_POINT('',(2.28,-0.32,6.4));
#13551 = DIRECTION('',(0.707106781187,-8.486018839685E-17,
    -0.707106781187));
#13552 = DIRECTION('',(-1.212375546256E-16,-1.,-1.227125289196E-18));
#13553 = ADVANCED_FACE('',(#13554),#13572,.T.);
#13554 = FACE_BOUND('',#13555,.F.);
#13555 = EDGE_LOOP('',(#13556,#13564,#13565,#13566));
#13556 = ORIENTED_EDGE('',*,*,#13557,.T.);
#13557 = EDGE_CURVE('',#13558,#13046,#13560,.T.);
#13558 = VERTEX_POINT('',#13559);
#13559 = CARTESIAN_POINT('',(2.62,-0.12,6.5));
#13560 = LINE('',#13561,#13562);
#13561 = CARTESIAN_POINT('',(2.753333333333,-0.253333333333,
    6.366666666667));
#13562 = VECTOR('',#13563,1.);
#13563 = DIRECTION('',(0.57735026919,-0.57735026919,-0.57735026919));
#13564 = ORIENTED_EDGE('',*,*,#13055,.T.);
#13565 = ORIENTED_EDGE('',*,*,#13526,.F.);
#13566 = ORIENTED_EDGE('',*,*,#13567,.F.);
#13567 = EDGE_CURVE('',#13558,#13527,#13568,.T.);
#13568 = LINE('',#13569,#13570);
#13569 = CARTESIAN_POINT('',(2.82,-0.12,6.5));
#13570 = VECTOR('',#13571,1.);
#13571 = DIRECTION('',(-1.,1.224646799147E-16,0.));
#13572 = PLANE('',#13573);
#13573 = AXIS2_PLACEMENT_3D('',#13574,#13575,#13576);
#13574 = CARTESIAN_POINT('',(2.82,-0.22,6.4));
#13575 = DIRECTION('',(-8.833102285013E-17,-0.707106781187,
    0.707106781187));
#13576 = DIRECTION('',(1.,-1.236918052038E-16,1.227125289097E-18));
#13577 = ADVANCED_FACE('',(#13578),#13596,.T.);
#13578 = FACE_BOUND('',#13579,.F.);
#13579 = EDGE_LOOP('',(#13580,#13581,#13589,#13595));
#13580 = ORIENTED_EDGE('',*,*,#13557,.F.);
#13581 = ORIENTED_EDGE('',*,*,#13582,.T.);
#13582 = EDGE_CURVE('',#13558,#13583,#13585,.T.);
#13583 = VERTEX_POINT('',#13584);
#13584 = CARTESIAN_POINT('',(2.62,0.12,6.5));
#13585 = LINE('',#13586,#13587);
#13586 = CARTESIAN_POINT('',(2.62,-0.32,6.5));
#13587 = VECTOR('',#13588,1.);
#13588 = DIRECTION('',(1.224646799147E-16,1.,0.));
#13589 = ORIENTED_EDGE('',*,*,#13590,.T.);
#13590 = EDGE_CURVE('',#13583,#13072,#13591,.T.);
#13591 = LINE('',#13592,#13593);
#13592 = CARTESIAN_POINT('',(2.646666666667,0.146666666667,
    6.473333333333));
#13593 = VECTOR('',#13594,1.);
#13594 = DIRECTION('',(0.57735026919,0.57735026919,-0.57735026919));
#13595 = ORIENTED_EDGE('',*,*,#13071,.F.);
#13596 = PLANE('',#13597);
#13597 = AXIS2_PLACEMENT_3D('',#13598,#13599,#13600);
#13598 = CARTESIAN_POINT('',(2.72,-0.32,6.4));
#13599 = DIRECTION('',(0.707106781187,-8.833102285013E-17,0.707106781187
    ));
#13600 = DIRECTION('',(-1.236918052038E-16,-1.,-1.227125289097E-18));
#13601 = ADVANCED_FACE('',(#13602),#13613,.T.);
#13602 = FACE_BOUND('',#13603,.F.);
#13603 = EDGE_LOOP('',(#13604,#13605,#13611,#13612));
#13604 = ORIENTED_EDGE('',*,*,#13590,.F.);
#13605 = ORIENTED_EDGE('',*,*,#13606,.T.);
#13606 = EDGE_CURVE('',#13583,#13535,#13607,.T.);
#13607 = LINE('',#13608,#13609);
#13608 = CARTESIAN_POINT('',(2.82,0.12,6.5));
#13609 = VECTOR('',#13610,1.);
#13610 = DIRECTION('',(-1.,1.224646799147E-16,0.));
#13611 = ORIENTED_EDGE('',*,*,#13542,.T.);
#13612 = ORIENTED_EDGE('',*,*,#13094,.F.);
#13613 = PLANE('',#13614);
#13614 = AXIS2_PLACEMENT_3D('',#13615,#13616,#13617);
#13615 = CARTESIAN_POINT('',(2.82,0.22,6.4));
#13616 = DIRECTION('',(8.833102285013E-17,0.707106781187,0.707106781187)
  );
#13617 = DIRECTION('',(1.,-1.236918052038E-16,-1.227125289097E-18));
#13618 = ADVANCED_FACE('',(#13619),#13660,.F.);
#13619 = FACE_BOUND('',#13620,.T.);
#13620 = EDGE_LOOP('',(#13621,#13631,#13637,#13638,#13646,#13654));
#13621 = ORIENTED_EDGE('',*,*,#13622,.T.);
#13622 = EDGE_CURVE('',#13623,#13625,#13627,.T.);
#13623 = VERTEX_POINT('',#13624);
#13624 = CARTESIAN_POINT('',(-0.12,-0.12,-3.4));
#13625 = VERTEX_POINT('',#13626);
#13626 = CARTESIAN_POINT('',(-0.317552593066,-0.288807485305,
    -3.202447406934));
#13627 = LINE('',#13628,#13629);
#13628 = CARTESIAN_POINT('',(-3.848855660758E-02,-5.034896900541E-02,
    -3.481511443392));
#13629 = VECTOR('',#13630,1.);
#13630 = DIRECTION('',(-0.605209817607,-0.517148096144,0.605209817607));
#13631 = ORIENTED_EDGE('',*,*,#13632,.T.);
#13632 = EDGE_CURVE('',#13625,#13113,#13633,.T.);
#13633 = LINE('',#13634,#13635);
#13634 = CARTESIAN_POINT('',(-8.569083447332E-02,-0.325417236662,
    -3.434309165527));
#13635 = VECTOR('',#13636,1.);
#13636 = DIRECTION('',(-0.702740385383,0.110959008218,0.702740385383));
#13637 = ORIENTED_EDGE('',*,*,#13110,.F.);
#13638 = ORIENTED_EDGE('',*,*,#13639,.F.);
#13639 = EDGE_CURVE('',#13640,#13111,#13642,.T.);
#13640 = VERTEX_POINT('',#13641);
#13641 = CARTESIAN_POINT('',(-0.317552593066,0.351192514695,
    -3.202447406934));
#13642 = LINE('',#13643,#13644);
#13643 = CARTESIAN_POINT('',(-0.541586867305,0.386566347469,
    -2.978413132695));
#13644 = VECTOR('',#13645,1.);
#13645 = DIRECTION('',(-0.702740385383,0.110959008218,0.702740385383));
#13646 = ORIENTED_EDGE('',*,*,#13647,.F.);
#13647 = EDGE_CURVE('',#13648,#13640,#13650,.T.);
#13648 = VERTEX_POINT('',#13649);
#13649 = CARTESIAN_POINT('',(-0.12,0.12,-3.4));
#13650 = LINE('',#13651,#13652);
#13651 = CARTESIAN_POINT('',(-0.153849098111,0.159613036666,
    -3.366150901889));
#13652 = VECTOR('',#13653,1.);
#13653 = DIRECTION('',(-0.544770019249,0.63753529491,0.544770019249));
#13654 = ORIENTED_EDGE('',*,*,#13655,.T.);
#13655 = EDGE_CURVE('',#13648,#13623,#13656,.T.);
#13656 = LINE('',#13657,#13658);
#13657 = CARTESIAN_POINT('',(-0.12,0.32,-3.4));
#13658 = VECTOR('',#13659,1.);
#13659 = DIRECTION('',(-1.224646799147E-16,-1.,0.));
#13660 = PLANE('',#13661);
#13661 = AXIS2_PLACEMENT_3D('',#13662,#13663,#13664);
#13662 = CARTESIAN_POINT('',(-0.22,0.32,-3.3));
#13663 = DIRECTION('',(0.707106781187,-8.833102285013E-17,0.707106781187
    ));
#13664 = DIRECTION('',(1.236918052038E-16,1.,1.227125289097E-18));
#13665 = ADVANCED_FACE('',(#13666),#13691,.F.);
#13666 = FACE_BOUND('',#13667,.F.);
#13667 = EDGE_LOOP('',(#13668,#13669,#13675,#13676,#13677,#13685));
#13668 = ORIENTED_EDGE('',*,*,#13239,.F.);
#13669 = ORIENTED_EDGE('',*,*,#13670,.T.);
#13670 = EDGE_CURVE('',#13232,#13152,#13671,.T.);
#13671 = LINE('',#13672,#13673);
#13672 = CARTESIAN_POINT('',(0.32,0.62,-1.5));
#13673 = VECTOR('',#13674,1.);
#13674 = DIRECTION('',(-1.,1.224646799147E-16,0.));
#13675 = ORIENTED_EDGE('',*,*,#13159,.T.);
#13676 = ORIENTED_EDGE('',*,*,#13639,.F.);
#13677 = ORIENTED_EDGE('',*,*,#13678,.F.);
#13678 = EDGE_CURVE('',#13679,#13640,#13681,.T.);
#13679 = VERTEX_POINT('',#13680);
#13680 = CARTESIAN_POINT('',(0.317552593066,0.351192514695,
    -3.202447406934));
#13681 = LINE('',#13682,#13683);
#13682 = CARTESIAN_POINT('',(0.32,0.351192514695,-3.202447406934));
#13683 = VECTOR('',#13684,1.);
#13684 = DIRECTION('',(-1.,1.224646799147E-16,0.));
#13685 = ORIENTED_EDGE('',*,*,#13686,.T.);
#13686 = EDGE_CURVE('',#13679,#13198,#13687,.T.);
#13687 = LINE('',#13688,#13689);
#13688 = CARTESIAN_POINT('',(0.699616963064,0.411518467852,
    -2.820383036936));
#13689 = VECTOR('',#13690,1.);
#13690 = DIRECTION('',(0.702740385383,0.110959008218,0.702740385383));
#13691 = PLANE('',#13692);
#13692 = AXIS2_PLACEMENT_3D('',#13693,#13694,#13695);
#13693 = CARTESIAN_POINT('',(0.32,0.62,-1.5));
#13694 = DIRECTION('',(-1.209660753807E-16,-0.987762965329,
    0.155962573473));
#13695 = DIRECTION('',(-1.909990663905E-17,-0.155962573473,
    -0.987762965329));
#13696 = ADVANCED_FACE('',(#13697),#13703,.F.);
#13697 = FACE_BOUND('',#13698,.F.);
#13698 = EDGE_LOOP('',(#13699,#13700,#13701,#13702));
#13699 = ORIENTED_EDGE('',*,*,#13256,.T.);
#13700 = ORIENTED_EDGE('',*,*,#13151,.T.);
#13701 = ORIENTED_EDGE('',*,*,#13670,.F.);
#13702 = ORIENTED_EDGE('',*,*,#13231,.F.);
#13703 = PLANE('',#13704);
#13704 = AXIS2_PLACEMENT_3D('',#13705,#13706,#13707);
#13705 = CARTESIAN_POINT('',(0.32,0.32,-0.9));
#13706 = DIRECTION('',(-1.095357396528E-16,-0.894427191,-0.4472135955));
#13707 = DIRECTION('',(5.476786982641E-17,0.4472135955,-0.894427191));
#13708 = ADVANCED_FACE('',(#13709),#13720,.F.);
#13709 = FACE_BOUND('',#13710,.F.);
#13710 = EDGE_LOOP('',(#13711,#13717,#13718,#13719));
#13711 = ORIENTED_EDGE('',*,*,#13712,.T.);
#13712 = EDGE_CURVE('',#13208,#13121,#13713,.T.);
#13713 = LINE('',#13714,#13715);
#13714 = CARTESIAN_POINT('',(0.32,-2.E-02,-1.5));
#13715 = VECTOR('',#13716,1.);
#13716 = DIRECTION('',(-1.,1.224646799147E-16,0.));
#13717 = ORIENTED_EDGE('',*,*,#13128,.T.);
#13718 = ORIENTED_EDGE('',*,*,#13181,.F.);
#13719 = ORIENTED_EDGE('',*,*,#13215,.F.);
#13720 = PLANE('',#13721);
#13721 = AXIS2_PLACEMENT_3D('',#13722,#13723,#13724);
#13722 = CARTESIAN_POINT('',(0.32,-2.E-02,-1.5));
#13723 = DIRECTION('',(1.095357396528E-16,0.894427191,0.4472135955));
#13724 = DIRECTION('',(-5.476786982641E-17,-0.4472135955,0.894427191));
#13725 = ADVANCED_FACE('',(#13726),#13746,.F.);
#13726 = FACE_BOUND('',#13727,.F.);
#13727 = EDGE_LOOP('',(#13728,#13729,#13737,#13743,#13744,#13745));
#13728 = ORIENTED_EDGE('',*,*,#13207,.F.);
#13729 = ORIENTED_EDGE('',*,*,#13730,.F.);
#13730 = EDGE_CURVE('',#13731,#13200,#13733,.T.);
#13731 = VERTEX_POINT('',#13732);
#13732 = CARTESIAN_POINT('',(0.317552593066,-0.288807485305,
    -3.202447406934));
#13733 = LINE('',#13734,#13735);
#13734 = CARTESIAN_POINT('',(0.243720930233,-0.300465116279,
    -3.276279069767));
#13735 = VECTOR('',#13736,1.);
#13736 = DIRECTION('',(0.702740385383,0.110959008218,0.702740385383));
#13737 = ORIENTED_EDGE('',*,*,#13738,.T.);
#13738 = EDGE_CURVE('',#13731,#13625,#13739,.T.);
#13739 = LINE('',#13740,#13741);
#13740 = CARTESIAN_POINT('',(0.32,-0.288807485305,-3.202447406934));
#13741 = VECTOR('',#13742,1.);
#13742 = DIRECTION('',(-1.,1.224646799147E-16,0.));
#13743 = ORIENTED_EDGE('',*,*,#13632,.T.);
#13744 = ORIENTED_EDGE('',*,*,#13120,.T.);
#13745 = ORIENTED_EDGE('',*,*,#13712,.F.);
#13746 = PLANE('',#13747);
#13747 = AXIS2_PLACEMENT_3D('',#13748,#13749,#13750);
#13748 = CARTESIAN_POINT('',(0.32,-0.32,-3.4));
#13749 = DIRECTION('',(1.209660753807E-16,0.987762965329,-0.155962573473
    ));
#13750 = DIRECTION('',(1.909990663905E-17,0.155962573473,0.987762965329)
  );
#13751 = ADVANCED_FACE('',(#13752),#13779,.T.);
#13752 = FACE_BOUND('',#13753,.F.);
#13753 = EDGE_LOOP('',(#13754,#13762,#13763,#13764,#13765,#13773));
#13754 = ORIENTED_EDGE('',*,*,#13755,.T.);
#13755 = EDGE_CURVE('',#13756,#13731,#13758,.T.);
#13756 = VERTEX_POINT('',#13757);
#13757 = CARTESIAN_POINT('',(0.12,-0.12,-3.4));
#13758 = LINE('',#13759,#13760);
#13759 = CARTESIAN_POINT('',(0.155697812072,-0.150503562587,
    -3.364302187928));
#13760 = VECTOR('',#13761,1.);
#13761 = DIRECTION('',(0.605209817607,-0.517148096144,0.605209817607));
#13762 = ORIENTED_EDGE('',*,*,#13730,.T.);
#13763 = ORIENTED_EDGE('',*,*,#13197,.F.);
#13764 = ORIENTED_EDGE('',*,*,#13686,.F.);
#13765 = ORIENTED_EDGE('',*,*,#13766,.F.);
#13766 = EDGE_CURVE('',#13767,#13679,#13769,.T.);
#13767 = VERTEX_POINT('',#13768);
#13768 = CARTESIAN_POINT('',(0.12,0.12,-3.4));
#13769 = LINE('',#13770,#13771);
#13770 = CARTESIAN_POINT('',(0.24881689775,0.270752273427,-3.27118310225
    ));
#13771 = VECTOR('',#13772,1.);
#13772 = DIRECTION('',(0.544770019249,0.63753529491,0.544770019249));
#13773 = ORIENTED_EDGE('',*,*,#13774,.T.);
#13774 = EDGE_CURVE('',#13767,#13756,#13775,.T.);
#13775 = LINE('',#13776,#13777);
#13776 = CARTESIAN_POINT('',(0.12,0.32,-3.4));
#13777 = VECTOR('',#13778,1.);
#13778 = DIRECTION('',(-1.224646799147E-16,-1.,0.));
#13779 = PLANE('',#13780);
#13780 = AXIS2_PLACEMENT_3D('',#13781,#13782,#13783);
#13781 = CARTESIAN_POINT('',(0.22,0.32,-3.3));
#13782 = DIRECTION('',(0.707106781187,-8.486018839685E-17,
    -0.707106781187));
#13783 = DIRECTION('',(1.212375546256E-16,1.,1.227125289196E-18));
#13784 = ADVANCED_FACE('',(#13785),#13826,.F.);
#13785 = FACE_BOUND('',#13786,.T.);
#13786 = EDGE_LOOP('',(#13787,#13797,#13803,#13804,#13812,#13820));
#13787 = ORIENTED_EDGE('',*,*,#13788,.T.);
#13788 = EDGE_CURVE('',#13789,#13791,#13793,.T.);
#13789 = VERTEX_POINT('',#13790);
#13790 = CARTESIAN_POINT('',(2.38,-0.12,-3.4));
#13791 = VERTEX_POINT('',#13792);
#13792 = CARTESIAN_POINT('',(2.182447406934,-0.288807485305,
    -3.202447406934));
#13793 = LINE('',#13794,#13795);
#13794 = CARTESIAN_POINT('',(2.461511443392,-5.034896900541E-02,
    -3.481511443392));
#13795 = VECTOR('',#13796,1.);
#13796 = DIRECTION('',(-0.605209817607,-0.517148096144,0.605209817607));
#13797 = ORIENTED_EDGE('',*,*,#13798,.T.);
#13798 = EDGE_CURVE('',#13791,#13273,#13799,.T.);
#13799 = LINE('',#13800,#13801);
#13800 = CARTESIAN_POINT('',(2.414309165527,-0.325417236662,
    -3.434309165527));
#13801 = VECTOR('',#13802,1.);
#13802 = DIRECTION('',(-0.702740385383,0.110959008218,0.702740385383));
#13803 = ORIENTED_EDGE('',*,*,#13270,.F.);
#13804 = ORIENTED_EDGE('',*,*,#13805,.F.);
#13805 = EDGE_CURVE('',#13806,#13271,#13808,.T.);
#13806 = VERTEX_POINT('',#13807);
#13807 = CARTESIAN_POINT('',(2.182447406934,0.351192514695,
    -3.202447406934));
#13808 = LINE('',#13809,#13810);
#13809 = CARTESIAN_POINT('',(1.958413132695,0.386566347469,
    -2.978413132695));
#13810 = VECTOR('',#13811,1.);
#13811 = DIRECTION('',(-0.702740385383,0.110959008218,0.702740385383));
#13812 = ORIENTED_EDGE('',*,*,#13813,.F.);
#13813 = EDGE_CURVE('',#13814,#13806,#13816,.T.);
#13814 = VERTEX_POINT('',#13815);
#13815 = CARTESIAN_POINT('',(2.38,0.12,-3.4));
#13816 = LINE('',#13817,#13818);
#13817 = CARTESIAN_POINT('',(2.346150901889,0.159613036666,
    -3.366150901889));
#13818 = VECTOR('',#13819,1.);
#13819 = DIRECTION('',(-0.544770019249,0.63753529491,0.544770019249));
#13820 = ORIENTED_EDGE('',*,*,#13821,.T.);
#13821 = EDGE_CURVE('',#13814,#13789,#13822,.T.);
#13822 = LINE('',#13823,#13824);
#13823 = CARTESIAN_POINT('',(2.38,0.32,-3.4));
#13824 = VECTOR('',#13825,1.);
#13825 = DIRECTION('',(-1.224646799147E-16,-1.,0.));
#13826 = PLANE('',#13827);
#13827 = AXIS2_PLACEMENT_3D('',#13828,#13829,#13830);
#13828 = CARTESIAN_POINT('',(2.28,0.32,-3.3));
#13829 = DIRECTION('',(0.707106781187,-8.833102285013E-17,0.707106781187
    ));
#13830 = DIRECTION('',(1.236918052038E-16,1.,1.227125289097E-18));
#13831 = ADVANCED_FACE('',(#13832),#13857,.F.);
#13832 = FACE_BOUND('',#13833,.F.);
#13833 = EDGE_LOOP('',(#13834,#13835,#13841,#13842,#13843,#13851));
#13834 = ORIENTED_EDGE('',*,*,#13399,.F.);
#13835 = ORIENTED_EDGE('',*,*,#13836,.T.);
#13836 = EDGE_CURVE('',#13392,#13312,#13837,.T.);
#13837 = LINE('',#13838,#13839);
#13838 = CARTESIAN_POINT('',(2.82,0.62,-1.5));
#13839 = VECTOR('',#13840,1.);
#13840 = DIRECTION('',(-1.,1.224646799147E-16,0.));
#13841 = ORIENTED_EDGE('',*,*,#13319,.T.);
#13842 = ORIENTED_EDGE('',*,*,#13805,.F.);
#13843 = ORIENTED_EDGE('',*,*,#13844,.F.);
#13844 = EDGE_CURVE('',#13845,#13806,#13847,.T.);
#13845 = VERTEX_POINT('',#13846);
#13846 = CARTESIAN_POINT('',(2.817552593066,0.351192514695,
    -3.202447406934));
#13847 = LINE('',#13848,#13849);
#13848 = CARTESIAN_POINT('',(2.82,0.351192514695,-3.202447406934));
#13849 = VECTOR('',#13850,1.);
#13850 = DIRECTION('',(-1.,1.224646799147E-16,0.));
#13851 = ORIENTED_EDGE('',*,*,#13852,.T.);
#13852 = EDGE_CURVE('',#13845,#13358,#13853,.T.);
#13853 = LINE('',#13854,#13855);
#13854 = CARTESIAN_POINT('',(3.199616963064,0.411518467852,
    -2.820383036936));
#13855 = VECTOR('',#13856,1.);
#13856 = DIRECTION('',(0.702740385383,0.110959008218,0.702740385383));
#13857 = PLANE('',#13858);
#13858 = AXIS2_PLACEMENT_3D('',#13859,#13860,#13861);
#13859 = CARTESIAN_POINT('',(2.82,0.62,-1.5));
#13860 = DIRECTION('',(-1.209660753807E-16,-0.987762965329,
    0.155962573473));
#13861 = DIRECTION('',(-1.909990663905E-17,-0.155962573473,
    -0.987762965329));
#13862 = ADVANCED_FACE('',(#13863),#13869,.F.);
#13863 = FACE_BOUND('',#13864,.F.);
#13864 = EDGE_LOOP('',(#13865,#13866,#13867,#13868));
#13865 = ORIENTED_EDGE('',*,*,#13416,.T.);
#13866 = ORIENTED_EDGE('',*,*,#13311,.T.);
#13867 = ORIENTED_EDGE('',*,*,#13836,.F.);
#13868 = ORIENTED_EDGE('',*,*,#13391,.F.);
#13869 = PLANE('',#13870);
#13870 = AXIS2_PLACEMENT_3D('',#13871,#13872,#13873);
#13871 = CARTESIAN_POINT('',(2.82,0.32,-0.9));
#13872 = DIRECTION('',(-1.095357396528E-16,-0.894427191,-0.4472135955));
#13873 = DIRECTION('',(5.476786982641E-17,0.4472135955,-0.894427191));
#13874 = ADVANCED_FACE('',(#13875),#13886,.F.);
#13875 = FACE_BOUND('',#13876,.F.);
#13876 = EDGE_LOOP('',(#13877,#13883,#13884,#13885));
#13877 = ORIENTED_EDGE('',*,*,#13878,.T.);
#13878 = EDGE_CURVE('',#13368,#13281,#13879,.T.);
#13879 = LINE('',#13880,#13881);
#13880 = CARTESIAN_POINT('',(2.82,-2.E-02,-1.5));
#13881 = VECTOR('',#13882,1.);
#13882 = DIRECTION('',(-1.,1.224646799147E-16,0.));
#13883 = ORIENTED_EDGE('',*,*,#13288,.T.);
#13884 = ORIENTED_EDGE('',*,*,#13341,.F.);
#13885 = ORIENTED_EDGE('',*,*,#13375,.F.);
#13886 = PLANE('',#13887);
#13887 = AXIS2_PLACEMENT_3D('',#13888,#13889,#13890);
#13888 = CARTESIAN_POINT('',(2.82,-2.E-02,-1.5));
#13889 = DIRECTION('',(1.095357396528E-16,0.894427191,0.4472135955));
#13890 = DIRECTION('',(-5.476786982641E-17,-0.4472135955,0.894427191));
#13891 = ADVANCED_FACE('',(#13892),#13912,.F.);
#13892 = FACE_BOUND('',#13893,.F.);
#13893 = EDGE_LOOP('',(#13894,#13895,#13903,#13909,#13910,#13911));
#13894 = ORIENTED_EDGE('',*,*,#13367,.F.);
#13895 = ORIENTED_EDGE('',*,*,#13896,.F.);
#13896 = EDGE_CURVE('',#13897,#13360,#13899,.T.);
#13897 = VERTEX_POINT('',#13898);
#13898 = CARTESIAN_POINT('',(2.817552593066,-0.288807485305,
    -3.202447406934));
#13899 = LINE('',#13900,#13901);
#13900 = CARTESIAN_POINT('',(2.743720930233,-0.300465116279,
    -3.276279069767));
#13901 = VECTOR('',#13902,1.);
#13902 = DIRECTION('',(0.702740385383,0.110959008218,0.702740385383));
#13903 = ORIENTED_EDGE('',*,*,#13904,.T.);
#13904 = EDGE_CURVE('',#13897,#13791,#13905,.T.);
#13905 = LINE('',#13906,#13907);
#13906 = CARTESIAN_POINT('',(2.82,-0.288807485305,-3.202447406934));
#13907 = VECTOR('',#13908,1.);
#13908 = DIRECTION('',(-1.,1.224646799147E-16,0.));
#13909 = ORIENTED_EDGE('',*,*,#13798,.T.);
#13910 = ORIENTED_EDGE('',*,*,#13280,.T.);
#13911 = ORIENTED_EDGE('',*,*,#13878,.F.);
#13912 = PLANE('',#13913);
#13913 = AXIS2_PLACEMENT_3D('',#13914,#13915,#13916);
#13914 = CARTESIAN_POINT('',(2.82,-0.32,-3.4));
#13915 = DIRECTION('',(1.209660753807E-16,0.987762965329,-0.155962573473
    ));
#13916 = DIRECTION('',(1.909990663905E-17,0.155962573473,0.987762965329)
  );
#13917 = ADVANCED_FACE('',(#13918),#13945,.T.);
#13918 = FACE_BOUND('',#13919,.F.);
#13919 = EDGE_LOOP('',(#13920,#13928,#13929,#13930,#13931,#13939));
#13920 = ORIENTED_EDGE('',*,*,#13921,.T.);
#13921 = EDGE_CURVE('',#13922,#13897,#13924,.T.);
#13922 = VERTEX_POINT('',#13923);
#13923 = CARTESIAN_POINT('',(2.62,-0.12,-3.4));
#13924 = LINE('',#13925,#13926);
#13925 = CARTESIAN_POINT('',(2.655697812072,-0.150503562587,
    -3.364302187928));
#13926 = VECTOR('',#13927,1.);
#13927 = DIRECTION('',(0.605209817607,-0.517148096144,0.605209817607));
#13928 = ORIENTED_EDGE('',*,*,#13896,.T.);
#13929 = ORIENTED_EDGE('',*,*,#13357,.F.);
#13930 = ORIENTED_EDGE('',*,*,#13852,.F.);
#13931 = ORIENTED_EDGE('',*,*,#13932,.F.);
#13932 = EDGE_CURVE('',#13933,#13845,#13935,.T.);
#13933 = VERTEX_POINT('',#13934);
#13934 = CARTESIAN_POINT('',(2.62,0.12,-3.4));
#13935 = LINE('',#13936,#13937);
#13936 = CARTESIAN_POINT('',(2.74881689775,0.270752273427,-3.27118310225
    ));
#13937 = VECTOR('',#13938,1.);
#13938 = DIRECTION('',(0.544770019249,0.63753529491,0.544770019249));
#13939 = ORIENTED_EDGE('',*,*,#13940,.T.);
#13940 = EDGE_CURVE('',#13933,#13922,#13941,.T.);
#13941 = LINE('',#13942,#13943);
#13942 = CARTESIAN_POINT('',(2.62,0.32,-3.4));
#13943 = VECTOR('',#13944,1.);
#13944 = DIRECTION('',(-1.224646799147E-16,-1.,0.));
#13945 = PLANE('',#13946);
#13946 = AXIS2_PLACEMENT_3D('',#13947,#13948,#13949);
#13947 = CARTESIAN_POINT('',(2.72,0.32,-3.3));
#13948 = DIRECTION('',(0.707106781187,-8.486018839685E-17,
    -0.707106781187));
#13949 = DIRECTION('',(1.212375546256E-16,1.,1.227125289196E-18));
#13950 = ADVANCED_FACE('',(#13951),#13957,.F.);
#13951 = FACE_BOUND('',#13952,.F.);
#13952 = EDGE_LOOP('',(#13953,#13954,#13955,#13956));
#13953 = ORIENTED_EDGE('',*,*,#13438,.T.);
#13954 = ORIENTED_EDGE('',*,*,#13510,.F.);
#13955 = ORIENTED_EDGE('',*,*,#13486,.F.);
#13956 = ORIENTED_EDGE('',*,*,#13471,.T.);
#13957 = PLANE('',#13958);
#13958 = AXIS2_PLACEMENT_3D('',#13959,#13960,#13961);
#13959 = CARTESIAN_POINT('',(0.32,-0.32,6.5));
#13960 = DIRECTION('',(-0.,0.,-1.));
#13961 = DIRECTION('',(1.224646799147E-16,1.,0.));
#13962 = ADVANCED_FACE('',(#13963),#13969,.F.);
#13963 = FACE_BOUND('',#13964,.F.);
#13964 = EDGE_LOOP('',(#13965,#13966,#13967,#13968));
#13965 = ORIENTED_EDGE('',*,*,#13534,.T.);
#13966 = ORIENTED_EDGE('',*,*,#13606,.F.);
#13967 = ORIENTED_EDGE('',*,*,#13582,.F.);
#13968 = ORIENTED_EDGE('',*,*,#13567,.T.);
#13969 = PLANE('',#13970);
#13970 = AXIS2_PLACEMENT_3D('',#13971,#13972,#13973);
#13971 = CARTESIAN_POINT('',(2.82,-0.32,6.5));
#13972 = DIRECTION('',(-0.,0.,-1.));
#13973 = DIRECTION('',(1.224646799147E-16,1.,0.));
#13974 = ADVANCED_FACE('',(#13975),#13986,.T.);
#13975 = FACE_BOUND('',#13976,.F.);
#13976 = EDGE_LOOP('',(#13977,#13978,#13984,#13985));
#13977 = ORIENTED_EDGE('',*,*,#13755,.F.);
#13978 = ORIENTED_EDGE('',*,*,#13979,.T.);
#13979 = EDGE_CURVE('',#13756,#13623,#13980,.T.);
#13980 = LINE('',#13981,#13982);
#13981 = CARTESIAN_POINT('',(0.32,-0.12,-3.4));
#13982 = VECTOR('',#13983,1.);
#13983 = DIRECTION('',(-1.,1.224646799147E-16,0.));
#13984 = ORIENTED_EDGE('',*,*,#13622,.T.);
#13985 = ORIENTED_EDGE('',*,*,#13738,.F.);
#13986 = PLANE('',#13987);
#13987 = AXIS2_PLACEMENT_3D('',#13988,#13989,#13990);
#13988 = CARTESIAN_POINT('',(0.32,-0.204403742653,-3.301223703467));
#13989 = DIRECTION('',(-9.310387150808E-17,-0.760250805153,
    -0.64962967394));
#13990 = DIRECTION('',(1.,-1.224646799148E-16,-5.515863360725E-29));
#13991 = ADVANCED_FACE('',(#13992),#14003,.F.);
#13992 = FACE_BOUND('',#13993,.F.);
#13993 = EDGE_LOOP('',(#13994,#13995,#13996,#14002));
#13994 = ORIENTED_EDGE('',*,*,#13979,.F.);
#13995 = ORIENTED_EDGE('',*,*,#13774,.F.);
#13996 = ORIENTED_EDGE('',*,*,#13997,.T.);
#13997 = EDGE_CURVE('',#13767,#13648,#13998,.T.);
#13998 = LINE('',#13999,#14000);
#13999 = CARTESIAN_POINT('',(0.32,0.12,-3.4));
#14000 = VECTOR('',#14001,1.);
#14001 = DIRECTION('',(-1.,1.224646799147E-16,0.));
#14002 = ORIENTED_EDGE('',*,*,#13655,.T.);
#14003 = PLANE('',#14004);
#14004 = AXIS2_PLACEMENT_3D('',#14005,#14006,#14007);
#14005 = CARTESIAN_POINT('',(0.32,0.32,-3.4));
#14006 = DIRECTION('',(0.,0.,1.));
#14007 = DIRECTION('',(-1.224646799147E-16,-1.,0.));
#14008 = ADVANCED_FACE('',(#14009),#14015,.T.);
#14009 = FACE_BOUND('',#14010,.T.);
#14010 = EDGE_LOOP('',(#14011,#14012,#14013,#14014));
#14011 = ORIENTED_EDGE('',*,*,#13766,.F.);
#14012 = ORIENTED_EDGE('',*,*,#13997,.T.);
#14013 = ORIENTED_EDGE('',*,*,#13647,.T.);
#14014 = ORIENTED_EDGE('',*,*,#13678,.F.);
#14015 = PLANE('',#14016);
#14016 = AXIS2_PLACEMENT_3D('',#14017,#14018,#14019);
#14017 = CARTESIAN_POINT('',(0.32,0.235596257347,-3.301223703467));
#14018 = DIRECTION('',(8.302774088379E-17,0.64962967394,-0.760250805153)
  );
#14019 = DIRECTION('',(-1.,1.247195775152E-16,-2.638869166629E-18));
#14020 = ADVANCED_FACE('',(#14021),#14032,.T.);
#14021 = FACE_BOUND('',#14022,.F.);
#14022 = EDGE_LOOP('',(#14023,#14024,#14030,#14031));
#14023 = ORIENTED_EDGE('',*,*,#13921,.F.);
#14024 = ORIENTED_EDGE('',*,*,#14025,.T.);
#14025 = EDGE_CURVE('',#13922,#13789,#14026,.T.);
#14026 = LINE('',#14027,#14028);
#14027 = CARTESIAN_POINT('',(2.82,-0.12,-3.4));
#14028 = VECTOR('',#14029,1.);
#14029 = DIRECTION('',(-1.,1.224646799147E-16,0.));
#14030 = ORIENTED_EDGE('',*,*,#13788,.T.);
#14031 = ORIENTED_EDGE('',*,*,#13904,.F.);
#14032 = PLANE('',#14033);
#14033 = AXIS2_PLACEMENT_3D('',#14034,#14035,#14036);
#14034 = CARTESIAN_POINT('',(2.82,-0.204403742653,-3.301223703467));
#14035 = DIRECTION('',(-9.310387150808E-17,-0.760250805153,
    -0.64962967394));
#14036 = DIRECTION('',(1.,-1.224646799148E-16,-5.515863360725E-29));
#14037 = ADVANCED_FACE('',(#14038),#14049,.F.);
#14038 = FACE_BOUND('',#14039,.F.);
#14039 = EDGE_LOOP('',(#14040,#14041,#14042,#14048));
#14040 = ORIENTED_EDGE('',*,*,#14025,.F.);
#14041 = ORIENTED_EDGE('',*,*,#13940,.F.);
#14042 = ORIENTED_EDGE('',*,*,#14043,.T.);
#14043 = EDGE_CURVE('',#13933,#13814,#14044,.T.);
#14044 = LINE('',#14045,#14046);
#14045 = CARTESIAN_POINT('',(2.82,0.12,-3.4));
#14046 = VECTOR('',#14047,1.);
#14047 = DIRECTION('',(-1.,1.224646799147E-16,0.));
#14048 = ORIENTED_EDGE('',*,*,#13821,.T.);
#14049 = PLANE('',#14050);
#14050 = AXIS2_PLACEMENT_3D('',#14051,#14052,#14053);
#14051 = CARTESIAN_POINT('',(2.82,0.32,-3.4));
#14052 = DIRECTION('',(0.,0.,1.));
#14053 = DIRECTION('',(-1.224646799147E-16,-1.,0.));
#14054 = ADVANCED_FACE('',(#14055),#14061,.T.);
#14055 = FACE_BOUND('',#14056,.T.);
#14056 = EDGE_LOOP('',(#14057,#14058,#14059,#14060));
#14057 = ORIENTED_EDGE('',*,*,#13932,.F.);
#14058 = ORIENTED_EDGE('',*,*,#14043,.T.);
#14059 = ORIENTED_EDGE('',*,*,#13813,.T.);
#14060 = ORIENTED_EDGE('',*,*,#13844,.F.);
#14061 = PLANE('',#14062);
#14062 = AXIS2_PLACEMENT_3D('',#14063,#14064,#14065);
#14063 = CARTESIAN_POINT('',(2.82,0.235596257347,-3.301223703467));
#14064 = DIRECTION('',(8.302774088379E-17,0.64962967394,-0.760250805153)
  );
#14065 = DIRECTION('',(-1.,1.247195775152E-16,-2.638869166629E-18));
#14066 = ( GEOMETRIC_REPRESENTATION_CONTEXT(3) 
GLOBAL_UNCERTAINTY_ASSIGNED_CONTEXT((#14070)) 
GLOBAL_UNIT_ASSIGNED_CONTEXT((#14067,#14068,#14069)) 
REPRESENTATION_CONTEXT('Context #1',
  '3D Context with UNIT and UNCERTAINTY') );
#14067 = ( LENGTH_UNIT() NAMED_UNIT(*) SI_UNIT(.MILLI.,.METRE.) );
#14068 = ( NAMED_UNIT(*) PLANE_ANGLE_UNIT() SI_UNIT($,.RADIAN.) );
#14069 = ( NAMED_UNIT(*) SI_UNIT($,.STERADIAN.) SOLID_ANGLE_UNIT() );
#14070 = UNCERTAINTY_MEASURE_WITH_UNIT(LENGTH_MEASURE(1.E-07),#14067,
  'distance_accuracy_value','confusion accuracy');
#14071 = CONTEXT_DEPENDENT_SHAPE_REPRESENTATION(#14072,#14074);
#14072 = ( REPRESENTATION_RELATIONSHIP('','',#11350,#10) 
REPRESENTATION_RELATIONSHIP_WITH_TRANSFORMATION(#14073) 
SHAPE_REPRESENTATION_RELATIONSHIP() );
#14073 = ITEM_DEFINED_TRANSFORMATION('','',#11,#59);
#14074 = PRODUCT_DEFINITION_SHAPE('Placement','Placement of an item',
  #14075);
#14075 = NEXT_ASSEMBLY_USAGE_OCCURRENCE('12','J20','',#5,#11345,$);
#14076 = PRODUCT_RELATED_PRODUCT_CATEGORY('part',$,(#11347));
#14077 = SHAPE_DEFINITION_REPRESENTATION(#14078,#14084);
#14078 = PRODUCT_DEFINITION_SHAPE('','',#14079);
#14079 = PRODUCT_DEFINITION('design','',#14080,#14083);
#14080 = PRODUCT_DEFINITION_FORMATION('','',#14081);
#14081 = PRODUCT('power_PCB','power_PCB','',(#14082));
#14082 = PRODUCT_CONTEXT('',#2,'mechanical');
#14083 = PRODUCT_DEFINITION_CONTEXT('part definition',#2,'design');
#14084 = ADVANCED_BREP_SHAPE_REPRESENTATION('',(#11,#14085),#15990);
#14085 = MANIFOLD_SOLID_BREP('',#14086);
#14086 = CLOSED_SHELL('',(#14087,#14127,#14158,#14189,#14701,#15213,
    #15225,#15242,#15259,#15276,#15293,#15310,#15327,#15344,#15361,
    #15378,#15395,#15412,#15429,#15446,#15463,#15480,#15497,#15514,
    #15531,#15548,#15565,#15582,#15599,#15616,#15633,#15650,#15667,
    #15684,#15701,#15718,#15735,#15752,#15769,#15786,#15803,#15820,
    #15837,#15854,#15871,#15888,#15905,#15922,#15939,#15956,#15973));
#14087 = ADVANCED_FACE('',(#14088),#14122,.T.);
#14088 = FACE_BOUND('',#14089,.T.);
#14089 = EDGE_LOOP('',(#14090,#14100,#14108,#14116));
#14090 = ORIENTED_EDGE('',*,*,#14091,.T.);
#14091 = EDGE_CURVE('',#14092,#14094,#14096,.T.);
#14092 = VERTEX_POINT('',#14093);
#14093 = CARTESIAN_POINT('',(75.5,-77.,0.));
#14094 = VERTEX_POINT('',#14095);
#14095 = CARTESIAN_POINT('',(75.5,-77.,1.51));
#14096 = LINE('',#14097,#14098);
#14097 = CARTESIAN_POINT('',(75.5,-77.,0.));
#14098 = VECTOR('',#14099,1.);
#14099 = DIRECTION('',(0.,0.,1.));
#14100 = ORIENTED_EDGE('',*,*,#14101,.T.);
#14101 = EDGE_CURVE('',#14094,#14102,#14104,.T.);
#14102 = VERTEX_POINT('',#14103);
#14103 = CARTESIAN_POINT('',(12.5,-77.,1.51));
#14104 = LINE('',#14105,#14106);
#14105 = CARTESIAN_POINT('',(75.5,-77.,1.51));
#14106 = VECTOR('',#14107,1.);
#14107 = DIRECTION('',(-1.,0.,0.));
#14108 = ORIENTED_EDGE('',*,*,#14109,.F.);
#14109 = EDGE_CURVE('',#14110,#14102,#14112,.T.);
#14110 = VERTEX_POINT('',#14111);
#14111 = CARTESIAN_POINT('',(12.5,-77.,0.));
#14112 = LINE('',#14113,#14114);
#14113 = CARTESIAN_POINT('',(12.5,-77.,0.));
#14114 = VECTOR('',#14115,1.);
#14115 = DIRECTION('',(0.,0.,1.));
#14116 = ORIENTED_EDGE('',*,*,#14117,.F.);
#14117 = EDGE_CURVE('',#14092,#14110,#14118,.T.);
#14118 = LINE('',#14119,#14120);
#14119 = CARTESIAN_POINT('',(75.5,-77.,0.));
#14120 = VECTOR('',#14121,1.);
#14121 = DIRECTION('',(-1.,0.,0.));
#14122 = PLANE('',#14123);
#14123 = AXIS2_PLACEMENT_3D('',#14124,#14125,#14126);
#14124 = CARTESIAN_POINT('',(75.5,-77.,0.));
#14125 = DIRECTION('',(0.,-1.,0.));
#14126 = DIRECTION('',(-1.,0.,0.));
#14127 = ADVANCED_FACE('',(#14128),#14153,.T.);
#14128 = FACE_BOUND('',#14129,.T.);
#14129 = EDGE_LOOP('',(#14130,#14140,#14146,#14147));
#14130 = ORIENTED_EDGE('',*,*,#14131,.T.);
#14131 = EDGE_CURVE('',#14132,#14134,#14136,.T.);
#14132 = VERTEX_POINT('',#14133);
#14133 = CARTESIAN_POINT('',(75.5,-12.5,0.));
#14134 = VERTEX_POINT('',#14135);
#14135 = CARTESIAN_POINT('',(75.5,-12.5,1.51));
#14136 = LINE('',#14137,#14138);
#14137 = CARTESIAN_POINT('',(75.5,-12.5,0.));
#14138 = VECTOR('',#14139,1.);
#14139 = DIRECTION('',(0.,0.,1.));
#14140 = ORIENTED_EDGE('',*,*,#14141,.T.);
#14141 = EDGE_CURVE('',#14134,#14094,#14142,.T.);
#14142 = LINE('',#14143,#14144);
#14143 = CARTESIAN_POINT('',(75.5,-12.5,1.51));
#14144 = VECTOR('',#14145,1.);
#14145 = DIRECTION('',(0.,-1.,0.));
#14146 = ORIENTED_EDGE('',*,*,#14091,.F.);
#14147 = ORIENTED_EDGE('',*,*,#14148,.F.);
#14148 = EDGE_CURVE('',#14132,#14092,#14149,.T.);
#14149 = LINE('',#14150,#14151);
#14150 = CARTESIAN_POINT('',(75.5,-12.5,0.));
#14151 = VECTOR('',#14152,1.);
#14152 = DIRECTION('',(0.,-1.,0.));
#14153 = PLANE('',#14154);
#14154 = AXIS2_PLACEMENT_3D('',#14155,#14156,#14157);
#14155 = CARTESIAN_POINT('',(75.5,-12.5,0.));
#14156 = DIRECTION('',(1.,0.,-0.));
#14157 = DIRECTION('',(0.,-1.,0.));
#14158 = ADVANCED_FACE('',(#14159),#14184,.T.);
#14159 = FACE_BOUND('',#14160,.T.);
#14160 = EDGE_LOOP('',(#14161,#14162,#14170,#14178));
#14161 = ORIENTED_EDGE('',*,*,#14109,.T.);
#14162 = ORIENTED_EDGE('',*,*,#14163,.T.);
#14163 = EDGE_CURVE('',#14102,#14164,#14166,.T.);
#14164 = VERTEX_POINT('',#14165);
#14165 = CARTESIAN_POINT('',(12.5,-12.5,1.51));
#14166 = LINE('',#14167,#14168);
#14167 = CARTESIAN_POINT('',(12.5,-77.,1.51));
#14168 = VECTOR('',#14169,1.);
#14169 = DIRECTION('',(0.,1.,0.));
#14170 = ORIENTED_EDGE('',*,*,#14171,.F.);
#14171 = EDGE_CURVE('',#14172,#14164,#14174,.T.);
#14172 = VERTEX_POINT('',#14173);
#14173 = CARTESIAN_POINT('',(12.5,-12.5,0.));
#14174 = LINE('',#14175,#14176);
#14175 = CARTESIAN_POINT('',(12.5,-12.5,0.));
#14176 = VECTOR('',#14177,1.);
#14177 = DIRECTION('',(0.,0.,1.));
#14178 = ORIENTED_EDGE('',*,*,#14179,.F.);
#14179 = EDGE_CURVE('',#14110,#14172,#14180,.T.);
#14180 = LINE('',#14181,#14182);
#14181 = CARTESIAN_POINT('',(12.5,-77.,0.));
#14182 = VECTOR('',#14183,1.);
#14183 = DIRECTION('',(0.,1.,0.));
#14184 = PLANE('',#14185);
#14185 = AXIS2_PLACEMENT_3D('',#14186,#14187,#14188);
#14186 = CARTESIAN_POINT('',(12.5,-77.,0.));
#14187 = DIRECTION('',(-1.,0.,0.));
#14188 = DIRECTION('',(0.,1.,0.));
#14189 = ADVANCED_FACE('',(#14190,#14201,#14212,#14223,#14234,#14245,
    #14256,#14267,#14278,#14289,#14300,#14311,#14322,#14333,#14344,
    #14355,#14366,#14377,#14388,#14399,#14410,#14421,#14432,#14443,
    #14454,#14465,#14476,#14487,#14498,#14509,#14520,#14531,#14542,
    #14553,#14564,#14575,#14586,#14597,#14608,#14619,#14630,#14641,
    #14652,#14663,#14674,#14685),#14696,.F.);
#14190 = FACE_BOUND('',#14191,.F.);
#14191 = EDGE_LOOP('',(#14192,#14193,#14194,#14200));
#14192 = ORIENTED_EDGE('',*,*,#14117,.F.);
#14193 = ORIENTED_EDGE('',*,*,#14148,.F.);
#14194 = ORIENTED_EDGE('',*,*,#14195,.F.);
#14195 = EDGE_CURVE('',#14172,#14132,#14196,.T.);
#14196 = LINE('',#14197,#14198);
#14197 = CARTESIAN_POINT('',(12.5,-12.5,0.));
#14198 = VECTOR('',#14199,1.);
#14199 = DIRECTION('',(1.,0.,0.));
#14200 = ORIENTED_EDGE('',*,*,#14179,.F.);
#14201 = FACE_BOUND('',#14202,.F.);
#14202 = EDGE_LOOP('',(#14203));
#14203 = ORIENTED_EDGE('',*,*,#14204,.T.);
#14204 = EDGE_CURVE('',#14205,#14205,#14207,.T.);
#14205 = VERTEX_POINT('',#14206);
#14206 = CARTESIAN_POINT('',(17.9,-73.7,0.));
#14207 = CIRCLE('',#14208,1.5);
#14208 = AXIS2_PLACEMENT_3D('',#14209,#14210,#14211);
#14209 = CARTESIAN_POINT('',(17.9,-72.2,0.));
#14210 = DIRECTION('',(-0.,0.,-1.));
#14211 = DIRECTION('',(-0.,-1.,0.));
#14212 = FACE_BOUND('',#14213,.F.);
#14213 = EDGE_LOOP('',(#14214));
#14214 = ORIENTED_EDGE('',*,*,#14215,.T.);
#14215 = EDGE_CURVE('',#14216,#14216,#14218,.T.);
#14216 = VERTEX_POINT('',#14217);
#14217 = CARTESIAN_POINT('',(25.1,-73.7,0.));
#14218 = CIRCLE('',#14219,1.5);
#14219 = AXIS2_PLACEMENT_3D('',#14220,#14221,#14222);
#14220 = CARTESIAN_POINT('',(25.1,-72.2,0.));
#14221 = DIRECTION('',(-0.,0.,-1.));
#14222 = DIRECTION('',(-0.,-1.,0.));
#14223 = FACE_BOUND('',#14224,.F.);
#14224 = EDGE_LOOP('',(#14225));
#14225 = ORIENTED_EDGE('',*,*,#14226,.T.);
#14226 = EDGE_CURVE('',#14227,#14227,#14229,.T.);
#14227 = VERTEX_POINT('',#14228);
#14228 = CARTESIAN_POINT('',(17.5,-58.725,0.));
#14229 = CIRCLE('',#14230,1.5);
#14230 = AXIS2_PLACEMENT_3D('',#14231,#14232,#14233);
#14231 = CARTESIAN_POINT('',(17.5,-57.225,0.));
#14232 = DIRECTION('',(-0.,0.,-1.));
#14233 = DIRECTION('',(-0.,-1.,0.));
#14234 = FACE_BOUND('',#14235,.F.);
#14235 = EDGE_LOOP('',(#14236));
#14236 = ORIENTED_EDGE('',*,*,#14237,.T.);
#14237 = EDGE_CURVE('',#14238,#14238,#14240,.T.);
#14238 = VERTEX_POINT('',#14239);
#14239 = CARTESIAN_POINT('',(17.5,-51.525,0.));
#14240 = CIRCLE('',#14241,1.5);
#14241 = AXIS2_PLACEMENT_3D('',#14242,#14243,#14244);
#14242 = CARTESIAN_POINT('',(17.5,-50.025,0.));
#14243 = DIRECTION('',(-0.,0.,-1.));
#14244 = DIRECTION('',(-0.,-1.,0.));
#14245 = FACE_BOUND('',#14246,.F.);
#14246 = EDGE_LOOP('',(#14247));
#14247 = ORIENTED_EDGE('',*,*,#14248,.T.);
#14248 = EDGE_CURVE('',#14249,#14249,#14251,.T.);
#14249 = VERTEX_POINT('',#14250);
#14250 = CARTESIAN_POINT('',(25.,-49.975,0.));
#14251 = CIRCLE('',#14252,0.475);
#14252 = AXIS2_PLACEMENT_3D('',#14253,#14254,#14255);
#14253 = CARTESIAN_POINT('',(25.,-49.5,0.));
#14254 = DIRECTION('',(-0.,0.,-1.));
#14255 = DIRECTION('',(-0.,-1.,0.));
#14256 = FACE_BOUND('',#14257,.F.);
#14257 = EDGE_LOOP('',(#14258));
#14258 = ORIENTED_EDGE('',*,*,#14259,.T.);
#14259 = EDGE_CURVE('',#14260,#14260,#14262,.T.);
#14260 = VERTEX_POINT('',#14261);
#14261 = CARTESIAN_POINT('',(27.5,-49.975,0.));
#14262 = CIRCLE('',#14263,0.475);
#14263 = AXIS2_PLACEMENT_3D('',#14264,#14265,#14266);
#14264 = CARTESIAN_POINT('',(27.5,-49.5,0.));
#14265 = DIRECTION('',(-0.,0.,-1.));
#14266 = DIRECTION('',(-0.,-1.,0.));
#14267 = FACE_BOUND('',#14268,.F.);
#14268 = EDGE_LOOP('',(#14269));
#14269 = ORIENTED_EDGE('',*,*,#14270,.T.);
#14270 = EDGE_CURVE('',#14271,#14271,#14273,.T.);
#14271 = VERTEX_POINT('',#14272);
#14272 = CARTESIAN_POINT('',(31.42,-59.475,0.));
#14273 = CIRCLE('',#14274,0.5);
#14274 = AXIS2_PLACEMENT_3D('',#14275,#14276,#14277);
#14275 = CARTESIAN_POINT('',(31.42,-58.975,0.));
#14276 = DIRECTION('',(-0.,0.,-1.));
#14277 = DIRECTION('',(-0.,-1.,0.));
#14278 = FACE_BOUND('',#14279,.F.);
#14279 = EDGE_LOOP('',(#14280));
#14280 = ORIENTED_EDGE('',*,*,#14281,.T.);
#14281 = EDGE_CURVE('',#14282,#14282,#14284,.T.);
#14282 = VERTEX_POINT('',#14283);
#14283 = CARTESIAN_POINT('',(33.96,-59.475,0.));
#14284 = CIRCLE('',#14285,0.5);
#14285 = AXIS2_PLACEMENT_3D('',#14286,#14287,#14288);
#14286 = CARTESIAN_POINT('',(33.96,-58.975,0.));
#14287 = DIRECTION('',(-0.,0.,-1.));
#14288 = DIRECTION('',(-0.,-1.,0.));
#14289 = FACE_BOUND('',#14290,.F.);
#14290 = EDGE_LOOP('',(#14291));
#14291 = ORIENTED_EDGE('',*,*,#14292,.T.);
#14292 = EDGE_CURVE('',#14293,#14293,#14295,.T.);
#14293 = VERTEX_POINT('',#14294);
#14294 = CARTESIAN_POINT('',(36.5,-59.475,0.));
#14295 = CIRCLE('',#14296,0.5);
#14296 = AXIS2_PLACEMENT_3D('',#14297,#14298,#14299);
#14297 = CARTESIAN_POINT('',(36.5,-58.975,0.));
#14298 = DIRECTION('',(-0.,0.,-1.));
#14299 = DIRECTION('',(-0.,-1.,0.));
#14300 = FACE_BOUND('',#14301,.F.);
#14301 = EDGE_LOOP('',(#14302));
#14302 = ORIENTED_EDGE('',*,*,#14303,.T.);
#14303 = EDGE_CURVE('',#14304,#14304,#14306,.T.);
#14304 = VERTEX_POINT('',#14305);
#14305 = CARTESIAN_POINT('',(35.5,-54.375,0.));
#14306 = CIRCLE('',#14307,0.4);
#14307 = AXIS2_PLACEMENT_3D('',#14308,#14309,#14310);
#14308 = CARTESIAN_POINT('',(35.5,-53.975,0.));
#14309 = DIRECTION('',(-0.,0.,-1.));
#14310 = DIRECTION('',(-0.,-1.,0.));
#14311 = FACE_BOUND('',#14312,.F.);
#14312 = EDGE_LOOP('',(#14313));
#14313 = ORIENTED_EDGE('',*,*,#14314,.T.);
#14314 = EDGE_CURVE('',#14315,#14315,#14317,.T.);
#14315 = VERTEX_POINT('',#14316);
#14316 = CARTESIAN_POINT('',(38.5,-54.375,0.));
#14317 = CIRCLE('',#14318,0.4);
#14318 = AXIS2_PLACEMENT_3D('',#14319,#14320,#14321);
#14319 = CARTESIAN_POINT('',(38.5,-53.975,0.));
#14320 = DIRECTION('',(-0.,0.,-1.));
#14321 = DIRECTION('',(-0.,-1.,0.));
#14322 = FACE_BOUND('',#14323,.F.);
#14323 = EDGE_LOOP('',(#14324));
#14324 = ORIENTED_EDGE('',*,*,#14325,.T.);
#14325 = EDGE_CURVE('',#14326,#14326,#14328,.T.);
#14326 = VERTEX_POINT('',#14327);
#14327 = CARTESIAN_POINT('',(30.,-49.975,0.));
#14328 = CIRCLE('',#14329,0.475);
#14329 = AXIS2_PLACEMENT_3D('',#14330,#14331,#14332);
#14330 = CARTESIAN_POINT('',(30.,-49.5,0.));
#14331 = DIRECTION('',(-0.,0.,-1.));
#14332 = DIRECTION('',(-0.,-1.,0.));
#14333 = FACE_BOUND('',#14334,.F.);
#14334 = EDGE_LOOP('',(#14335));
#14335 = ORIENTED_EDGE('',*,*,#14336,.T.);
#14336 = EDGE_CURVE('',#14337,#14337,#14339,.T.);
#14337 = VERTEX_POINT('',#14338);
#14338 = CARTESIAN_POINT('',(35.5,-46.755,0.));
#14339 = CIRCLE('',#14340,0.4);
#14340 = AXIS2_PLACEMENT_3D('',#14341,#14342,#14343);
#14341 = CARTESIAN_POINT('',(35.5,-46.355,0.));
#14342 = DIRECTION('',(-0.,0.,-1.));
#14343 = DIRECTION('',(-0.,-1.,0.));
#14344 = FACE_BOUND('',#14345,.F.);
#14345 = EDGE_LOOP('',(#14346));
#14346 = ORIENTED_EDGE('',*,*,#14347,.T.);
#14347 = EDGE_CURVE('',#14348,#14348,#14350,.T.);
#14348 = VERTEX_POINT('',#14349);
#14349 = CARTESIAN_POINT('',(38.5,-46.755,0.));
#14350 = CIRCLE('',#14351,0.4);
#14351 = AXIS2_PLACEMENT_3D('',#14352,#14353,#14354);
#14352 = CARTESIAN_POINT('',(38.5,-46.355,0.));
#14353 = DIRECTION('',(-0.,0.,-1.));
#14354 = DIRECTION('',(-0.,-1.,0.));
#14355 = FACE_BOUND('',#14356,.F.);
#14356 = EDGE_LOOP('',(#14357));
#14357 = ORIENTED_EDGE('',*,*,#14358,.T.);
#14358 = EDGE_CURVE('',#14359,#14359,#14361,.T.);
#14359 = VERTEX_POINT('',#14360);
#14360 = CARTESIAN_POINT('',(57.3,-73.7,0.));
#14361 = CIRCLE('',#14362,1.5);
#14362 = AXIS2_PLACEMENT_3D('',#14363,#14364,#14365);
#14363 = CARTESIAN_POINT('',(57.3,-72.2,0.));
#14364 = DIRECTION('',(-0.,0.,-1.));
#14365 = DIRECTION('',(-0.,-1.,0.));
#14366 = FACE_BOUND('',#14367,.F.);
#14367 = EDGE_LOOP('',(#14368));
#14368 = ORIENTED_EDGE('',*,*,#14369,.T.);
#14369 = EDGE_CURVE('',#14370,#14370,#14372,.T.);
#14370 = VERTEX_POINT('',#14371);
#14371 = CARTESIAN_POINT('',(64.5,-73.7,0.));
#14372 = CIRCLE('',#14373,1.5);
#14373 = AXIS2_PLACEMENT_3D('',#14374,#14375,#14376);
#14374 = CARTESIAN_POINT('',(64.5,-72.2,0.));
#14375 = DIRECTION('',(-0.,0.,-1.));
#14376 = DIRECTION('',(-0.,-1.,0.));
#14377 = FACE_BOUND('',#14378,.F.);
#14378 = EDGE_LOOP('',(#14379));
#14379 = ORIENTED_EDGE('',*,*,#14380,.T.);
#14380 = EDGE_CURVE('',#14381,#14381,#14383,.T.);
#14381 = VERTEX_POINT('',#14382);
#14382 = CARTESIAN_POINT('',(71.5,-74.6,0.));
#14383 = CIRCLE('',#14384,1.6);
#14384 = AXIS2_PLACEMENT_3D('',#14385,#14386,#14387);
#14385 = CARTESIAN_POINT('',(71.5,-73.,0.));
#14386 = DIRECTION('',(-0.,0.,-1.));
#14387 = DIRECTION('',(-0.,-1.,0.));
#14388 = FACE_BOUND('',#14389,.F.);
#14389 = EDGE_LOOP('',(#14390));
#14390 = ORIENTED_EDGE('',*,*,#14391,.T.);
#14391 = EDGE_CURVE('',#14392,#14392,#14394,.T.);
#14392 = VERTEX_POINT('',#14393);
#14393 = CARTESIAN_POINT('',(49.42,-59.5,0.));
#14394 = CIRCLE('',#14395,0.5);
#14395 = AXIS2_PLACEMENT_3D('',#14396,#14397,#14398);
#14396 = CARTESIAN_POINT('',(49.42,-59.,0.));
#14397 = DIRECTION('',(-0.,0.,-1.));
#14398 = DIRECTION('',(-0.,-1.,0.));
#14399 = FACE_BOUND('',#14400,.F.);
#14400 = EDGE_LOOP('',(#14401));
#14401 = ORIENTED_EDGE('',*,*,#14402,.T.);
#14402 = EDGE_CURVE('',#14403,#14403,#14405,.T.);
#14403 = VERTEX_POINT('',#14404);
#14404 = CARTESIAN_POINT('',(51.96,-59.5,0.));
#14405 = CIRCLE('',#14406,0.5);
#14406 = AXIS2_PLACEMENT_3D('',#14407,#14408,#14409);
#14407 = CARTESIAN_POINT('',(51.96,-59.,0.));
#14408 = DIRECTION('',(-0.,0.,-1.));
#14409 = DIRECTION('',(-0.,-1.,0.));
#14410 = FACE_BOUND('',#14411,.F.);
#14411 = EDGE_LOOP('',(#14412));
#14412 = ORIENTED_EDGE('',*,*,#14413,.T.);
#14413 = EDGE_CURVE('',#14414,#14414,#14416,.T.);
#14414 = VERTEX_POINT('',#14415);
#14415 = CARTESIAN_POINT('',(54.5,-59.5,0.));
#14416 = CIRCLE('',#14417,0.5);
#14417 = AXIS2_PLACEMENT_3D('',#14418,#14419,#14420);
#14418 = CARTESIAN_POINT('',(54.5,-59.,0.));
#14419 = DIRECTION('',(-0.,0.,-1.));
#14420 = DIRECTION('',(-0.,-1.,0.));
#14421 = FACE_BOUND('',#14422,.F.);
#14422 = EDGE_LOOP('',(#14423));
#14423 = ORIENTED_EDGE('',*,*,#14424,.T.);
#14424 = EDGE_CURVE('',#14425,#14425,#14427,.T.);
#14425 = VERTEX_POINT('',#14426);
#14426 = CARTESIAN_POINT('',(45.,-46.45,0.));
#14427 = CIRCLE('',#14428,0.5);
#14428 = AXIS2_PLACEMENT_3D('',#14429,#14430,#14431);
#14429 = CARTESIAN_POINT('',(45.,-45.95,0.));
#14430 = DIRECTION('',(-0.,0.,-1.));
#14431 = DIRECTION('',(-0.,-1.,0.));
#14432 = FACE_BOUND('',#14433,.F.);
#14433 = EDGE_LOOP('',(#14434));
#14434 = ORIENTED_EDGE('',*,*,#14435,.T.);
#14435 = EDGE_CURVE('',#14436,#14436,#14438,.T.);
#14436 = VERTEX_POINT('',#14437);
#14437 = CARTESIAN_POINT('',(54.5,-50.45,0.));
#14438 = CIRCLE('',#14439,0.475);
#14439 = AXIS2_PLACEMENT_3D('',#14440,#14441,#14442);
#14440 = CARTESIAN_POINT('',(54.5,-49.975,0.));
#14441 = DIRECTION('',(-0.,0.,-1.));
#14442 = DIRECTION('',(-0.,-1.,0.));
#14443 = FACE_BOUND('',#14444,.F.);
#14444 = EDGE_LOOP('',(#14445));
#14445 = ORIENTED_EDGE('',*,*,#14446,.T.);
#14446 = EDGE_CURVE('',#14447,#14447,#14449,.T.);
#14447 = VERTEX_POINT('',#14448);
#14448 = CARTESIAN_POINT('',(54.5,-47.95,0.));
#14449 = CIRCLE('',#14450,0.475);
#14450 = AXIS2_PLACEMENT_3D('',#14451,#14452,#14453);
#14451 = CARTESIAN_POINT('',(54.5,-47.475,0.));
#14452 = DIRECTION('',(-0.,0.,-1.));
#14453 = DIRECTION('',(-0.,-1.,0.));
#14454 = FACE_BOUND('',#14455,.F.);
#14455 = EDGE_LOOP('',(#14456));
#14456 = ORIENTED_EDGE('',*,*,#14457,.T.);
#14457 = EDGE_CURVE('',#14458,#14458,#14460,.T.);
#14458 = VERTEX_POINT('',#14459);
#14459 = CARTESIAN_POINT('',(54.5,-45.45,0.));
#14460 = CIRCLE('',#14461,0.475);
#14461 = AXIS2_PLACEMENT_3D('',#14462,#14463,#14464);
#14462 = CARTESIAN_POINT('',(54.5,-44.975,0.));
#14463 = DIRECTION('',(-0.,0.,-1.));
#14464 = DIRECTION('',(-0.,-1.,0.));
#14465 = FACE_BOUND('',#14466,.F.);
#14466 = EDGE_LOOP('',(#14467));
#14467 = ORIENTED_EDGE('',*,*,#14468,.T.);
#14468 = EDGE_CURVE('',#14469,#14469,#14471,.T.);
#14469 = VERTEX_POINT('',#14470);
#14470 = CARTESIAN_POINT('',(25.,-41.975,0.));
#14471 = CIRCLE('',#14472,0.475);
#14472 = AXIS2_PLACEMENT_3D('',#14473,#14474,#14475);
#14473 = CARTESIAN_POINT('',(25.,-41.5,0.));
#14474 = DIRECTION('',(-0.,0.,-1.));
#14475 = DIRECTION('',(-0.,-1.,0.));
#14476 = FACE_BOUND('',#14477,.F.);
#14477 = EDGE_LOOP('',(#14478));
#14478 = ORIENTED_EDGE('',*,*,#14479,.T.);
#14479 = EDGE_CURVE('',#14480,#14480,#14482,.T.);
#14480 = VERTEX_POINT('',#14481);
#14481 = CARTESIAN_POINT('',(27.5,-41.975,0.));
#14482 = CIRCLE('',#14483,0.475);
#14483 = AXIS2_PLACEMENT_3D('',#14484,#14485,#14486);
#14484 = CARTESIAN_POINT('',(27.5,-41.5,0.));
#14485 = DIRECTION('',(-0.,0.,-1.));
#14486 = DIRECTION('',(-0.,-1.,0.));
#14487 = FACE_BOUND('',#14488,.F.);
#14488 = EDGE_LOOP('',(#14489));
#14489 = ORIENTED_EDGE('',*,*,#14490,.T.);
#14490 = EDGE_CURVE('',#14491,#14491,#14493,.T.);
#14491 = VERTEX_POINT('',#14492);
#14492 = CARTESIAN_POINT('',(30.,-41.975,0.));
#14493 = CIRCLE('',#14494,0.475);
#14494 = AXIS2_PLACEMENT_3D('',#14495,#14496,#14497);
#14495 = CARTESIAN_POINT('',(30.,-41.5,0.));
#14496 = DIRECTION('',(-0.,0.,-1.));
#14497 = DIRECTION('',(-0.,-1.,0.));
#14498 = FACE_BOUND('',#14499,.F.);
#14499 = EDGE_LOOP('',(#14500));
#14500 = ORIENTED_EDGE('',*,*,#14501,.T.);
#14501 = EDGE_CURVE('',#14502,#14502,#14504,.T.);
#14502 = VERTEX_POINT('',#14503);
#14503 = CARTESIAN_POINT('',(35.5,-43.375,0.));
#14504 = CIRCLE('',#14505,0.4);
#14505 = AXIS2_PLACEMENT_3D('',#14506,#14507,#14508);
#14506 = CARTESIAN_POINT('',(35.5,-42.975,0.));
#14507 = DIRECTION('',(-0.,0.,-1.));
#14508 = DIRECTION('',(-0.,-1.,0.));
#14509 = FACE_BOUND('',#14510,.F.);
#14510 = EDGE_LOOP('',(#14511));
#14511 = ORIENTED_EDGE('',*,*,#14512,.T.);
#14512 = EDGE_CURVE('',#14513,#14513,#14515,.T.);
#14513 = VERTEX_POINT('',#14514);
#14514 = CARTESIAN_POINT('',(38.5,-43.375,0.));
#14515 = CIRCLE('',#14516,0.4);
#14516 = AXIS2_PLACEMENT_3D('',#14517,#14518,#14519);
#14517 = CARTESIAN_POINT('',(38.5,-42.975,0.));
#14518 = DIRECTION('',(-0.,0.,-1.));
#14519 = DIRECTION('',(-0.,-1.,0.));
#14520 = FACE_BOUND('',#14521,.F.);
#14521 = EDGE_LOOP('',(#14522));
#14522 = ORIENTED_EDGE('',*,*,#14523,.T.);
#14523 = EDGE_CURVE('',#14524,#14524,#14526,.T.);
#14524 = VERTEX_POINT('',#14525);
#14525 = CARTESIAN_POINT('',(35.5,-35.755,0.));
#14526 = CIRCLE('',#14527,0.4);
#14527 = AXIS2_PLACEMENT_3D('',#14528,#14529,#14530);
#14528 = CARTESIAN_POINT('',(35.5,-35.355,0.));
#14529 = DIRECTION('',(-0.,0.,-1.));
#14530 = DIRECTION('',(-0.,-1.,0.));
#14531 = FACE_BOUND('',#14532,.F.);
#14532 = EDGE_LOOP('',(#14533));
#14533 = ORIENTED_EDGE('',*,*,#14534,.T.);
#14534 = EDGE_CURVE('',#14535,#14535,#14537,.T.);
#14535 = VERTEX_POINT('',#14536);
#14536 = CARTESIAN_POINT('',(31.42,-31.475,0.));
#14537 = CIRCLE('',#14538,0.5);
#14538 = AXIS2_PLACEMENT_3D('',#14539,#14540,#14541);
#14539 = CARTESIAN_POINT('',(31.42,-30.975,0.));
#14540 = DIRECTION('',(-0.,0.,-1.));
#14541 = DIRECTION('',(-0.,-1.,0.));
#14542 = FACE_BOUND('',#14543,.F.);
#14543 = EDGE_LOOP('',(#14544));
#14544 = ORIENTED_EDGE('',*,*,#14545,.T.);
#14545 = EDGE_CURVE('',#14546,#14546,#14548,.T.);
#14546 = VERTEX_POINT('',#14547);
#14547 = CARTESIAN_POINT('',(33.96,-31.475,0.));
#14548 = CIRCLE('',#14549,0.5);
#14549 = AXIS2_PLACEMENT_3D('',#14550,#14551,#14552);
#14550 = CARTESIAN_POINT('',(33.96,-30.975,0.));
#14551 = DIRECTION('',(-0.,0.,-1.));
#14552 = DIRECTION('',(-0.,-1.,0.));
#14553 = FACE_BOUND('',#14554,.F.);
#14554 = EDGE_LOOP('',(#14555));
#14555 = ORIENTED_EDGE('',*,*,#14556,.T.);
#14556 = EDGE_CURVE('',#14557,#14557,#14559,.T.);
#14557 = VERTEX_POINT('',#14558);
#14558 = CARTESIAN_POINT('',(36.5,-31.475,0.));
#14559 = CIRCLE('',#14560,0.5);
#14560 = AXIS2_PLACEMENT_3D('',#14561,#14562,#14563);
#14561 = CARTESIAN_POINT('',(36.5,-30.975,0.));
#14562 = DIRECTION('',(-0.,0.,-1.));
#14563 = DIRECTION('',(-0.,-1.,0.));
#14564 = FACE_BOUND('',#14565,.F.);
#14565 = EDGE_LOOP('',(#14566));
#14566 = ORIENTED_EDGE('',*,*,#14567,.T.);
#14567 = EDGE_CURVE('',#14568,#14568,#14570,.T.);
#14568 = VERTEX_POINT('',#14569);
#14569 = CARTESIAN_POINT('',(38.5,-35.755,0.));
#14570 = CIRCLE('',#14571,0.4);
#14571 = AXIS2_PLACEMENT_3D('',#14572,#14573,#14574);
#14572 = CARTESIAN_POINT('',(38.5,-35.355,0.));
#14573 = DIRECTION('',(-0.,0.,-1.));
#14574 = DIRECTION('',(-0.,-1.,0.));
#14575 = FACE_BOUND('',#14576,.F.);
#14576 = EDGE_LOOP('',(#14577));
#14577 = ORIENTED_EDGE('',*,*,#14578,.T.);
#14578 = EDGE_CURVE('',#14579,#14579,#14581,.T.);
#14579 = VERTEX_POINT('',#14580);
#14580 = CARTESIAN_POINT('',(16.5,-18.1,0.));
#14581 = CIRCLE('',#14582,1.6);
#14582 = AXIS2_PLACEMENT_3D('',#14583,#14584,#14585);
#14583 = CARTESIAN_POINT('',(16.5,-16.5,0.));
#14584 = DIRECTION('',(-0.,0.,-1.));
#14585 = DIRECTION('',(-0.,-1.,0.));
#14586 = FACE_BOUND('',#14587,.F.);
#14587 = EDGE_LOOP('',(#14588));
#14588 = ORIENTED_EDGE('',*,*,#14589,.T.);
#14589 = EDGE_CURVE('',#14590,#14590,#14592,.T.);
#14590 = VERTEX_POINT('',#14591);
#14591 = CARTESIAN_POINT('',(22.5,-19.,0.));
#14592 = CIRCLE('',#14593,1.5);
#14593 = AXIS2_PLACEMENT_3D('',#14594,#14595,#14596);
#14594 = CARTESIAN_POINT('',(22.5,-17.5,0.));
#14595 = DIRECTION('',(-0.,0.,-1.));
#14596 = DIRECTION('',(-0.,-1.,0.));
#14597 = FACE_BOUND('',#14598,.F.);
#14598 = EDGE_LOOP('',(#14599));
#14599 = ORIENTED_EDGE('',*,*,#14600,.T.);
#14600 = EDGE_CURVE('',#14601,#14601,#14603,.T.);
#14601 = VERTEX_POINT('',#14602);
#14602 = CARTESIAN_POINT('',(29.7,-19.,0.));
#14603 = CIRCLE('',#14604,1.5);
#14604 = AXIS2_PLACEMENT_3D('',#14605,#14606,#14607);
#14605 = CARTESIAN_POINT('',(29.7,-17.5,0.));
#14606 = DIRECTION('',(-0.,0.,-1.));
#14607 = DIRECTION('',(-0.,-1.,0.));
#14608 = FACE_BOUND('',#14609,.F.);
#14609 = EDGE_LOOP('',(#14610));
#14610 = ORIENTED_EDGE('',*,*,#14611,.T.);
#14611 = EDGE_CURVE('',#14612,#14612,#14614,.T.);
#14612 = VERTEX_POINT('',#14613);
#14613 = CARTESIAN_POINT('',(45.,-43.95,0.));
#14614 = CIRCLE('',#14615,0.5);
#14615 = AXIS2_PLACEMENT_3D('',#14616,#14617,#14618);
#14616 = CARTESIAN_POINT('',(45.,-43.45,0.));
#14617 = DIRECTION('',(-0.,0.,-1.));
#14618 = DIRECTION('',(-0.,-1.,0.));
#14619 = FACE_BOUND('',#14620,.F.);
#14620 = EDGE_LOOP('',(#14621));
#14621 = ORIENTED_EDGE('',*,*,#14622,.T.);
#14622 = EDGE_CURVE('',#14623,#14623,#14625,.T.);
#14623 = VERTEX_POINT('',#14624);
#14624 = CARTESIAN_POINT('',(54.5,-42.95,0.));
#14625 = CIRCLE('',#14626,0.475);
#14626 = AXIS2_PLACEMENT_3D('',#14627,#14628,#14629);
#14627 = CARTESIAN_POINT('',(54.5,-42.475,0.));
#14628 = DIRECTION('',(-0.,0.,-1.));
#14629 = DIRECTION('',(-0.,-1.,0.));
#14630 = FACE_BOUND('',#14631,.F.);
#14631 = EDGE_LOOP('',(#14632));
#14632 = ORIENTED_EDGE('',*,*,#14633,.T.);
#14633 = EDGE_CURVE('',#14634,#14634,#14636,.T.);
#14634 = VERTEX_POINT('',#14635);
#14635 = CARTESIAN_POINT('',(54.5,-40.45,0.));
#14636 = CIRCLE('',#14637,0.475);
#14637 = AXIS2_PLACEMENT_3D('',#14638,#14639,#14640);
#14638 = CARTESIAN_POINT('',(54.5,-39.975,0.));
#14639 = DIRECTION('',(-0.,0.,-1.));
#14640 = DIRECTION('',(-0.,-1.,0.));
#14641 = FACE_BOUND('',#14642,.F.);
#14642 = EDGE_LOOP('',(#14643));
#14643 = ORIENTED_EDGE('',*,*,#14644,.T.);
#14644 = EDGE_CURVE('',#14645,#14645,#14647,.T.);
#14645 = VERTEX_POINT('',#14646);
#14646 = CARTESIAN_POINT('',(49.46,-31.5,0.));
#14647 = CIRCLE('',#14648,0.5);
#14648 = AXIS2_PLACEMENT_3D('',#14649,#14650,#14651);
#14649 = CARTESIAN_POINT('',(49.46,-31.,0.));
#14650 = DIRECTION('',(-0.,0.,-1.));
#14651 = DIRECTION('',(-0.,-1.,0.));
#14652 = FACE_BOUND('',#14653,.F.);
#14653 = EDGE_LOOP('',(#14654));
#14654 = ORIENTED_EDGE('',*,*,#14655,.T.);
#14655 = EDGE_CURVE('',#14656,#14656,#14658,.T.);
#14656 = VERTEX_POINT('',#14657);
#14657 = CARTESIAN_POINT('',(52.,-31.5,0.));
#14658 = CIRCLE('',#14659,0.5);
#14659 = AXIS2_PLACEMENT_3D('',#14660,#14661,#14662);
#14660 = CARTESIAN_POINT('',(52.,-31.,0.));
#14661 = DIRECTION('',(-0.,0.,-1.));
#14662 = DIRECTION('',(-0.,-1.,0.));
#14663 = FACE_BOUND('',#14664,.F.);
#14664 = EDGE_LOOP('',(#14665));
#14665 = ORIENTED_EDGE('',*,*,#14666,.T.);
#14666 = EDGE_CURVE('',#14667,#14667,#14669,.T.);
#14667 = VERTEX_POINT('',#14668);
#14668 = CARTESIAN_POINT('',(54.54,-31.5,0.));
#14669 = CIRCLE('',#14670,0.5);
#14670 = AXIS2_PLACEMENT_3D('',#14671,#14672,#14673);
#14671 = CARTESIAN_POINT('',(54.54,-31.,0.));
#14672 = DIRECTION('',(-0.,0.,-1.));
#14673 = DIRECTION('',(-0.,-1.,0.));
#14674 = FACE_BOUND('',#14675,.F.);
#14675 = EDGE_LOOP('',(#14676));
#14676 = ORIENTED_EDGE('',*,*,#14677,.T.);
#14677 = EDGE_CURVE('',#14678,#14678,#14680,.T.);
#14678 = VERTEX_POINT('',#14679);
#14679 = CARTESIAN_POINT('',(62.9,-19.,0.));
#14680 = CIRCLE('',#14681,1.5);
#14681 = AXIS2_PLACEMENT_3D('',#14682,#14683,#14684);
#14682 = CARTESIAN_POINT('',(62.9,-17.5,0.));
#14683 = DIRECTION('',(-0.,0.,-1.));
#14684 = DIRECTION('',(-4.736951571734E-15,-1.,0.));
#14685 = FACE_BOUND('',#14686,.F.);
#14686 = EDGE_LOOP('',(#14687));
#14687 = ORIENTED_EDGE('',*,*,#14688,.T.);
#14688 = EDGE_CURVE('',#14689,#14689,#14691,.T.);
#14689 = VERTEX_POINT('',#14690);
#14690 = CARTESIAN_POINT('',(70.1,-19.,0.));
#14691 = CIRCLE('',#14692,1.5);
#14692 = AXIS2_PLACEMENT_3D('',#14693,#14694,#14695);
#14693 = CARTESIAN_POINT('',(70.1,-17.5,0.));
#14694 = DIRECTION('',(-0.,0.,-1.));
#14695 = DIRECTION('',(-0.,-1.,0.));
#14696 = PLANE('',#14697);
#14697 = AXIS2_PLACEMENT_3D('',#14698,#14699,#14700);
#14698 = CARTESIAN_POINT('',(0.,0.,0.));
#14699 = DIRECTION('',(0.,0.,1.));
#14700 = DIRECTION('',(1.,0.,-0.));
#14701 = ADVANCED_FACE('',(#14702,#14713,#14724,#14735,#14746,#14757,
    #14768,#14779,#14790,#14801,#14812,#14823,#14834,#14845,#14856,
    #14867,#14878,#14889,#14900,#14911,#14922,#14933,#14944,#14955,
    #14966,#14977,#14988,#14999,#15010,#15021,#15032,#15043,#15054,
    #15065,#15076,#15087,#15098,#15109,#15120,#15131,#15142,#15153,
    #15164,#15175,#15186,#15197),#15208,.T.);
#14702 = FACE_BOUND('',#14703,.T.);
#14703 = EDGE_LOOP('',(#14704,#14705,#14706,#14712));
#14704 = ORIENTED_EDGE('',*,*,#14101,.F.);
#14705 = ORIENTED_EDGE('',*,*,#14141,.F.);
#14706 = ORIENTED_EDGE('',*,*,#14707,.F.);
#14707 = EDGE_CURVE('',#14164,#14134,#14708,.T.);
#14708 = LINE('',#14709,#14710);
#14709 = CARTESIAN_POINT('',(12.5,-12.5,1.51));
#14710 = VECTOR('',#14711,1.);
#14711 = DIRECTION('',(1.,0.,0.));
#14712 = ORIENTED_EDGE('',*,*,#14163,.F.);
#14713 = FACE_BOUND('',#14714,.T.);
#14714 = EDGE_LOOP('',(#14715));
#14715 = ORIENTED_EDGE('',*,*,#14716,.T.);
#14716 = EDGE_CURVE('',#14717,#14717,#14719,.T.);
#14717 = VERTEX_POINT('',#14718);
#14718 = CARTESIAN_POINT('',(17.9,-73.7,1.51));
#14719 = CIRCLE('',#14720,1.5);
#14720 = AXIS2_PLACEMENT_3D('',#14721,#14722,#14723);
#14721 = CARTESIAN_POINT('',(17.9,-72.2,1.51));
#14722 = DIRECTION('',(-0.,0.,-1.));
#14723 = DIRECTION('',(-0.,-1.,0.));
#14724 = FACE_BOUND('',#14725,.T.);
#14725 = EDGE_LOOP('',(#14726));
#14726 = ORIENTED_EDGE('',*,*,#14727,.T.);
#14727 = EDGE_CURVE('',#14728,#14728,#14730,.T.);
#14728 = VERTEX_POINT('',#14729);
#14729 = CARTESIAN_POINT('',(25.1,-73.7,1.51));
#14730 = CIRCLE('',#14731,1.5);
#14731 = AXIS2_PLACEMENT_3D('',#14732,#14733,#14734);
#14732 = CARTESIAN_POINT('',(25.1,-72.2,1.51));
#14733 = DIRECTION('',(-0.,0.,-1.));
#14734 = DIRECTION('',(-0.,-1.,0.));
#14735 = FACE_BOUND('',#14736,.T.);
#14736 = EDGE_LOOP('',(#14737));
#14737 = ORIENTED_EDGE('',*,*,#14738,.T.);
#14738 = EDGE_CURVE('',#14739,#14739,#14741,.T.);
#14739 = VERTEX_POINT('',#14740);
#14740 = CARTESIAN_POINT('',(17.5,-58.725,1.51));
#14741 = CIRCLE('',#14742,1.5);
#14742 = AXIS2_PLACEMENT_3D('',#14743,#14744,#14745);
#14743 = CARTESIAN_POINT('',(17.5,-57.225,1.51));
#14744 = DIRECTION('',(-0.,0.,-1.));
#14745 = DIRECTION('',(-0.,-1.,0.));
#14746 = FACE_BOUND('',#14747,.T.);
#14747 = EDGE_LOOP('',(#14748));
#14748 = ORIENTED_EDGE('',*,*,#14749,.T.);
#14749 = EDGE_CURVE('',#14750,#14750,#14752,.T.);
#14750 = VERTEX_POINT('',#14751);
#14751 = CARTESIAN_POINT('',(17.5,-51.525,1.51));
#14752 = CIRCLE('',#14753,1.5);
#14753 = AXIS2_PLACEMENT_3D('',#14754,#14755,#14756);
#14754 = CARTESIAN_POINT('',(17.5,-50.025,1.51));
#14755 = DIRECTION('',(-0.,0.,-1.));
#14756 = DIRECTION('',(-0.,-1.,0.));
#14757 = FACE_BOUND('',#14758,.T.);
#14758 = EDGE_LOOP('',(#14759));
#14759 = ORIENTED_EDGE('',*,*,#14760,.T.);
#14760 = EDGE_CURVE('',#14761,#14761,#14763,.T.);
#14761 = VERTEX_POINT('',#14762);
#14762 = CARTESIAN_POINT('',(25.,-49.975,1.51));
#14763 = CIRCLE('',#14764,0.475);
#14764 = AXIS2_PLACEMENT_3D('',#14765,#14766,#14767);
#14765 = CARTESIAN_POINT('',(25.,-49.5,1.51));
#14766 = DIRECTION('',(-0.,0.,-1.));
#14767 = DIRECTION('',(-0.,-1.,0.));
#14768 = FACE_BOUND('',#14769,.T.);
#14769 = EDGE_LOOP('',(#14770));
#14770 = ORIENTED_EDGE('',*,*,#14771,.T.);
#14771 = EDGE_CURVE('',#14772,#14772,#14774,.T.);
#14772 = VERTEX_POINT('',#14773);
#14773 = CARTESIAN_POINT('',(27.5,-49.975,1.51));
#14774 = CIRCLE('',#14775,0.475);
#14775 = AXIS2_PLACEMENT_3D('',#14776,#14777,#14778);
#14776 = CARTESIAN_POINT('',(27.5,-49.5,1.51));
#14777 = DIRECTION('',(-0.,0.,-1.));
#14778 = DIRECTION('',(-0.,-1.,0.));
#14779 = FACE_BOUND('',#14780,.T.);
#14780 = EDGE_LOOP('',(#14781));
#14781 = ORIENTED_EDGE('',*,*,#14782,.T.);
#14782 = EDGE_CURVE('',#14783,#14783,#14785,.T.);
#14783 = VERTEX_POINT('',#14784);
#14784 = CARTESIAN_POINT('',(31.42,-59.475,1.51));
#14785 = CIRCLE('',#14786,0.5);
#14786 = AXIS2_PLACEMENT_3D('',#14787,#14788,#14789);
#14787 = CARTESIAN_POINT('',(31.42,-58.975,1.51));
#14788 = DIRECTION('',(-0.,0.,-1.));
#14789 = DIRECTION('',(-0.,-1.,0.));
#14790 = FACE_BOUND('',#14791,.T.);
#14791 = EDGE_LOOP('',(#14792));
#14792 = ORIENTED_EDGE('',*,*,#14793,.T.);
#14793 = EDGE_CURVE('',#14794,#14794,#14796,.T.);
#14794 = VERTEX_POINT('',#14795);
#14795 = CARTESIAN_POINT('',(33.96,-59.475,1.51));
#14796 = CIRCLE('',#14797,0.5);
#14797 = AXIS2_PLACEMENT_3D('',#14798,#14799,#14800);
#14798 = CARTESIAN_POINT('',(33.96,-58.975,1.51));
#14799 = DIRECTION('',(-0.,0.,-1.));
#14800 = DIRECTION('',(-0.,-1.,0.));
#14801 = FACE_BOUND('',#14802,.T.);
#14802 = EDGE_LOOP('',(#14803));
#14803 = ORIENTED_EDGE('',*,*,#14804,.T.);
#14804 = EDGE_CURVE('',#14805,#14805,#14807,.T.);
#14805 = VERTEX_POINT('',#14806);
#14806 = CARTESIAN_POINT('',(36.5,-59.475,1.51));
#14807 = CIRCLE('',#14808,0.5);
#14808 = AXIS2_PLACEMENT_3D('',#14809,#14810,#14811);
#14809 = CARTESIAN_POINT('',(36.5,-58.975,1.51));
#14810 = DIRECTION('',(-0.,0.,-1.));
#14811 = DIRECTION('',(-0.,-1.,0.));
#14812 = FACE_BOUND('',#14813,.T.);
#14813 = EDGE_LOOP('',(#14814));
#14814 = ORIENTED_EDGE('',*,*,#14815,.T.);
#14815 = EDGE_CURVE('',#14816,#14816,#14818,.T.);
#14816 = VERTEX_POINT('',#14817);
#14817 = CARTESIAN_POINT('',(35.5,-54.375,1.51));
#14818 = CIRCLE('',#14819,0.4);
#14819 = AXIS2_PLACEMENT_3D('',#14820,#14821,#14822);
#14820 = CARTESIAN_POINT('',(35.5,-53.975,1.51));
#14821 = DIRECTION('',(-0.,0.,-1.));
#14822 = DIRECTION('',(-0.,-1.,0.));
#14823 = FACE_BOUND('',#14824,.T.);
#14824 = EDGE_LOOP('',(#14825));
#14825 = ORIENTED_EDGE('',*,*,#14826,.T.);
#14826 = EDGE_CURVE('',#14827,#14827,#14829,.T.);
#14827 = VERTEX_POINT('',#14828);
#14828 = CARTESIAN_POINT('',(38.5,-54.375,1.51));
#14829 = CIRCLE('',#14830,0.4);
#14830 = AXIS2_PLACEMENT_3D('',#14831,#14832,#14833);
#14831 = CARTESIAN_POINT('',(38.5,-53.975,1.51));
#14832 = DIRECTION('',(-0.,0.,-1.));
#14833 = DIRECTION('',(-0.,-1.,0.));
#14834 = FACE_BOUND('',#14835,.T.);
#14835 = EDGE_LOOP('',(#14836));
#14836 = ORIENTED_EDGE('',*,*,#14837,.T.);
#14837 = EDGE_CURVE('',#14838,#14838,#14840,.T.);
#14838 = VERTEX_POINT('',#14839);
#14839 = CARTESIAN_POINT('',(30.,-49.975,1.51));
#14840 = CIRCLE('',#14841,0.475);
#14841 = AXIS2_PLACEMENT_3D('',#14842,#14843,#14844);
#14842 = CARTESIAN_POINT('',(30.,-49.5,1.51));
#14843 = DIRECTION('',(-0.,0.,-1.));
#14844 = DIRECTION('',(-0.,-1.,0.));
#14845 = FACE_BOUND('',#14846,.T.);
#14846 = EDGE_LOOP('',(#14847));
#14847 = ORIENTED_EDGE('',*,*,#14848,.T.);
#14848 = EDGE_CURVE('',#14849,#14849,#14851,.T.);
#14849 = VERTEX_POINT('',#14850);
#14850 = CARTESIAN_POINT('',(35.5,-46.755,1.51));
#14851 = CIRCLE('',#14852,0.4);
#14852 = AXIS2_PLACEMENT_3D('',#14853,#14854,#14855);
#14853 = CARTESIAN_POINT('',(35.5,-46.355,1.51));
#14854 = DIRECTION('',(-0.,0.,-1.));
#14855 = DIRECTION('',(-0.,-1.,0.));
#14856 = FACE_BOUND('',#14857,.T.);
#14857 = EDGE_LOOP('',(#14858));
#14858 = ORIENTED_EDGE('',*,*,#14859,.T.);
#14859 = EDGE_CURVE('',#14860,#14860,#14862,.T.);
#14860 = VERTEX_POINT('',#14861);
#14861 = CARTESIAN_POINT('',(38.5,-46.755,1.51));
#14862 = CIRCLE('',#14863,0.4);
#14863 = AXIS2_PLACEMENT_3D('',#14864,#14865,#14866);
#14864 = CARTESIAN_POINT('',(38.5,-46.355,1.51));
#14865 = DIRECTION('',(-0.,0.,-1.));
#14866 = DIRECTION('',(-0.,-1.,0.));
#14867 = FACE_BOUND('',#14868,.T.);
#14868 = EDGE_LOOP('',(#14869));
#14869 = ORIENTED_EDGE('',*,*,#14870,.T.);
#14870 = EDGE_CURVE('',#14871,#14871,#14873,.T.);
#14871 = VERTEX_POINT('',#14872);
#14872 = CARTESIAN_POINT('',(57.3,-73.7,1.51));
#14873 = CIRCLE('',#14874,1.5);
#14874 = AXIS2_PLACEMENT_3D('',#14875,#14876,#14877);
#14875 = CARTESIAN_POINT('',(57.3,-72.2,1.51));
#14876 = DIRECTION('',(-0.,0.,-1.));
#14877 = DIRECTION('',(-0.,-1.,0.));
#14878 = FACE_BOUND('',#14879,.T.);
#14879 = EDGE_LOOP('',(#14880));
#14880 = ORIENTED_EDGE('',*,*,#14881,.T.);
#14881 = EDGE_CURVE('',#14882,#14882,#14884,.T.);
#14882 = VERTEX_POINT('',#14883);
#14883 = CARTESIAN_POINT('',(64.5,-73.7,1.51));
#14884 = CIRCLE('',#14885,1.5);
#14885 = AXIS2_PLACEMENT_3D('',#14886,#14887,#14888);
#14886 = CARTESIAN_POINT('',(64.5,-72.2,1.51));
#14887 = DIRECTION('',(-0.,0.,-1.));
#14888 = DIRECTION('',(-0.,-1.,0.));
#14889 = FACE_BOUND('',#14890,.T.);
#14890 = EDGE_LOOP('',(#14891));
#14891 = ORIENTED_EDGE('',*,*,#14892,.T.);
#14892 = EDGE_CURVE('',#14893,#14893,#14895,.T.);
#14893 = VERTEX_POINT('',#14894);
#14894 = CARTESIAN_POINT('',(71.5,-74.6,1.51));
#14895 = CIRCLE('',#14896,1.6);
#14896 = AXIS2_PLACEMENT_3D('',#14897,#14898,#14899);
#14897 = CARTESIAN_POINT('',(71.5,-73.,1.51));
#14898 = DIRECTION('',(-0.,0.,-1.));
#14899 = DIRECTION('',(-0.,-1.,0.));
#14900 = FACE_BOUND('',#14901,.T.);
#14901 = EDGE_LOOP('',(#14902));
#14902 = ORIENTED_EDGE('',*,*,#14903,.T.);
#14903 = EDGE_CURVE('',#14904,#14904,#14906,.T.);
#14904 = VERTEX_POINT('',#14905);
#14905 = CARTESIAN_POINT('',(49.42,-59.5,1.51));
#14906 = CIRCLE('',#14907,0.5);
#14907 = AXIS2_PLACEMENT_3D('',#14908,#14909,#14910);
#14908 = CARTESIAN_POINT('',(49.42,-59.,1.51));
#14909 = DIRECTION('',(-0.,0.,-1.));
#14910 = DIRECTION('',(-0.,-1.,0.));
#14911 = FACE_BOUND('',#14912,.T.);
#14912 = EDGE_LOOP('',(#14913));
#14913 = ORIENTED_EDGE('',*,*,#14914,.T.);
#14914 = EDGE_CURVE('',#14915,#14915,#14917,.T.);
#14915 = VERTEX_POINT('',#14916);
#14916 = CARTESIAN_POINT('',(51.96,-59.5,1.51));
#14917 = CIRCLE('',#14918,0.5);
#14918 = AXIS2_PLACEMENT_3D('',#14919,#14920,#14921);
#14919 = CARTESIAN_POINT('',(51.96,-59.,1.51));
#14920 = DIRECTION('',(-0.,0.,-1.));
#14921 = DIRECTION('',(-0.,-1.,0.));
#14922 = FACE_BOUND('',#14923,.T.);
#14923 = EDGE_LOOP('',(#14924));
#14924 = ORIENTED_EDGE('',*,*,#14925,.T.);
#14925 = EDGE_CURVE('',#14926,#14926,#14928,.T.);
#14926 = VERTEX_POINT('',#14927);
#14927 = CARTESIAN_POINT('',(54.5,-59.5,1.51));
#14928 = CIRCLE('',#14929,0.5);
#14929 = AXIS2_PLACEMENT_3D('',#14930,#14931,#14932);
#14930 = CARTESIAN_POINT('',(54.5,-59.,1.51));
#14931 = DIRECTION('',(-0.,0.,-1.));
#14932 = DIRECTION('',(-0.,-1.,0.));
#14933 = FACE_BOUND('',#14934,.T.);
#14934 = EDGE_LOOP('',(#14935));
#14935 = ORIENTED_EDGE('',*,*,#14936,.T.);
#14936 = EDGE_CURVE('',#14937,#14937,#14939,.T.);
#14937 = VERTEX_POINT('',#14938);
#14938 = CARTESIAN_POINT('',(45.,-46.45,1.51));
#14939 = CIRCLE('',#14940,0.5);
#14940 = AXIS2_PLACEMENT_3D('',#14941,#14942,#14943);
#14941 = CARTESIAN_POINT('',(45.,-45.95,1.51));
#14942 = DIRECTION('',(-0.,0.,-1.));
#14943 = DIRECTION('',(-0.,-1.,0.));
#14944 = FACE_BOUND('',#14945,.T.);
#14945 = EDGE_LOOP('',(#14946));
#14946 = ORIENTED_EDGE('',*,*,#14947,.T.);
#14947 = EDGE_CURVE('',#14948,#14948,#14950,.T.);
#14948 = VERTEX_POINT('',#14949);
#14949 = CARTESIAN_POINT('',(54.5,-50.45,1.51));
#14950 = CIRCLE('',#14951,0.475);
#14951 = AXIS2_PLACEMENT_3D('',#14952,#14953,#14954);
#14952 = CARTESIAN_POINT('',(54.5,-49.975,1.51));
#14953 = DIRECTION('',(-0.,0.,-1.));
#14954 = DIRECTION('',(-0.,-1.,0.));
#14955 = FACE_BOUND('',#14956,.T.);
#14956 = EDGE_LOOP('',(#14957));
#14957 = ORIENTED_EDGE('',*,*,#14958,.T.);
#14958 = EDGE_CURVE('',#14959,#14959,#14961,.T.);
#14959 = VERTEX_POINT('',#14960);
#14960 = CARTESIAN_POINT('',(54.5,-47.95,1.51));
#14961 = CIRCLE('',#14962,0.475);
#14962 = AXIS2_PLACEMENT_3D('',#14963,#14964,#14965);
#14963 = CARTESIAN_POINT('',(54.5,-47.475,1.51));
#14964 = DIRECTION('',(-0.,0.,-1.));
#14965 = DIRECTION('',(-0.,-1.,0.));
#14966 = FACE_BOUND('',#14967,.T.);
#14967 = EDGE_LOOP('',(#14968));
#14968 = ORIENTED_EDGE('',*,*,#14969,.T.);
#14969 = EDGE_CURVE('',#14970,#14970,#14972,.T.);
#14970 = VERTEX_POINT('',#14971);
#14971 = CARTESIAN_POINT('',(54.5,-45.45,1.51));
#14972 = CIRCLE('',#14973,0.475);
#14973 = AXIS2_PLACEMENT_3D('',#14974,#14975,#14976);
#14974 = CARTESIAN_POINT('',(54.5,-44.975,1.51));
#14975 = DIRECTION('',(-0.,0.,-1.));
#14976 = DIRECTION('',(-0.,-1.,0.));
#14977 = FACE_BOUND('',#14978,.T.);
#14978 = EDGE_LOOP('',(#14979));
#14979 = ORIENTED_EDGE('',*,*,#14980,.T.);
#14980 = EDGE_CURVE('',#14981,#14981,#14983,.T.);
#14981 = VERTEX_POINT('',#14982);
#14982 = CARTESIAN_POINT('',(25.,-41.975,1.51));
#14983 = CIRCLE('',#14984,0.475);
#14984 = AXIS2_PLACEMENT_3D('',#14985,#14986,#14987);
#14985 = CARTESIAN_POINT('',(25.,-41.5,1.51));
#14986 = DIRECTION('',(-0.,0.,-1.));
#14987 = DIRECTION('',(-0.,-1.,0.));
#14988 = FACE_BOUND('',#14989,.T.);
#14989 = EDGE_LOOP('',(#14990));
#14990 = ORIENTED_EDGE('',*,*,#14991,.T.);
#14991 = EDGE_CURVE('',#14992,#14992,#14994,.T.);
#14992 = VERTEX_POINT('',#14993);
#14993 = CARTESIAN_POINT('',(27.5,-41.975,1.51));
#14994 = CIRCLE('',#14995,0.475);
#14995 = AXIS2_PLACEMENT_3D('',#14996,#14997,#14998);
#14996 = CARTESIAN_POINT('',(27.5,-41.5,1.51));
#14997 = DIRECTION('',(-0.,0.,-1.));
#14998 = DIRECTION('',(-0.,-1.,0.));
#14999 = FACE_BOUND('',#15000,.T.);
#15000 = EDGE_LOOP('',(#15001));
#15001 = ORIENTED_EDGE('',*,*,#15002,.T.);
#15002 = EDGE_CURVE('',#15003,#15003,#15005,.T.);
#15003 = VERTEX_POINT('',#15004);
#15004 = CARTESIAN_POINT('',(30.,-41.975,1.51));
#15005 = CIRCLE('',#15006,0.475);
#15006 = AXIS2_PLACEMENT_3D('',#15007,#15008,#15009);
#15007 = CARTESIAN_POINT('',(30.,-41.5,1.51));
#15008 = DIRECTION('',(-0.,0.,-1.));
#15009 = DIRECTION('',(-0.,-1.,0.));
#15010 = FACE_BOUND('',#15011,.T.);
#15011 = EDGE_LOOP('',(#15012));
#15012 = ORIENTED_EDGE('',*,*,#15013,.T.);
#15013 = EDGE_CURVE('',#15014,#15014,#15016,.T.);
#15014 = VERTEX_POINT('',#15015);
#15015 = CARTESIAN_POINT('',(35.5,-43.375,1.51));
#15016 = CIRCLE('',#15017,0.4);
#15017 = AXIS2_PLACEMENT_3D('',#15018,#15019,#15020);
#15018 = CARTESIAN_POINT('',(35.5,-42.975,1.51));
#15019 = DIRECTION('',(-0.,0.,-1.));
#15020 = DIRECTION('',(-0.,-1.,0.));
#15021 = FACE_BOUND('',#15022,.T.);
#15022 = EDGE_LOOP('',(#15023));
#15023 = ORIENTED_EDGE('',*,*,#15024,.T.);
#15024 = EDGE_CURVE('',#15025,#15025,#15027,.T.);
#15025 = VERTEX_POINT('',#15026);
#15026 = CARTESIAN_POINT('',(38.5,-43.375,1.51));
#15027 = CIRCLE('',#15028,0.4);
#15028 = AXIS2_PLACEMENT_3D('',#15029,#15030,#15031);
#15029 = CARTESIAN_POINT('',(38.5,-42.975,1.51));
#15030 = DIRECTION('',(-0.,0.,-1.));
#15031 = DIRECTION('',(-0.,-1.,0.));
#15032 = FACE_BOUND('',#15033,.T.);
#15033 = EDGE_LOOP('',(#15034));
#15034 = ORIENTED_EDGE('',*,*,#15035,.T.);
#15035 = EDGE_CURVE('',#15036,#15036,#15038,.T.);
#15036 = VERTEX_POINT('',#15037);
#15037 = CARTESIAN_POINT('',(35.5,-35.755,1.51));
#15038 = CIRCLE('',#15039,0.4);
#15039 = AXIS2_PLACEMENT_3D('',#15040,#15041,#15042);
#15040 = CARTESIAN_POINT('',(35.5,-35.355,1.51));
#15041 = DIRECTION('',(-0.,0.,-1.));
#15042 = DIRECTION('',(-0.,-1.,0.));
#15043 = FACE_BOUND('',#15044,.T.);
#15044 = EDGE_LOOP('',(#15045));
#15045 = ORIENTED_EDGE('',*,*,#15046,.T.);
#15046 = EDGE_CURVE('',#15047,#15047,#15049,.T.);
#15047 = VERTEX_POINT('',#15048);
#15048 = CARTESIAN_POINT('',(31.42,-31.475,1.51));
#15049 = CIRCLE('',#15050,0.5);
#15050 = AXIS2_PLACEMENT_3D('',#15051,#15052,#15053);
#15051 = CARTESIAN_POINT('',(31.42,-30.975,1.51));
#15052 = DIRECTION('',(-0.,0.,-1.));
#15053 = DIRECTION('',(-0.,-1.,0.));
#15054 = FACE_BOUND('',#15055,.T.);
#15055 = EDGE_LOOP('',(#15056));
#15056 = ORIENTED_EDGE('',*,*,#15057,.T.);
#15057 = EDGE_CURVE('',#15058,#15058,#15060,.T.);
#15058 = VERTEX_POINT('',#15059);
#15059 = CARTESIAN_POINT('',(33.96,-31.475,1.51));
#15060 = CIRCLE('',#15061,0.5);
#15061 = AXIS2_PLACEMENT_3D('',#15062,#15063,#15064);
#15062 = CARTESIAN_POINT('',(33.96,-30.975,1.51));
#15063 = DIRECTION('',(-0.,0.,-1.));
#15064 = DIRECTION('',(-0.,-1.,0.));
#15065 = FACE_BOUND('',#15066,.T.);
#15066 = EDGE_LOOP('',(#15067));
#15067 = ORIENTED_EDGE('',*,*,#15068,.T.);
#15068 = EDGE_CURVE('',#15069,#15069,#15071,.T.);
#15069 = VERTEX_POINT('',#15070);
#15070 = CARTESIAN_POINT('',(36.5,-31.475,1.51));
#15071 = CIRCLE('',#15072,0.5);
#15072 = AXIS2_PLACEMENT_3D('',#15073,#15074,#15075);
#15073 = CARTESIAN_POINT('',(36.5,-30.975,1.51));
#15074 = DIRECTION('',(-0.,0.,-1.));
#15075 = DIRECTION('',(-0.,-1.,0.));
#15076 = FACE_BOUND('',#15077,.T.);
#15077 = EDGE_LOOP('',(#15078));
#15078 = ORIENTED_EDGE('',*,*,#15079,.T.);
#15079 = EDGE_CURVE('',#15080,#15080,#15082,.T.);
#15080 = VERTEX_POINT('',#15081);
#15081 = CARTESIAN_POINT('',(38.5,-35.755,1.51));
#15082 = CIRCLE('',#15083,0.4);
#15083 = AXIS2_PLACEMENT_3D('',#15084,#15085,#15086);
#15084 = CARTESIAN_POINT('',(38.5,-35.355,1.51));
#15085 = DIRECTION('',(-0.,0.,-1.));
#15086 = DIRECTION('',(-0.,-1.,0.));
#15087 = FACE_BOUND('',#15088,.T.);
#15088 = EDGE_LOOP('',(#15089));
#15089 = ORIENTED_EDGE('',*,*,#15090,.T.);
#15090 = EDGE_CURVE('',#15091,#15091,#15093,.T.);
#15091 = VERTEX_POINT('',#15092);
#15092 = CARTESIAN_POINT('',(16.5,-18.1,1.51));
#15093 = CIRCLE('',#15094,1.6);
#15094 = AXIS2_PLACEMENT_3D('',#15095,#15096,#15097);
#15095 = CARTESIAN_POINT('',(16.5,-16.5,1.51));
#15096 = DIRECTION('',(-0.,0.,-1.));
#15097 = DIRECTION('',(-0.,-1.,0.));
#15098 = FACE_BOUND('',#15099,.T.);
#15099 = EDGE_LOOP('',(#15100));
#15100 = ORIENTED_EDGE('',*,*,#15101,.T.);
#15101 = EDGE_CURVE('',#15102,#15102,#15104,.T.);
#15102 = VERTEX_POINT('',#15103);
#15103 = CARTESIAN_POINT('',(22.5,-19.,1.51));
#15104 = CIRCLE('',#15105,1.5);
#15105 = AXIS2_PLACEMENT_3D('',#15106,#15107,#15108);
#15106 = CARTESIAN_POINT('',(22.5,-17.5,1.51));
#15107 = DIRECTION('',(-0.,0.,-1.));
#15108 = DIRECTION('',(-0.,-1.,0.));
#15109 = FACE_BOUND('',#15110,.T.);
#15110 = EDGE_LOOP('',(#15111));
#15111 = ORIENTED_EDGE('',*,*,#15112,.T.);
#15112 = EDGE_CURVE('',#15113,#15113,#15115,.T.);
#15113 = VERTEX_POINT('',#15114);
#15114 = CARTESIAN_POINT('',(29.7,-19.,1.51));
#15115 = CIRCLE('',#15116,1.5);
#15116 = AXIS2_PLACEMENT_3D('',#15117,#15118,#15119);
#15117 = CARTESIAN_POINT('',(29.7,-17.5,1.51));
#15118 = DIRECTION('',(-0.,0.,-1.));
#15119 = DIRECTION('',(-0.,-1.,0.));
#15120 = FACE_BOUND('',#15121,.T.);
#15121 = EDGE_LOOP('',(#15122));
#15122 = ORIENTED_EDGE('',*,*,#15123,.T.);
#15123 = EDGE_CURVE('',#15124,#15124,#15126,.T.);
#15124 = VERTEX_POINT('',#15125);
#15125 = CARTESIAN_POINT('',(45.,-43.95,1.51));
#15126 = CIRCLE('',#15127,0.5);
#15127 = AXIS2_PLACEMENT_3D('',#15128,#15129,#15130);
#15128 = CARTESIAN_POINT('',(45.,-43.45,1.51));
#15129 = DIRECTION('',(-0.,0.,-1.));
#15130 = DIRECTION('',(-0.,-1.,0.));
#15131 = FACE_BOUND('',#15132,.T.);
#15132 = EDGE_LOOP('',(#15133));
#15133 = ORIENTED_EDGE('',*,*,#15134,.T.);
#15134 = EDGE_CURVE('',#15135,#15135,#15137,.T.);
#15135 = VERTEX_POINT('',#15136);
#15136 = CARTESIAN_POINT('',(54.5,-42.95,1.51));
#15137 = CIRCLE('',#15138,0.475);
#15138 = AXIS2_PLACEMENT_3D('',#15139,#15140,#15141);
#15139 = CARTESIAN_POINT('',(54.5,-42.475,1.51));
#15140 = DIRECTION('',(-0.,0.,-1.));
#15141 = DIRECTION('',(-0.,-1.,0.));
#15142 = FACE_BOUND('',#15143,.T.);
#15143 = EDGE_LOOP('',(#15144));
#15144 = ORIENTED_EDGE('',*,*,#15145,.T.);
#15145 = EDGE_CURVE('',#15146,#15146,#15148,.T.);
#15146 = VERTEX_POINT('',#15147);
#15147 = CARTESIAN_POINT('',(54.5,-40.45,1.51));
#15148 = CIRCLE('',#15149,0.475);
#15149 = AXIS2_PLACEMENT_3D('',#15150,#15151,#15152);
#15150 = CARTESIAN_POINT('',(54.5,-39.975,1.51));
#15151 = DIRECTION('',(-0.,0.,-1.));
#15152 = DIRECTION('',(-0.,-1.,0.));
#15153 = FACE_BOUND('',#15154,.T.);
#15154 = EDGE_LOOP('',(#15155));
#15155 = ORIENTED_EDGE('',*,*,#15156,.T.);
#15156 = EDGE_CURVE('',#15157,#15157,#15159,.T.);
#15157 = VERTEX_POINT('',#15158);
#15158 = CARTESIAN_POINT('',(49.46,-31.5,1.51));
#15159 = CIRCLE('',#15160,0.5);
#15160 = AXIS2_PLACEMENT_3D('',#15161,#15162,#15163);
#15161 = CARTESIAN_POINT('',(49.46,-31.,1.51));
#15162 = DIRECTION('',(-0.,0.,-1.));
#15163 = DIRECTION('',(-0.,-1.,0.));
#15164 = FACE_BOUND('',#15165,.T.);
#15165 = EDGE_LOOP('',(#15166));
#15166 = ORIENTED_EDGE('',*,*,#15167,.T.);
#15167 = EDGE_CURVE('',#15168,#15168,#15170,.T.);
#15168 = VERTEX_POINT('',#15169);
#15169 = CARTESIAN_POINT('',(52.,-31.5,1.51));
#15170 = CIRCLE('',#15171,0.5);
#15171 = AXIS2_PLACEMENT_3D('',#15172,#15173,#15174);
#15172 = CARTESIAN_POINT('',(52.,-31.,1.51));
#15173 = DIRECTION('',(-0.,0.,-1.));
#15174 = DIRECTION('',(-0.,-1.,0.));
#15175 = FACE_BOUND('',#15176,.T.);
#15176 = EDGE_LOOP('',(#15177));
#15177 = ORIENTED_EDGE('',*,*,#15178,.T.);
#15178 = EDGE_CURVE('',#15179,#15179,#15181,.T.);
#15179 = VERTEX_POINT('',#15180);
#15180 = CARTESIAN_POINT('',(54.54,-31.5,1.51));
#15181 = CIRCLE('',#15182,0.5);
#15182 = AXIS2_PLACEMENT_3D('',#15183,#15184,#15185);
#15183 = CARTESIAN_POINT('',(54.54,-31.,1.51));
#15184 = DIRECTION('',(-0.,0.,-1.));
#15185 = DIRECTION('',(-0.,-1.,0.));
#15186 = FACE_BOUND('',#15187,.T.);
#15187 = EDGE_LOOP('',(#15188));
#15188 = ORIENTED_EDGE('',*,*,#15189,.T.);
#15189 = EDGE_CURVE('',#15190,#15190,#15192,.T.);
#15190 = VERTEX_POINT('',#15191);
#15191 = CARTESIAN_POINT('',(62.9,-19.,1.51));
#15192 = CIRCLE('',#15193,1.5);
#15193 = AXIS2_PLACEMENT_3D('',#15194,#15195,#15196);
#15194 = CARTESIAN_POINT('',(62.9,-17.5,1.51));
#15195 = DIRECTION('',(-0.,0.,-1.));
#15196 = DIRECTION('',(-4.736951571734E-15,-1.,0.));
#15197 = FACE_BOUND('',#15198,.T.);
#15198 = EDGE_LOOP('',(#15199));
#15199 = ORIENTED_EDGE('',*,*,#15200,.T.);
#15200 = EDGE_CURVE('',#15201,#15201,#15203,.T.);
#15201 = VERTEX_POINT('',#15202);
#15202 = CARTESIAN_POINT('',(70.1,-19.,1.51));
#15203 = CIRCLE('',#15204,1.5);
#15204 = AXIS2_PLACEMENT_3D('',#15205,#15206,#15207);
#15205 = CARTESIAN_POINT('',(70.1,-17.5,1.51));
#15206 = DIRECTION('',(-0.,0.,-1.));
#15207 = DIRECTION('',(-0.,-1.,0.));
#15208 = PLANE('',#15209);
#15209 = AXIS2_PLACEMENT_3D('',#15210,#15211,#15212);
#15210 = CARTESIAN_POINT('',(0.,0.,1.51));
#15211 = DIRECTION('',(0.,0.,1.));
#15212 = DIRECTION('',(1.,0.,-0.));
#15213 = ADVANCED_FACE('',(#15214),#15220,.T.);
#15214 = FACE_BOUND('',#15215,.T.);
#15215 = EDGE_LOOP('',(#15216,#15217,#15218,#15219));
#15216 = ORIENTED_EDGE('',*,*,#14171,.T.);
#15217 = ORIENTED_EDGE('',*,*,#14707,.T.);
#15218 = ORIENTED_EDGE('',*,*,#14131,.F.);
#15219 = ORIENTED_EDGE('',*,*,#14195,.F.);
#15220 = PLANE('',#15221);
#15221 = AXIS2_PLACEMENT_3D('',#15222,#15223,#15224);
#15222 = CARTESIAN_POINT('',(12.5,-12.5,0.));
#15223 = DIRECTION('',(0.,1.,0.));
#15224 = DIRECTION('',(1.,0.,0.));
#15225 = ADVANCED_FACE('',(#15226),#15237,.F.);
#15226 = FACE_BOUND('',#15227,.T.);
#15227 = EDGE_LOOP('',(#15228,#15229,#15235,#15236));
#15228 = ORIENTED_EDGE('',*,*,#14204,.T.);
#15229 = ORIENTED_EDGE('',*,*,#15230,.T.);
#15230 = EDGE_CURVE('',#14205,#14717,#15231,.T.);
#15231 = LINE('',#15232,#15233);
#15232 = CARTESIAN_POINT('',(17.9,-73.7,-4.6E-02));
#15233 = VECTOR('',#15234,1.);
#15234 = DIRECTION('',(0.,0.,1.));
#15235 = ORIENTED_EDGE('',*,*,#14716,.F.);
#15236 = ORIENTED_EDGE('',*,*,#15230,.F.);
#15237 = CYLINDRICAL_SURFACE('',#15238,1.5);
#15238 = AXIS2_PLACEMENT_3D('',#15239,#15240,#15241);
#15239 = CARTESIAN_POINT('',(17.9,-72.2,-4.6E-02));
#15240 = DIRECTION('',(-0.,-0.,-1.));
#15241 = DIRECTION('',(-0.,-1.,0.));
#15242 = ADVANCED_FACE('',(#15243),#15254,.F.);
#15243 = FACE_BOUND('',#15244,.T.);
#15244 = EDGE_LOOP('',(#15245,#15246,#15252,#15253));
#15245 = ORIENTED_EDGE('',*,*,#14215,.T.);
#15246 = ORIENTED_EDGE('',*,*,#15247,.T.);
#15247 = EDGE_CURVE('',#14216,#14728,#15248,.T.);
#15248 = LINE('',#15249,#15250);
#15249 = CARTESIAN_POINT('',(25.1,-73.7,-4.6E-02));
#15250 = VECTOR('',#15251,1.);
#15251 = DIRECTION('',(0.,0.,1.));
#15252 = ORIENTED_EDGE('',*,*,#14727,.F.);
#15253 = ORIENTED_EDGE('',*,*,#15247,.F.);
#15254 = CYLINDRICAL_SURFACE('',#15255,1.5);
#15255 = AXIS2_PLACEMENT_3D('',#15256,#15257,#15258);
#15256 = CARTESIAN_POINT('',(25.1,-72.2,-4.6E-02));
#15257 = DIRECTION('',(-0.,-0.,-1.));
#15258 = DIRECTION('',(-0.,-1.,0.));
#15259 = ADVANCED_FACE('',(#15260),#15271,.F.);
#15260 = FACE_BOUND('',#15261,.T.);
#15261 = EDGE_LOOP('',(#15262,#15263,#15269,#15270));
#15262 = ORIENTED_EDGE('',*,*,#14226,.T.);
#15263 = ORIENTED_EDGE('',*,*,#15264,.T.);
#15264 = EDGE_CURVE('',#14227,#14739,#15265,.T.);
#15265 = LINE('',#15266,#15267);
#15266 = CARTESIAN_POINT('',(17.5,-58.725,-4.6E-02));
#15267 = VECTOR('',#15268,1.);
#15268 = DIRECTION('',(0.,0.,1.));
#15269 = ORIENTED_EDGE('',*,*,#14738,.F.);
#15270 = ORIENTED_EDGE('',*,*,#15264,.F.);
#15271 = CYLINDRICAL_SURFACE('',#15272,1.5);
#15272 = AXIS2_PLACEMENT_3D('',#15273,#15274,#15275);
#15273 = CARTESIAN_POINT('',(17.5,-57.225,-4.6E-02));
#15274 = DIRECTION('',(-0.,-0.,-1.));
#15275 = DIRECTION('',(-0.,-1.,0.));
#15276 = ADVANCED_FACE('',(#15277),#15288,.F.);
#15277 = FACE_BOUND('',#15278,.T.);
#15278 = EDGE_LOOP('',(#15279,#15280,#15286,#15287));
#15279 = ORIENTED_EDGE('',*,*,#14237,.T.);
#15280 = ORIENTED_EDGE('',*,*,#15281,.T.);
#15281 = EDGE_CURVE('',#14238,#14750,#15282,.T.);
#15282 = LINE('',#15283,#15284);
#15283 = CARTESIAN_POINT('',(17.5,-51.525,-4.6E-02));
#15284 = VECTOR('',#15285,1.);
#15285 = DIRECTION('',(0.,0.,1.));
#15286 = ORIENTED_EDGE('',*,*,#14749,.F.);
#15287 = ORIENTED_EDGE('',*,*,#15281,.F.);
#15288 = CYLINDRICAL_SURFACE('',#15289,1.5);
#15289 = AXIS2_PLACEMENT_3D('',#15290,#15291,#15292);
#15290 = CARTESIAN_POINT('',(17.5,-50.025,-4.6E-02));
#15291 = DIRECTION('',(-0.,-0.,-1.));
#15292 = DIRECTION('',(-0.,-1.,0.));
#15293 = ADVANCED_FACE('',(#15294),#15305,.F.);
#15294 = FACE_BOUND('',#15295,.T.);
#15295 = EDGE_LOOP('',(#15296,#15297,#15303,#15304));
#15296 = ORIENTED_EDGE('',*,*,#14248,.T.);
#15297 = ORIENTED_EDGE('',*,*,#15298,.T.);
#15298 = EDGE_CURVE('',#14249,#14761,#15299,.T.);
#15299 = LINE('',#15300,#15301);
#15300 = CARTESIAN_POINT('',(25.,-49.975,-4.6E-02));
#15301 = VECTOR('',#15302,1.);
#15302 = DIRECTION('',(0.,0.,1.));
#15303 = ORIENTED_EDGE('',*,*,#14760,.F.);
#15304 = ORIENTED_EDGE('',*,*,#15298,.F.);
#15305 = CYLINDRICAL_SURFACE('',#15306,0.475);
#15306 = AXIS2_PLACEMENT_3D('',#15307,#15308,#15309);
#15307 = CARTESIAN_POINT('',(25.,-49.5,-4.6E-02));
#15308 = DIRECTION('',(-0.,-0.,-1.));
#15309 = DIRECTION('',(-0.,-1.,0.));
#15310 = ADVANCED_FACE('',(#15311),#15322,.F.);
#15311 = FACE_BOUND('',#15312,.T.);
#15312 = EDGE_LOOP('',(#15313,#15314,#15320,#15321));
#15313 = ORIENTED_EDGE('',*,*,#14259,.T.);
#15314 = ORIENTED_EDGE('',*,*,#15315,.T.);
#15315 = EDGE_CURVE('',#14260,#14772,#15316,.T.);
#15316 = LINE('',#15317,#15318);
#15317 = CARTESIAN_POINT('',(27.5,-49.975,-4.6E-02));
#15318 = VECTOR('',#15319,1.);
#15319 = DIRECTION('',(0.,0.,1.));
#15320 = ORIENTED_EDGE('',*,*,#14771,.F.);
#15321 = ORIENTED_EDGE('',*,*,#15315,.F.);
#15322 = CYLINDRICAL_SURFACE('',#15323,0.475);
#15323 = AXIS2_PLACEMENT_3D('',#15324,#15325,#15326);
#15324 = CARTESIAN_POINT('',(27.5,-49.5,-4.6E-02));
#15325 = DIRECTION('',(-0.,-0.,-1.));
#15326 = DIRECTION('',(-0.,-1.,0.));
#15327 = ADVANCED_FACE('',(#15328),#15339,.F.);
#15328 = FACE_BOUND('',#15329,.T.);
#15329 = EDGE_LOOP('',(#15330,#15331,#15337,#15338));
#15330 = ORIENTED_EDGE('',*,*,#14270,.T.);
#15331 = ORIENTED_EDGE('',*,*,#15332,.T.);
#15332 = EDGE_CURVE('',#14271,#14783,#15333,.T.);
#15333 = LINE('',#15334,#15335);
#15334 = CARTESIAN_POINT('',(31.42,-59.475,-4.6E-02));
#15335 = VECTOR('',#15336,1.);
#15336 = DIRECTION('',(0.,0.,1.));
#15337 = ORIENTED_EDGE('',*,*,#14782,.F.);
#15338 = ORIENTED_EDGE('',*,*,#15332,.F.);
#15339 = CYLINDRICAL_SURFACE('',#15340,0.5);
#15340 = AXIS2_PLACEMENT_3D('',#15341,#15342,#15343);
#15341 = CARTESIAN_POINT('',(31.42,-58.975,-4.6E-02));
#15342 = DIRECTION('',(-0.,-0.,-1.));
#15343 = DIRECTION('',(-0.,-1.,0.));
#15344 = ADVANCED_FACE('',(#15345),#15356,.F.);
#15345 = FACE_BOUND('',#15346,.T.);
#15346 = EDGE_LOOP('',(#15347,#15348,#15354,#15355));
#15347 = ORIENTED_EDGE('',*,*,#14281,.T.);
#15348 = ORIENTED_EDGE('',*,*,#15349,.T.);
#15349 = EDGE_CURVE('',#14282,#14794,#15350,.T.);
#15350 = LINE('',#15351,#15352);
#15351 = CARTESIAN_POINT('',(33.96,-59.475,-4.6E-02));
#15352 = VECTOR('',#15353,1.);
#15353 = DIRECTION('',(0.,0.,1.));
#15354 = ORIENTED_EDGE('',*,*,#14793,.F.);
#15355 = ORIENTED_EDGE('',*,*,#15349,.F.);
#15356 = CYLINDRICAL_SURFACE('',#15357,0.5);
#15357 = AXIS2_PLACEMENT_3D('',#15358,#15359,#15360);
#15358 = CARTESIAN_POINT('',(33.96,-58.975,-4.6E-02));
#15359 = DIRECTION('',(-0.,-0.,-1.));
#15360 = DIRECTION('',(-0.,-1.,0.));
#15361 = ADVANCED_FACE('',(#15362),#15373,.F.);
#15362 = FACE_BOUND('',#15363,.T.);
#15363 = EDGE_LOOP('',(#15364,#15365,#15371,#15372));
#15364 = ORIENTED_EDGE('',*,*,#14292,.T.);
#15365 = ORIENTED_EDGE('',*,*,#15366,.T.);
#15366 = EDGE_CURVE('',#14293,#14805,#15367,.T.);
#15367 = LINE('',#15368,#15369);
#15368 = CARTESIAN_POINT('',(36.5,-59.475,-4.6E-02));
#15369 = VECTOR('',#15370,1.);
#15370 = DIRECTION('',(0.,0.,1.));
#15371 = ORIENTED_EDGE('',*,*,#14804,.F.);
#15372 = ORIENTED_EDGE('',*,*,#15366,.F.);
#15373 = CYLINDRICAL_SURFACE('',#15374,0.5);
#15374 = AXIS2_PLACEMENT_3D('',#15375,#15376,#15377);
#15375 = CARTESIAN_POINT('',(36.5,-58.975,-4.6E-02));
#15376 = DIRECTION('',(-0.,-0.,-1.));
#15377 = DIRECTION('',(-0.,-1.,0.));
#15378 = ADVANCED_FACE('',(#15379),#15390,.F.);
#15379 = FACE_BOUND('',#15380,.T.);
#15380 = EDGE_LOOP('',(#15381,#15382,#15388,#15389));
#15381 = ORIENTED_EDGE('',*,*,#14303,.T.);
#15382 = ORIENTED_EDGE('',*,*,#15383,.T.);
#15383 = EDGE_CURVE('',#14304,#14816,#15384,.T.);
#15384 = LINE('',#15385,#15386);
#15385 = CARTESIAN_POINT('',(35.5,-54.375,-4.6E-02));
#15386 = VECTOR('',#15387,1.);
#15387 = DIRECTION('',(0.,0.,1.));
#15388 = ORIENTED_EDGE('',*,*,#14815,.F.);
#15389 = ORIENTED_EDGE('',*,*,#15383,.F.);
#15390 = CYLINDRICAL_SURFACE('',#15391,0.4);
#15391 = AXIS2_PLACEMENT_3D('',#15392,#15393,#15394);
#15392 = CARTESIAN_POINT('',(35.5,-53.975,-4.6E-02));
#15393 = DIRECTION('',(-0.,-0.,-1.));
#15394 = DIRECTION('',(-0.,-1.,0.));
#15395 = ADVANCED_FACE('',(#15396),#15407,.F.);
#15396 = FACE_BOUND('',#15397,.T.);
#15397 = EDGE_LOOP('',(#15398,#15399,#15405,#15406));
#15398 = ORIENTED_EDGE('',*,*,#14314,.T.);
#15399 = ORIENTED_EDGE('',*,*,#15400,.T.);
#15400 = EDGE_CURVE('',#14315,#14827,#15401,.T.);
#15401 = LINE('',#15402,#15403);
#15402 = CARTESIAN_POINT('',(38.5,-54.375,-4.6E-02));
#15403 = VECTOR('',#15404,1.);
#15404 = DIRECTION('',(0.,0.,1.));
#15405 = ORIENTED_EDGE('',*,*,#14826,.F.);
#15406 = ORIENTED_EDGE('',*,*,#15400,.F.);
#15407 = CYLINDRICAL_SURFACE('',#15408,0.4);
#15408 = AXIS2_PLACEMENT_3D('',#15409,#15410,#15411);
#15409 = CARTESIAN_POINT('',(38.5,-53.975,-4.6E-02));
#15410 = DIRECTION('',(-0.,-0.,-1.));
#15411 = DIRECTION('',(-0.,-1.,0.));
#15412 = ADVANCED_FACE('',(#15413),#15424,.F.);
#15413 = FACE_BOUND('',#15414,.T.);
#15414 = EDGE_LOOP('',(#15415,#15416,#15422,#15423));
#15415 = ORIENTED_EDGE('',*,*,#14325,.T.);
#15416 = ORIENTED_EDGE('',*,*,#15417,.T.);
#15417 = EDGE_CURVE('',#14326,#14838,#15418,.T.);
#15418 = LINE('',#15419,#15420);
#15419 = CARTESIAN_POINT('',(30.,-49.975,-4.6E-02));
#15420 = VECTOR('',#15421,1.);
#15421 = DIRECTION('',(0.,0.,1.));
#15422 = ORIENTED_EDGE('',*,*,#14837,.F.);
#15423 = ORIENTED_EDGE('',*,*,#15417,.F.);
#15424 = CYLINDRICAL_SURFACE('',#15425,0.475);
#15425 = AXIS2_PLACEMENT_3D('',#15426,#15427,#15428);
#15426 = CARTESIAN_POINT('',(30.,-49.5,-4.6E-02));
#15427 = DIRECTION('',(-0.,-0.,-1.));
#15428 = DIRECTION('',(-0.,-1.,0.));
#15429 = ADVANCED_FACE('',(#15430),#15441,.F.);
#15430 = FACE_BOUND('',#15431,.T.);
#15431 = EDGE_LOOP('',(#15432,#15433,#15439,#15440));
#15432 = ORIENTED_EDGE('',*,*,#14336,.T.);
#15433 = ORIENTED_EDGE('',*,*,#15434,.T.);
#15434 = EDGE_CURVE('',#14337,#14849,#15435,.T.);
#15435 = LINE('',#15436,#15437);
#15436 = CARTESIAN_POINT('',(35.5,-46.755,-4.6E-02));
#15437 = VECTOR('',#15438,1.);
#15438 = DIRECTION('',(0.,0.,1.));
#15439 = ORIENTED_EDGE('',*,*,#14848,.F.);
#15440 = ORIENTED_EDGE('',*,*,#15434,.F.);
#15441 = CYLINDRICAL_SURFACE('',#15442,0.4);
#15442 = AXIS2_PLACEMENT_3D('',#15443,#15444,#15445);
#15443 = CARTESIAN_POINT('',(35.5,-46.355,-4.6E-02));
#15444 = DIRECTION('',(-0.,-0.,-1.));
#15445 = DIRECTION('',(-0.,-1.,0.));
#15446 = ADVANCED_FACE('',(#15447),#15458,.F.);
#15447 = FACE_BOUND('',#15448,.T.);
#15448 = EDGE_LOOP('',(#15449,#15450,#15456,#15457));
#15449 = ORIENTED_EDGE('',*,*,#14347,.T.);
#15450 = ORIENTED_EDGE('',*,*,#15451,.T.);
#15451 = EDGE_CURVE('',#14348,#14860,#15452,.T.);
#15452 = LINE('',#15453,#15454);
#15453 = CARTESIAN_POINT('',(38.5,-46.755,-4.6E-02));
#15454 = VECTOR('',#15455,1.);
#15455 = DIRECTION('',(0.,0.,1.));
#15456 = ORIENTED_EDGE('',*,*,#14859,.F.);
#15457 = ORIENTED_EDGE('',*,*,#15451,.F.);
#15458 = CYLINDRICAL_SURFACE('',#15459,0.4);
#15459 = AXIS2_PLACEMENT_3D('',#15460,#15461,#15462);
#15460 = CARTESIAN_POINT('',(38.5,-46.355,-4.6E-02));
#15461 = DIRECTION('',(-0.,-0.,-1.));
#15462 = DIRECTION('',(-0.,-1.,0.));
#15463 = ADVANCED_FACE('',(#15464),#15475,.F.);
#15464 = FACE_BOUND('',#15465,.T.);
#15465 = EDGE_LOOP('',(#15466,#15467,#15473,#15474));
#15466 = ORIENTED_EDGE('',*,*,#14358,.T.);
#15467 = ORIENTED_EDGE('',*,*,#15468,.T.);
#15468 = EDGE_CURVE('',#14359,#14871,#15469,.T.);
#15469 = LINE('',#15470,#15471);
#15470 = CARTESIAN_POINT('',(57.3,-73.7,-4.6E-02));
#15471 = VECTOR('',#15472,1.);
#15472 = DIRECTION('',(0.,0.,1.));
#15473 = ORIENTED_EDGE('',*,*,#14870,.F.);
#15474 = ORIENTED_EDGE('',*,*,#15468,.F.);
#15475 = CYLINDRICAL_SURFACE('',#15476,1.5);
#15476 = AXIS2_PLACEMENT_3D('',#15477,#15478,#15479);
#15477 = CARTESIAN_POINT('',(57.3,-72.2,-4.6E-02));
#15478 = DIRECTION('',(-0.,-0.,-1.));
#15479 = DIRECTION('',(-0.,-1.,0.));
#15480 = ADVANCED_FACE('',(#15481),#15492,.F.);
#15481 = FACE_BOUND('',#15482,.T.);
#15482 = EDGE_LOOP('',(#15483,#15484,#15490,#15491));
#15483 = ORIENTED_EDGE('',*,*,#14369,.T.);
#15484 = ORIENTED_EDGE('',*,*,#15485,.T.);
#15485 = EDGE_CURVE('',#14370,#14882,#15486,.T.);
#15486 = LINE('',#15487,#15488);
#15487 = CARTESIAN_POINT('',(64.5,-73.7,-4.6E-02));
#15488 = VECTOR('',#15489,1.);
#15489 = DIRECTION('',(0.,0.,1.));
#15490 = ORIENTED_EDGE('',*,*,#14881,.F.);
#15491 = ORIENTED_EDGE('',*,*,#15485,.F.);
#15492 = CYLINDRICAL_SURFACE('',#15493,1.5);
#15493 = AXIS2_PLACEMENT_3D('',#15494,#15495,#15496);
#15494 = CARTESIAN_POINT('',(64.5,-72.2,-4.6E-02));
#15495 = DIRECTION('',(-0.,-0.,-1.));
#15496 = DIRECTION('',(-0.,-1.,0.));
#15497 = ADVANCED_FACE('',(#15498),#15509,.F.);
#15498 = FACE_BOUND('',#15499,.T.);
#15499 = EDGE_LOOP('',(#15500,#15501,#15507,#15508));
#15500 = ORIENTED_EDGE('',*,*,#14380,.T.);
#15501 = ORIENTED_EDGE('',*,*,#15502,.T.);
#15502 = EDGE_CURVE('',#14381,#14893,#15503,.T.);
#15503 = LINE('',#15504,#15505);
#15504 = CARTESIAN_POINT('',(71.5,-74.6,-4.6E-02));
#15505 = VECTOR('',#15506,1.);
#15506 = DIRECTION('',(0.,0.,1.));
#15507 = ORIENTED_EDGE('',*,*,#14892,.F.);
#15508 = ORIENTED_EDGE('',*,*,#15502,.F.);
#15509 = CYLINDRICAL_SURFACE('',#15510,1.6);
#15510 = AXIS2_PLACEMENT_3D('',#15511,#15512,#15513);
#15511 = CARTESIAN_POINT('',(71.5,-73.,-4.6E-02));
#15512 = DIRECTION('',(-0.,-0.,-1.));
#15513 = DIRECTION('',(-0.,-1.,0.));
#15514 = ADVANCED_FACE('',(#15515),#15526,.F.);
#15515 = FACE_BOUND('',#15516,.T.);
#15516 = EDGE_LOOP('',(#15517,#15518,#15524,#15525));
#15517 = ORIENTED_EDGE('',*,*,#14391,.T.);
#15518 = ORIENTED_EDGE('',*,*,#15519,.T.);
#15519 = EDGE_CURVE('',#14392,#14904,#15520,.T.);
#15520 = LINE('',#15521,#15522);
#15521 = CARTESIAN_POINT('',(49.42,-59.5,-4.6E-02));
#15522 = VECTOR('',#15523,1.);
#15523 = DIRECTION('',(0.,0.,1.));
#15524 = ORIENTED_EDGE('',*,*,#14903,.F.);
#15525 = ORIENTED_EDGE('',*,*,#15519,.F.);
#15526 = CYLINDRICAL_SURFACE('',#15527,0.5);
#15527 = AXIS2_PLACEMENT_3D('',#15528,#15529,#15530);
#15528 = CARTESIAN_POINT('',(49.42,-59.,-4.6E-02));
#15529 = DIRECTION('',(-0.,-0.,-1.));
#15530 = DIRECTION('',(-0.,-1.,0.));
#15531 = ADVANCED_FACE('',(#15532),#15543,.F.);
#15532 = FACE_BOUND('',#15533,.T.);
#15533 = EDGE_LOOP('',(#15534,#15535,#15541,#15542));
#15534 = ORIENTED_EDGE('',*,*,#14402,.T.);
#15535 = ORIENTED_EDGE('',*,*,#15536,.T.);
#15536 = EDGE_CURVE('',#14403,#14915,#15537,.T.);
#15537 = LINE('',#15538,#15539);
#15538 = CARTESIAN_POINT('',(51.96,-59.5,-4.6E-02));
#15539 = VECTOR('',#15540,1.);
#15540 = DIRECTION('',(0.,0.,1.));
#15541 = ORIENTED_EDGE('',*,*,#14914,.F.);
#15542 = ORIENTED_EDGE('',*,*,#15536,.F.);
#15543 = CYLINDRICAL_SURFACE('',#15544,0.5);
#15544 = AXIS2_PLACEMENT_3D('',#15545,#15546,#15547);
#15545 = CARTESIAN_POINT('',(51.96,-59.,-4.6E-02));
#15546 = DIRECTION('',(-0.,-0.,-1.));
#15547 = DIRECTION('',(-0.,-1.,0.));
#15548 = ADVANCED_FACE('',(#15549),#15560,.F.);
#15549 = FACE_BOUND('',#15550,.T.);
#15550 = EDGE_LOOP('',(#15551,#15552,#15558,#15559));
#15551 = ORIENTED_EDGE('',*,*,#14413,.T.);
#15552 = ORIENTED_EDGE('',*,*,#15553,.T.);
#15553 = EDGE_CURVE('',#14414,#14926,#15554,.T.);
#15554 = LINE('',#15555,#15556);
#15555 = CARTESIAN_POINT('',(54.5,-59.5,-4.6E-02));
#15556 = VECTOR('',#15557,1.);
#15557 = DIRECTION('',(0.,0.,1.));
#15558 = ORIENTED_EDGE('',*,*,#14925,.F.);
#15559 = ORIENTED_EDGE('',*,*,#15553,.F.);
#15560 = CYLINDRICAL_SURFACE('',#15561,0.5);
#15561 = AXIS2_PLACEMENT_3D('',#15562,#15563,#15564);
#15562 = CARTESIAN_POINT('',(54.5,-59.,-4.6E-02));
#15563 = DIRECTION('',(-0.,-0.,-1.));
#15564 = DIRECTION('',(-0.,-1.,0.));
#15565 = ADVANCED_FACE('',(#15566),#15577,.F.);
#15566 = FACE_BOUND('',#15567,.T.);
#15567 = EDGE_LOOP('',(#15568,#15569,#15575,#15576));
#15568 = ORIENTED_EDGE('',*,*,#14424,.T.);
#15569 = ORIENTED_EDGE('',*,*,#15570,.T.);
#15570 = EDGE_CURVE('',#14425,#14937,#15571,.T.);
#15571 = LINE('',#15572,#15573);
#15572 = CARTESIAN_POINT('',(45.,-46.45,-4.6E-02));
#15573 = VECTOR('',#15574,1.);
#15574 = DIRECTION('',(0.,0.,1.));
#15575 = ORIENTED_EDGE('',*,*,#14936,.F.);
#15576 = ORIENTED_EDGE('',*,*,#15570,.F.);
#15577 = CYLINDRICAL_SURFACE('',#15578,0.5);
#15578 = AXIS2_PLACEMENT_3D('',#15579,#15580,#15581);
#15579 = CARTESIAN_POINT('',(45.,-45.95,-4.6E-02));
#15580 = DIRECTION('',(-0.,-0.,-1.));
#15581 = DIRECTION('',(-0.,-1.,0.));
#15582 = ADVANCED_FACE('',(#15583),#15594,.F.);
#15583 = FACE_BOUND('',#15584,.T.);
#15584 = EDGE_LOOP('',(#15585,#15586,#15592,#15593));
#15585 = ORIENTED_EDGE('',*,*,#14435,.T.);
#15586 = ORIENTED_EDGE('',*,*,#15587,.T.);
#15587 = EDGE_CURVE('',#14436,#14948,#15588,.T.);
#15588 = LINE('',#15589,#15590);
#15589 = CARTESIAN_POINT('',(54.5,-50.45,-4.6E-02));
#15590 = VECTOR('',#15591,1.);
#15591 = DIRECTION('',(0.,0.,1.));
#15592 = ORIENTED_EDGE('',*,*,#14947,.F.);
#15593 = ORIENTED_EDGE('',*,*,#15587,.F.);
#15594 = CYLINDRICAL_SURFACE('',#15595,0.475);
#15595 = AXIS2_PLACEMENT_3D('',#15596,#15597,#15598);
#15596 = CARTESIAN_POINT('',(54.5,-49.975,-4.6E-02));
#15597 = DIRECTION('',(-0.,-0.,-1.));
#15598 = DIRECTION('',(-0.,-1.,0.));
#15599 = ADVANCED_FACE('',(#15600),#15611,.F.);
#15600 = FACE_BOUND('',#15601,.T.);
#15601 = EDGE_LOOP('',(#15602,#15603,#15609,#15610));
#15602 = ORIENTED_EDGE('',*,*,#14446,.T.);
#15603 = ORIENTED_EDGE('',*,*,#15604,.T.);
#15604 = EDGE_CURVE('',#14447,#14959,#15605,.T.);
#15605 = LINE('',#15606,#15607);
#15606 = CARTESIAN_POINT('',(54.5,-47.95,-4.6E-02));
#15607 = VECTOR('',#15608,1.);
#15608 = DIRECTION('',(0.,0.,1.));
#15609 = ORIENTED_EDGE('',*,*,#14958,.F.);
#15610 = ORIENTED_EDGE('',*,*,#15604,.F.);
#15611 = CYLINDRICAL_SURFACE('',#15612,0.475);
#15612 = AXIS2_PLACEMENT_3D('',#15613,#15614,#15615);
#15613 = CARTESIAN_POINT('',(54.5,-47.475,-4.6E-02));
#15614 = DIRECTION('',(-0.,-0.,-1.));
#15615 = DIRECTION('',(-0.,-1.,0.));
#15616 = ADVANCED_FACE('',(#15617),#15628,.F.);
#15617 = FACE_BOUND('',#15618,.T.);
#15618 = EDGE_LOOP('',(#15619,#15620,#15626,#15627));
#15619 = ORIENTED_EDGE('',*,*,#14457,.T.);
#15620 = ORIENTED_EDGE('',*,*,#15621,.T.);
#15621 = EDGE_CURVE('',#14458,#14970,#15622,.T.);
#15622 = LINE('',#15623,#15624);
#15623 = CARTESIAN_POINT('',(54.5,-45.45,-4.6E-02));
#15624 = VECTOR('',#15625,1.);
#15625 = DIRECTION('',(0.,0.,1.));
#15626 = ORIENTED_EDGE('',*,*,#14969,.F.);
#15627 = ORIENTED_EDGE('',*,*,#15621,.F.);
#15628 = CYLINDRICAL_SURFACE('',#15629,0.475);
#15629 = AXIS2_PLACEMENT_3D('',#15630,#15631,#15632);
#15630 = CARTESIAN_POINT('',(54.5,-44.975,-4.6E-02));
#15631 = DIRECTION('',(-0.,-0.,-1.));
#15632 = DIRECTION('',(-0.,-1.,0.));
#15633 = ADVANCED_FACE('',(#15634),#15645,.F.);
#15634 = FACE_BOUND('',#15635,.T.);
#15635 = EDGE_LOOP('',(#15636,#15637,#15643,#15644));
#15636 = ORIENTED_EDGE('',*,*,#14468,.T.);
#15637 = ORIENTED_EDGE('',*,*,#15638,.T.);
#15638 = EDGE_CURVE('',#14469,#14981,#15639,.T.);
#15639 = LINE('',#15640,#15641);
#15640 = CARTESIAN_POINT('',(25.,-41.975,-4.6E-02));
#15641 = VECTOR('',#15642,1.);
#15642 = DIRECTION('',(0.,0.,1.));
#15643 = ORIENTED_EDGE('',*,*,#14980,.F.);
#15644 = ORIENTED_EDGE('',*,*,#15638,.F.);
#15645 = CYLINDRICAL_SURFACE('',#15646,0.475);
#15646 = AXIS2_PLACEMENT_3D('',#15647,#15648,#15649);
#15647 = CARTESIAN_POINT('',(25.,-41.5,-4.6E-02));
#15648 = DIRECTION('',(-0.,-0.,-1.));
#15649 = DIRECTION('',(-0.,-1.,0.));
#15650 = ADVANCED_FACE('',(#15651),#15662,.F.);
#15651 = FACE_BOUND('',#15652,.T.);
#15652 = EDGE_LOOP('',(#15653,#15654,#15660,#15661));
#15653 = ORIENTED_EDGE('',*,*,#14479,.T.);
#15654 = ORIENTED_EDGE('',*,*,#15655,.T.);
#15655 = EDGE_CURVE('',#14480,#14992,#15656,.T.);
#15656 = LINE('',#15657,#15658);
#15657 = CARTESIAN_POINT('',(27.5,-41.975,-4.6E-02));
#15658 = VECTOR('',#15659,1.);
#15659 = DIRECTION('',(0.,0.,1.));
#15660 = ORIENTED_EDGE('',*,*,#14991,.F.);
#15661 = ORIENTED_EDGE('',*,*,#15655,.F.);
#15662 = CYLINDRICAL_SURFACE('',#15663,0.475);
#15663 = AXIS2_PLACEMENT_3D('',#15664,#15665,#15666);
#15664 = CARTESIAN_POINT('',(27.5,-41.5,-4.6E-02));
#15665 = DIRECTION('',(-0.,-0.,-1.));
#15666 = DIRECTION('',(-0.,-1.,0.));
#15667 = ADVANCED_FACE('',(#15668),#15679,.F.);
#15668 = FACE_BOUND('',#15669,.T.);
#15669 = EDGE_LOOP('',(#15670,#15671,#15677,#15678));
#15670 = ORIENTED_EDGE('',*,*,#14490,.T.);
#15671 = ORIENTED_EDGE('',*,*,#15672,.T.);
#15672 = EDGE_CURVE('',#14491,#15003,#15673,.T.);
#15673 = LINE('',#15674,#15675);
#15674 = CARTESIAN_POINT('',(30.,-41.975,-4.6E-02));
#15675 = VECTOR('',#15676,1.);
#15676 = DIRECTION('',(0.,0.,1.));
#15677 = ORIENTED_EDGE('',*,*,#15002,.F.);
#15678 = ORIENTED_EDGE('',*,*,#15672,.F.);
#15679 = CYLINDRICAL_SURFACE('',#15680,0.475);
#15680 = AXIS2_PLACEMENT_3D('',#15681,#15682,#15683);
#15681 = CARTESIAN_POINT('',(30.,-41.5,-4.6E-02));
#15682 = DIRECTION('',(-0.,-0.,-1.));
#15683 = DIRECTION('',(-0.,-1.,0.));
#15684 = ADVANCED_FACE('',(#15685),#15696,.F.);
#15685 = FACE_BOUND('',#15686,.T.);
#15686 = EDGE_LOOP('',(#15687,#15688,#15694,#15695));
#15687 = ORIENTED_EDGE('',*,*,#14501,.T.);
#15688 = ORIENTED_EDGE('',*,*,#15689,.T.);
#15689 = EDGE_CURVE('',#14502,#15014,#15690,.T.);
#15690 = LINE('',#15691,#15692);
#15691 = CARTESIAN_POINT('',(35.5,-43.375,-4.6E-02));
#15692 = VECTOR('',#15693,1.);
#15693 = DIRECTION('',(0.,0.,1.));
#15694 = ORIENTED_EDGE('',*,*,#15013,.F.);
#15695 = ORIENTED_EDGE('',*,*,#15689,.F.);
#15696 = CYLINDRICAL_SURFACE('',#15697,0.4);
#15697 = AXIS2_PLACEMENT_3D('',#15698,#15699,#15700);
#15698 = CARTESIAN_POINT('',(35.5,-42.975,-4.6E-02));
#15699 = DIRECTION('',(-0.,-0.,-1.));
#15700 = DIRECTION('',(-0.,-1.,0.));
#15701 = ADVANCED_FACE('',(#15702),#15713,.F.);
#15702 = FACE_BOUND('',#15703,.T.);
#15703 = EDGE_LOOP('',(#15704,#15705,#15711,#15712));
#15704 = ORIENTED_EDGE('',*,*,#14512,.T.);
#15705 = ORIENTED_EDGE('',*,*,#15706,.T.);
#15706 = EDGE_CURVE('',#14513,#15025,#15707,.T.);
#15707 = LINE('',#15708,#15709);
#15708 = CARTESIAN_POINT('',(38.5,-43.375,-4.6E-02));
#15709 = VECTOR('',#15710,1.);
#15710 = DIRECTION('',(0.,0.,1.));
#15711 = ORIENTED_EDGE('',*,*,#15024,.F.);
#15712 = ORIENTED_EDGE('',*,*,#15706,.F.);
#15713 = CYLINDRICAL_SURFACE('',#15714,0.4);
#15714 = AXIS2_PLACEMENT_3D('',#15715,#15716,#15717);
#15715 = CARTESIAN_POINT('',(38.5,-42.975,-4.6E-02));
#15716 = DIRECTION('',(-0.,-0.,-1.));
#15717 = DIRECTION('',(-0.,-1.,0.));
#15718 = ADVANCED_FACE('',(#15719),#15730,.F.);
#15719 = FACE_BOUND('',#15720,.T.);
#15720 = EDGE_LOOP('',(#15721,#15722,#15728,#15729));
#15721 = ORIENTED_EDGE('',*,*,#14523,.T.);
#15722 = ORIENTED_EDGE('',*,*,#15723,.T.);
#15723 = EDGE_CURVE('',#14524,#15036,#15724,.T.);
#15724 = LINE('',#15725,#15726);
#15725 = CARTESIAN_POINT('',(35.5,-35.755,-4.6E-02));
#15726 = VECTOR('',#15727,1.);
#15727 = DIRECTION('',(0.,0.,1.));
#15728 = ORIENTED_EDGE('',*,*,#15035,.F.);
#15729 = ORIENTED_EDGE('',*,*,#15723,.F.);
#15730 = CYLINDRICAL_SURFACE('',#15731,0.4);
#15731 = AXIS2_PLACEMENT_3D('',#15732,#15733,#15734);
#15732 = CARTESIAN_POINT('',(35.5,-35.355,-4.6E-02));
#15733 = DIRECTION('',(-0.,-0.,-1.));
#15734 = DIRECTION('',(-0.,-1.,0.));
#15735 = ADVANCED_FACE('',(#15736),#15747,.F.);
#15736 = FACE_BOUND('',#15737,.T.);
#15737 = EDGE_LOOP('',(#15738,#15739,#15745,#15746));
#15738 = ORIENTED_EDGE('',*,*,#14534,.T.);
#15739 = ORIENTED_EDGE('',*,*,#15740,.T.);
#15740 = EDGE_CURVE('',#14535,#15047,#15741,.T.);
#15741 = LINE('',#15742,#15743);
#15742 = CARTESIAN_POINT('',(31.42,-31.475,-4.6E-02));
#15743 = VECTOR('',#15744,1.);
#15744 = DIRECTION('',(0.,0.,1.));
#15745 = ORIENTED_EDGE('',*,*,#15046,.F.);
#15746 = ORIENTED_EDGE('',*,*,#15740,.F.);
#15747 = CYLINDRICAL_SURFACE('',#15748,0.5);
#15748 = AXIS2_PLACEMENT_3D('',#15749,#15750,#15751);
#15749 = CARTESIAN_POINT('',(31.42,-30.975,-4.6E-02));
#15750 = DIRECTION('',(-0.,-0.,-1.));
#15751 = DIRECTION('',(-0.,-1.,0.));
#15752 = ADVANCED_FACE('',(#15753),#15764,.F.);
#15753 = FACE_BOUND('',#15754,.T.);
#15754 = EDGE_LOOP('',(#15755,#15756,#15762,#15763));
#15755 = ORIENTED_EDGE('',*,*,#14545,.T.);
#15756 = ORIENTED_EDGE('',*,*,#15757,.T.);
#15757 = EDGE_CURVE('',#14546,#15058,#15758,.T.);
#15758 = LINE('',#15759,#15760);
#15759 = CARTESIAN_POINT('',(33.96,-31.475,-4.6E-02));
#15760 = VECTOR('',#15761,1.);
#15761 = DIRECTION('',(0.,0.,1.));
#15762 = ORIENTED_EDGE('',*,*,#15057,.F.);
#15763 = ORIENTED_EDGE('',*,*,#15757,.F.);
#15764 = CYLINDRICAL_SURFACE('',#15765,0.5);
#15765 = AXIS2_PLACEMENT_3D('',#15766,#15767,#15768);
#15766 = CARTESIAN_POINT('',(33.96,-30.975,-4.6E-02));
#15767 = DIRECTION('',(-0.,-0.,-1.));
#15768 = DIRECTION('',(-0.,-1.,0.));
#15769 = ADVANCED_FACE('',(#15770),#15781,.F.);
#15770 = FACE_BOUND('',#15771,.T.);
#15771 = EDGE_LOOP('',(#15772,#15773,#15779,#15780));
#15772 = ORIENTED_EDGE('',*,*,#14556,.T.);
#15773 = ORIENTED_EDGE('',*,*,#15774,.T.);
#15774 = EDGE_CURVE('',#14557,#15069,#15775,.T.);
#15775 = LINE('',#15776,#15777);
#15776 = CARTESIAN_POINT('',(36.5,-31.475,-4.6E-02));
#15777 = VECTOR('',#15778,1.);
#15778 = DIRECTION('',(0.,0.,1.));
#15779 = ORIENTED_EDGE('',*,*,#15068,.F.);
#15780 = ORIENTED_EDGE('',*,*,#15774,.F.);
#15781 = CYLINDRICAL_SURFACE('',#15782,0.5);
#15782 = AXIS2_PLACEMENT_3D('',#15783,#15784,#15785);
#15783 = CARTESIAN_POINT('',(36.5,-30.975,-4.6E-02));
#15784 = DIRECTION('',(-0.,-0.,-1.));
#15785 = DIRECTION('',(-0.,-1.,0.));
#15786 = ADVANCED_FACE('',(#15787),#15798,.F.);
#15787 = FACE_BOUND('',#15788,.T.);
#15788 = EDGE_LOOP('',(#15789,#15790,#15796,#15797));
#15789 = ORIENTED_EDGE('',*,*,#14567,.T.);
#15790 = ORIENTED_EDGE('',*,*,#15791,.T.);
#15791 = EDGE_CURVE('',#14568,#15080,#15792,.T.);
#15792 = LINE('',#15793,#15794);
#15793 = CARTESIAN_POINT('',(38.5,-35.755,-4.6E-02));
#15794 = VECTOR('',#15795,1.);
#15795 = DIRECTION('',(0.,0.,1.));
#15796 = ORIENTED_EDGE('',*,*,#15079,.F.);
#15797 = ORIENTED_EDGE('',*,*,#15791,.F.);
#15798 = CYLINDRICAL_SURFACE('',#15799,0.4);
#15799 = AXIS2_PLACEMENT_3D('',#15800,#15801,#15802);
#15800 = CARTESIAN_POINT('',(38.5,-35.355,-4.6E-02));
#15801 = DIRECTION('',(-0.,-0.,-1.));
#15802 = DIRECTION('',(-0.,-1.,0.));
#15803 = ADVANCED_FACE('',(#15804),#15815,.F.);
#15804 = FACE_BOUND('',#15805,.T.);
#15805 = EDGE_LOOP('',(#15806,#15807,#15813,#15814));
#15806 = ORIENTED_EDGE('',*,*,#14578,.T.);
#15807 = ORIENTED_EDGE('',*,*,#15808,.T.);
#15808 = EDGE_CURVE('',#14579,#15091,#15809,.T.);
#15809 = LINE('',#15810,#15811);
#15810 = CARTESIAN_POINT('',(16.5,-18.1,-4.6E-02));
#15811 = VECTOR('',#15812,1.);
#15812 = DIRECTION('',(0.,0.,1.));
#15813 = ORIENTED_EDGE('',*,*,#15090,.F.);
#15814 = ORIENTED_EDGE('',*,*,#15808,.F.);
#15815 = CYLINDRICAL_SURFACE('',#15816,1.6);
#15816 = AXIS2_PLACEMENT_3D('',#15817,#15818,#15819);
#15817 = CARTESIAN_POINT('',(16.5,-16.5,-4.6E-02));
#15818 = DIRECTION('',(-0.,-0.,-1.));
#15819 = DIRECTION('',(-0.,-1.,0.));
#15820 = ADVANCED_FACE('',(#15821),#15832,.F.);
#15821 = FACE_BOUND('',#15822,.T.);
#15822 = EDGE_LOOP('',(#15823,#15824,#15830,#15831));
#15823 = ORIENTED_EDGE('',*,*,#14589,.T.);
#15824 = ORIENTED_EDGE('',*,*,#15825,.T.);
#15825 = EDGE_CURVE('',#14590,#15102,#15826,.T.);
#15826 = LINE('',#15827,#15828);
#15827 = CARTESIAN_POINT('',(22.5,-19.,-4.6E-02));
#15828 = VECTOR('',#15829,1.);
#15829 = DIRECTION('',(0.,0.,1.));
#15830 = ORIENTED_EDGE('',*,*,#15101,.F.);
#15831 = ORIENTED_EDGE('',*,*,#15825,.F.);
#15832 = CYLINDRICAL_SURFACE('',#15833,1.5);
#15833 = AXIS2_PLACEMENT_3D('',#15834,#15835,#15836);
#15834 = CARTESIAN_POINT('',(22.5,-17.5,-4.6E-02));
#15835 = DIRECTION('',(-0.,-0.,-1.));
#15836 = DIRECTION('',(-0.,-1.,0.));
#15837 = ADVANCED_FACE('',(#15838),#15849,.F.);
#15838 = FACE_BOUND('',#15839,.T.);
#15839 = EDGE_LOOP('',(#15840,#15841,#15847,#15848));
#15840 = ORIENTED_EDGE('',*,*,#14600,.T.);
#15841 = ORIENTED_EDGE('',*,*,#15842,.T.);
#15842 = EDGE_CURVE('',#14601,#15113,#15843,.T.);
#15843 = LINE('',#15844,#15845);
#15844 = CARTESIAN_POINT('',(29.7,-19.,-4.6E-02));
#15845 = VECTOR('',#15846,1.);
#15846 = DIRECTION('',(0.,0.,1.));
#15847 = ORIENTED_EDGE('',*,*,#15112,.F.);
#15848 = ORIENTED_EDGE('',*,*,#15842,.F.);
#15849 = CYLINDRICAL_SURFACE('',#15850,1.5);
#15850 = AXIS2_PLACEMENT_3D('',#15851,#15852,#15853);
#15851 = CARTESIAN_POINT('',(29.7,-17.5,-4.6E-02));
#15852 = DIRECTION('',(-0.,-0.,-1.));
#15853 = DIRECTION('',(-0.,-1.,0.));
#15854 = ADVANCED_FACE('',(#15855),#15866,.F.);
#15855 = FACE_BOUND('',#15856,.T.);
#15856 = EDGE_LOOP('',(#15857,#15858,#15864,#15865));
#15857 = ORIENTED_EDGE('',*,*,#14611,.T.);
#15858 = ORIENTED_EDGE('',*,*,#15859,.T.);
#15859 = EDGE_CURVE('',#14612,#15124,#15860,.T.);
#15860 = LINE('',#15861,#15862);
#15861 = CARTESIAN_POINT('',(45.,-43.95,-4.6E-02));
#15862 = VECTOR('',#15863,1.);
#15863 = DIRECTION('',(0.,0.,1.));
#15864 = ORIENTED_EDGE('',*,*,#15123,.F.);
#15865 = ORIENTED_EDGE('',*,*,#15859,.F.);
#15866 = CYLINDRICAL_SURFACE('',#15867,0.5);
#15867 = AXIS2_PLACEMENT_3D('',#15868,#15869,#15870);
#15868 = CARTESIAN_POINT('',(45.,-43.45,-4.6E-02));
#15869 = DIRECTION('',(-0.,-0.,-1.));
#15870 = DIRECTION('',(-0.,-1.,0.));
#15871 = ADVANCED_FACE('',(#15872),#15883,.F.);
#15872 = FACE_BOUND('',#15873,.T.);
#15873 = EDGE_LOOP('',(#15874,#15875,#15881,#15882));
#15874 = ORIENTED_EDGE('',*,*,#14622,.T.);
#15875 = ORIENTED_EDGE('',*,*,#15876,.T.);
#15876 = EDGE_CURVE('',#14623,#15135,#15877,.T.);
#15877 = LINE('',#15878,#15879);
#15878 = CARTESIAN_POINT('',(54.5,-42.95,-4.6E-02));
#15879 = VECTOR('',#15880,1.);
#15880 = DIRECTION('',(0.,0.,1.));
#15881 = ORIENTED_EDGE('',*,*,#15134,.F.);
#15882 = ORIENTED_EDGE('',*,*,#15876,.F.);
#15883 = CYLINDRICAL_SURFACE('',#15884,0.475);
#15884 = AXIS2_PLACEMENT_3D('',#15885,#15886,#15887);
#15885 = CARTESIAN_POINT('',(54.5,-42.475,-4.6E-02));
#15886 = DIRECTION('',(-0.,-0.,-1.));
#15887 = DIRECTION('',(-0.,-1.,0.));
#15888 = ADVANCED_FACE('',(#15889),#15900,.F.);
#15889 = FACE_BOUND('',#15890,.T.);
#15890 = EDGE_LOOP('',(#15891,#15892,#15898,#15899));
#15891 = ORIENTED_EDGE('',*,*,#14633,.T.);
#15892 = ORIENTED_EDGE('',*,*,#15893,.T.);
#15893 = EDGE_CURVE('',#14634,#15146,#15894,.T.);
#15894 = LINE('',#15895,#15896);
#15895 = CARTESIAN_POINT('',(54.5,-40.45,-4.6E-02));
#15896 = VECTOR('',#15897,1.);
#15897 = DIRECTION('',(0.,0.,1.));
#15898 = ORIENTED_EDGE('',*,*,#15145,.F.);
#15899 = ORIENTED_EDGE('',*,*,#15893,.F.);
#15900 = CYLINDRICAL_SURFACE('',#15901,0.475);
#15901 = AXIS2_PLACEMENT_3D('',#15902,#15903,#15904);
#15902 = CARTESIAN_POINT('',(54.5,-39.975,-4.6E-02));
#15903 = DIRECTION('',(-0.,-0.,-1.));
#15904 = DIRECTION('',(-0.,-1.,0.));
#15905 = ADVANCED_FACE('',(#15906),#15917,.F.);
#15906 = FACE_BOUND('',#15907,.T.);
#15907 = EDGE_LOOP('',(#15908,#15909,#15915,#15916));
#15908 = ORIENTED_EDGE('',*,*,#14644,.T.);
#15909 = ORIENTED_EDGE('',*,*,#15910,.T.);
#15910 = EDGE_CURVE('',#14645,#15157,#15911,.T.);
#15911 = LINE('',#15912,#15913);
#15912 = CARTESIAN_POINT('',(49.46,-31.5,-4.6E-02));
#15913 = VECTOR('',#15914,1.);
#15914 = DIRECTION('',(0.,0.,1.));
#15915 = ORIENTED_EDGE('',*,*,#15156,.F.);
#15916 = ORIENTED_EDGE('',*,*,#15910,.F.);
#15917 = CYLINDRICAL_SURFACE('',#15918,0.5);
#15918 = AXIS2_PLACEMENT_3D('',#15919,#15920,#15921);
#15919 = CARTESIAN_POINT('',(49.46,-31.,-4.6E-02));
#15920 = DIRECTION('',(-0.,-0.,-1.));
#15921 = DIRECTION('',(-0.,-1.,0.));
#15922 = ADVANCED_FACE('',(#15923),#15934,.F.);
#15923 = FACE_BOUND('',#15924,.T.);
#15924 = EDGE_LOOP('',(#15925,#15926,#15932,#15933));
#15925 = ORIENTED_EDGE('',*,*,#14655,.T.);
#15926 = ORIENTED_EDGE('',*,*,#15927,.T.);
#15927 = EDGE_CURVE('',#14656,#15168,#15928,.T.);
#15928 = LINE('',#15929,#15930);
#15929 = CARTESIAN_POINT('',(52.,-31.5,-4.6E-02));
#15930 = VECTOR('',#15931,1.);
#15931 = DIRECTION('',(0.,0.,1.));
#15932 = ORIENTED_EDGE('',*,*,#15167,.F.);
#15933 = ORIENTED_EDGE('',*,*,#15927,.F.);
#15934 = CYLINDRICAL_SURFACE('',#15935,0.5);
#15935 = AXIS2_PLACEMENT_3D('',#15936,#15937,#15938);
#15936 = CARTESIAN_POINT('',(52.,-31.,-4.6E-02));
#15937 = DIRECTION('',(-0.,-0.,-1.));
#15938 = DIRECTION('',(-0.,-1.,0.));
#15939 = ADVANCED_FACE('',(#15940),#15951,.F.);
#15940 = FACE_BOUND('',#15941,.T.);
#15941 = EDGE_LOOP('',(#15942,#15943,#15949,#15950));
#15942 = ORIENTED_EDGE('',*,*,#14666,.T.);
#15943 = ORIENTED_EDGE('',*,*,#15944,.T.);
#15944 = EDGE_CURVE('',#14667,#15179,#15945,.T.);
#15945 = LINE('',#15946,#15947);
#15946 = CARTESIAN_POINT('',(54.54,-31.5,-4.6E-02));
#15947 = VECTOR('',#15948,1.);
#15948 = DIRECTION('',(0.,0.,1.));
#15949 = ORIENTED_EDGE('',*,*,#15178,.F.);
#15950 = ORIENTED_EDGE('',*,*,#15944,.F.);
#15951 = CYLINDRICAL_SURFACE('',#15952,0.5);
#15952 = AXIS2_PLACEMENT_3D('',#15953,#15954,#15955);
#15953 = CARTESIAN_POINT('',(54.54,-31.,-4.6E-02));
#15954 = DIRECTION('',(-0.,-0.,-1.));
#15955 = DIRECTION('',(-0.,-1.,0.));
#15956 = ADVANCED_FACE('',(#15957),#15968,.F.);
#15957 = FACE_BOUND('',#15958,.T.);
#15958 = EDGE_LOOP('',(#15959,#15960,#15966,#15967));
#15959 = ORIENTED_EDGE('',*,*,#14677,.T.);
#15960 = ORIENTED_EDGE('',*,*,#15961,.T.);
#15961 = EDGE_CURVE('',#14678,#15190,#15962,.T.);
#15962 = LINE('',#15963,#15964);
#15963 = CARTESIAN_POINT('',(62.9,-19.,-4.6E-02));
#15964 = VECTOR('',#15965,1.);
#15965 = DIRECTION('',(0.,0.,1.));
#15966 = ORIENTED_EDGE('',*,*,#15189,.F.);
#15967 = ORIENTED_EDGE('',*,*,#15961,.F.);
#15968 = CYLINDRICAL_SURFACE('',#15969,1.5);
#15969 = AXIS2_PLACEMENT_3D('',#15970,#15971,#15972);
#15970 = CARTESIAN_POINT('',(62.9,-17.5,-4.6E-02));
#15971 = DIRECTION('',(-0.,-0.,-1.));
#15972 = DIRECTION('',(-4.736951571734E-15,-1.,0.));
#15973 = ADVANCED_FACE('',(#15974),#15985,.F.);
#15974 = FACE_BOUND('',#15975,.T.);
#15975 = EDGE_LOOP('',(#15976,#15977,#15983,#15984));
#15976 = ORIENTED_EDGE('',*,*,#14688,.T.);
#15977 = ORIENTED_EDGE('',*,*,#15978,.T.);
#15978 = EDGE_CURVE('',#14689,#15201,#15979,.T.);
#15979 = LINE('',#15980,#15981);
#15980 = CARTESIAN_POINT('',(70.1,-19.,-4.6E-02));
#15981 = VECTOR('',#15982,1.);
#15982 = DIRECTION('',(0.,0.,1.));
#15983 = ORIENTED_EDGE('',*,*,#15200,.F.);
#15984 = ORIENTED_EDGE('',*,*,#15978,.F.);
#15985 = CYLINDRICAL_SURFACE('',#15986,1.5);
#15986 = AXIS2_PLACEMENT_3D('',#15987,#15988,#15989);
#15987 = CARTESIAN_POINT('',(70.1,-17.5,-4.6E-02));
#15988 = DIRECTION('',(-0.,-0.,-1.));
#15989 = DIRECTION('',(-0.,-1.,0.));
#15990 = ( GEOMETRIC_REPRESENTATION_CONTEXT(3) 
GLOBAL_UNCERTAINTY_ASSIGNED_CONTEXT((#15994)) 
GLOBAL_UNIT_ASSIGNED_CONTEXT((#15991,#15992,#15993)) 
REPRESENTATION_CONTEXT('Context #1',
  '3D Context with UNIT and UNCERTAINTY') );
#15991 = ( LENGTH_UNIT() NAMED_UNIT(*) SI_UNIT(.MILLI.,.METRE.) );
#15992 = ( NAMED_UNIT(*) PLANE_ANGLE_UNIT() SI_UNIT($,.RADIAN.) );
#15993 = ( NAMED_UNIT(*) SI_UNIT($,.STERADIAN.) SOLID_ANGLE_UNIT() );
#15994 = UNCERTAINTY_MEASURE_WITH_UNIT(LENGTH_MEASURE(1.E-07),#15991,
  'distance_accuracy_value','confusion accuracy');
#15995 = CONTEXT_DEPENDENT_SHAPE_REPRESENTATION(#15996,#15998);
#15996 = ( REPRESENTATION_RELATIONSHIP('','',#14084,#10) 
REPRESENTATION_RELATIONSHIP_WITH_TRANSFORMATION(#15997) 
SHAPE_REPRESENTATION_RELATIONSHIP() );
#15997 = ITEM_DEFINED_TRANSFORMATION('','',#11,#63);
#15998 = PRODUCT_DEFINITION_SHAPE('Placement','Placement of an item',
  #15999);
#15999 = NEXT_ASSEMBLY_USAGE_OCCURRENCE('13','=>[0:1:1:7]','',#5,#14079,
  $);
#16000 = PRODUCT_RELATED_PRODUCT_CATEGORY('part',$,(#14081));
#16001 = MECHANICAL_DESIGN_GEOMETRIC_PRESENTATION_REPRESENTATION('',(
    #16002,#16010,#16017,#16024,#16031,#16038,#16046,#16053,#16060,
    #16067,#16074,#16081,#16088,#16095,#16102),#744);
#16002 = STYLED_ITEM('color',(#16003),#83);
#16003 = PRESENTATION_STYLE_ASSIGNMENT((#16004));
#16004 = SURFACE_STYLE_USAGE(.BOTH.,#16005);
#16005 = SURFACE_SIDE_STYLE('',(#16006));
#16006 = SURFACE_STYLE_FILL_AREA(#16007);
#16007 = FILL_AREA_STYLE('',(#16008));
#16008 = FILL_AREA_STYLE_COLOUR('',#16009);
#16009 = COLOUR_RGB('',0.883000012551,0.711000022565,0.492000011028);
#16010 = STYLED_ITEM('color',(#16011),#116);
#16011 = PRESENTATION_STYLE_ASSIGNMENT((#16012));
#16012 = SURFACE_STYLE_USAGE(.BOTH.,#16013);
#16013 = SURFACE_SIDE_STYLE('',(#16014));
#16014 = SURFACE_STYLE_FILL_AREA(#16015);
#16015 = FILL_AREA_STYLE('',(#16016));
#16016 = FILL_AREA_STYLE_COLOUR('',#16009);
#16017 = STYLED_ITEM('color',(#16018),#142);
#16018 = PRESENTATION_STYLE_ASSIGNMENT((#16019));
#16019 = SURFACE_STYLE_USAGE(.BOTH.,#16020);
#16020 = SURFACE_SIDE_STYLE('',(#16021));
#16021 = SURFACE_STYLE_FILL_AREA(#16022);
#16022 = FILL_AREA_STYLE('',(#16023));
#16023 = FILL_AREA_STYLE_COLOUR('',#16009);
#16024 = STYLED_ITEM('color',(#16025),#162);
#16025 = PRESENTATION_STYLE_ASSIGNMENT((#16026));
#16026 = SURFACE_STYLE_USAGE(.BOTH.,#16027);
#16027 = SURFACE_SIDE_STYLE('',(#16028));
#16028 = SURFACE_STYLE_FILL_AREA(#16029);
#16029 = FILL_AREA_STYLE('',(#16030));
#16030 = FILL_AREA_STYLE_COLOUR('',#16009);
#16031 = STYLED_ITEM('color',(#16032),#345);
#16032 = PRESENTATION_STYLE_ASSIGNMENT((#16033));
#16033 = SURFACE_STYLE_USAGE(.BOTH.,#16034);
#16034 = SURFACE_SIDE_STYLE('',(#16035));
#16035 = SURFACE_STYLE_FILL_AREA(#16036);
#16036 = FILL_AREA_STYLE('',(#16037));
#16037 = FILL_AREA_STYLE_COLOUR('',#16009);
#16038 = STYLED_ITEM('color',(#16039),#370);
#16039 = PRESENTATION_STYLE_ASSIGNMENT((#16040));
#16040 = SURFACE_STYLE_USAGE(.BOTH.,#16041);
#16041 = SURFACE_SIDE_STYLE('',(#16042));
#16042 = SURFACE_STYLE_FILL_AREA(#16043);
#16043 = FILL_AREA_STYLE('',(#16044));
#16044 = FILL_AREA_STYLE_COLOUR('',#16045);
#16045 = COLOUR_RGB('',0.823999987314,0.819999987296,0.781000009244);
#16046 = STYLED_ITEM('color',(#16047),#396);
#16047 = PRESENTATION_STYLE_ASSIGNMENT((#16048));
#16048 = SURFACE_STYLE_USAGE(.BOTH.,#16049);
#16049 = SURFACE_SIDE_STYLE('',(#16050));
#16050 = SURFACE_STYLE_FILL_AREA(#16051);
#16051 = FILL_AREA_STYLE('',(#16052));
#16052 = FILL_AREA_STYLE_COLOUR('',#16009);
#16053 = STYLED_ITEM('color',(#16054),#416);
#16054 = PRESENTATION_STYLE_ASSIGNMENT((#16055));
#16055 = SURFACE_STYLE_USAGE(.BOTH.,#16056);
#16056 = SURFACE_SIDE_STYLE('',(#16057));
#16057 = SURFACE_STYLE_FILL_AREA(#16058);
#16058 = FILL_AREA_STYLE('',(#16059));
#16059 = FILL_AREA_STYLE_COLOUR('',#16045);
#16060 = STYLED_ITEM('color',(#16061),#441);
#16061 = PRESENTATION_STYLE_ASSIGNMENT((#16062));
#16062 = SURFACE_STYLE_USAGE(.BOTH.,#16063);
#16063 = SURFACE_SIDE_STYLE('',(#16064));
#16064 = SURFACE_STYLE_FILL_AREA(#16065);
#16065 = FILL_AREA_STYLE('',(#16066));
#16066 = FILL_AREA_STYLE_COLOUR('',#16009);
#16067 = STYLED_ITEM('color',(#16068),#466);
#16068 = PRESENTATION_STYLE_ASSIGNMENT((#16069));
#16069 = SURFACE_STYLE_USAGE(.BOTH.,#16070);
#16070 = SURFACE_SIDE_STYLE('',(#16071));
#16071 = SURFACE_STYLE_FILL_AREA(#16072);
#16072 = FILL_AREA_STYLE('',(#16073));
#16073 = FILL_AREA_STYLE_COLOUR('',#16045);
#16074 = STYLED_ITEM('color',(#16075),#475);
#16075 = PRESENTATION_STYLE_ASSIGNMENT((#16076));
#16076 = SURFACE_STYLE_USAGE(.BOTH.,#16077);
#16077 = SURFACE_SIDE_STYLE('',(#16078));
#16078 = SURFACE_STYLE_FILL_AREA(#16079);
#16079 = FILL_AREA_STYLE('',(#16080));
#16080 = FILL_AREA_STYLE_COLOUR('',#16009);
#16081 = STYLED_ITEM('color',(#16082),#501);
#16082 = PRESENTATION_STYLE_ASSIGNMENT((#16083));
#16083 = SURFACE_STYLE_USAGE(.BOTH.,#16084);
#16084 = SURFACE_SIDE_STYLE('',(#16085));
#16085 = SURFACE_STYLE_FILL_AREA(#16086);
#16086 = FILL_AREA_STYLE('',(#16087));
#16087 = FILL_AREA_STYLE_COLOUR('',#16009);
#16088 = STYLED_ITEM('color',(#16089),#684);
#16089 = PRESENTATION_STYLE_ASSIGNMENT((#16090));
#16090 = SURFACE_STYLE_USAGE(.BOTH.,#16091);
#16091 = SURFACE_SIDE_STYLE('',(#16092));
#16092 = SURFACE_STYLE_FILL_AREA(#16093);
#16093 = FILL_AREA_STYLE('',(#16094));
#16094 = FILL_AREA_STYLE_COLOUR('',#16045);
#16095 = STYLED_ITEM('color',(#16096),#710);
#16096 = PRESENTATION_STYLE_ASSIGNMENT((#16097));
#16097 = SURFACE_STYLE_USAGE(.BOTH.,#16098);
#16098 = SURFACE_SIDE_STYLE('',(#16099));
#16099 = SURFACE_STYLE_FILL_AREA(#16100);
#16100 = FILL_AREA_STYLE('',(#16101));
#16101 = FILL_AREA_STYLE_COLOUR('',#16045);
#16102 = STYLED_ITEM('color',(#16103),#735);
#16103 = PRESENTATION_STYLE_ASSIGNMENT((#16104));
#16104 = SURFACE_STYLE_USAGE(.BOTH.,#16105);
#16105 = SURFACE_SIDE_STYLE('',(#16106));
#16106 = SURFACE_STYLE_FILL_AREA(#16107);
#16107 = FILL_AREA_STYLE('',(#16108));
#16108 = FILL_AREA_STYLE_COLOUR('',#16045);
#16109 = MECHANICAL_DESIGN_GEOMETRIC_PRESENTATION_REPRESENTATION('',(
    #16110),#15990);
#16110 = STYLED_ITEM('color',(#16111),#14085);
#16111 = PRESENTATION_STYLE_ASSIGNMENT((#16112));
#16112 = SURFACE_STYLE_USAGE(.BOTH.,#16113);
#16113 = SURFACE_SIDE_STYLE('',(#16114));
#16114 = SURFACE_STYLE_FILL_AREA(#16115);
#16115 = FILL_AREA_STYLE('',(#16116));
#16116 = FILL_AREA_STYLE_COLOUR('',#16117);
#16117 = COLOUR_RGB('',0.313304153717,0.484529207832,0.410020903123);
#16118 = MECHANICAL_DESIGN_GEOMETRIC_PRESENTATION_REPRESENTATION('',(
    #16119,#16127,#16134,#16141,#16148,#16155,#16162,#16169,#16176,
    #16183,#16190,#16197,#16204,#16211,#16218,#16225,#16232,#16239,
    #16246,#16253,#16260,#16267,#16274,#16281,#16288,#16295,#16302,
    #16309,#16316,#16323,#16330,#16337,#16344,#16351,#16358,#16365,
    #16372,#16379,#16386,#16393,#16400,#16407,#16414,#16421,#16428,
    #16435,#16443,#16450,#16457,#16464,#16471,#16478,#16485,#16492,
    #16499,#16506,#16513,#16520,#16527,#16534,#16541,#16548,#16555,
    #16562,#16569,#16576,#16583,#16590,#16597,#16604,#16611,#16618,
    #16625,#16632,#16639,#16646,#16653,#16660,#16667,#16674,#16681,
    #16688,#16695,#16702,#16709,#16716,#16723,#16730,#16737),#14066);
#16119 = STYLED_ITEM('color',(#16120),#11353);
#16120 = PRESENTATION_STYLE_ASSIGNMENT((#16121));
#16121 = SURFACE_STYLE_USAGE(.BOTH.,#16122);
#16122 = SURFACE_SIDE_STYLE('',(#16123));
#16123 = SURFACE_STYLE_FILL_AREA(#16124);
#16124 = FILL_AREA_STYLE('',(#16125));
#16125 = FILL_AREA_STYLE_COLOUR('',#16126);
#16126 = COLOUR_RGB('',0.894117649055,0.890196087049,0.811764731185);
#16127 = STYLED_ITEM('color',(#16128),#11425);
#16128 = PRESENTATION_STYLE_ASSIGNMENT((#16129));
#16129 = SURFACE_STYLE_USAGE(.BOTH.,#16130);
#16130 = SURFACE_SIDE_STYLE('',(#16131));
#16131 = SURFACE_STYLE_FILL_AREA(#16132);
#16132 = FILL_AREA_STYLE('',(#16133));
#16133 = FILL_AREA_STYLE_COLOUR('',#16126);
#16134 = STYLED_ITEM('color',(#16135),#11464);
#16135 = PRESENTATION_STYLE_ASSIGNMENT((#16136));
#16136 = SURFACE_STYLE_USAGE(.BOTH.,#16137);
#16137 = SURFACE_SIDE_STYLE('',(#16138));
#16138 = SURFACE_STYLE_FILL_AREA(#16139);
#16139 = FILL_AREA_STYLE('',(#16140));
#16140 = FILL_AREA_STYLE_COLOUR('',#16126);
#16141 = STYLED_ITEM('color',(#16142),#11488);
#16142 = PRESENTATION_STYLE_ASSIGNMENT((#16143));
#16143 = SURFACE_STYLE_USAGE(.BOTH.,#16144);
#16144 = SURFACE_SIDE_STYLE('',(#16145));
#16145 = SURFACE_STYLE_FILL_AREA(#16146);
#16146 = FILL_AREA_STYLE('',(#16147));
#16147 = FILL_AREA_STYLE_COLOUR('',#16126);
#16148 = STYLED_ITEM('color',(#16149),#11553);
#16149 = PRESENTATION_STYLE_ASSIGNMENT((#16150));
#16150 = SURFACE_STYLE_USAGE(.BOTH.,#16151);
#16151 = SURFACE_SIDE_STYLE('',(#16152));
#16152 = SURFACE_STYLE_FILL_AREA(#16153);
#16153 = FILL_AREA_STYLE('',(#16154));
#16154 = FILL_AREA_STYLE_COLOUR('',#16126);
#16155 = STYLED_ITEM('color',(#16156),#11577);
#16156 = PRESENTATION_STYLE_ASSIGNMENT((#16157));
#16157 = SURFACE_STYLE_USAGE(.BOTH.,#16158);
#16158 = SURFACE_SIDE_STYLE('',(#16159));
#16159 = SURFACE_STYLE_FILL_AREA(#16160);
#16160 = FILL_AREA_STYLE('',(#16161));
#16161 = FILL_AREA_STYLE_COLOUR('',#16126);
#16162 = STYLED_ITEM('color',(#16163),#11665);
#16163 = PRESENTATION_STYLE_ASSIGNMENT((#16164));
#16164 = SURFACE_STYLE_USAGE(.BOTH.,#16165);
#16165 = SURFACE_SIDE_STYLE('',(#16166));
#16166 = SURFACE_STYLE_FILL_AREA(#16167);
#16167 = FILL_AREA_STYLE('',(#16168));
#16168 = FILL_AREA_STYLE_COLOUR('',#16126);
#16169 = STYLED_ITEM('color',(#16170),#11689);
#16170 = PRESENTATION_STYLE_ASSIGNMENT((#16171));
#16171 = SURFACE_STYLE_USAGE(.BOTH.,#16172);
#16172 = SURFACE_SIDE_STYLE('',(#16173));
#16173 = SURFACE_STYLE_FILL_AREA(#16174);
#16174 = FILL_AREA_STYLE('',(#16175));
#16175 = FILL_AREA_STYLE_COLOUR('',#16126);
#16176 = STYLED_ITEM('color',(#16177),#11754);
#16177 = PRESENTATION_STYLE_ASSIGNMENT((#16178));
#16178 = SURFACE_STYLE_USAGE(.BOTH.,#16179);
#16179 = SURFACE_SIDE_STYLE('',(#16180));
#16180 = SURFACE_STYLE_FILL_AREA(#16181);
#16181 = FILL_AREA_STYLE('',(#16182));
#16182 = FILL_AREA_STYLE_COLOUR('',#16126);
#16183 = STYLED_ITEM('color',(#16184),#11779);
#16184 = PRESENTATION_STYLE_ASSIGNMENT((#16185));
#16185 = SURFACE_STYLE_USAGE(.BOTH.,#16186);
#16186 = SURFACE_SIDE_STYLE('',(#16187));
#16187 = SURFACE_STYLE_FILL_AREA(#16188);
#16188 = FILL_AREA_STYLE('',(#16189));
#16189 = FILL_AREA_STYLE_COLOUR('',#16126);
#16190 = STYLED_ITEM('color',(#16191),#11828);
#16191 = PRESENTATION_STYLE_ASSIGNMENT((#16192));
#16192 = SURFACE_STYLE_USAGE(.BOTH.,#16193);
#16193 = SURFACE_SIDE_STYLE('',(#16194));
#16194 = SURFACE_STYLE_FILL_AREA(#16195);
#16195 = FILL_AREA_STYLE('',(#16196));
#16196 = FILL_AREA_STYLE_COLOUR('',#16126);
#16197 = STYLED_ITEM('color',(#16198),#11845);
#16198 = PRESENTATION_STYLE_ASSIGNMENT((#16199));
#16199 = SURFACE_STYLE_USAGE(.BOTH.,#16200);
#16200 = SURFACE_SIDE_STYLE('',(#16201));
#16201 = SURFACE_STYLE_FILL_AREA(#16202);
#16202 = FILL_AREA_STYLE('',(#16203));
#16203 = FILL_AREA_STYLE_COLOUR('',#16126);
#16204 = STYLED_ITEM('color',(#16205),#11869);
#16205 = PRESENTATION_STYLE_ASSIGNMENT((#16206));
#16206 = SURFACE_STYLE_USAGE(.BOTH.,#16207);
#16207 = SURFACE_SIDE_STYLE('',(#16208));
#16208 = SURFACE_STYLE_FILL_AREA(#16209);
#16209 = FILL_AREA_STYLE('',(#16210));
#16210 = FILL_AREA_STYLE_COLOUR('',#16126);
#16211 = STYLED_ITEM('color',(#16212),#11886);
#16212 = PRESENTATION_STYLE_ASSIGNMENT((#16213));
#16213 = SURFACE_STYLE_USAGE(.BOTH.,#16214);
#16214 = SURFACE_SIDE_STYLE('',(#16215));
#16215 = SURFACE_STYLE_FILL_AREA(#16216);
#16216 = FILL_AREA_STYLE('',(#16217));
#16217 = FILL_AREA_STYLE_COLOUR('',#16126);
#16218 = STYLED_ITEM('color',(#16219),#12024);
#16219 = PRESENTATION_STYLE_ASSIGNMENT((#16220));
#16220 = SURFACE_STYLE_USAGE(.BOTH.,#16221);
#16221 = SURFACE_SIDE_STYLE('',(#16222));
#16222 = SURFACE_STYLE_FILL_AREA(#16223);
#16223 = FILL_AREA_STYLE('',(#16224));
#16224 = FILL_AREA_STYLE_COLOUR('',#16126);
#16225 = STYLED_ITEM('color',(#16226),#12048);
#16226 = PRESENTATION_STYLE_ASSIGNMENT((#16227));
#16227 = SURFACE_STYLE_USAGE(.BOTH.,#16228);
#16228 = SURFACE_SIDE_STYLE('',(#16229));
#16229 = SURFACE_STYLE_FILL_AREA(#16230);
#16230 = FILL_AREA_STYLE('',(#16231));
#16231 = FILL_AREA_STYLE_COLOUR('',#16126);
#16232 = STYLED_ITEM('color',(#16233),#12218);
#16233 = PRESENTATION_STYLE_ASSIGNMENT((#16234));
#16234 = SURFACE_STYLE_USAGE(.BOTH.,#16235);
#16235 = SURFACE_SIDE_STYLE('',(#16236));
#16236 = SURFACE_STYLE_FILL_AREA(#16237);
#16237 = FILL_AREA_STYLE('',(#16238));
#16238 = FILL_AREA_STYLE_COLOUR('',#16126);
#16239 = STYLED_ITEM('color',(#16240),#12242);
#16240 = PRESENTATION_STYLE_ASSIGNMENT((#16241));
#16241 = SURFACE_STYLE_USAGE(.BOTH.,#16242);
#16242 = SURFACE_SIDE_STYLE('',(#16243));
#16243 = SURFACE_STYLE_FILL_AREA(#16244);
#16244 = FILL_AREA_STYLE('',(#16245));
#16245 = FILL_AREA_STYLE_COLOUR('',#16126);
#16246 = STYLED_ITEM('color',(#16247),#12275);
#16247 = PRESENTATION_STYLE_ASSIGNMENT((#16248));
#16248 = SURFACE_STYLE_USAGE(.BOTH.,#16249);
#16249 = SURFACE_SIDE_STYLE('',(#16250));
#16250 = SURFACE_STYLE_FILL_AREA(#16251);
#16251 = FILL_AREA_STYLE('',(#16252));
#16252 = FILL_AREA_STYLE_COLOUR('',#16126);
#16253 = STYLED_ITEM('color',(#16254),#12299);
#16254 = PRESENTATION_STYLE_ASSIGNMENT((#16255));
#16255 = SURFACE_STYLE_USAGE(.BOTH.,#16256);
#16256 = SURFACE_SIDE_STYLE('',(#16257));
#16257 = SURFACE_STYLE_FILL_AREA(#16258);
#16258 = FILL_AREA_STYLE('',(#16259));
#16259 = FILL_AREA_STYLE_COLOUR('',#16126);
#16260 = STYLED_ITEM('color',(#16261),#12330);
#16261 = PRESENTATION_STYLE_ASSIGNMENT((#16262));
#16262 = SURFACE_STYLE_USAGE(.BOTH.,#16263);
#16263 = SURFACE_SIDE_STYLE('',(#16264));
#16264 = SURFACE_STYLE_FILL_AREA(#16265);
#16265 = FILL_AREA_STYLE('',(#16266));
#16266 = FILL_AREA_STYLE_COLOUR('',#16126);
#16267 = STYLED_ITEM('color',(#16268),#12347);
#16268 = PRESENTATION_STYLE_ASSIGNMENT((#16269));
#16269 = SURFACE_STYLE_USAGE(.BOTH.,#16270);
#16270 = SURFACE_SIDE_STYLE('',(#16271));
#16271 = SURFACE_STYLE_FILL_AREA(#16272);
#16272 = FILL_AREA_STYLE('',(#16273));
#16273 = FILL_AREA_STYLE_COLOUR('',#16126);
#16274 = STYLED_ITEM('color',(#16275),#12380);
#16275 = PRESENTATION_STYLE_ASSIGNMENT((#16276));
#16276 = SURFACE_STYLE_USAGE(.BOTH.,#16277);
#16277 = SURFACE_SIDE_STYLE('',(#16278));
#16278 = SURFACE_STYLE_FILL_AREA(#16279);
#16279 = FILL_AREA_STYLE('',(#16280));
#16280 = FILL_AREA_STYLE_COLOUR('',#16126);
#16281 = STYLED_ITEM('color',(#16282),#12404);
#16282 = PRESENTATION_STYLE_ASSIGNMENT((#16283));
#16283 = SURFACE_STYLE_USAGE(.BOTH.,#16284);
#16284 = SURFACE_SIDE_STYLE('',(#16285));
#16285 = SURFACE_STYLE_FILL_AREA(#16286);
#16286 = FILL_AREA_STYLE('',(#16287));
#16287 = FILL_AREA_STYLE_COLOUR('',#16126);
#16288 = STYLED_ITEM('color',(#16289),#12435);
#16289 = PRESENTATION_STYLE_ASSIGNMENT((#16290));
#16290 = SURFACE_STYLE_USAGE(.BOTH.,#16291);
#16291 = SURFACE_SIDE_STYLE('',(#16292));
#16292 = SURFACE_STYLE_FILL_AREA(#16293);
#16293 = FILL_AREA_STYLE('',(#16294));
#16294 = FILL_AREA_STYLE_COLOUR('',#16126);
#16295 = STYLED_ITEM('color',(#16296),#12447);
#16296 = PRESENTATION_STYLE_ASSIGNMENT((#16297));
#16297 = SURFACE_STYLE_USAGE(.BOTH.,#16298);
#16298 = SURFACE_SIDE_STYLE('',(#16299));
#16299 = SURFACE_STYLE_FILL_AREA(#16300);
#16300 = FILL_AREA_STYLE('',(#16301));
#16301 = FILL_AREA_STYLE_COLOUR('',#16126);
#16302 = STYLED_ITEM('color',(#16303),#12480);
#16303 = PRESENTATION_STYLE_ASSIGNMENT((#16304));
#16304 = SURFACE_STYLE_USAGE(.BOTH.,#16305);
#16305 = SURFACE_SIDE_STYLE('',(#16306));
#16306 = SURFACE_STYLE_FILL_AREA(#16307);
#16307 = FILL_AREA_STYLE('',(#16308));
#16308 = FILL_AREA_STYLE_COLOUR('',#16126);
#16309 = STYLED_ITEM('color',(#16310),#12497);
#16310 = PRESENTATION_STYLE_ASSIGNMENT((#16311));
#16311 = SURFACE_STYLE_USAGE(.BOTH.,#16312);
#16312 = SURFACE_SIDE_STYLE('',(#16313));
#16313 = SURFACE_STYLE_FILL_AREA(#16314);
#16314 = FILL_AREA_STYLE('',(#16315));
#16315 = FILL_AREA_STYLE_COLOUR('',#16126);
#16316 = STYLED_ITEM('color',(#16317),#12514);
#16317 = PRESENTATION_STYLE_ASSIGNMENT((#16318));
#16318 = SURFACE_STYLE_USAGE(.BOTH.,#16319);
#16319 = SURFACE_SIDE_STYLE('',(#16320));
#16320 = SURFACE_STYLE_FILL_AREA(#16321);
#16321 = FILL_AREA_STYLE('',(#16322));
#16322 = FILL_AREA_STYLE_COLOUR('',#16126);
#16323 = STYLED_ITEM('color',(#16324),#12526);
#16324 = PRESENTATION_STYLE_ASSIGNMENT((#16325));
#16325 = SURFACE_STYLE_USAGE(.BOTH.,#16326);
#16326 = SURFACE_SIDE_STYLE('',(#16327));
#16327 = SURFACE_STYLE_FILL_AREA(#16328);
#16328 = FILL_AREA_STYLE('',(#16329));
#16329 = FILL_AREA_STYLE_COLOUR('',#16126);
#16330 = STYLED_ITEM('color',(#16331),#12606);
#16331 = PRESENTATION_STYLE_ASSIGNMENT((#16332));
#16332 = SURFACE_STYLE_USAGE(.BOTH.,#16333);
#16333 = SURFACE_SIDE_STYLE('',(#16334));
#16334 = SURFACE_STYLE_FILL_AREA(#16335);
#16335 = FILL_AREA_STYLE('',(#16336));
#16336 = FILL_AREA_STYLE_COLOUR('',#16126);
#16337 = STYLED_ITEM('color',(#16338),#12623);
#16338 = PRESENTATION_STYLE_ASSIGNMENT((#16339));
#16339 = SURFACE_STYLE_USAGE(.BOTH.,#16340);
#16340 = SURFACE_SIDE_STYLE('',(#16341));
#16341 = SURFACE_STYLE_FILL_AREA(#16342);
#16342 = FILL_AREA_STYLE('',(#16343));
#16343 = FILL_AREA_STYLE_COLOUR('',#16126);
#16344 = STYLED_ITEM('color',(#16345),#12640);
#16345 = PRESENTATION_STYLE_ASSIGNMENT((#16346));
#16346 = SURFACE_STYLE_USAGE(.BOTH.,#16347);
#16347 = SURFACE_SIDE_STYLE('',(#16348));
#16348 = SURFACE_STYLE_FILL_AREA(#16349);
#16349 = FILL_AREA_STYLE('',(#16350));
#16350 = FILL_AREA_STYLE_COLOUR('',#16126);
#16351 = STYLED_ITEM('color',(#16352),#12657);
#16352 = PRESENTATION_STYLE_ASSIGNMENT((#16353));
#16353 = SURFACE_STYLE_USAGE(.BOTH.,#16354);
#16354 = SURFACE_SIDE_STYLE('',(#16355));
#16355 = SURFACE_STYLE_FILL_AREA(#16356);
#16356 = FILL_AREA_STYLE('',(#16357));
#16357 = FILL_AREA_STYLE_COLOUR('',#16126);
#16358 = STYLED_ITEM('color',(#16359),#12674);
#16359 = PRESENTATION_STYLE_ASSIGNMENT((#16360));
#16360 = SURFACE_STYLE_USAGE(.BOTH.,#16361);
#16361 = SURFACE_SIDE_STYLE('',(#16362));
#16362 = SURFACE_STYLE_FILL_AREA(#16363);
#16363 = FILL_AREA_STYLE('',(#16364));
#16364 = FILL_AREA_STYLE_COLOUR('',#16126);
#16365 = STYLED_ITEM('color',(#16366),#12691);
#16366 = PRESENTATION_STYLE_ASSIGNMENT((#16367));
#16367 = SURFACE_STYLE_USAGE(.BOTH.,#16368);
#16368 = SURFACE_SIDE_STYLE('',(#16369));
#16369 = SURFACE_STYLE_FILL_AREA(#16370);
#16370 = FILL_AREA_STYLE('',(#16371));
#16371 = FILL_AREA_STYLE_COLOUR('',#16126);
#16372 = STYLED_ITEM('color',(#16373),#12708);
#16373 = PRESENTATION_STYLE_ASSIGNMENT((#16374));
#16374 = SURFACE_STYLE_USAGE(.BOTH.,#16375);
#16375 = SURFACE_SIDE_STYLE('',(#16376));
#16376 = SURFACE_STYLE_FILL_AREA(#16377);
#16377 = FILL_AREA_STYLE('',(#16378));
#16378 = FILL_AREA_STYLE_COLOUR('',#16126);
#16379 = STYLED_ITEM('color',(#16380),#12725);
#16380 = PRESENTATION_STYLE_ASSIGNMENT((#16381));
#16381 = SURFACE_STYLE_USAGE(.BOTH.,#16382);
#16382 = SURFACE_SIDE_STYLE('',(#16383));
#16383 = SURFACE_STYLE_FILL_AREA(#16384);
#16384 = FILL_AREA_STYLE('',(#16385));
#16385 = FILL_AREA_STYLE_COLOUR('',#16126);
#16386 = STYLED_ITEM('color',(#16387),#12742);
#16387 = PRESENTATION_STYLE_ASSIGNMENT((#16388));
#16388 = SURFACE_STYLE_USAGE(.BOTH.,#16389);
#16389 = SURFACE_SIDE_STYLE('',(#16390));
#16390 = SURFACE_STYLE_FILL_AREA(#16391);
#16391 = FILL_AREA_STYLE('',(#16392));
#16392 = FILL_AREA_STYLE_COLOUR('',#16126);
#16393 = STYLED_ITEM('color',(#16394),#12759);
#16394 = PRESENTATION_STYLE_ASSIGNMENT((#16395));
#16395 = SURFACE_STYLE_USAGE(.BOTH.,#16396);
#16396 = SURFACE_SIDE_STYLE('',(#16397));
#16397 = SURFACE_STYLE_FILL_AREA(#16398);
#16398 = FILL_AREA_STYLE('',(#16399));
#16399 = FILL_AREA_STYLE_COLOUR('',#16126);
#16400 = STYLED_ITEM('color',(#16401),#12776);
#16401 = PRESENTATION_STYLE_ASSIGNMENT((#16402));
#16402 = SURFACE_STYLE_USAGE(.BOTH.,#16403);
#16403 = SURFACE_SIDE_STYLE('',(#16404));
#16404 = SURFACE_STYLE_FILL_AREA(#16405);
#16405 = FILL_AREA_STYLE('',(#16406));
#16406 = FILL_AREA_STYLE_COLOUR('',#16126);
#16407 = STYLED_ITEM('color',(#16408),#12788);
#16408 = PRESENTATION_STYLE_ASSIGNMENT((#16409));
#16409 = SURFACE_STYLE_USAGE(.BOTH.,#16410);
#16410 = SURFACE_SIDE_STYLE('',(#16411));
#16411 = SURFACE_STYLE_FILL_AREA(#16412);
#16412 = FILL_AREA_STYLE('',(#16413));
#16413 = FILL_AREA_STYLE_COLOUR('',#16126);
#16414 = STYLED_ITEM('color',(#16415),#12805);
#16415 = PRESENTATION_STYLE_ASSIGNMENT((#16416));
#16416 = SURFACE_STYLE_USAGE(.BOTH.,#16417);
#16417 = SURFACE_SIDE_STYLE('',(#16418));
#16418 = SURFACE_STYLE_FILL_AREA(#16419);
#16419 = FILL_AREA_STYLE('',(#16420));
#16420 = FILL_AREA_STYLE_COLOUR('',#16126);
#16421 = STYLED_ITEM('color',(#16422),#12822);
#16422 = PRESENTATION_STYLE_ASSIGNMENT((#16423));
#16423 = SURFACE_STYLE_USAGE(.BOTH.,#16424);
#16424 = SURFACE_SIDE_STYLE('',(#16425));
#16425 = SURFACE_STYLE_FILL_AREA(#16426);
#16426 = FILL_AREA_STYLE('',(#16427));
#16427 = FILL_AREA_STYLE_COLOUR('',#16126);
#16428 = STYLED_ITEM('color',(#16429),#12868);
#16429 = PRESENTATION_STYLE_ASSIGNMENT((#16430));
#16430 = SURFACE_STYLE_USAGE(.BOTH.,#16431);
#16431 = SURFACE_SIDE_STYLE('',(#16432));
#16432 = SURFACE_STYLE_FILL_AREA(#16433);
#16433 = FILL_AREA_STYLE('',(#16434));
#16434 = FILL_AREA_STYLE_COLOUR('',#16126);
#16435 = STYLED_ITEM('color',(#16436),#12914);
#16436 = PRESENTATION_STYLE_ASSIGNMENT((#16437));
#16437 = SURFACE_STYLE_USAGE(.BOTH.,#16438);
#16438 = SURFACE_SIDE_STYLE('',(#16439));
#16439 = SURFACE_STYLE_FILL_AREA(#16440);
#16440 = FILL_AREA_STYLE('',(#16441));
#16441 = FILL_AREA_STYLE_COLOUR('',#16442);
#16442 = COLOUR_RGB('',0.823529417451,0.819607860991,0.780392170416);
#16443 = STYLED_ITEM('color',(#16444),#12945);
#16444 = PRESENTATION_STYLE_ASSIGNMENT((#16445));
#16445 = SURFACE_STYLE_USAGE(.BOTH.,#16446);
#16446 = SURFACE_SIDE_STYLE('',(#16447));
#16447 = SURFACE_STYLE_FILL_AREA(#16448);
#16448 = FILL_AREA_STYLE('',(#16449));
#16449 = FILL_AREA_STYLE_COLOUR('',#16442);
#16450 = STYLED_ITEM('color',(#16451),#12969);
#16451 = PRESENTATION_STYLE_ASSIGNMENT((#16452));
#16452 = SURFACE_STYLE_USAGE(.BOTH.,#16453);
#16453 = SURFACE_SIDE_STYLE('',(#16454));
#16454 = SURFACE_STYLE_FILL_AREA(#16455);
#16455 = FILL_AREA_STYLE('',(#16456));
#16456 = FILL_AREA_STYLE_COLOUR('',#16442);
#16457 = STYLED_ITEM('color',(#16458),#12993);
#16458 = PRESENTATION_STYLE_ASSIGNMENT((#16459));
#16459 = SURFACE_STYLE_USAGE(.BOTH.,#16460);
#16460 = SURFACE_SIDE_STYLE('',(#16461));
#16461 = SURFACE_STYLE_FILL_AREA(#16462);
#16462 = FILL_AREA_STYLE('',(#16463));
#16463 = FILL_AREA_STYLE_COLOUR('',#16442);
#16464 = STYLED_ITEM('color',(#16465),#13010);
#16465 = PRESENTATION_STYLE_ASSIGNMENT((#16466));
#16466 = SURFACE_STYLE_USAGE(.BOTH.,#16467);
#16467 = SURFACE_SIDE_STYLE('',(#16468));
#16468 = SURFACE_STYLE_FILL_AREA(#16469);
#16469 = FILL_AREA_STYLE('',(#16470));
#16470 = FILL_AREA_STYLE_COLOUR('',#16442);
#16471 = STYLED_ITEM('color',(#16472),#13041);
#16472 = PRESENTATION_STYLE_ASSIGNMENT((#16473));
#16473 = SURFACE_STYLE_USAGE(.BOTH.,#16474);
#16474 = SURFACE_SIDE_STYLE('',(#16475));
#16475 = SURFACE_STYLE_FILL_AREA(#16476);
#16476 = FILL_AREA_STYLE('',(#16477));
#16477 = FILL_AREA_STYLE_COLOUR('',#16442);
#16478 = STYLED_ITEM('color',(#16479),#13065);
#16479 = PRESENTATION_STYLE_ASSIGNMENT((#16480));
#16480 = SURFACE_STYLE_USAGE(.BOTH.,#16481);
#16481 = SURFACE_SIDE_STYLE('',(#16482));
#16482 = SURFACE_STYLE_FILL_AREA(#16483);
#16483 = FILL_AREA_STYLE('',(#16484));
#16484 = FILL_AREA_STYLE_COLOUR('',#16442);
#16485 = STYLED_ITEM('color',(#16486),#13089);
#16486 = PRESENTATION_STYLE_ASSIGNMENT((#16487));
#16487 = SURFACE_STYLE_USAGE(.BOTH.,#16488);
#16488 = SURFACE_SIDE_STYLE('',(#16489));
#16489 = SURFACE_STYLE_FILL_AREA(#16490);
#16490 = FILL_AREA_STYLE('',(#16491));
#16491 = FILL_AREA_STYLE_COLOUR('',#16442);
#16492 = STYLED_ITEM('color',(#16493),#13106);
#16493 = PRESENTATION_STYLE_ASSIGNMENT((#16494));
#16494 = SURFACE_STYLE_USAGE(.BOTH.,#16495);
#16495 = SURFACE_SIDE_STYLE('',(#16496));
#16496 = SURFACE_STYLE_FILL_AREA(#16497);
#16497 = FILL_AREA_STYLE('',(#16498));
#16498 = FILL_AREA_STYLE_COLOUR('',#16442);
#16499 = STYLED_ITEM('color',(#16500),#13169);
#16500 = PRESENTATION_STYLE_ASSIGNMENT((#16501));
#16501 = SURFACE_STYLE_USAGE(.BOTH.,#16502);
#16502 = SURFACE_SIDE_STYLE('',(#16503));
#16503 = SURFACE_STYLE_FILL_AREA(#16504);
#16504 = FILL_AREA_STYLE('',(#16505));
#16505 = FILL_AREA_STYLE_COLOUR('',#16442);
#16506 = STYLED_ITEM('color',(#16507),#13193);
#16507 = PRESENTATION_STYLE_ASSIGNMENT((#16508));
#16508 = SURFACE_STYLE_USAGE(.BOTH.,#16509);
#16509 = SURFACE_SIDE_STYLE('',(#16510));
#16510 = SURFACE_STYLE_FILL_AREA(#16511);
#16511 = FILL_AREA_STYLE('',(#16512));
#16512 = FILL_AREA_STYLE_COLOUR('',#16442);
#16513 = STYLED_ITEM('color',(#16514),#13249);
#16514 = PRESENTATION_STYLE_ASSIGNMENT((#16515));
#16515 = SURFACE_STYLE_USAGE(.BOTH.,#16516);
#16516 = SURFACE_SIDE_STYLE('',(#16517));
#16517 = SURFACE_STYLE_FILL_AREA(#16518);
#16518 = FILL_AREA_STYLE('',(#16519));
#16519 = FILL_AREA_STYLE_COLOUR('',#16442);
#16520 = STYLED_ITEM('color',(#16521),#13266);
#16521 = PRESENTATION_STYLE_ASSIGNMENT((#16522));
#16522 = SURFACE_STYLE_USAGE(.BOTH.,#16523);
#16523 = SURFACE_SIDE_STYLE('',(#16524));
#16524 = SURFACE_STYLE_FILL_AREA(#16525);
#16525 = FILL_AREA_STYLE('',(#16526));
#16526 = FILL_AREA_STYLE_COLOUR('',#16442);
#16527 = STYLED_ITEM('color',(#16528),#13329);
#16528 = PRESENTATION_STYLE_ASSIGNMENT((#16529));
#16529 = SURFACE_STYLE_USAGE(.BOTH.,#16530);
#16530 = SURFACE_SIDE_STYLE('',(#16531));
#16531 = SURFACE_STYLE_FILL_AREA(#16532);
#16532 = FILL_AREA_STYLE('',(#16533));
#16533 = FILL_AREA_STYLE_COLOUR('',#16442);
#16534 = STYLED_ITEM('color',(#16535),#13353);
#16535 = PRESENTATION_STYLE_ASSIGNMENT((#16536));
#16536 = SURFACE_STYLE_USAGE(.BOTH.,#16537);
#16537 = SURFACE_SIDE_STYLE('',(#16538));
#16538 = SURFACE_STYLE_FILL_AREA(#16539);
#16539 = FILL_AREA_STYLE('',(#16540));
#16540 = FILL_AREA_STYLE_COLOUR('',#16442);
#16541 = STYLED_ITEM('color',(#16542),#13409);
#16542 = PRESENTATION_STYLE_ASSIGNMENT((#16543));
#16543 = SURFACE_STYLE_USAGE(.BOTH.,#16544);
#16544 = SURFACE_SIDE_STYLE('',(#16545));
#16545 = SURFACE_STYLE_FILL_AREA(#16546);
#16546 = FILL_AREA_STYLE('',(#16547));
#16547 = FILL_AREA_STYLE_COLOUR('',#16442);
#16548 = STYLED_ITEM('color',(#16549),#13426);
#16549 = PRESENTATION_STYLE_ASSIGNMENT((#16550));
#16550 = SURFACE_STYLE_USAGE(.BOTH.,#16551);
#16551 = SURFACE_SIDE_STYLE('',(#16552));
#16552 = SURFACE_STYLE_FILL_AREA(#16553);
#16553 = FILL_AREA_STYLE('',(#16554));
#16554 = FILL_AREA_STYLE_COLOUR('',#16442);
#16555 = STYLED_ITEM('color',(#16556),#13457);
#16556 = PRESENTATION_STYLE_ASSIGNMENT((#16557));
#16557 = SURFACE_STYLE_USAGE(.BOTH.,#16558);
#16558 = SURFACE_SIDE_STYLE('',(#16559));
#16559 = SURFACE_STYLE_FILL_AREA(#16560);
#16560 = FILL_AREA_STYLE('',(#16561));
#16561 = FILL_AREA_STYLE_COLOUR('',#16442);
#16562 = STYLED_ITEM('color',(#16563),#13481);
#16563 = PRESENTATION_STYLE_ASSIGNMENT((#16564));
#16564 = SURFACE_STYLE_USAGE(.BOTH.,#16565);
#16565 = SURFACE_SIDE_STYLE('',(#16566));
#16566 = SURFACE_STYLE_FILL_AREA(#16567);
#16567 = FILL_AREA_STYLE('',(#16568));
#16568 = FILL_AREA_STYLE_COLOUR('',#16442);
#16569 = STYLED_ITEM('color',(#16570),#13505);
#16570 = PRESENTATION_STYLE_ASSIGNMENT((#16571));
#16571 = SURFACE_STYLE_USAGE(.BOTH.,#16572);
#16572 = SURFACE_SIDE_STYLE('',(#16573));
#16573 = SURFACE_STYLE_FILL_AREA(#16574);
#16574 = FILL_AREA_STYLE('',(#16575));
#16575 = FILL_AREA_STYLE_COLOUR('',#16442);
#16576 = STYLED_ITEM('color',(#16577),#13522);
#16577 = PRESENTATION_STYLE_ASSIGNMENT((#16578));
#16578 = SURFACE_STYLE_USAGE(.BOTH.,#16579);
#16579 = SURFACE_SIDE_STYLE('',(#16580));
#16580 = SURFACE_STYLE_FILL_AREA(#16581);
#16581 = FILL_AREA_STYLE('',(#16582));
#16582 = FILL_AREA_STYLE_COLOUR('',#16442);
#16583 = STYLED_ITEM('color',(#16584),#13553);
#16584 = PRESENTATION_STYLE_ASSIGNMENT((#16585));
#16585 = SURFACE_STYLE_USAGE(.BOTH.,#16586);
#16586 = SURFACE_SIDE_STYLE('',(#16587));
#16587 = SURFACE_STYLE_FILL_AREA(#16588);
#16588 = FILL_AREA_STYLE('',(#16589));
#16589 = FILL_AREA_STYLE_COLOUR('',#16442);
#16590 = STYLED_ITEM('color',(#16591),#13577);
#16591 = PRESENTATION_STYLE_ASSIGNMENT((#16592));
#16592 = SURFACE_STYLE_USAGE(.BOTH.,#16593);
#16593 = SURFACE_SIDE_STYLE('',(#16594));
#16594 = SURFACE_STYLE_FILL_AREA(#16595);
#16595 = FILL_AREA_STYLE('',(#16596));
#16596 = FILL_AREA_STYLE_COLOUR('',#16442);
#16597 = STYLED_ITEM('color',(#16598),#13601);
#16598 = PRESENTATION_STYLE_ASSIGNMENT((#16599));
#16599 = SURFACE_STYLE_USAGE(.BOTH.,#16600);
#16600 = SURFACE_SIDE_STYLE('',(#16601));
#16601 = SURFACE_STYLE_FILL_AREA(#16602);
#16602 = FILL_AREA_STYLE('',(#16603));
#16603 = FILL_AREA_STYLE_COLOUR('',#16442);
#16604 = STYLED_ITEM('color',(#16605),#13618);
#16605 = PRESENTATION_STYLE_ASSIGNMENT((#16606));
#16606 = SURFACE_STYLE_USAGE(.BOTH.,#16607);
#16607 = SURFACE_SIDE_STYLE('',(#16608));
#16608 = SURFACE_STYLE_FILL_AREA(#16609);
#16609 = FILL_AREA_STYLE('',(#16610));
#16610 = FILL_AREA_STYLE_COLOUR('',#16442);
#16611 = STYLED_ITEM('color',(#16612),#13665);
#16612 = PRESENTATION_STYLE_ASSIGNMENT((#16613));
#16613 = SURFACE_STYLE_USAGE(.BOTH.,#16614);
#16614 = SURFACE_SIDE_STYLE('',(#16615));
#16615 = SURFACE_STYLE_FILL_AREA(#16616);
#16616 = FILL_AREA_STYLE('',(#16617));
#16617 = FILL_AREA_STYLE_COLOUR('',#16442);
#16618 = STYLED_ITEM('color',(#16619),#13696);
#16619 = PRESENTATION_STYLE_ASSIGNMENT((#16620));
#16620 = SURFACE_STYLE_USAGE(.BOTH.,#16621);
#16621 = SURFACE_SIDE_STYLE('',(#16622));
#16622 = SURFACE_STYLE_FILL_AREA(#16623);
#16623 = FILL_AREA_STYLE('',(#16624));
#16624 = FILL_AREA_STYLE_COLOUR('',#16442);
#16625 = STYLED_ITEM('color',(#16626),#13708);
#16626 = PRESENTATION_STYLE_ASSIGNMENT((#16627));
#16627 = SURFACE_STYLE_USAGE(.BOTH.,#16628);
#16628 = SURFACE_SIDE_STYLE('',(#16629));
#16629 = SURFACE_STYLE_FILL_AREA(#16630);
#16630 = FILL_AREA_STYLE('',(#16631));
#16631 = FILL_AREA_STYLE_COLOUR('',#16442);
#16632 = STYLED_ITEM('color',(#16633),#13725);
#16633 = PRESENTATION_STYLE_ASSIGNMENT((#16634));
#16634 = SURFACE_STYLE_USAGE(.BOTH.,#16635);
#16635 = SURFACE_SIDE_STYLE('',(#16636));
#16636 = SURFACE_STYLE_FILL_AREA(#16637);
#16637 = FILL_AREA_STYLE('',(#16638));
#16638 = FILL_AREA_STYLE_COLOUR('',#16442);
#16639 = STYLED_ITEM('color',(#16640),#13751);
#16640 = PRESENTATION_STYLE_ASSIGNMENT((#16641));
#16641 = SURFACE_STYLE_USAGE(.BOTH.,#16642);
#16642 = SURFACE_SIDE_STYLE('',(#16643));
#16643 = SURFACE_STYLE_FILL_AREA(#16644);
#16644 = FILL_AREA_STYLE('',(#16645));
#16645 = FILL_AREA_STYLE_COLOUR('',#16442);
#16646 = STYLED_ITEM('color',(#16647),#13784);
#16647 = PRESENTATION_STYLE_ASSIGNMENT((#16648));
#16648 = SURFACE_STYLE_USAGE(.BOTH.,#16649);
#16649 = SURFACE_SIDE_STYLE('',(#16650));
#16650 = SURFACE_STYLE_FILL_AREA(#16651);
#16651 = FILL_AREA_STYLE('',(#16652));
#16652 = FILL_AREA_STYLE_COLOUR('',#16442);
#16653 = STYLED_ITEM('color',(#16654),#13831);
#16654 = PRESENTATION_STYLE_ASSIGNMENT((#16655));
#16655 = SURFACE_STYLE_USAGE(.BOTH.,#16656);
#16656 = SURFACE_SIDE_STYLE('',(#16657));
#16657 = SURFACE_STYLE_FILL_AREA(#16658);
#16658 = FILL_AREA_STYLE('',(#16659));
#16659 = FILL_AREA_STYLE_COLOUR('',#16442);
#16660 = STYLED_ITEM('color',(#16661),#13862);
#16661 = PRESENTATION_STYLE_ASSIGNMENT((#16662));
#16662 = SURFACE_STYLE_USAGE(.BOTH.,#16663);
#16663 = SURFACE_SIDE_STYLE('',(#16664));
#16664 = SURFACE_STYLE_FILL_AREA(#16665);
#16665 = FILL_AREA_STYLE('',(#16666));
#16666 = FILL_AREA_STYLE_COLOUR('',#16442);
#16667 = STYLED_ITEM('color',(#16668),#13874);
#16668 = PRESENTATION_STYLE_ASSIGNMENT((#16669));
#16669 = SURFACE_STYLE_USAGE(.BOTH.,#16670);
#16670 = SURFACE_SIDE_STYLE('',(#16671));
#16671 = SURFACE_STYLE_FILL_AREA(#16672);
#16672 = FILL_AREA_STYLE('',(#16673));
#16673 = FILL_AREA_STYLE_COLOUR('',#16442);
#16674 = STYLED_ITEM('color',(#16675),#13891);
#16675 = PRESENTATION_STYLE_ASSIGNMENT((#16676));
#16676 = SURFACE_STYLE_USAGE(.BOTH.,#16677);
#16677 = SURFACE_SIDE_STYLE('',(#16678));
#16678 = SURFACE_STYLE_FILL_AREA(#16679);
#16679 = FILL_AREA_STYLE('',(#16680));
#16680 = FILL_AREA_STYLE_COLOUR('',#16442);
#16681 = STYLED_ITEM('color',(#16682),#13917);
#16682 = PRESENTATION_STYLE_ASSIGNMENT((#16683));
#16683 = SURFACE_STYLE_USAGE(.BOTH.,#16684);
#16684 = SURFACE_SIDE_STYLE('',(#16685));
#16685 = SURFACE_STYLE_FILL_AREA(#16686);
#16686 = FILL_AREA_STYLE('',(#16687));
#16687 = FILL_AREA_STYLE_COLOUR('',#16442);
#16688 = STYLED_ITEM('color',(#16689),#13950);
#16689 = PRESENTATION_STYLE_ASSIGNMENT((#16690));
#16690 = SURFACE_STYLE_USAGE(.BOTH.,#16691);
#16691 = SURFACE_SIDE_STYLE('',(#16692));
#16692 = SURFACE_STYLE_FILL_AREA(#16693);
#16693 = FILL_AREA_STYLE('',(#16694));
#16694 = FILL_AREA_STYLE_COLOUR('',#16442);
#16695 = STYLED_ITEM('color',(#16696),#13962);
#16696 = PRESENTATION_STYLE_ASSIGNMENT((#16697));
#16697 = SURFACE_STYLE_USAGE(.BOTH.,#16698);
#16698 = SURFACE_SIDE_STYLE('',(#16699));
#16699 = SURFACE_STYLE_FILL_AREA(#16700);
#16700 = FILL_AREA_STYLE('',(#16701));
#16701 = FILL_AREA_STYLE_COLOUR('',#16442);
#16702 = STYLED_ITEM('color',(#16703),#13974);
#16703 = PRESENTATION_STYLE_ASSIGNMENT((#16704));
#16704 = SURFACE_STYLE_USAGE(.BOTH.,#16705);
#16705 = SURFACE_SIDE_STYLE('',(#16706));
#16706 = SURFACE_STYLE_FILL_AREA(#16707);
#16707 = FILL_AREA_STYLE('',(#16708));
#16708 = FILL_AREA_STYLE_COLOUR('',#16442);
#16709 = STYLED_ITEM('color',(#16710),#13991);
#16710 = PRESENTATION_STYLE_ASSIGNMENT((#16711));
#16711 = SURFACE_STYLE_USAGE(.BOTH.,#16712);
#16712 = SURFACE_SIDE_STYLE('',(#16713));
#16713 = SURFACE_STYLE_FILL_AREA(#16714);
#16714 = FILL_AREA_STYLE('',(#16715));
#16715 = FILL_AREA_STYLE_COLOUR('',#16442);
#16716 = STYLED_ITEM('color',(#16717),#14008);
#16717 = PRESENTATION_STYLE_ASSIGNMENT((#16718));
#16718 = SURFACE_STYLE_USAGE(.BOTH.,#16719);
#16719 = SURFACE_SIDE_STYLE('',(#16720));
#16720 = SURFACE_STYLE_FILL_AREA(#16721);
#16721 = FILL_AREA_STYLE('',(#16722));
#16722 = FILL_AREA_STYLE_COLOUR('',#16442);
#16723 = STYLED_ITEM('color',(#16724),#14020);
#16724 = PRESENTATION_STYLE_ASSIGNMENT((#16725));
#16725 = SURFACE_STYLE_USAGE(.BOTH.,#16726);
#16726 = SURFACE_SIDE_STYLE('',(#16727));
#16727 = SURFACE_STYLE_FILL_AREA(#16728);
#16728 = FILL_AREA_STYLE('',(#16729));
#16729 = FILL_AREA_STYLE_COLOUR('',#16442);
#16730 = STYLED_ITEM('color',(#16731),#14037);
#16731 = PRESENTATION_STYLE_ASSIGNMENT((#16732));
#16732 = SURFACE_STYLE_USAGE(.BOTH.,#16733);
#16733 = SURFACE_SIDE_STYLE('',(#16734));
#16734 = SURFACE_STYLE_FILL_AREA(#16735);
#16735 = FILL_AREA_STYLE('',(#16736));
#16736 = FILL_AREA_STYLE_COLOUR('',#16442);
#16737 = STYLED_ITEM('color',(#16738),#14054);
#16738 = PRESENTATION_STYLE_ASSIGNMENT((#16739));
#16739 = SURFACE_STYLE_USAGE(.BOTH.,#16740);
#16740 = SURFACE_SIDE_STYLE('',(#16741));
#16741 = SURFACE_STYLE_FILL_AREA(#16742);
#16742 = FILL_AREA_STYLE('',(#16743));
#16743 = FILL_AREA_STYLE_COLOUR('',#16442);
#16744 = MECHANICAL_DESIGN_GEOMETRIC_PRESENTATION_REPRESENTATION('',(
    #16745,#16752,#16759,#16766,#16773,#16780,#16787,#16794,#16801,
    #16808,#16815,#16822,#16829,#16836,#16843,#16850,#16857,#16864,
    #16871,#16878,#16885,#16892,#16899,#16906,#16913,#16920,#16927,
    #16934,#16941,#16948,#16955,#16962,#16969,#16976,#16983,#16990,
    #16997,#17004,#17011,#17018,#17025,#17032,#17039,#17046,#17053,
    #17060,#17067,#17074,#17081,#17088,#17095,#17102,#17109,#17116,
    #17123,#17130,#17137,#17144,#17151,#17158,#17165,#17172,#17179,
    #17186,#17193,#17200,#17207,#17214,#17221,#17228,#17235,#17242,
    #17249,#17256,#17263,#17270,#17277,#17284,#17291,#17298,#17305,
    #17312,#17319,#17326,#17333,#17340,#17347,#17354,#17361,#17368,
    #17375,#17382,#17389,#17396,#17403,#17410,#17417,#17424,#17431,
    #17438,#17445,#17452,#17459,#17466,#17473,#17480,#17487,#17494,
    #17501,#17508,#17515,#17522,#17529,#17536,#17543,#17550,#17557,
    #17564,#17571,#17578,#17585,#17592,#17599,#17606,#17613,#17620,
    #17627,#17634,#17641,#17648,#17655,#17662,#17669,#17676,#17683,
    #17690,#17697,#17704,#17711,#17718,#17725,#17732,#17739,#17746,
    #17753,#17760,#17767,#17774,#17781,#17788,#17795,#17802,#17809,
    #17816,#17823,#17830,#17837,#17844,#17851,#17858,#17865,#17872,
    #17879,#17886,#17893),#11322);
#16745 = STYLED_ITEM('color',(#16746),#6455);
#16746 = PRESENTATION_STYLE_ASSIGNMENT((#16747));
#16747 = SURFACE_STYLE_USAGE(.BOTH.,#16748);
#16748 = SURFACE_SIDE_STYLE('',(#16749));
#16749 = SURFACE_STYLE_FILL_AREA(#16750);
#16750 = FILL_AREA_STYLE('',(#16751));
#16751 = FILL_AREA_STYLE_COLOUR('',#16126);
#16752 = STYLED_ITEM('color',(#16753),#6527);
#16753 = PRESENTATION_STYLE_ASSIGNMENT((#16754));
#16754 = SURFACE_STYLE_USAGE(.BOTH.,#16755);
#16755 = SURFACE_SIDE_STYLE('',(#16756));
#16756 = SURFACE_STYLE_FILL_AREA(#16757);
#16757 = FILL_AREA_STYLE('',(#16758));
#16758 = FILL_AREA_STYLE_COLOUR('',#16126);
#16759 = STYLED_ITEM('color',(#16760),#6566);
#16760 = PRESENTATION_STYLE_ASSIGNMENT((#16761));
#16761 = SURFACE_STYLE_USAGE(.BOTH.,#16762);
#16762 = SURFACE_SIDE_STYLE('',(#16763));
#16763 = SURFACE_STYLE_FILL_AREA(#16764);
#16764 = FILL_AREA_STYLE('',(#16765));
#16765 = FILL_AREA_STYLE_COLOUR('',#16126);
#16766 = STYLED_ITEM('color',(#16767),#6590);
#16767 = PRESENTATION_STYLE_ASSIGNMENT((#16768));
#16768 = SURFACE_STYLE_USAGE(.BOTH.,#16769);
#16769 = SURFACE_SIDE_STYLE('',(#16770));
#16770 = SURFACE_STYLE_FILL_AREA(#16771);
#16771 = FILL_AREA_STYLE('',(#16772));
#16772 = FILL_AREA_STYLE_COLOUR('',#16126);
#16773 = STYLED_ITEM('color',(#16774),#6655);
#16774 = PRESENTATION_STYLE_ASSIGNMENT((#16775));
#16775 = SURFACE_STYLE_USAGE(.BOTH.,#16776);
#16776 = SURFACE_SIDE_STYLE('',(#16777));
#16777 = SURFACE_STYLE_FILL_AREA(#16778);
#16778 = FILL_AREA_STYLE('',(#16779));
#16779 = FILL_AREA_STYLE_COLOUR('',#16126);
#16780 = STYLED_ITEM('color',(#16781),#6679);
#16781 = PRESENTATION_STYLE_ASSIGNMENT((#16782));
#16782 = SURFACE_STYLE_USAGE(.BOTH.,#16783);
#16783 = SURFACE_SIDE_STYLE('',(#16784));
#16784 = SURFACE_STYLE_FILL_AREA(#16785);
#16785 = FILL_AREA_STYLE('',(#16786));
#16786 = FILL_AREA_STYLE_COLOUR('',#16126);
#16787 = STYLED_ITEM('color',(#16788),#6863);
#16788 = PRESENTATION_STYLE_ASSIGNMENT((#16789));
#16789 = SURFACE_STYLE_USAGE(.BOTH.,#16790);
#16790 = SURFACE_SIDE_STYLE('',(#16791));
#16791 = SURFACE_STYLE_FILL_AREA(#16792);
#16792 = FILL_AREA_STYLE('',(#16793));
#16793 = FILL_AREA_STYLE_COLOUR('',#16126);
#16794 = STYLED_ITEM('color',(#16795),#6887);
#16795 = PRESENTATION_STYLE_ASSIGNMENT((#16796));
#16796 = SURFACE_STYLE_USAGE(.BOTH.,#16797);
#16797 = SURFACE_SIDE_STYLE('',(#16798));
#16798 = SURFACE_STYLE_FILL_AREA(#16799);
#16799 = FILL_AREA_STYLE('',(#16800));
#16800 = FILL_AREA_STYLE_COLOUR('',#16126);
#16801 = STYLED_ITEM('color',(#16802),#6952);
#16802 = PRESENTATION_STYLE_ASSIGNMENT((#16803));
#16803 = SURFACE_STYLE_USAGE(.BOTH.,#16804);
#16804 = SURFACE_SIDE_STYLE('',(#16805));
#16805 = SURFACE_STYLE_FILL_AREA(#16806);
#16806 = FILL_AREA_STYLE('',(#16807));
#16807 = FILL_AREA_STYLE_COLOUR('',#16126);
#16808 = STYLED_ITEM('color',(#16809),#6977);
#16809 = PRESENTATION_STYLE_ASSIGNMENT((#16810));
#16810 = SURFACE_STYLE_USAGE(.BOTH.,#16811);
#16811 = SURFACE_SIDE_STYLE('',(#16812));
#16812 = SURFACE_STYLE_FILL_AREA(#16813);
#16813 = FILL_AREA_STYLE('',(#16814));
#16814 = FILL_AREA_STYLE_COLOUR('',#16126);
#16815 = STYLED_ITEM('color',(#16816),#7026);
#16816 = PRESENTATION_STYLE_ASSIGNMENT((#16817));
#16817 = SURFACE_STYLE_USAGE(.BOTH.,#16818);
#16818 = SURFACE_SIDE_STYLE('',(#16819));
#16819 = SURFACE_STYLE_FILL_AREA(#16820);
#16820 = FILL_AREA_STYLE('',(#16821));
#16821 = FILL_AREA_STYLE_COLOUR('',#16126);
#16822 = STYLED_ITEM('color',(#16823),#7043);
#16823 = PRESENTATION_STYLE_ASSIGNMENT((#16824));
#16824 = SURFACE_STYLE_USAGE(.BOTH.,#16825);
#16825 = SURFACE_SIDE_STYLE('',(#16826));
#16826 = SURFACE_STYLE_FILL_AREA(#16827);
#16827 = FILL_AREA_STYLE('',(#16828));
#16828 = FILL_AREA_STYLE_COLOUR('',#16126);
#16829 = STYLED_ITEM('color',(#16830),#7067);
#16830 = PRESENTATION_STYLE_ASSIGNMENT((#16831));
#16831 = SURFACE_STYLE_USAGE(.BOTH.,#16832);
#16832 = SURFACE_SIDE_STYLE('',(#16833));
#16833 = SURFACE_STYLE_FILL_AREA(#16834);
#16834 = FILL_AREA_STYLE('',(#16835));
#16835 = FILL_AREA_STYLE_COLOUR('',#16126);
#16836 = STYLED_ITEM('color',(#16837),#7084);
#16837 = PRESENTATION_STYLE_ASSIGNMENT((#16838));
#16838 = SURFACE_STYLE_USAGE(.BOTH.,#16839);
#16839 = SURFACE_SIDE_STYLE('',(#16840));
#16840 = SURFACE_STYLE_FILL_AREA(#16841);
#16841 = FILL_AREA_STYLE('',(#16842));
#16842 = FILL_AREA_STYLE_COLOUR('',#16126);
#16843 = STYLED_ITEM('color',(#16844),#7254);
#16844 = PRESENTATION_STYLE_ASSIGNMENT((#16845));
#16845 = SURFACE_STYLE_USAGE(.BOTH.,#16846);
#16846 = SURFACE_SIDE_STYLE('',(#16847));
#16847 = SURFACE_STYLE_FILL_AREA(#16848);
#16848 = FILL_AREA_STYLE('',(#16849));
#16849 = FILL_AREA_STYLE_COLOUR('',#16126);
#16850 = STYLED_ITEM('color',(#16851),#7278);
#16851 = PRESENTATION_STYLE_ASSIGNMENT((#16852));
#16852 = SURFACE_STYLE_USAGE(.BOTH.,#16853);
#16853 = SURFACE_SIDE_STYLE('',(#16854));
#16854 = SURFACE_STYLE_FILL_AREA(#16855);
#16855 = FILL_AREA_STYLE('',(#16856));
#16856 = FILL_AREA_STYLE_COLOUR('',#16126);
#16857 = STYLED_ITEM('color',(#16858),#7576);
#16858 = PRESENTATION_STYLE_ASSIGNMENT((#16859));
#16859 = SURFACE_STYLE_USAGE(.BOTH.,#16860);
#16860 = SURFACE_SIDE_STYLE('',(#16861));
#16861 = SURFACE_STYLE_FILL_AREA(#16862);
#16862 = FILL_AREA_STYLE('',(#16863));
#16863 = FILL_AREA_STYLE_COLOUR('',#16126);
#16864 = STYLED_ITEM('color',(#16865),#7600);
#16865 = PRESENTATION_STYLE_ASSIGNMENT((#16866));
#16866 = SURFACE_STYLE_USAGE(.BOTH.,#16867);
#16867 = SURFACE_SIDE_STYLE('',(#16868));
#16868 = SURFACE_STYLE_FILL_AREA(#16869);
#16869 = FILL_AREA_STYLE('',(#16870));
#16870 = FILL_AREA_STYLE_COLOUR('',#16126);
#16871 = STYLED_ITEM('color',(#16872),#7633);
#16872 = PRESENTATION_STYLE_ASSIGNMENT((#16873));
#16873 = SURFACE_STYLE_USAGE(.BOTH.,#16874);
#16874 = SURFACE_SIDE_STYLE('',(#16875));
#16875 = SURFACE_STYLE_FILL_AREA(#16876);
#16876 = FILL_AREA_STYLE('',(#16877));
#16877 = FILL_AREA_STYLE_COLOUR('',#16126);
#16878 = STYLED_ITEM('color',(#16879),#7657);
#16879 = PRESENTATION_STYLE_ASSIGNMENT((#16880));
#16880 = SURFACE_STYLE_USAGE(.BOTH.,#16881);
#16881 = SURFACE_SIDE_STYLE('',(#16882));
#16882 = SURFACE_STYLE_FILL_AREA(#16883);
#16883 = FILL_AREA_STYLE('',(#16884));
#16884 = FILL_AREA_STYLE_COLOUR('',#16126);
#16885 = STYLED_ITEM('color',(#16886),#7688);
#16886 = PRESENTATION_STYLE_ASSIGNMENT((#16887));
#16887 = SURFACE_STYLE_USAGE(.BOTH.,#16888);
#16888 = SURFACE_SIDE_STYLE('',(#16889));
#16889 = SURFACE_STYLE_FILL_AREA(#16890);
#16890 = FILL_AREA_STYLE('',(#16891));
#16891 = FILL_AREA_STYLE_COLOUR('',#16126);
#16892 = STYLED_ITEM('color',(#16893),#7705);
#16893 = PRESENTATION_STYLE_ASSIGNMENT((#16894));
#16894 = SURFACE_STYLE_USAGE(.BOTH.,#16895);
#16895 = SURFACE_SIDE_STYLE('',(#16896));
#16896 = SURFACE_STYLE_FILL_AREA(#16897);
#16897 = FILL_AREA_STYLE('',(#16898));
#16898 = FILL_AREA_STYLE_COLOUR('',#16126);
#16899 = STYLED_ITEM('color',(#16900),#7738);
#16900 = PRESENTATION_STYLE_ASSIGNMENT((#16901));
#16901 = SURFACE_STYLE_USAGE(.BOTH.,#16902);
#16902 = SURFACE_SIDE_STYLE('',(#16903));
#16903 = SURFACE_STYLE_FILL_AREA(#16904);
#16904 = FILL_AREA_STYLE('',(#16905));
#16905 = FILL_AREA_STYLE_COLOUR('',#16126);
#16906 = STYLED_ITEM('color',(#16907),#7762);
#16907 = PRESENTATION_STYLE_ASSIGNMENT((#16908));
#16908 = SURFACE_STYLE_USAGE(.BOTH.,#16909);
#16909 = SURFACE_SIDE_STYLE('',(#16910));
#16910 = SURFACE_STYLE_FILL_AREA(#16911);
#16911 = FILL_AREA_STYLE('',(#16912));
#16912 = FILL_AREA_STYLE_COLOUR('',#16126);
#16913 = STYLED_ITEM('color',(#16914),#7793);
#16914 = PRESENTATION_STYLE_ASSIGNMENT((#16915));
#16915 = SURFACE_STYLE_USAGE(.BOTH.,#16916);
#16916 = SURFACE_SIDE_STYLE('',(#16917));
#16917 = SURFACE_STYLE_FILL_AREA(#16918);
#16918 = FILL_AREA_STYLE('',(#16919));
#16919 = FILL_AREA_STYLE_COLOUR('',#16126);
#16920 = STYLED_ITEM('color',(#16921),#7810);
#16921 = PRESENTATION_STYLE_ASSIGNMENT((#16922));
#16922 = SURFACE_STYLE_USAGE(.BOTH.,#16923);
#16923 = SURFACE_SIDE_STYLE('',(#16924));
#16924 = SURFACE_STYLE_FILL_AREA(#16925);
#16925 = FILL_AREA_STYLE('',(#16926));
#16926 = FILL_AREA_STYLE_COLOUR('',#16126);
#16927 = STYLED_ITEM('color',(#16928),#7843);
#16928 = PRESENTATION_STYLE_ASSIGNMENT((#16929));
#16929 = SURFACE_STYLE_USAGE(.BOTH.,#16930);
#16930 = SURFACE_SIDE_STYLE('',(#16931));
#16931 = SURFACE_STYLE_FILL_AREA(#16932);
#16932 = FILL_AREA_STYLE('',(#16933));
#16933 = FILL_AREA_STYLE_COLOUR('',#16126);
#16934 = STYLED_ITEM('color',(#16935),#7867);
#16935 = PRESENTATION_STYLE_ASSIGNMENT((#16936));
#16936 = SURFACE_STYLE_USAGE(.BOTH.,#16937);
#16937 = SURFACE_SIDE_STYLE('',(#16938));
#16938 = SURFACE_STYLE_FILL_AREA(#16939);
#16939 = FILL_AREA_STYLE('',(#16940));
#16940 = FILL_AREA_STYLE_COLOUR('',#16126);
#16941 = STYLED_ITEM('color',(#16942),#7898);
#16942 = PRESENTATION_STYLE_ASSIGNMENT((#16943));
#16943 = SURFACE_STYLE_USAGE(.BOTH.,#16944);
#16944 = SURFACE_SIDE_STYLE('',(#16945));
#16945 = SURFACE_STYLE_FILL_AREA(#16946);
#16946 = FILL_AREA_STYLE('',(#16947));
#16947 = FILL_AREA_STYLE_COLOUR('',#16126);
#16948 = STYLED_ITEM('color',(#16949),#7915);
#16949 = PRESENTATION_STYLE_ASSIGNMENT((#16950));
#16950 = SURFACE_STYLE_USAGE(.BOTH.,#16951);
#16951 = SURFACE_SIDE_STYLE('',(#16952));
#16952 = SURFACE_STYLE_FILL_AREA(#16953);
#16953 = FILL_AREA_STYLE('',(#16954));
#16954 = FILL_AREA_STYLE_COLOUR('',#16126);
#16955 = STYLED_ITEM('color',(#16956),#7948);
#16956 = PRESENTATION_STYLE_ASSIGNMENT((#16957));
#16957 = SURFACE_STYLE_USAGE(.BOTH.,#16958);
#16958 = SURFACE_SIDE_STYLE('',(#16959));
#16959 = SURFACE_STYLE_FILL_AREA(#16960);
#16960 = FILL_AREA_STYLE('',(#16961));
#16961 = FILL_AREA_STYLE_COLOUR('',#16126);
#16962 = STYLED_ITEM('color',(#16963),#7972);
#16963 = PRESENTATION_STYLE_ASSIGNMENT((#16964));
#16964 = SURFACE_STYLE_USAGE(.BOTH.,#16965);
#16965 = SURFACE_SIDE_STYLE('',(#16966));
#16966 = SURFACE_STYLE_FILL_AREA(#16967);
#16967 = FILL_AREA_STYLE('',(#16968));
#16968 = FILL_AREA_STYLE_COLOUR('',#16126);
#16969 = STYLED_ITEM('color',(#16970),#8003);
#16970 = PRESENTATION_STYLE_ASSIGNMENT((#16971));
#16971 = SURFACE_STYLE_USAGE(.BOTH.,#16972);
#16972 = SURFACE_SIDE_STYLE('',(#16973));
#16973 = SURFACE_STYLE_FILL_AREA(#16974);
#16974 = FILL_AREA_STYLE('',(#16975));
#16975 = FILL_AREA_STYLE_COLOUR('',#16126);
#16976 = STYLED_ITEM('color',(#16977),#8020);
#16977 = PRESENTATION_STYLE_ASSIGNMENT((#16978));
#16978 = SURFACE_STYLE_USAGE(.BOTH.,#16979);
#16979 = SURFACE_SIDE_STYLE('',(#16980));
#16980 = SURFACE_STYLE_FILL_AREA(#16981);
#16981 = FILL_AREA_STYLE('',(#16982));
#16982 = FILL_AREA_STYLE_COLOUR('',#16126);
#16983 = STYLED_ITEM('color',(#16984),#8053);
#16984 = PRESENTATION_STYLE_ASSIGNMENT((#16985));
#16985 = SURFACE_STYLE_USAGE(.BOTH.,#16986);
#16986 = SURFACE_SIDE_STYLE('',(#16987));
#16987 = SURFACE_STYLE_FILL_AREA(#16988);
#16988 = FILL_AREA_STYLE('',(#16989));
#16989 = FILL_AREA_STYLE_COLOUR('',#16126);
#16990 = STYLED_ITEM('color',(#16991),#8077);
#16991 = PRESENTATION_STYLE_ASSIGNMENT((#16992));
#16992 = SURFACE_STYLE_USAGE(.BOTH.,#16993);
#16993 = SURFACE_SIDE_STYLE('',(#16994));
#16994 = SURFACE_STYLE_FILL_AREA(#16995);
#16995 = FILL_AREA_STYLE('',(#16996));
#16996 = FILL_AREA_STYLE_COLOUR('',#16126);
#16997 = STYLED_ITEM('color',(#16998),#8108);
#16998 = PRESENTATION_STYLE_ASSIGNMENT((#16999));
#16999 = SURFACE_STYLE_USAGE(.BOTH.,#17000);
#17000 = SURFACE_SIDE_STYLE('',(#17001));
#17001 = SURFACE_STYLE_FILL_AREA(#17002);
#17002 = FILL_AREA_STYLE('',(#17003));
#17003 = FILL_AREA_STYLE_COLOUR('',#16126);
#17004 = STYLED_ITEM('color',(#17005),#8120);
#17005 = PRESENTATION_STYLE_ASSIGNMENT((#17006));
#17006 = SURFACE_STYLE_USAGE(.BOTH.,#17007);
#17007 = SURFACE_SIDE_STYLE('',(#17008));
#17008 = SURFACE_STYLE_FILL_AREA(#17009);
#17009 = FILL_AREA_STYLE('',(#17010));
#17010 = FILL_AREA_STYLE_COLOUR('',#16126);
#17011 = STYLED_ITEM('color',(#17012),#8153);
#17012 = PRESENTATION_STYLE_ASSIGNMENT((#17013));
#17013 = SURFACE_STYLE_USAGE(.BOTH.,#17014);
#17014 = SURFACE_SIDE_STYLE('',(#17015));
#17015 = SURFACE_STYLE_FILL_AREA(#17016);
#17016 = FILL_AREA_STYLE('',(#17017));
#17017 = FILL_AREA_STYLE_COLOUR('',#16126);
#17018 = STYLED_ITEM('color',(#17019),#8170);
#17019 = PRESENTATION_STYLE_ASSIGNMENT((#17020));
#17020 = SURFACE_STYLE_USAGE(.BOTH.,#17021);
#17021 = SURFACE_SIDE_STYLE('',(#17022));
#17022 = SURFACE_STYLE_FILL_AREA(#17023);
#17023 = FILL_AREA_STYLE('',(#17024));
#17024 = FILL_AREA_STYLE_COLOUR('',#16126);
#17025 = STYLED_ITEM('color',(#17026),#8187);
#17026 = PRESENTATION_STYLE_ASSIGNMENT((#17027));
#17027 = SURFACE_STYLE_USAGE(.BOTH.,#17028);
#17028 = SURFACE_SIDE_STYLE('',(#17029));
#17029 = SURFACE_STYLE_FILL_AREA(#17030);
#17030 = FILL_AREA_STYLE('',(#17031));
#17031 = FILL_AREA_STYLE_COLOUR('',#16126);
#17032 = STYLED_ITEM('color',(#17033),#8199);
#17033 = PRESENTATION_STYLE_ASSIGNMENT((#17034));
#17034 = SURFACE_STYLE_USAGE(.BOTH.,#17035);
#17035 = SURFACE_SIDE_STYLE('',(#17036));
#17036 = SURFACE_STYLE_FILL_AREA(#17037);
#17037 = FILL_AREA_STYLE('',(#17038));
#17038 = FILL_AREA_STYLE_COLOUR('',#16126);
#17039 = STYLED_ITEM('color',(#17040),#8381);
#17040 = PRESENTATION_STYLE_ASSIGNMENT((#17041));
#17041 = SURFACE_STYLE_USAGE(.BOTH.,#17042);
#17042 = SURFACE_SIDE_STYLE('',(#17043));
#17043 = SURFACE_STYLE_FILL_AREA(#17044);
#17044 = FILL_AREA_STYLE('',(#17045));
#17045 = FILL_AREA_STYLE_COLOUR('',#16126);
#17046 = STYLED_ITEM('color',(#17047),#8398);
#17047 = PRESENTATION_STYLE_ASSIGNMENT((#17048));
#17048 = SURFACE_STYLE_USAGE(.BOTH.,#17049);
#17049 = SURFACE_SIDE_STYLE('',(#17050));
#17050 = SURFACE_STYLE_FILL_AREA(#17051);
#17051 = FILL_AREA_STYLE('',(#17052));
#17052 = FILL_AREA_STYLE_COLOUR('',#16126);
#17053 = STYLED_ITEM('color',(#17054),#8415);
#17054 = PRESENTATION_STYLE_ASSIGNMENT((#17055));
#17055 = SURFACE_STYLE_USAGE(.BOTH.,#17056);
#17056 = SURFACE_SIDE_STYLE('',(#17057));
#17057 = SURFACE_STYLE_FILL_AREA(#17058);
#17058 = FILL_AREA_STYLE('',(#17059));
#17059 = FILL_AREA_STYLE_COLOUR('',#16126);
#17060 = STYLED_ITEM('color',(#17061),#8432);
#17061 = PRESENTATION_STYLE_ASSIGNMENT((#17062));
#17062 = SURFACE_STYLE_USAGE(.BOTH.,#17063);
#17063 = SURFACE_SIDE_STYLE('',(#17064));
#17064 = SURFACE_STYLE_FILL_AREA(#17065);
#17065 = FILL_AREA_STYLE('',(#17066));
#17066 = FILL_AREA_STYLE_COLOUR('',#16126);
#17067 = STYLED_ITEM('color',(#17068),#8449);
#17068 = PRESENTATION_STYLE_ASSIGNMENT((#17069));
#17069 = SURFACE_STYLE_USAGE(.BOTH.,#17070);
#17070 = SURFACE_SIDE_STYLE('',(#17071));
#17071 = SURFACE_STYLE_FILL_AREA(#17072);
#17072 = FILL_AREA_STYLE('',(#17073));
#17073 = FILL_AREA_STYLE_COLOUR('',#16126);
#17074 = STYLED_ITEM('color',(#17075),#8466);
#17075 = PRESENTATION_STYLE_ASSIGNMENT((#17076));
#17076 = SURFACE_STYLE_USAGE(.BOTH.,#17077);
#17077 = SURFACE_SIDE_STYLE('',(#17078));
#17078 = SURFACE_STYLE_FILL_AREA(#17079);
#17079 = FILL_AREA_STYLE('',(#17080));
#17080 = FILL_AREA_STYLE_COLOUR('',#16126);
#17081 = STYLED_ITEM('color',(#17082),#8483);
#17082 = PRESENTATION_STYLE_ASSIGNMENT((#17083));
#17083 = SURFACE_STYLE_USAGE(.BOTH.,#17084);
#17084 = SURFACE_SIDE_STYLE('',(#17085));
#17085 = SURFACE_STYLE_FILL_AREA(#17086);
#17086 = FILL_AREA_STYLE('',(#17087));
#17087 = FILL_AREA_STYLE_COLOUR('',#16126);
#17088 = STYLED_ITEM('color',(#17089),#8500);
#17089 = PRESENTATION_STYLE_ASSIGNMENT((#17090));
#17090 = SURFACE_STYLE_USAGE(.BOTH.,#17091);
#17091 = SURFACE_SIDE_STYLE('',(#17092));
#17092 = SURFACE_STYLE_FILL_AREA(#17093);
#17093 = FILL_AREA_STYLE('',(#17094));
#17094 = FILL_AREA_STYLE_COLOUR('',#16126);
#17095 = STYLED_ITEM('color',(#17096),#8517);
#17096 = PRESENTATION_STYLE_ASSIGNMENT((#17097));
#17097 = SURFACE_STYLE_USAGE(.BOTH.,#17098);
#17098 = SURFACE_SIDE_STYLE('',(#17099));
#17099 = SURFACE_STYLE_FILL_AREA(#17100);
#17100 = FILL_AREA_STYLE('',(#17101));
#17101 = FILL_AREA_STYLE_COLOUR('',#16126);
#17102 = STYLED_ITEM('color',(#17103),#8534);
#17103 = PRESENTATION_STYLE_ASSIGNMENT((#17104));
#17104 = SURFACE_STYLE_USAGE(.BOTH.,#17105);
#17105 = SURFACE_SIDE_STYLE('',(#17106));
#17106 = SURFACE_STYLE_FILL_AREA(#17107);
#17107 = FILL_AREA_STYLE('',(#17108));
#17108 = FILL_AREA_STYLE_COLOUR('',#16126);
#17109 = STYLED_ITEM('color',(#17110),#8551);
#17110 = PRESENTATION_STYLE_ASSIGNMENT((#17111));
#17111 = SURFACE_STYLE_USAGE(.BOTH.,#17112);
#17112 = SURFACE_SIDE_STYLE('',(#17113));
#17113 = SURFACE_STYLE_FILL_AREA(#17114);
#17114 = FILL_AREA_STYLE('',(#17115));
#17115 = FILL_AREA_STYLE_COLOUR('',#16126);
#17116 = STYLED_ITEM('color',(#17117),#8568);
#17117 = PRESENTATION_STYLE_ASSIGNMENT((#17118));
#17118 = SURFACE_STYLE_USAGE(.BOTH.,#17119);
#17119 = SURFACE_SIDE_STYLE('',(#17120));
#17120 = SURFACE_STYLE_FILL_AREA(#17121);
#17121 = FILL_AREA_STYLE('',(#17122));
#17122 = FILL_AREA_STYLE_COLOUR('',#16126);
#17123 = STYLED_ITEM('color',(#17124),#8585);
#17124 = PRESENTATION_STYLE_ASSIGNMENT((#17125));
#17125 = SURFACE_STYLE_USAGE(.BOTH.,#17126);
#17126 = SURFACE_SIDE_STYLE('',(#17127));
#17127 = SURFACE_STYLE_FILL_AREA(#17128);
#17128 = FILL_AREA_STYLE('',(#17129));
#17129 = FILL_AREA_STYLE_COLOUR('',#16126);
#17130 = STYLED_ITEM('color',(#17131),#8602);
#17131 = PRESENTATION_STYLE_ASSIGNMENT((#17132));
#17132 = SURFACE_STYLE_USAGE(.BOTH.,#17133);
#17133 = SURFACE_SIDE_STYLE('',(#17134));
#17134 = SURFACE_STYLE_FILL_AREA(#17135);
#17135 = FILL_AREA_STYLE('',(#17136));
#17136 = FILL_AREA_STYLE_COLOUR('',#16126);
#17137 = STYLED_ITEM('color',(#17138),#8619);
#17138 = PRESENTATION_STYLE_ASSIGNMENT((#17139));
#17139 = SURFACE_STYLE_USAGE(.BOTH.,#17140);
#17140 = SURFACE_SIDE_STYLE('',(#17141));
#17141 = SURFACE_STYLE_FILL_AREA(#17142);
#17142 = FILL_AREA_STYLE('',(#17143));
#17143 = FILL_AREA_STYLE_COLOUR('',#16126);
#17144 = STYLED_ITEM('color',(#17145),#8631);
#17145 = PRESENTATION_STYLE_ASSIGNMENT((#17146));
#17146 = SURFACE_STYLE_USAGE(.BOTH.,#17147);
#17147 = SURFACE_SIDE_STYLE('',(#17148));
#17148 = SURFACE_STYLE_FILL_AREA(#17149);
#17149 = FILL_AREA_STYLE('',(#17150));
#17150 = FILL_AREA_STYLE_COLOUR('',#16126);
#17151 = STYLED_ITEM('color',(#17152),#8648);
#17152 = PRESENTATION_STYLE_ASSIGNMENT((#17153));
#17153 = SURFACE_STYLE_USAGE(.BOTH.,#17154);
#17154 = SURFACE_SIDE_STYLE('',(#17155));
#17155 = SURFACE_STYLE_FILL_AREA(#17156);
#17156 = FILL_AREA_STYLE('',(#17157));
#17157 = FILL_AREA_STYLE_COLOUR('',#16126);
#17158 = STYLED_ITEM('color',(#17159),#8665);
#17159 = PRESENTATION_STYLE_ASSIGNMENT((#17160));
#17160 = SURFACE_STYLE_USAGE(.BOTH.,#17161);
#17161 = SURFACE_SIDE_STYLE('',(#17162));
#17162 = SURFACE_STYLE_FILL_AREA(#17163);
#17163 = FILL_AREA_STYLE('',(#17164));
#17164 = FILL_AREA_STYLE_COLOUR('',#16126);
#17165 = STYLED_ITEM('color',(#17166),#8682);
#17166 = PRESENTATION_STYLE_ASSIGNMENT((#17167));
#17167 = SURFACE_STYLE_USAGE(.BOTH.,#17168);
#17168 = SURFACE_SIDE_STYLE('',(#17169));
#17169 = SURFACE_STYLE_FILL_AREA(#17170);
#17170 = FILL_AREA_STYLE('',(#17171));
#17171 = FILL_AREA_STYLE_COLOUR('',#16126);
#17172 = STYLED_ITEM('color',(#17173),#8699);
#17173 = PRESENTATION_STYLE_ASSIGNMENT((#17174));
#17174 = SURFACE_STYLE_USAGE(.BOTH.,#17175);
#17175 = SURFACE_SIDE_STYLE('',(#17176));
#17176 = SURFACE_STYLE_FILL_AREA(#17177);
#17177 = FILL_AREA_STYLE('',(#17178));
#17178 = FILL_AREA_STYLE_COLOUR('',#16126);
#17179 = STYLED_ITEM('color',(#17180),#8716);
#17180 = PRESENTATION_STYLE_ASSIGNMENT((#17181));
#17181 = SURFACE_STYLE_USAGE(.BOTH.,#17182);
#17182 = SURFACE_SIDE_STYLE('',(#17183));
#17183 = SURFACE_STYLE_FILL_AREA(#17184);
#17184 = FILL_AREA_STYLE('',(#17185));
#17185 = FILL_AREA_STYLE_COLOUR('',#16126);
#17186 = STYLED_ITEM('color',(#17187),#8762);
#17187 = PRESENTATION_STYLE_ASSIGNMENT((#17188));
#17188 = SURFACE_STYLE_USAGE(.BOTH.,#17189);
#17189 = SURFACE_SIDE_STYLE('',(#17190));
#17190 = SURFACE_STYLE_FILL_AREA(#17191);
#17191 = FILL_AREA_STYLE('',(#17192));
#17192 = FILL_AREA_STYLE_COLOUR('',#16126);
#17193 = STYLED_ITEM('color',(#17194),#8808);
#17194 = PRESENTATION_STYLE_ASSIGNMENT((#17195));
#17195 = SURFACE_STYLE_USAGE(.BOTH.,#17196);
#17196 = SURFACE_SIDE_STYLE('',(#17197));
#17197 = SURFACE_STYLE_FILL_AREA(#17198);
#17198 = FILL_AREA_STYLE('',(#17199));
#17199 = FILL_AREA_STYLE_COLOUR('',#16126);
#17200 = STYLED_ITEM('color',(#17201),#8854);
#17201 = PRESENTATION_STYLE_ASSIGNMENT((#17202));
#17202 = SURFACE_STYLE_USAGE(.BOTH.,#17203);
#17203 = SURFACE_SIDE_STYLE('',(#17204));
#17204 = SURFACE_STYLE_FILL_AREA(#17205);
#17205 = FILL_AREA_STYLE('',(#17206));
#17206 = FILL_AREA_STYLE_COLOUR('',#16126);
#17207 = STYLED_ITEM('color',(#17208),#8900);
#17208 = PRESENTATION_STYLE_ASSIGNMENT((#17209));
#17209 = SURFACE_STYLE_USAGE(.BOTH.,#17210);
#17210 = SURFACE_SIDE_STYLE('',(#17211));
#17211 = SURFACE_STYLE_FILL_AREA(#17212);
#17212 = FILL_AREA_STYLE('',(#17213));
#17213 = FILL_AREA_STYLE_COLOUR('',#16126);
#17214 = STYLED_ITEM('color',(#17215),#8946);
#17215 = PRESENTATION_STYLE_ASSIGNMENT((#17216));
#17216 = SURFACE_STYLE_USAGE(.BOTH.,#17217);
#17217 = SURFACE_SIDE_STYLE('',(#17218));
#17218 = SURFACE_STYLE_FILL_AREA(#17219);
#17219 = FILL_AREA_STYLE('',(#17220));
#17220 = FILL_AREA_STYLE_COLOUR('',#16442);
#17221 = STYLED_ITEM('color',(#17222),#8977);
#17222 = PRESENTATION_STYLE_ASSIGNMENT((#17223));
#17223 = SURFACE_STYLE_USAGE(.BOTH.,#17224);
#17224 = SURFACE_SIDE_STYLE('',(#17225));
#17225 = SURFACE_STYLE_FILL_AREA(#17226);
#17226 = FILL_AREA_STYLE('',(#17227));
#17227 = FILL_AREA_STYLE_COLOUR('',#16442);
#17228 = STYLED_ITEM('color',(#17229),#9001);
#17229 = PRESENTATION_STYLE_ASSIGNMENT((#17230));
#17230 = SURFACE_STYLE_USAGE(.BOTH.,#17231);
#17231 = SURFACE_SIDE_STYLE('',(#17232));
#17232 = SURFACE_STYLE_FILL_AREA(#17233);
#17233 = FILL_AREA_STYLE('',(#17234));
#17234 = FILL_AREA_STYLE_COLOUR('',#16442);
#17235 = STYLED_ITEM('color',(#17236),#9025);
#17236 = PRESENTATION_STYLE_ASSIGNMENT((#17237));
#17237 = SURFACE_STYLE_USAGE(.BOTH.,#17238);
#17238 = SURFACE_SIDE_STYLE('',(#17239));
#17239 = SURFACE_STYLE_FILL_AREA(#17240);
#17240 = FILL_AREA_STYLE('',(#17241));
#17241 = FILL_AREA_STYLE_COLOUR('',#16442);
#17242 = STYLED_ITEM('color',(#17243),#9042);
#17243 = PRESENTATION_STYLE_ASSIGNMENT((#17244));
#17244 = SURFACE_STYLE_USAGE(.BOTH.,#17245);
#17245 = SURFACE_SIDE_STYLE('',(#17246));
#17246 = SURFACE_STYLE_FILL_AREA(#17247);
#17247 = FILL_AREA_STYLE('',(#17248));
#17248 = FILL_AREA_STYLE_COLOUR('',#16442);
#17249 = STYLED_ITEM('color',(#17250),#9073);
#17250 = PRESENTATION_STYLE_ASSIGNMENT((#17251));
#17251 = SURFACE_STYLE_USAGE(.BOTH.,#17252);
#17252 = SURFACE_SIDE_STYLE('',(#17253));
#17253 = SURFACE_STYLE_FILL_AREA(#17254);
#17254 = FILL_AREA_STYLE('',(#17255));
#17255 = FILL_AREA_STYLE_COLOUR('',#16442);
#17256 = STYLED_ITEM('color',(#17257),#9097);
#17257 = PRESENTATION_STYLE_ASSIGNMENT((#17258));
#17258 = SURFACE_STYLE_USAGE(.BOTH.,#17259);
#17259 = SURFACE_SIDE_STYLE('',(#17260));
#17260 = SURFACE_STYLE_FILL_AREA(#17261);
#17261 = FILL_AREA_STYLE('',(#17262));
#17262 = FILL_AREA_STYLE_COLOUR('',#16442);
#17263 = STYLED_ITEM('color',(#17264),#9121);
#17264 = PRESENTATION_STYLE_ASSIGNMENT((#17265));
#17265 = SURFACE_STYLE_USAGE(.BOTH.,#17266);
#17266 = SURFACE_SIDE_STYLE('',(#17267));
#17267 = SURFACE_STYLE_FILL_AREA(#17268);
#17268 = FILL_AREA_STYLE('',(#17269));
#17269 = FILL_AREA_STYLE_COLOUR('',#16442);
#17270 = STYLED_ITEM('color',(#17271),#9138);
#17271 = PRESENTATION_STYLE_ASSIGNMENT((#17272));
#17272 = SURFACE_STYLE_USAGE(.BOTH.,#17273);
#17273 = SURFACE_SIDE_STYLE('',(#17274));
#17274 = SURFACE_STYLE_FILL_AREA(#17275);
#17275 = FILL_AREA_STYLE('',(#17276));
#17276 = FILL_AREA_STYLE_COLOUR('',#16442);
#17277 = STYLED_ITEM('color',(#17278),#9169);
#17278 = PRESENTATION_STYLE_ASSIGNMENT((#17279));
#17279 = SURFACE_STYLE_USAGE(.BOTH.,#17280);
#17280 = SURFACE_SIDE_STYLE('',(#17281));
#17281 = SURFACE_STYLE_FILL_AREA(#17282);
#17282 = FILL_AREA_STYLE('',(#17283));
#17283 = FILL_AREA_STYLE_COLOUR('',#16442);
#17284 = STYLED_ITEM('color',(#17285),#9193);
#17285 = PRESENTATION_STYLE_ASSIGNMENT((#17286));
#17286 = SURFACE_STYLE_USAGE(.BOTH.,#17287);
#17287 = SURFACE_SIDE_STYLE('',(#17288));
#17288 = SURFACE_STYLE_FILL_AREA(#17289);
#17289 = FILL_AREA_STYLE('',(#17290));
#17290 = FILL_AREA_STYLE_COLOUR('',#16442);
#17291 = STYLED_ITEM('color',(#17292),#9217);
#17292 = PRESENTATION_STYLE_ASSIGNMENT((#17293));
#17293 = SURFACE_STYLE_USAGE(.BOTH.,#17294);
#17294 = SURFACE_SIDE_STYLE('',(#17295));
#17295 = SURFACE_STYLE_FILL_AREA(#17296);
#17296 = FILL_AREA_STYLE('',(#17297));
#17297 = FILL_AREA_STYLE_COLOUR('',#16442);
#17298 = STYLED_ITEM('color',(#17299),#9234);
#17299 = PRESENTATION_STYLE_ASSIGNMENT((#17300));
#17300 = SURFACE_STYLE_USAGE(.BOTH.,#17301);
#17301 = SURFACE_SIDE_STYLE('',(#17302));
#17302 = SURFACE_STYLE_FILL_AREA(#17303);
#17303 = FILL_AREA_STYLE('',(#17304));
#17304 = FILL_AREA_STYLE_COLOUR('',#16442);
#17305 = STYLED_ITEM('color',(#17306),#9265);
#17306 = PRESENTATION_STYLE_ASSIGNMENT((#17307));
#17307 = SURFACE_STYLE_USAGE(.BOTH.,#17308);
#17308 = SURFACE_SIDE_STYLE('',(#17309));
#17309 = SURFACE_STYLE_FILL_AREA(#17310);
#17310 = FILL_AREA_STYLE('',(#17311));
#17311 = FILL_AREA_STYLE_COLOUR('',#16442);
#17312 = STYLED_ITEM('color',(#17313),#9289);
#17313 = PRESENTATION_STYLE_ASSIGNMENT((#17314));
#17314 = SURFACE_STYLE_USAGE(.BOTH.,#17315);
#17315 = SURFACE_SIDE_STYLE('',(#17316));
#17316 = SURFACE_STYLE_FILL_AREA(#17317);
#17317 = FILL_AREA_STYLE('',(#17318));
#17318 = FILL_AREA_STYLE_COLOUR('',#16442);
#17319 = STYLED_ITEM('color',(#17320),#9313);
#17320 = PRESENTATION_STYLE_ASSIGNMENT((#17321));
#17321 = SURFACE_STYLE_USAGE(.BOTH.,#17322);
#17322 = SURFACE_SIDE_STYLE('',(#17323));
#17323 = SURFACE_STYLE_FILL_AREA(#17324);
#17324 = FILL_AREA_STYLE('',(#17325));
#17325 = FILL_AREA_STYLE_COLOUR('',#16442);
#17326 = STYLED_ITEM('color',(#17327),#9330);
#17327 = PRESENTATION_STYLE_ASSIGNMENT((#17328));
#17328 = SURFACE_STYLE_USAGE(.BOTH.,#17329);
#17329 = SURFACE_SIDE_STYLE('',(#17330));
#17330 = SURFACE_STYLE_FILL_AREA(#17331);
#17331 = FILL_AREA_STYLE('',(#17332));
#17332 = FILL_AREA_STYLE_COLOUR('',#16442);
#17333 = STYLED_ITEM('color',(#17334),#9361);
#17334 = PRESENTATION_STYLE_ASSIGNMENT((#17335));
#17335 = SURFACE_STYLE_USAGE(.BOTH.,#17336);
#17336 = SURFACE_SIDE_STYLE('',(#17337));
#17337 = SURFACE_STYLE_FILL_AREA(#17338);
#17338 = FILL_AREA_STYLE('',(#17339));
#17339 = FILL_AREA_STYLE_COLOUR('',#16442);
#17340 = STYLED_ITEM('color',(#17341),#9385);
#17341 = PRESENTATION_STYLE_ASSIGNMENT((#17342));
#17342 = SURFACE_STYLE_USAGE(.BOTH.,#17343);
#17343 = SURFACE_SIDE_STYLE('',(#17344));
#17344 = SURFACE_STYLE_FILL_AREA(#17345);
#17345 = FILL_AREA_STYLE('',(#17346));
#17346 = FILL_AREA_STYLE_COLOUR('',#16442);
#17347 = STYLED_ITEM('color',(#17348),#9409);
#17348 = PRESENTATION_STYLE_ASSIGNMENT((#17349));
#17349 = SURFACE_STYLE_USAGE(.BOTH.,#17350);
#17350 = SURFACE_SIDE_STYLE('',(#17351));
#17351 = SURFACE_STYLE_FILL_AREA(#17352);
#17352 = FILL_AREA_STYLE('',(#17353));
#17353 = FILL_AREA_STYLE_COLOUR('',#16442);
#17354 = STYLED_ITEM('color',(#17355),#9426);
#17355 = PRESENTATION_STYLE_ASSIGNMENT((#17356));
#17356 = SURFACE_STYLE_USAGE(.BOTH.,#17357);
#17357 = SURFACE_SIDE_STYLE('',(#17358));
#17358 = SURFACE_STYLE_FILL_AREA(#17359);
#17359 = FILL_AREA_STYLE('',(#17360));
#17360 = FILL_AREA_STYLE_COLOUR('',#16442);
#17361 = STYLED_ITEM('color',(#17362),#9489);
#17362 = PRESENTATION_STYLE_ASSIGNMENT((#17363));
#17363 = SURFACE_STYLE_USAGE(.BOTH.,#17364);
#17364 = SURFACE_SIDE_STYLE('',(#17365));
#17365 = SURFACE_STYLE_FILL_AREA(#17366);
#17366 = FILL_AREA_STYLE('',(#17367));
#17367 = FILL_AREA_STYLE_COLOUR('',#16442);
#17368 = STYLED_ITEM('color',(#17369),#9513);
#17369 = PRESENTATION_STYLE_ASSIGNMENT((#17370));
#17370 = SURFACE_STYLE_USAGE(.BOTH.,#17371);
#17371 = SURFACE_SIDE_STYLE('',(#17372));
#17372 = SURFACE_STYLE_FILL_AREA(#17373);
#17373 = FILL_AREA_STYLE('',(#17374));
#17374 = FILL_AREA_STYLE_COLOUR('',#16442);
#17375 = STYLED_ITEM('color',(#17376),#9569);
#17376 = PRESENTATION_STYLE_ASSIGNMENT((#17377));
#17377 = SURFACE_STYLE_USAGE(.BOTH.,#17378);
#17378 = SURFACE_SIDE_STYLE('',(#17379));
#17379 = SURFACE_STYLE_FILL_AREA(#17380);
#17380 = FILL_AREA_STYLE('',(#17381));
#17381 = FILL_AREA_STYLE_COLOUR('',#16442);
#17382 = STYLED_ITEM('color',(#17383),#9586);
#17383 = PRESENTATION_STYLE_ASSIGNMENT((#17384));
#17384 = SURFACE_STYLE_USAGE(.BOTH.,#17385);
#17385 = SURFACE_SIDE_STYLE('',(#17386));
#17386 = SURFACE_STYLE_FILL_AREA(#17387);
#17387 = FILL_AREA_STYLE('',(#17388));
#17388 = FILL_AREA_STYLE_COLOUR('',#16442);
#17389 = STYLED_ITEM('color',(#17390),#9617);
#17390 = PRESENTATION_STYLE_ASSIGNMENT((#17391));
#17391 = SURFACE_STYLE_USAGE(.BOTH.,#17392);
#17392 = SURFACE_SIDE_STYLE('',(#17393));
#17393 = SURFACE_STYLE_FILL_AREA(#17394);
#17394 = FILL_AREA_STYLE('',(#17395));
#17395 = FILL_AREA_STYLE_COLOUR('',#16442);
#17396 = STYLED_ITEM('color',(#17397),#9641);
#17397 = PRESENTATION_STYLE_ASSIGNMENT((#17398));
#17398 = SURFACE_STYLE_USAGE(.BOTH.,#17399);
#17399 = SURFACE_SIDE_STYLE('',(#17400));
#17400 = SURFACE_STYLE_FILL_AREA(#17401);
#17401 = FILL_AREA_STYLE('',(#17402));
#17402 = FILL_AREA_STYLE_COLOUR('',#16442);
#17403 = STYLED_ITEM('color',(#17404),#9665);
#17404 = PRESENTATION_STYLE_ASSIGNMENT((#17405));
#17405 = SURFACE_STYLE_USAGE(.BOTH.,#17406);
#17406 = SURFACE_SIDE_STYLE('',(#17407));
#17407 = SURFACE_STYLE_FILL_AREA(#17408);
#17408 = FILL_AREA_STYLE('',(#17409));
#17409 = FILL_AREA_STYLE_COLOUR('',#16442);
#17410 = STYLED_ITEM('color',(#17411),#9682);
#17411 = PRESENTATION_STYLE_ASSIGNMENT((#17412));
#17412 = SURFACE_STYLE_USAGE(.BOTH.,#17413);
#17413 = SURFACE_SIDE_STYLE('',(#17414));
#17414 = SURFACE_STYLE_FILL_AREA(#17415);
#17415 = FILL_AREA_STYLE('',(#17416));
#17416 = FILL_AREA_STYLE_COLOUR('',#16442);
#17417 = STYLED_ITEM('color',(#17418),#9713);
#17418 = PRESENTATION_STYLE_ASSIGNMENT((#17419));
#17419 = SURFACE_STYLE_USAGE(.BOTH.,#17420);
#17420 = SURFACE_SIDE_STYLE('',(#17421));
#17421 = SURFACE_STYLE_FILL_AREA(#17422);
#17422 = FILL_AREA_STYLE('',(#17423));
#17423 = FILL_AREA_STYLE_COLOUR('',#16442);
#17424 = STYLED_ITEM('color',(#17425),#9737);
#17425 = PRESENTATION_STYLE_ASSIGNMENT((#17426));
#17426 = SURFACE_STYLE_USAGE(.BOTH.,#17427);
#17427 = SURFACE_SIDE_STYLE('',(#17428));
#17428 = SURFACE_STYLE_FILL_AREA(#17429);
#17429 = FILL_AREA_STYLE('',(#17430));
#17430 = FILL_AREA_STYLE_COLOUR('',#16442);
#17431 = STYLED_ITEM('color',(#17432),#9761);
#17432 = PRESENTATION_STYLE_ASSIGNMENT((#17433));
#17433 = SURFACE_STYLE_USAGE(.BOTH.,#17434);
#17434 = SURFACE_SIDE_STYLE('',(#17435));
#17435 = SURFACE_STYLE_FILL_AREA(#17436);
#17436 = FILL_AREA_STYLE('',(#17437));
#17437 = FILL_AREA_STYLE_COLOUR('',#16442);
#17438 = STYLED_ITEM('color',(#17439),#9778);
#17439 = PRESENTATION_STYLE_ASSIGNMENT((#17440));
#17440 = SURFACE_STYLE_USAGE(.BOTH.,#17441);
#17441 = SURFACE_SIDE_STYLE('',(#17442));
#17442 = SURFACE_STYLE_FILL_AREA(#17443);
#17443 = FILL_AREA_STYLE('',(#17444));
#17444 = FILL_AREA_STYLE_COLOUR('',#16442);
#17445 = STYLED_ITEM('color',(#17446),#9809);
#17446 = PRESENTATION_STYLE_ASSIGNMENT((#17447));
#17447 = SURFACE_STYLE_USAGE(.BOTH.,#17448);
#17448 = SURFACE_SIDE_STYLE('',(#17449));
#17449 = SURFACE_STYLE_FILL_AREA(#17450);
#17450 = FILL_AREA_STYLE('',(#17451));
#17451 = FILL_AREA_STYLE_COLOUR('',#16442);
#17452 = STYLED_ITEM('color',(#17453),#9833);
#17453 = PRESENTATION_STYLE_ASSIGNMENT((#17454));
#17454 = SURFACE_STYLE_USAGE(.BOTH.,#17455);
#17455 = SURFACE_SIDE_STYLE('',(#17456));
#17456 = SURFACE_STYLE_FILL_AREA(#17457);
#17457 = FILL_AREA_STYLE('',(#17458));
#17458 = FILL_AREA_STYLE_COLOUR('',#16442);
#17459 = STYLED_ITEM('color',(#17460),#9857);
#17460 = PRESENTATION_STYLE_ASSIGNMENT((#17461));
#17461 = SURFACE_STYLE_USAGE(.BOTH.,#17462);
#17462 = SURFACE_SIDE_STYLE('',(#17463));
#17463 = SURFACE_STYLE_FILL_AREA(#17464);
#17464 = FILL_AREA_STYLE('',(#17465));
#17465 = FILL_AREA_STYLE_COLOUR('',#16442);
#17466 = STYLED_ITEM('color',(#17467),#9874);
#17467 = PRESENTATION_STYLE_ASSIGNMENT((#17468));
#17468 = SURFACE_STYLE_USAGE(.BOTH.,#17469);
#17469 = SURFACE_SIDE_STYLE('',(#17470));
#17470 = SURFACE_STYLE_FILL_AREA(#17471);
#17471 = FILL_AREA_STYLE('',(#17472));
#17472 = FILL_AREA_STYLE_COLOUR('',#16442);
#17473 = STYLED_ITEM('color',(#17474),#9905);
#17474 = PRESENTATION_STYLE_ASSIGNMENT((#17475));
#17475 = SURFACE_STYLE_USAGE(.BOTH.,#17476);
#17476 = SURFACE_SIDE_STYLE('',(#17477));
#17477 = SURFACE_STYLE_FILL_AREA(#17478);
#17478 = FILL_AREA_STYLE('',(#17479));
#17479 = FILL_AREA_STYLE_COLOUR('',#16442);
#17480 = STYLED_ITEM('color',(#17481),#9961);
#17481 = PRESENTATION_STYLE_ASSIGNMENT((#17482));
#17482 = SURFACE_STYLE_USAGE(.BOTH.,#17483);
#17483 = SURFACE_SIDE_STYLE('',(#17484));
#17484 = SURFACE_STYLE_FILL_AREA(#17485);
#17485 = FILL_AREA_STYLE('',(#17486));
#17486 = FILL_AREA_STYLE_COLOUR('',#16442);
#17487 = STYLED_ITEM('color',(#17488),#9985);
#17488 = PRESENTATION_STYLE_ASSIGNMENT((#17489));
#17489 = SURFACE_STYLE_USAGE(.BOTH.,#17490);
#17490 = SURFACE_SIDE_STYLE('',(#17491));
#17491 = SURFACE_STYLE_FILL_AREA(#17492);
#17492 = FILL_AREA_STYLE('',(#17493));
#17493 = FILL_AREA_STYLE_COLOUR('',#16442);
#17494 = STYLED_ITEM('color',(#17495),#10034);
#17495 = PRESENTATION_STYLE_ASSIGNMENT((#17496));
#17496 = SURFACE_STYLE_USAGE(.BOTH.,#17497);
#17497 = SURFACE_SIDE_STYLE('',(#17498));
#17498 = SURFACE_STYLE_FILL_AREA(#17499);
#17499 = FILL_AREA_STYLE('',(#17500));
#17500 = FILL_AREA_STYLE_COLOUR('',#16442);
#17501 = STYLED_ITEM('color',(#17502),#10065);
#17502 = PRESENTATION_STYLE_ASSIGNMENT((#17503));
#17503 = SURFACE_STYLE_USAGE(.BOTH.,#17504);
#17504 = SURFACE_SIDE_STYLE('',(#17505));
#17505 = SURFACE_STYLE_FILL_AREA(#17506);
#17506 = FILL_AREA_STYLE('',(#17507));
#17507 = FILL_AREA_STYLE_COLOUR('',#16442);
#17508 = STYLED_ITEM('color',(#17509),#10089);
#17509 = PRESENTATION_STYLE_ASSIGNMENT((#17510));
#17510 = SURFACE_STYLE_USAGE(.BOTH.,#17511);
#17511 = SURFACE_SIDE_STYLE('',(#17512));
#17512 = SURFACE_STYLE_FILL_AREA(#17513);
#17513 = FILL_AREA_STYLE('',(#17514));
#17514 = FILL_AREA_STYLE_COLOUR('',#16442);
#17515 = STYLED_ITEM('color',(#17516),#10113);
#17516 = PRESENTATION_STYLE_ASSIGNMENT((#17517));
#17517 = SURFACE_STYLE_USAGE(.BOTH.,#17518);
#17518 = SURFACE_SIDE_STYLE('',(#17519));
#17519 = SURFACE_STYLE_FILL_AREA(#17520);
#17520 = FILL_AREA_STYLE('',(#17521));
#17521 = FILL_AREA_STYLE_COLOUR('',#16442);
#17522 = STYLED_ITEM('color',(#17523),#10130);
#17523 = PRESENTATION_STYLE_ASSIGNMENT((#17524));
#17524 = SURFACE_STYLE_USAGE(.BOTH.,#17525);
#17525 = SURFACE_SIDE_STYLE('',(#17526));
#17526 = SURFACE_STYLE_FILL_AREA(#17527);
#17527 = FILL_AREA_STYLE('',(#17528));
#17528 = FILL_AREA_STYLE_COLOUR('',#16442);
#17529 = STYLED_ITEM('color',(#17530),#10161);
#17530 = PRESENTATION_STYLE_ASSIGNMENT((#17531));
#17531 = SURFACE_STYLE_USAGE(.BOTH.,#17532);
#17532 = SURFACE_SIDE_STYLE('',(#17533));
#17533 = SURFACE_STYLE_FILL_AREA(#17534);
#17534 = FILL_AREA_STYLE('',(#17535));
#17535 = FILL_AREA_STYLE_COLOUR('',#16442);
#17536 = STYLED_ITEM('color',(#17537),#10185);
#17537 = PRESENTATION_STYLE_ASSIGNMENT((#17538));
#17538 = SURFACE_STYLE_USAGE(.BOTH.,#17539);
#17539 = SURFACE_SIDE_STYLE('',(#17540));
#17540 = SURFACE_STYLE_FILL_AREA(#17541);
#17541 = FILL_AREA_STYLE('',(#17542));
#17542 = FILL_AREA_STYLE_COLOUR('',#16442);
#17543 = STYLED_ITEM('color',(#17544),#10209);
#17544 = PRESENTATION_STYLE_ASSIGNMENT((#17545));
#17545 = SURFACE_STYLE_USAGE(.BOTH.,#17546);
#17546 = SURFACE_SIDE_STYLE('',(#17547));
#17547 = SURFACE_STYLE_FILL_AREA(#17548);
#17548 = FILL_AREA_STYLE('',(#17549));
#17549 = FILL_AREA_STYLE_COLOUR('',#16442);
#17550 = STYLED_ITEM('color',(#17551),#10226);
#17551 = PRESENTATION_STYLE_ASSIGNMENT((#17552));
#17552 = SURFACE_STYLE_USAGE(.BOTH.,#17553);
#17553 = SURFACE_SIDE_STYLE('',(#17554));
#17554 = SURFACE_STYLE_FILL_AREA(#17555);
#17555 = FILL_AREA_STYLE('',(#17556));
#17556 = FILL_AREA_STYLE_COLOUR('',#16442);
#17557 = STYLED_ITEM('color',(#17558),#10257);
#17558 = PRESENTATION_STYLE_ASSIGNMENT((#17559));
#17559 = SURFACE_STYLE_USAGE(.BOTH.,#17560);
#17560 = SURFACE_SIDE_STYLE('',(#17561));
#17561 = SURFACE_STYLE_FILL_AREA(#17562);
#17562 = FILL_AREA_STYLE('',(#17563));
#17563 = FILL_AREA_STYLE_COLOUR('',#16442);
#17564 = STYLED_ITEM('color',(#17565),#10281);
#17565 = PRESENTATION_STYLE_ASSIGNMENT((#17566));
#17566 = SURFACE_STYLE_USAGE(.BOTH.,#17567);
#17567 = SURFACE_SIDE_STYLE('',(#17568));
#17568 = SURFACE_STYLE_FILL_AREA(#17569);
#17569 = FILL_AREA_STYLE('',(#17570));
#17570 = FILL_AREA_STYLE_COLOUR('',#16442);
#17571 = STYLED_ITEM('color',(#17572),#10305);
#17572 = PRESENTATION_STYLE_ASSIGNMENT((#17573));
#17573 = SURFACE_STYLE_USAGE(.BOTH.,#17574);
#17574 = SURFACE_SIDE_STYLE('',(#17575));
#17575 = SURFACE_STYLE_FILL_AREA(#17576);
#17576 = FILL_AREA_STYLE('',(#17577));
#17577 = FILL_AREA_STYLE_COLOUR('',#16442);
#17578 = STYLED_ITEM('color',(#17579),#10322);
#17579 = PRESENTATION_STYLE_ASSIGNMENT((#17580));
#17580 = SURFACE_STYLE_USAGE(.BOTH.,#17581);
#17581 = SURFACE_SIDE_STYLE('',(#17582));
#17582 = SURFACE_STYLE_FILL_AREA(#17583);
#17583 = FILL_AREA_STYLE('',(#17584));
#17584 = FILL_AREA_STYLE_COLOUR('',#16442);
#17585 = STYLED_ITEM('color',(#17586),#10353);
#17586 = PRESENTATION_STYLE_ASSIGNMENT((#17587));
#17587 = SURFACE_STYLE_USAGE(.BOTH.,#17588);
#17588 = SURFACE_SIDE_STYLE('',(#17589));
#17589 = SURFACE_STYLE_FILL_AREA(#17590);
#17590 = FILL_AREA_STYLE('',(#17591));
#17591 = FILL_AREA_STYLE_COLOUR('',#16442);
#17592 = STYLED_ITEM('color',(#17593),#10377);
#17593 = PRESENTATION_STYLE_ASSIGNMENT((#17594));
#17594 = SURFACE_STYLE_USAGE(.BOTH.,#17595);
#17595 = SURFACE_SIDE_STYLE('',(#17596));
#17596 = SURFACE_STYLE_FILL_AREA(#17597);
#17597 = FILL_AREA_STYLE('',(#17598));
#17598 = FILL_AREA_STYLE_COLOUR('',#16442);
#17599 = STYLED_ITEM('color',(#17600),#10401);
#17600 = PRESENTATION_STYLE_ASSIGNMENT((#17601));
#17601 = SURFACE_STYLE_USAGE(.BOTH.,#17602);
#17602 = SURFACE_SIDE_STYLE('',(#17603));
#17603 = SURFACE_STYLE_FILL_AREA(#17604);
#17604 = FILL_AREA_STYLE('',(#17605));
#17605 = FILL_AREA_STYLE_COLOUR('',#16442);
#17606 = STYLED_ITEM('color',(#17607),#10418);
#17607 = PRESENTATION_STYLE_ASSIGNMENT((#17608));
#17608 = SURFACE_STYLE_USAGE(.BOTH.,#17609);
#17609 = SURFACE_SIDE_STYLE('',(#17610));
#17610 = SURFACE_STYLE_FILL_AREA(#17611);
#17611 = FILL_AREA_STYLE('',(#17612));
#17612 = FILL_AREA_STYLE_COLOUR('',#16442);
#17613 = STYLED_ITEM('color',(#17614),#10449);
#17614 = PRESENTATION_STYLE_ASSIGNMENT((#17615));
#17615 = SURFACE_STYLE_USAGE(.BOTH.,#17616);
#17616 = SURFACE_SIDE_STYLE('',(#17617));
#17617 = SURFACE_STYLE_FILL_AREA(#17618);
#17618 = FILL_AREA_STYLE('',(#17619));
#17619 = FILL_AREA_STYLE_COLOUR('',#16442);
#17620 = STYLED_ITEM('color',(#17621),#10473);
#17621 = PRESENTATION_STYLE_ASSIGNMENT((#17622));
#17622 = SURFACE_STYLE_USAGE(.BOTH.,#17623);
#17623 = SURFACE_SIDE_STYLE('',(#17624));
#17624 = SURFACE_STYLE_FILL_AREA(#17625);
#17625 = FILL_AREA_STYLE('',(#17626));
#17626 = FILL_AREA_STYLE_COLOUR('',#16442);
#17627 = STYLED_ITEM('color',(#17628),#10497);
#17628 = PRESENTATION_STYLE_ASSIGNMENT((#17629));
#17629 = SURFACE_STYLE_USAGE(.BOTH.,#17630);
#17630 = SURFACE_SIDE_STYLE('',(#17631));
#17631 = SURFACE_STYLE_FILL_AREA(#17632);
#17632 = FILL_AREA_STYLE('',(#17633));
#17633 = FILL_AREA_STYLE_COLOUR('',#16442);
#17634 = STYLED_ITEM('color',(#17635),#10514);
#17635 = PRESENTATION_STYLE_ASSIGNMENT((#17636));
#17636 = SURFACE_STYLE_USAGE(.BOTH.,#17637);
#17637 = SURFACE_SIDE_STYLE('',(#17638));
#17638 = SURFACE_STYLE_FILL_AREA(#17639);
#17639 = FILL_AREA_STYLE('',(#17640));
#17640 = FILL_AREA_STYLE_COLOUR('',#16442);
#17641 = STYLED_ITEM('color',(#17642),#10561);
#17642 = PRESENTATION_STYLE_ASSIGNMENT((#17643));
#17643 = SURFACE_STYLE_USAGE(.BOTH.,#17644);
#17644 = SURFACE_SIDE_STYLE('',(#17645));
#17645 = SURFACE_STYLE_FILL_AREA(#17646);
#17646 = FILL_AREA_STYLE('',(#17647));
#17647 = FILL_AREA_STYLE_COLOUR('',#16442);
#17648 = STYLED_ITEM('color',(#17649),#10592);
#17649 = PRESENTATION_STYLE_ASSIGNMENT((#17650));
#17650 = SURFACE_STYLE_USAGE(.BOTH.,#17651);
#17651 = SURFACE_SIDE_STYLE('',(#17652));
#17652 = SURFACE_STYLE_FILL_AREA(#17653);
#17653 = FILL_AREA_STYLE('',(#17654));
#17654 = FILL_AREA_STYLE_COLOUR('',#16442);
#17655 = STYLED_ITEM('color',(#17656),#10604);
#17656 = PRESENTATION_STYLE_ASSIGNMENT((#17657));
#17657 = SURFACE_STYLE_USAGE(.BOTH.,#17658);
#17658 = SURFACE_SIDE_STYLE('',(#17659));
#17659 = SURFACE_STYLE_FILL_AREA(#17660);
#17660 = FILL_AREA_STYLE('',(#17661));
#17661 = FILL_AREA_STYLE_COLOUR('',#16442);
#17662 = STYLED_ITEM('color',(#17663),#10621);
#17663 = PRESENTATION_STYLE_ASSIGNMENT((#17664));
#17664 = SURFACE_STYLE_USAGE(.BOTH.,#17665);
#17665 = SURFACE_SIDE_STYLE('',(#17666));
#17666 = SURFACE_STYLE_FILL_AREA(#17667);
#17667 = FILL_AREA_STYLE('',(#17668));
#17668 = FILL_AREA_STYLE_COLOUR('',#16442);
#17669 = STYLED_ITEM('color',(#17670),#10647);
#17670 = PRESENTATION_STYLE_ASSIGNMENT((#17671));
#17671 = SURFACE_STYLE_USAGE(.BOTH.,#17672);
#17672 = SURFACE_SIDE_STYLE('',(#17673));
#17673 = SURFACE_STYLE_FILL_AREA(#17674);
#17674 = FILL_AREA_STYLE('',(#17675));
#17675 = FILL_AREA_STYLE_COLOUR('',#16442);
#17676 = STYLED_ITEM('color',(#17677),#10680);
#17677 = PRESENTATION_STYLE_ASSIGNMENT((#17678));
#17678 = SURFACE_STYLE_USAGE(.BOTH.,#17679);
#17679 = SURFACE_SIDE_STYLE('',(#17680));
#17680 = SURFACE_STYLE_FILL_AREA(#17681);
#17681 = FILL_AREA_STYLE('',(#17682));
#17682 = FILL_AREA_STYLE_COLOUR('',#16442);
#17683 = STYLED_ITEM('color',(#17684),#10711);
#17684 = PRESENTATION_STYLE_ASSIGNMENT((#17685));
#17685 = SURFACE_STYLE_USAGE(.BOTH.,#17686);
#17686 = SURFACE_SIDE_STYLE('',(#17687));
#17687 = SURFACE_STYLE_FILL_AREA(#17688);
#17688 = FILL_AREA_STYLE('',(#17689));
#17689 = FILL_AREA_STYLE_COLOUR('',#16442);
#17690 = STYLED_ITEM('color',(#17691),#10735);
#17691 = PRESENTATION_STYLE_ASSIGNMENT((#17692));
#17692 = SURFACE_STYLE_USAGE(.BOTH.,#17693);
#17693 = SURFACE_SIDE_STYLE('',(#17694));
#17694 = SURFACE_STYLE_FILL_AREA(#17695);
#17695 = FILL_AREA_STYLE('',(#17696));
#17696 = FILL_AREA_STYLE_COLOUR('',#16442);
#17697 = STYLED_ITEM('color',(#17698),#10759);
#17698 = PRESENTATION_STYLE_ASSIGNMENT((#17699));
#17699 = SURFACE_STYLE_USAGE(.BOTH.,#17700);
#17700 = SURFACE_SIDE_STYLE('',(#17701));
#17701 = SURFACE_STYLE_FILL_AREA(#17702);
#17702 = FILL_AREA_STYLE('',(#17703));
#17703 = FILL_AREA_STYLE_COLOUR('',#16442);
#17704 = STYLED_ITEM('color',(#17705),#10776);
#17705 = PRESENTATION_STYLE_ASSIGNMENT((#17706));
#17706 = SURFACE_STYLE_USAGE(.BOTH.,#17707);
#17707 = SURFACE_SIDE_STYLE('',(#17708));
#17708 = SURFACE_STYLE_FILL_AREA(#17709);
#17709 = FILL_AREA_STYLE('',(#17710));
#17710 = FILL_AREA_STYLE_COLOUR('',#16442);
#17711 = STYLED_ITEM('color',(#17712),#10807);
#17712 = PRESENTATION_STYLE_ASSIGNMENT((#17713));
#17713 = SURFACE_STYLE_USAGE(.BOTH.,#17714);
#17714 = SURFACE_SIDE_STYLE('',(#17715));
#17715 = SURFACE_STYLE_FILL_AREA(#17716);
#17716 = FILL_AREA_STYLE('',(#17717));
#17717 = FILL_AREA_STYLE_COLOUR('',#16442);
#17718 = STYLED_ITEM('color',(#17719),#10831);
#17719 = PRESENTATION_STYLE_ASSIGNMENT((#17720));
#17720 = SURFACE_STYLE_USAGE(.BOTH.,#17721);
#17721 = SURFACE_SIDE_STYLE('',(#17722));
#17722 = SURFACE_STYLE_FILL_AREA(#17723);
#17723 = FILL_AREA_STYLE('',(#17724));
#17724 = FILL_AREA_STYLE_COLOUR('',#16442);
#17725 = STYLED_ITEM('color',(#17726),#10855);
#17726 = PRESENTATION_STYLE_ASSIGNMENT((#17727));
#17727 = SURFACE_STYLE_USAGE(.BOTH.,#17728);
#17728 = SURFACE_SIDE_STYLE('',(#17729));
#17729 = SURFACE_STYLE_FILL_AREA(#17730);
#17730 = FILL_AREA_STYLE('',(#17731));
#17731 = FILL_AREA_STYLE_COLOUR('',#16442);
#17732 = STYLED_ITEM('color',(#17733),#10872);
#17733 = PRESENTATION_STYLE_ASSIGNMENT((#17734));
#17734 = SURFACE_STYLE_USAGE(.BOTH.,#17735);
#17735 = SURFACE_SIDE_STYLE('',(#17736));
#17736 = SURFACE_STYLE_FILL_AREA(#17737);
#17737 = FILL_AREA_STYLE('',(#17738));
#17738 = FILL_AREA_STYLE_COLOUR('',#16442);
#17739 = STYLED_ITEM('color',(#17740),#10903);
#17740 = PRESENTATION_STYLE_ASSIGNMENT((#17741));
#17741 = SURFACE_STYLE_USAGE(.BOTH.,#17742);
#17742 = SURFACE_SIDE_STYLE('',(#17743));
#17743 = SURFACE_STYLE_FILL_AREA(#17744);
#17744 = FILL_AREA_STYLE('',(#17745));
#17745 = FILL_AREA_STYLE_COLOUR('',#16442);
#17746 = STYLED_ITEM('color',(#17747),#10927);
#17747 = PRESENTATION_STYLE_ASSIGNMENT((#17748));
#17748 = SURFACE_STYLE_USAGE(.BOTH.,#17749);
#17749 = SURFACE_SIDE_STYLE('',(#17750));
#17750 = SURFACE_STYLE_FILL_AREA(#17751);
#17751 = FILL_AREA_STYLE('',(#17752));
#17752 = FILL_AREA_STYLE_COLOUR('',#16442);
#17753 = STYLED_ITEM('color',(#17754),#10951);
#17754 = PRESENTATION_STYLE_ASSIGNMENT((#17755));
#17755 = SURFACE_STYLE_USAGE(.BOTH.,#17756);
#17756 = SURFACE_SIDE_STYLE('',(#17757));
#17757 = SURFACE_STYLE_FILL_AREA(#17758);
#17758 = FILL_AREA_STYLE('',(#17759));
#17759 = FILL_AREA_STYLE_COLOUR('',#16442);
#17760 = STYLED_ITEM('color',(#17761),#10968);
#17761 = PRESENTATION_STYLE_ASSIGNMENT((#17762));
#17762 = SURFACE_STYLE_USAGE(.BOTH.,#17763);
#17763 = SURFACE_SIDE_STYLE('',(#17764));
#17764 = SURFACE_STYLE_FILL_AREA(#17765);
#17765 = FILL_AREA_STYLE('',(#17766));
#17766 = FILL_AREA_STYLE_COLOUR('',#16442);
#17767 = STYLED_ITEM('color',(#17768),#10985);
#17768 = PRESENTATION_STYLE_ASSIGNMENT((#17769));
#17769 = SURFACE_STYLE_USAGE(.BOTH.,#17770);
#17770 = SURFACE_SIDE_STYLE('',(#17771));
#17771 = SURFACE_STYLE_FILL_AREA(#17772);
#17772 = FILL_AREA_STYLE('',(#17773));
#17773 = FILL_AREA_STYLE_COLOUR('',#16442);
#17774 = STYLED_ITEM('color',(#17775),#11032);
#17775 = PRESENTATION_STYLE_ASSIGNMENT((#17776));
#17776 = SURFACE_STYLE_USAGE(.BOTH.,#17777);
#17777 = SURFACE_SIDE_STYLE('',(#17778));
#17778 = SURFACE_STYLE_FILL_AREA(#17779);
#17779 = FILL_AREA_STYLE('',(#17780));
#17780 = FILL_AREA_STYLE_COLOUR('',#16442);
#17781 = STYLED_ITEM('color',(#17782),#11058);
#17782 = PRESENTATION_STYLE_ASSIGNMENT((#17783));
#17783 = SURFACE_STYLE_USAGE(.BOTH.,#17784);
#17784 = SURFACE_SIDE_STYLE('',(#17785));
#17785 = SURFACE_STYLE_FILL_AREA(#17786);
#17786 = FILL_AREA_STYLE('',(#17787));
#17787 = FILL_AREA_STYLE_COLOUR('',#16442);
#17788 = STYLED_ITEM('color',(#17789),#11075);
#17789 = PRESENTATION_STYLE_ASSIGNMENT((#17790));
#17790 = SURFACE_STYLE_USAGE(.BOTH.,#17791);
#17791 = SURFACE_SIDE_STYLE('',(#17792));
#17792 = SURFACE_STYLE_FILL_AREA(#17793);
#17793 = FILL_AREA_STYLE('',(#17794));
#17794 = FILL_AREA_STYLE_COLOUR('',#16442);
#17795 = STYLED_ITEM('color',(#17796),#11101);
#17796 = PRESENTATION_STYLE_ASSIGNMENT((#17797));
#17797 = SURFACE_STYLE_USAGE(.BOTH.,#17798);
#17798 = SURFACE_SIDE_STYLE('',(#17799));
#17799 = SURFACE_STYLE_FILL_AREA(#17800);
#17800 = FILL_AREA_STYLE('',(#17801));
#17801 = FILL_AREA_STYLE_COLOUR('',#16442);
#17802 = STYLED_ITEM('color',(#17803),#11134);
#17803 = PRESENTATION_STYLE_ASSIGNMENT((#17804));
#17804 = SURFACE_STYLE_USAGE(.BOTH.,#17805);
#17805 = SURFACE_SIDE_STYLE('',(#17806));
#17806 = SURFACE_STYLE_FILL_AREA(#17807);
#17807 = FILL_AREA_STYLE('',(#17808));
#17808 = FILL_AREA_STYLE_COLOUR('',#16442);
#17809 = STYLED_ITEM('color',(#17810),#11146);
#17810 = PRESENTATION_STYLE_ASSIGNMENT((#17811));
#17811 = SURFACE_STYLE_USAGE(.BOTH.,#17812);
#17812 = SURFACE_SIDE_STYLE('',(#17813));
#17813 = SURFACE_STYLE_FILL_AREA(#17814);
#17814 = FILL_AREA_STYLE('',(#17815));
#17815 = FILL_AREA_STYLE_COLOUR('',#16442);
#17816 = STYLED_ITEM('color',(#17817),#11158);
#17817 = PRESENTATION_STYLE_ASSIGNMENT((#17818));
#17818 = SURFACE_STYLE_USAGE(.BOTH.,#17819);
#17819 = SURFACE_SIDE_STYLE('',(#17820));
#17820 = SURFACE_STYLE_FILL_AREA(#17821);
#17821 = FILL_AREA_STYLE('',(#17822));
#17822 = FILL_AREA_STYLE_COLOUR('',#16442);
#17823 = STYLED_ITEM('color',(#17824),#11170);
#17824 = PRESENTATION_STYLE_ASSIGNMENT((#17825));
#17825 = SURFACE_STYLE_USAGE(.BOTH.,#17826);
#17826 = SURFACE_SIDE_STYLE('',(#17827));
#17827 = SURFACE_STYLE_FILL_AREA(#17828);
#17828 = FILL_AREA_STYLE('',(#17829));
#17829 = FILL_AREA_STYLE_COLOUR('',#16442);
#17830 = STYLED_ITEM('color',(#17831),#11182);
#17831 = PRESENTATION_STYLE_ASSIGNMENT((#17832));
#17832 = SURFACE_STYLE_USAGE(.BOTH.,#17833);
#17833 = SURFACE_SIDE_STYLE('',(#17834));
#17834 = SURFACE_STYLE_FILL_AREA(#17835);
#17835 = FILL_AREA_STYLE('',(#17836));
#17836 = FILL_AREA_STYLE_COLOUR('',#16442);
#17837 = STYLED_ITEM('color',(#17838),#11194);
#17838 = PRESENTATION_STYLE_ASSIGNMENT((#17839));
#17839 = SURFACE_STYLE_USAGE(.BOTH.,#17840);
#17840 = SURFACE_SIDE_STYLE('',(#17841));
#17841 = SURFACE_STYLE_FILL_AREA(#17842);
#17842 = FILL_AREA_STYLE('',(#17843));
#17843 = FILL_AREA_STYLE_COLOUR('',#16442);
#17844 = STYLED_ITEM('color',(#17845),#11211);
#17845 = PRESENTATION_STYLE_ASSIGNMENT((#17846));
#17846 = SURFACE_STYLE_USAGE(.BOTH.,#17847);
#17847 = SURFACE_SIDE_STYLE('',(#17848));
#17848 = SURFACE_STYLE_FILL_AREA(#17849);
#17849 = FILL_AREA_STYLE('',(#17850));
#17850 = FILL_AREA_STYLE_COLOUR('',#16442);
#17851 = STYLED_ITEM('color',(#17852),#11228);
#17852 = PRESENTATION_STYLE_ASSIGNMENT((#17853));
#17853 = SURFACE_STYLE_USAGE(.BOTH.,#17854);
#17854 = SURFACE_SIDE_STYLE('',(#17855));
#17855 = SURFACE_STYLE_FILL_AREA(#17856);
#17856 = FILL_AREA_STYLE('',(#17857));
#17857 = FILL_AREA_STYLE_COLOUR('',#16442);
#17858 = STYLED_ITEM('color',(#17859),#11240);
#17859 = PRESENTATION_STYLE_ASSIGNMENT((#17860));
#17860 = SURFACE_STYLE_USAGE(.BOTH.,#17861);
#17861 = SURFACE_SIDE_STYLE('',(#17862));
#17862 = SURFACE_STYLE_FILL_AREA(#17863);
#17863 = FILL_AREA_STYLE('',(#17864));
#17864 = FILL_AREA_STYLE_COLOUR('',#16442);
#17865 = STYLED_ITEM('color',(#17866),#11252);
#17866 = PRESENTATION_STYLE_ASSIGNMENT((#17867));
#17867 = SURFACE_STYLE_USAGE(.BOTH.,#17868);
#17868 = SURFACE_SIDE_STYLE('',(#17869));
#17869 = SURFACE_STYLE_FILL_AREA(#17870);
#17870 = FILL_AREA_STYLE('',(#17871));
#17871 = FILL_AREA_STYLE_COLOUR('',#16442);
#17872 = STYLED_ITEM('color',(#17873),#11264);
#17873 = PRESENTATION_STYLE_ASSIGNMENT((#17874));
#17874 = SURFACE_STYLE_USAGE(.BOTH.,#17875);
#17875 = SURFACE_SIDE_STYLE('',(#17876));
#17876 = SURFACE_STYLE_FILL_AREA(#17877);
#17877 = FILL_AREA_STYLE('',(#17878));
#17878 = FILL_AREA_STYLE_COLOUR('',#16442);
#17879 = STYLED_ITEM('color',(#17880),#11276);
#17880 = PRESENTATION_STYLE_ASSIGNMENT((#17881));
#17881 = SURFACE_STYLE_USAGE(.BOTH.,#17882);
#17882 = SURFACE_SIDE_STYLE('',(#17883));
#17883 = SURFACE_STYLE_FILL_AREA(#17884);
#17884 = FILL_AREA_STYLE('',(#17885));
#17885 = FILL_AREA_STYLE_COLOUR('',#16442);
#17886 = STYLED_ITEM('color',(#17887),#11293);
#17887 = PRESENTATION_STYLE_ASSIGNMENT((#17888));
#17888 = SURFACE_STYLE_USAGE(.BOTH.,#17889);
#17889 = SURFACE_SIDE_STYLE('',(#17890));
#17890 = SURFACE_STYLE_FILL_AREA(#17891);
#17891 = FILL_AREA_STYLE('',(#17892));
#17892 = FILL_AREA_STYLE_COLOUR('',#16442);
#17893 = STYLED_ITEM('color',(#17894),#11310);
#17894 = PRESENTATION_STYLE_ASSIGNMENT((#17895));
#17895 = SURFACE_STYLE_USAGE(.BOTH.,#17896);
#17896 = SURFACE_SIDE_STYLE('',(#17897));
#17897 = SURFACE_STYLE_FILL_AREA(#17898);
#17898 = FILL_AREA_STYLE('',(#17899));
#17899 = FILL_AREA_STYLE_COLOUR('',#16442);
#17900 = MECHANICAL_DESIGN_GEOMETRIC_PRESENTATION_REPRESENTATION('',(
    #17901,#17908,#17915,#17922,#17929,#17936,#17943,#17950,#17957,
    #17964,#17971,#17978,#17985,#17992,#17999,#18006,#18013,#18020,
    #18027,#18034,#18041,#18048,#18055,#18062,#18069,#18076,#18083,
    #18090,#18097,#18104,#18111,#18118,#18125,#18132,#18139,#18146,
    #18153,#18160,#18167,#18174,#18181,#18188,#18195,#18202,#18209,
    #18216,#18223,#18230,#18237,#18244,#18251,#18258,#18265,#18272,
    #18279,#18286,#18293,#18300,#18307,#18314,#18321,#18328,#18335,
    #18342,#18349,#18356,#18363,#18370,#18377,#18384,#18391,#18398,
    #18405,#18412,#18419,#18426,#18433,#18440,#18447,#18454,#18461,
    #18468,#18475,#18482,#18489,#18496,#18503,#18510,#18517,#18524,
    #18531,#18538,#18545,#18552,#18559,#18566,#18573,#18580,#18587,
    #18594,#18601,#18608,#18615,#18622,#18629,#18636,#18643,#18650,
    #18657,#18664,#18671,#18678,#18685,#18692,#18699,#18706,#18713),
  #6414);
#17901 = STYLED_ITEM('color',(#17902),#2895);
#17902 = PRESENTATION_STYLE_ASSIGNMENT((#17903));
#17903 = SURFACE_STYLE_USAGE(.BOTH.,#17904);
#17904 = SURFACE_SIDE_STYLE('',(#17905));
#17905 = SURFACE_STYLE_FILL_AREA(#17906);
#17906 = FILL_AREA_STYLE('',(#17907));
#17907 = FILL_AREA_STYLE_COLOUR('',#16126);
#17908 = STYLED_ITEM('color',(#17909),#2967);
#17909 = PRESENTATION_STYLE_ASSIGNMENT((#17910));
#17910 = SURFACE_STYLE_USAGE(.BOTH.,#17911);
#17911 = SURFACE_SIDE_STYLE('',(#17912));
#17912 = SURFACE_STYLE_FILL_AREA(#17913);
#17913 = FILL_AREA_STYLE('',(#17914));
#17914 = FILL_AREA_STYLE_COLOUR('',#16126);
#17915 = STYLED_ITEM('color',(#17916),#3006);
#17916 = PRESENTATION_STYLE_ASSIGNMENT((#17917));
#17917 = SURFACE_STYLE_USAGE(.BOTH.,#17918);
#17918 = SURFACE_SIDE_STYLE('',(#17919));
#17919 = SURFACE_STYLE_FILL_AREA(#17920);
#17920 = FILL_AREA_STYLE('',(#17921));
#17921 = FILL_AREA_STYLE_COLOUR('',#16126);
#17922 = STYLED_ITEM('color',(#17923),#3030);
#17923 = PRESENTATION_STYLE_ASSIGNMENT((#17924));
#17924 = SURFACE_STYLE_USAGE(.BOTH.,#17925);
#17925 = SURFACE_SIDE_STYLE('',(#17926));
#17926 = SURFACE_STYLE_FILL_AREA(#17927);
#17927 = FILL_AREA_STYLE('',(#17928));
#17928 = FILL_AREA_STYLE_COLOUR('',#16126);
#17929 = STYLED_ITEM('color',(#17930),#3095);
#17930 = PRESENTATION_STYLE_ASSIGNMENT((#17931));
#17931 = SURFACE_STYLE_USAGE(.BOTH.,#17932);
#17932 = SURFACE_SIDE_STYLE('',(#17933));
#17933 = SURFACE_STYLE_FILL_AREA(#17934);
#17934 = FILL_AREA_STYLE('',(#17935));
#17935 = FILL_AREA_STYLE_COLOUR('',#16126);
#17936 = STYLED_ITEM('color',(#17937),#3119);
#17937 = PRESENTATION_STYLE_ASSIGNMENT((#17938));
#17938 = SURFACE_STYLE_USAGE(.BOTH.,#17939);
#17939 = SURFACE_SIDE_STYLE('',(#17940));
#17940 = SURFACE_STYLE_FILL_AREA(#17941);
#17941 = FILL_AREA_STYLE('',(#17942));
#17942 = FILL_AREA_STYLE_COLOUR('',#16126);
#17943 = STYLED_ITEM('color',(#17944),#3239);
#17944 = PRESENTATION_STYLE_ASSIGNMENT((#17945));
#17945 = SURFACE_STYLE_USAGE(.BOTH.,#17946);
#17946 = SURFACE_SIDE_STYLE('',(#17947));
#17947 = SURFACE_STYLE_FILL_AREA(#17948);
#17948 = FILL_AREA_STYLE('',(#17949));
#17949 = FILL_AREA_STYLE_COLOUR('',#16126);
#17950 = STYLED_ITEM('color',(#17951),#3263);
#17951 = PRESENTATION_STYLE_ASSIGNMENT((#17952));
#17952 = SURFACE_STYLE_USAGE(.BOTH.,#17953);
#17953 = SURFACE_SIDE_STYLE('',(#17954));
#17954 = SURFACE_STYLE_FILL_AREA(#17955);
#17955 = FILL_AREA_STYLE('',(#17956));
#17956 = FILL_AREA_STYLE_COLOUR('',#16126);
#17957 = STYLED_ITEM('color',(#17958),#3328);
#17958 = PRESENTATION_STYLE_ASSIGNMENT((#17959));
#17959 = SURFACE_STYLE_USAGE(.BOTH.,#17960);
#17960 = SURFACE_SIDE_STYLE('',(#17961));
#17961 = SURFACE_STYLE_FILL_AREA(#17962);
#17962 = FILL_AREA_STYLE('',(#17963));
#17963 = FILL_AREA_STYLE_COLOUR('',#16126);
#17964 = STYLED_ITEM('color',(#17965),#3353);
#17965 = PRESENTATION_STYLE_ASSIGNMENT((#17966));
#17966 = SURFACE_STYLE_USAGE(.BOTH.,#17967);
#17967 = SURFACE_SIDE_STYLE('',(#17968));
#17968 = SURFACE_STYLE_FILL_AREA(#17969);
#17969 = FILL_AREA_STYLE('',(#17970));
#17970 = FILL_AREA_STYLE_COLOUR('',#16126);
#17971 = STYLED_ITEM('color',(#17972),#3402);
#17972 = PRESENTATION_STYLE_ASSIGNMENT((#17973));
#17973 = SURFACE_STYLE_USAGE(.BOTH.,#17974);
#17974 = SURFACE_SIDE_STYLE('',(#17975));
#17975 = SURFACE_STYLE_FILL_AREA(#17976);
#17976 = FILL_AREA_STYLE('',(#17977));
#17977 = FILL_AREA_STYLE_COLOUR('',#16126);
#17978 = STYLED_ITEM('color',(#17979),#3419);
#17979 = PRESENTATION_STYLE_ASSIGNMENT((#17980));
#17980 = SURFACE_STYLE_USAGE(.BOTH.,#17981);
#17981 = SURFACE_SIDE_STYLE('',(#17982));
#17982 = SURFACE_STYLE_FILL_AREA(#17983);
#17983 = FILL_AREA_STYLE('',(#17984));
#17984 = FILL_AREA_STYLE_COLOUR('',#16126);
#17985 = STYLED_ITEM('color',(#17986),#3443);
#17986 = PRESENTATION_STYLE_ASSIGNMENT((#17987));
#17987 = SURFACE_STYLE_USAGE(.BOTH.,#17988);
#17988 = SURFACE_SIDE_STYLE('',(#17989));
#17989 = SURFACE_STYLE_FILL_AREA(#17990);
#17990 = FILL_AREA_STYLE('',(#17991));
#17991 = FILL_AREA_STYLE_COLOUR('',#16126);
#17992 = STYLED_ITEM('color',(#17993),#3460);
#17993 = PRESENTATION_STYLE_ASSIGNMENT((#17994));
#17994 = SURFACE_STYLE_USAGE(.BOTH.,#17995);
#17995 = SURFACE_SIDE_STYLE('',(#17996));
#17996 = SURFACE_STYLE_FILL_AREA(#17997);
#17997 = FILL_AREA_STYLE('',(#17998));
#17998 = FILL_AREA_STYLE_COLOUR('',#16126);
#17999 = STYLED_ITEM('color',(#18000),#3630);
#18000 = PRESENTATION_STYLE_ASSIGNMENT((#18001));
#18001 = SURFACE_STYLE_USAGE(.BOTH.,#18002);
#18002 = SURFACE_SIDE_STYLE('',(#18003));
#18003 = SURFACE_STYLE_FILL_AREA(#18004);
#18004 = FILL_AREA_STYLE('',(#18005));
#18005 = FILL_AREA_STYLE_COLOUR('',#16126);
#18006 = STYLED_ITEM('color',(#18007),#3654);
#18007 = PRESENTATION_STYLE_ASSIGNMENT((#18008));
#18008 = SURFACE_STYLE_USAGE(.BOTH.,#18009);
#18009 = SURFACE_SIDE_STYLE('',(#18010));
#18010 = SURFACE_STYLE_FILL_AREA(#18011);
#18011 = FILL_AREA_STYLE('',(#18012));
#18012 = FILL_AREA_STYLE_COLOUR('',#16126);
#18013 = STYLED_ITEM('color',(#18014),#3888);
#18014 = PRESENTATION_STYLE_ASSIGNMENT((#18015));
#18015 = SURFACE_STYLE_USAGE(.BOTH.,#18016);
#18016 = SURFACE_SIDE_STYLE('',(#18017));
#18017 = SURFACE_STYLE_FILL_AREA(#18018);
#18018 = FILL_AREA_STYLE('',(#18019));
#18019 = FILL_AREA_STYLE_COLOUR('',#16126);
#18020 = STYLED_ITEM('color',(#18021),#3912);
#18021 = PRESENTATION_STYLE_ASSIGNMENT((#18022));
#18022 = SURFACE_STYLE_USAGE(.BOTH.,#18023);
#18023 = SURFACE_SIDE_STYLE('',(#18024));
#18024 = SURFACE_STYLE_FILL_AREA(#18025);
#18025 = FILL_AREA_STYLE('',(#18026));
#18026 = FILL_AREA_STYLE_COLOUR('',#16126);
#18027 = STYLED_ITEM('color',(#18028),#3945);
#18028 = PRESENTATION_STYLE_ASSIGNMENT((#18029));
#18029 = SURFACE_STYLE_USAGE(.BOTH.,#18030);
#18030 = SURFACE_SIDE_STYLE('',(#18031));
#18031 = SURFACE_STYLE_FILL_AREA(#18032);
#18032 = FILL_AREA_STYLE('',(#18033));
#18033 = FILL_AREA_STYLE_COLOUR('',#16126);
#18034 = STYLED_ITEM('color',(#18035),#3969);
#18035 = PRESENTATION_STYLE_ASSIGNMENT((#18036));
#18036 = SURFACE_STYLE_USAGE(.BOTH.,#18037);
#18037 = SURFACE_SIDE_STYLE('',(#18038));
#18038 = SURFACE_STYLE_FILL_AREA(#18039);
#18039 = FILL_AREA_STYLE('',(#18040));
#18040 = FILL_AREA_STYLE_COLOUR('',#16126);
#18041 = STYLED_ITEM('color',(#18042),#4000);
#18042 = PRESENTATION_STYLE_ASSIGNMENT((#18043));
#18043 = SURFACE_STYLE_USAGE(.BOTH.,#18044);
#18044 = SURFACE_SIDE_STYLE('',(#18045));
#18045 = SURFACE_STYLE_FILL_AREA(#18046);
#18046 = FILL_AREA_STYLE('',(#18047));
#18047 = FILL_AREA_STYLE_COLOUR('',#16126);
#18048 = STYLED_ITEM('color',(#18049),#4017);
#18049 = PRESENTATION_STYLE_ASSIGNMENT((#18050));
#18050 = SURFACE_STYLE_USAGE(.BOTH.,#18051);
#18051 = SURFACE_SIDE_STYLE('',(#18052));
#18052 = SURFACE_STYLE_FILL_AREA(#18053);
#18053 = FILL_AREA_STYLE('',(#18054));
#18054 = FILL_AREA_STYLE_COLOUR('',#16126);
#18055 = STYLED_ITEM('color',(#18056),#4050);
#18056 = PRESENTATION_STYLE_ASSIGNMENT((#18057));
#18057 = SURFACE_STYLE_USAGE(.BOTH.,#18058);
#18058 = SURFACE_SIDE_STYLE('',(#18059));
#18059 = SURFACE_STYLE_FILL_AREA(#18060);
#18060 = FILL_AREA_STYLE('',(#18061));
#18061 = FILL_AREA_STYLE_COLOUR('',#16126);
#18062 = STYLED_ITEM('color',(#18063),#4074);
#18063 = PRESENTATION_STYLE_ASSIGNMENT((#18064));
#18064 = SURFACE_STYLE_USAGE(.BOTH.,#18065);
#18065 = SURFACE_SIDE_STYLE('',(#18066));
#18066 = SURFACE_STYLE_FILL_AREA(#18067);
#18067 = FILL_AREA_STYLE('',(#18068));
#18068 = FILL_AREA_STYLE_COLOUR('',#16126);
#18069 = STYLED_ITEM('color',(#18070),#4105);
#18070 = PRESENTATION_STYLE_ASSIGNMENT((#18071));
#18071 = SURFACE_STYLE_USAGE(.BOTH.,#18072);
#18072 = SURFACE_SIDE_STYLE('',(#18073));
#18073 = SURFACE_STYLE_FILL_AREA(#18074);
#18074 = FILL_AREA_STYLE('',(#18075));
#18075 = FILL_AREA_STYLE_COLOUR('',#16126);
#18076 = STYLED_ITEM('color',(#18077),#4122);
#18077 = PRESENTATION_STYLE_ASSIGNMENT((#18078));
#18078 = SURFACE_STYLE_USAGE(.BOTH.,#18079);
#18079 = SURFACE_SIDE_STYLE('',(#18080));
#18080 = SURFACE_STYLE_FILL_AREA(#18081);
#18081 = FILL_AREA_STYLE('',(#18082));
#18082 = FILL_AREA_STYLE_COLOUR('',#16126);
#18083 = STYLED_ITEM('color',(#18084),#4155);
#18084 = PRESENTATION_STYLE_ASSIGNMENT((#18085));
#18085 = SURFACE_STYLE_USAGE(.BOTH.,#18086);
#18086 = SURFACE_SIDE_STYLE('',(#18087));
#18087 = SURFACE_STYLE_FILL_AREA(#18088);
#18088 = FILL_AREA_STYLE('',(#18089));
#18089 = FILL_AREA_STYLE_COLOUR('',#16126);
#18090 = STYLED_ITEM('color',(#18091),#4179);
#18091 = PRESENTATION_STYLE_ASSIGNMENT((#18092));
#18092 = SURFACE_STYLE_USAGE(.BOTH.,#18093);
#18093 = SURFACE_SIDE_STYLE('',(#18094));
#18094 = SURFACE_STYLE_FILL_AREA(#18095);
#18095 = FILL_AREA_STYLE('',(#18096));
#18096 = FILL_AREA_STYLE_COLOUR('',#16126);
#18097 = STYLED_ITEM('color',(#18098),#4210);
#18098 = PRESENTATION_STYLE_ASSIGNMENT((#18099));
#18099 = SURFACE_STYLE_USAGE(.BOTH.,#18100);
#18100 = SURFACE_SIDE_STYLE('',(#18101));
#18101 = SURFACE_STYLE_FILL_AREA(#18102);
#18102 = FILL_AREA_STYLE('',(#18103));
#18103 = FILL_AREA_STYLE_COLOUR('',#16126);
#18104 = STYLED_ITEM('color',(#18105),#4222);
#18105 = PRESENTATION_STYLE_ASSIGNMENT((#18106));
#18106 = SURFACE_STYLE_USAGE(.BOTH.,#18107);
#18107 = SURFACE_SIDE_STYLE('',(#18108));
#18108 = SURFACE_STYLE_FILL_AREA(#18109);
#18109 = FILL_AREA_STYLE('',(#18110));
#18110 = FILL_AREA_STYLE_COLOUR('',#16126);
#18111 = STYLED_ITEM('color',(#18112),#4255);
#18112 = PRESENTATION_STYLE_ASSIGNMENT((#18113));
#18113 = SURFACE_STYLE_USAGE(.BOTH.,#18114);
#18114 = SURFACE_SIDE_STYLE('',(#18115));
#18115 = SURFACE_STYLE_FILL_AREA(#18116);
#18116 = FILL_AREA_STYLE('',(#18117));
#18117 = FILL_AREA_STYLE_COLOUR('',#16126);
#18118 = STYLED_ITEM('color',(#18119),#4272);
#18119 = PRESENTATION_STYLE_ASSIGNMENT((#18120));
#18120 = SURFACE_STYLE_USAGE(.BOTH.,#18121);
#18121 = SURFACE_SIDE_STYLE('',(#18122));
#18122 = SURFACE_STYLE_FILL_AREA(#18123);
#18123 = FILL_AREA_STYLE('',(#18124));
#18124 = FILL_AREA_STYLE_COLOUR('',#16126);
#18125 = STYLED_ITEM('color',(#18126),#4289);
#18126 = PRESENTATION_STYLE_ASSIGNMENT((#18127));
#18127 = SURFACE_STYLE_USAGE(.BOTH.,#18128);
#18128 = SURFACE_SIDE_STYLE('',(#18129));
#18129 = SURFACE_STYLE_FILL_AREA(#18130);
#18130 = FILL_AREA_STYLE('',(#18131));
#18131 = FILL_AREA_STYLE_COLOUR('',#16126);
#18132 = STYLED_ITEM('color',(#18133),#4301);
#18133 = PRESENTATION_STYLE_ASSIGNMENT((#18134));
#18134 = SURFACE_STYLE_USAGE(.BOTH.,#18135);
#18135 = SURFACE_SIDE_STYLE('',(#18136));
#18136 = SURFACE_STYLE_FILL_AREA(#18137);
#18137 = FILL_AREA_STYLE('',(#18138));
#18138 = FILL_AREA_STYLE_COLOUR('',#16126);
#18139 = STYLED_ITEM('color',(#18140),#4415);
#18140 = PRESENTATION_STYLE_ASSIGNMENT((#18141));
#18141 = SURFACE_STYLE_USAGE(.BOTH.,#18142);
#18142 = SURFACE_SIDE_STYLE('',(#18143));
#18143 = SURFACE_STYLE_FILL_AREA(#18144);
#18144 = FILL_AREA_STYLE('',(#18145));
#18145 = FILL_AREA_STYLE_COLOUR('',#16126);
#18146 = STYLED_ITEM('color',(#18147),#4432);
#18147 = PRESENTATION_STYLE_ASSIGNMENT((#18148));
#18148 = SURFACE_STYLE_USAGE(.BOTH.,#18149);
#18149 = SURFACE_SIDE_STYLE('',(#18150));
#18150 = SURFACE_STYLE_FILL_AREA(#18151);
#18151 = FILL_AREA_STYLE('',(#18152));
#18152 = FILL_AREA_STYLE_COLOUR('',#16126);
#18153 = STYLED_ITEM('color',(#18154),#4449);
#18154 = PRESENTATION_STYLE_ASSIGNMENT((#18155));
#18155 = SURFACE_STYLE_USAGE(.BOTH.,#18156);
#18156 = SURFACE_SIDE_STYLE('',(#18157));
#18157 = SURFACE_STYLE_FILL_AREA(#18158);
#18158 = FILL_AREA_STYLE('',(#18159));
#18159 = FILL_AREA_STYLE_COLOUR('',#16126);
#18160 = STYLED_ITEM('color',(#18161),#4466);
#18161 = PRESENTATION_STYLE_ASSIGNMENT((#18162));
#18162 = SURFACE_STYLE_USAGE(.BOTH.,#18163);
#18163 = SURFACE_SIDE_STYLE('',(#18164));
#18164 = SURFACE_STYLE_FILL_AREA(#18165);
#18165 = FILL_AREA_STYLE('',(#18166));
#18166 = FILL_AREA_STYLE_COLOUR('',#16126);
#18167 = STYLED_ITEM('color',(#18168),#4483);
#18168 = PRESENTATION_STYLE_ASSIGNMENT((#18169));
#18169 = SURFACE_STYLE_USAGE(.BOTH.,#18170);
#18170 = SURFACE_SIDE_STYLE('',(#18171));
#18171 = SURFACE_STYLE_FILL_AREA(#18172);
#18172 = FILL_AREA_STYLE('',(#18173));
#18173 = FILL_AREA_STYLE_COLOUR('',#16126);
#18174 = STYLED_ITEM('color',(#18175),#4500);
#18175 = PRESENTATION_STYLE_ASSIGNMENT((#18176));
#18176 = SURFACE_STYLE_USAGE(.BOTH.,#18177);
#18177 = SURFACE_SIDE_STYLE('',(#18178));
#18178 = SURFACE_STYLE_FILL_AREA(#18179);
#18179 = FILL_AREA_STYLE('',(#18180));
#18180 = FILL_AREA_STYLE_COLOUR('',#16126);
#18181 = STYLED_ITEM('color',(#18182),#4517);
#18182 = PRESENTATION_STYLE_ASSIGNMENT((#18183));
#18183 = SURFACE_STYLE_USAGE(.BOTH.,#18184);
#18184 = SURFACE_SIDE_STYLE('',(#18185));
#18185 = SURFACE_STYLE_FILL_AREA(#18186);
#18186 = FILL_AREA_STYLE('',(#18187));
#18187 = FILL_AREA_STYLE_COLOUR('',#16126);
#18188 = STYLED_ITEM('color',(#18189),#4534);
#18189 = PRESENTATION_STYLE_ASSIGNMENT((#18190));
#18190 = SURFACE_STYLE_USAGE(.BOTH.,#18191);
#18191 = SURFACE_SIDE_STYLE('',(#18192));
#18192 = SURFACE_STYLE_FILL_AREA(#18193);
#18193 = FILL_AREA_STYLE('',(#18194));
#18194 = FILL_AREA_STYLE_COLOUR('',#16126);
#18195 = STYLED_ITEM('color',(#18196),#4551);
#18196 = PRESENTATION_STYLE_ASSIGNMENT((#18197));
#18197 = SURFACE_STYLE_USAGE(.BOTH.,#18198);
#18198 = SURFACE_SIDE_STYLE('',(#18199));
#18199 = SURFACE_STYLE_FILL_AREA(#18200);
#18200 = FILL_AREA_STYLE('',(#18201));
#18201 = FILL_AREA_STYLE_COLOUR('',#16126);
#18202 = STYLED_ITEM('color',(#18203),#4568);
#18203 = PRESENTATION_STYLE_ASSIGNMENT((#18204));
#18204 = SURFACE_STYLE_USAGE(.BOTH.,#18205);
#18205 = SURFACE_SIDE_STYLE('',(#18206));
#18206 = SURFACE_STYLE_FILL_AREA(#18207);
#18207 = FILL_AREA_STYLE('',(#18208));
#18208 = FILL_AREA_STYLE_COLOUR('',#16126);
#18209 = STYLED_ITEM('color',(#18210),#4585);
#18210 = PRESENTATION_STYLE_ASSIGNMENT((#18211));
#18211 = SURFACE_STYLE_USAGE(.BOTH.,#18212);
#18212 = SURFACE_SIDE_STYLE('',(#18213));
#18213 = SURFACE_STYLE_FILL_AREA(#18214);
#18214 = FILL_AREA_STYLE('',(#18215));
#18215 = FILL_AREA_STYLE_COLOUR('',#16126);
#18216 = STYLED_ITEM('color',(#18217),#4602);
#18217 = PRESENTATION_STYLE_ASSIGNMENT((#18218));
#18218 = SURFACE_STYLE_USAGE(.BOTH.,#18219);
#18219 = SURFACE_SIDE_STYLE('',(#18220));
#18220 = SURFACE_STYLE_FILL_AREA(#18221);
#18221 = FILL_AREA_STYLE('',(#18222));
#18222 = FILL_AREA_STYLE_COLOUR('',#16126);
#18223 = STYLED_ITEM('color',(#18224),#4619);
#18224 = PRESENTATION_STYLE_ASSIGNMENT((#18225));
#18225 = SURFACE_STYLE_USAGE(.BOTH.,#18226);
#18226 = SURFACE_SIDE_STYLE('',(#18227));
#18227 = SURFACE_STYLE_FILL_AREA(#18228);
#18228 = FILL_AREA_STYLE('',(#18229));
#18229 = FILL_AREA_STYLE_COLOUR('',#16126);
#18230 = STYLED_ITEM('color',(#18231),#4636);
#18231 = PRESENTATION_STYLE_ASSIGNMENT((#18232));
#18232 = SURFACE_STYLE_USAGE(.BOTH.,#18233);
#18233 = SURFACE_SIDE_STYLE('',(#18234));
#18234 = SURFACE_STYLE_FILL_AREA(#18235);
#18235 = FILL_AREA_STYLE('',(#18236));
#18236 = FILL_AREA_STYLE_COLOUR('',#16126);
#18237 = STYLED_ITEM('color',(#18238),#4653);
#18238 = PRESENTATION_STYLE_ASSIGNMENT((#18239));
#18239 = SURFACE_STYLE_USAGE(.BOTH.,#18240);
#18240 = SURFACE_SIDE_STYLE('',(#18241));
#18241 = SURFACE_STYLE_FILL_AREA(#18242);
#18242 = FILL_AREA_STYLE('',(#18243));
#18243 = FILL_AREA_STYLE_COLOUR('',#16126);
#18244 = STYLED_ITEM('color',(#18245),#4665);
#18245 = PRESENTATION_STYLE_ASSIGNMENT((#18246));
#18246 = SURFACE_STYLE_USAGE(.BOTH.,#18247);
#18247 = SURFACE_SIDE_STYLE('',(#18248));
#18248 = SURFACE_STYLE_FILL_AREA(#18249);
#18249 = FILL_AREA_STYLE('',(#18250));
#18250 = FILL_AREA_STYLE_COLOUR('',#16126);
#18251 = STYLED_ITEM('color',(#18252),#4682);
#18252 = PRESENTATION_STYLE_ASSIGNMENT((#18253));
#18253 = SURFACE_STYLE_USAGE(.BOTH.,#18254);
#18254 = SURFACE_SIDE_STYLE('',(#18255));
#18255 = SURFACE_STYLE_FILL_AREA(#18256);
#18256 = FILL_AREA_STYLE('',(#18257));
#18257 = FILL_AREA_STYLE_COLOUR('',#16126);
#18258 = STYLED_ITEM('color',(#18259),#4699);
#18259 = PRESENTATION_STYLE_ASSIGNMENT((#18260));
#18260 = SURFACE_STYLE_USAGE(.BOTH.,#18261);
#18261 = SURFACE_SIDE_STYLE('',(#18262));
#18262 = SURFACE_STYLE_FILL_AREA(#18263);
#18263 = FILL_AREA_STYLE('',(#18264));
#18264 = FILL_AREA_STYLE_COLOUR('',#16126);
#18265 = STYLED_ITEM('color',(#18266),#4716);
#18266 = PRESENTATION_STYLE_ASSIGNMENT((#18267));
#18267 = SURFACE_STYLE_USAGE(.BOTH.,#18268);
#18268 = SURFACE_SIDE_STYLE('',(#18269));
#18269 = SURFACE_STYLE_FILL_AREA(#18270);
#18270 = FILL_AREA_STYLE('',(#18271));
#18271 = FILL_AREA_STYLE_COLOUR('',#16126);
#18272 = STYLED_ITEM('color',(#18273),#4762);
#18273 = PRESENTATION_STYLE_ASSIGNMENT((#18274));
#18274 = SURFACE_STYLE_USAGE(.BOTH.,#18275);
#18275 = SURFACE_SIDE_STYLE('',(#18276));
#18276 = SURFACE_STYLE_FILL_AREA(#18277);
#18277 = FILL_AREA_STYLE('',(#18278));
#18278 = FILL_AREA_STYLE_COLOUR('',#16126);
#18279 = STYLED_ITEM('color',(#18280),#4808);
#18280 = PRESENTATION_STYLE_ASSIGNMENT((#18281));
#18281 = SURFACE_STYLE_USAGE(.BOTH.,#18282);
#18282 = SURFACE_SIDE_STYLE('',(#18283));
#18283 = SURFACE_STYLE_FILL_AREA(#18284);
#18284 = FILL_AREA_STYLE('',(#18285));
#18285 = FILL_AREA_STYLE_COLOUR('',#16126);
#18286 = STYLED_ITEM('color',(#18287),#4854);
#18287 = PRESENTATION_STYLE_ASSIGNMENT((#18288));
#18288 = SURFACE_STYLE_USAGE(.BOTH.,#18289);
#18289 = SURFACE_SIDE_STYLE('',(#18290));
#18290 = SURFACE_STYLE_FILL_AREA(#18291);
#18291 = FILL_AREA_STYLE('',(#18292));
#18292 = FILL_AREA_STYLE_COLOUR('',#16442);
#18293 = STYLED_ITEM('color',(#18294),#4885);
#18294 = PRESENTATION_STYLE_ASSIGNMENT((#18295));
#18295 = SURFACE_STYLE_USAGE(.BOTH.,#18296);
#18296 = SURFACE_SIDE_STYLE('',(#18297));
#18297 = SURFACE_STYLE_FILL_AREA(#18298);
#18298 = FILL_AREA_STYLE('',(#18299));
#18299 = FILL_AREA_STYLE_COLOUR('',#16442);
#18300 = STYLED_ITEM('color',(#18301),#4909);
#18301 = PRESENTATION_STYLE_ASSIGNMENT((#18302));
#18302 = SURFACE_STYLE_USAGE(.BOTH.,#18303);
#18303 = SURFACE_SIDE_STYLE('',(#18304));
#18304 = SURFACE_STYLE_FILL_AREA(#18305);
#18305 = FILL_AREA_STYLE('',(#18306));
#18306 = FILL_AREA_STYLE_COLOUR('',#16442);
#18307 = STYLED_ITEM('color',(#18308),#4933);
#18308 = PRESENTATION_STYLE_ASSIGNMENT((#18309));
#18309 = SURFACE_STYLE_USAGE(.BOTH.,#18310);
#18310 = SURFACE_SIDE_STYLE('',(#18311));
#18311 = SURFACE_STYLE_FILL_AREA(#18312);
#18312 = FILL_AREA_STYLE('',(#18313));
#18313 = FILL_AREA_STYLE_COLOUR('',#16442);
#18314 = STYLED_ITEM('color',(#18315),#4950);
#18315 = PRESENTATION_STYLE_ASSIGNMENT((#18316));
#18316 = SURFACE_STYLE_USAGE(.BOTH.,#18317);
#18317 = SURFACE_SIDE_STYLE('',(#18318));
#18318 = SURFACE_STYLE_FILL_AREA(#18319);
#18319 = FILL_AREA_STYLE('',(#18320));
#18320 = FILL_AREA_STYLE_COLOUR('',#16442);
#18321 = STYLED_ITEM('color',(#18322),#4981);
#18322 = PRESENTATION_STYLE_ASSIGNMENT((#18323));
#18323 = SURFACE_STYLE_USAGE(.BOTH.,#18324);
#18324 = SURFACE_SIDE_STYLE('',(#18325));
#18325 = SURFACE_STYLE_FILL_AREA(#18326);
#18326 = FILL_AREA_STYLE('',(#18327));
#18327 = FILL_AREA_STYLE_COLOUR('',#16442);
#18328 = STYLED_ITEM('color',(#18329),#5005);
#18329 = PRESENTATION_STYLE_ASSIGNMENT((#18330));
#18330 = SURFACE_STYLE_USAGE(.BOTH.,#18331);
#18331 = SURFACE_SIDE_STYLE('',(#18332));
#18332 = SURFACE_STYLE_FILL_AREA(#18333);
#18333 = FILL_AREA_STYLE('',(#18334));
#18334 = FILL_AREA_STYLE_COLOUR('',#16442);
#18335 = STYLED_ITEM('color',(#18336),#5029);
#18336 = PRESENTATION_STYLE_ASSIGNMENT((#18337));
#18337 = SURFACE_STYLE_USAGE(.BOTH.,#18338);
#18338 = SURFACE_SIDE_STYLE('',(#18339));
#18339 = SURFACE_STYLE_FILL_AREA(#18340);
#18340 = FILL_AREA_STYLE('',(#18341));
#18341 = FILL_AREA_STYLE_COLOUR('',#16442);
#18342 = STYLED_ITEM('color',(#18343),#5046);
#18343 = PRESENTATION_STYLE_ASSIGNMENT((#18344));
#18344 = SURFACE_STYLE_USAGE(.BOTH.,#18345);
#18345 = SURFACE_SIDE_STYLE('',(#18346));
#18346 = SURFACE_STYLE_FILL_AREA(#18347);
#18347 = FILL_AREA_STYLE('',(#18348));
#18348 = FILL_AREA_STYLE_COLOUR('',#16442);
#18349 = STYLED_ITEM('color',(#18350),#5077);
#18350 = PRESENTATION_STYLE_ASSIGNMENT((#18351));
#18351 = SURFACE_STYLE_USAGE(.BOTH.,#18352);
#18352 = SURFACE_SIDE_STYLE('',(#18353));
#18353 = SURFACE_STYLE_FILL_AREA(#18354);
#18354 = FILL_AREA_STYLE('',(#18355));
#18355 = FILL_AREA_STYLE_COLOUR('',#16442);
#18356 = STYLED_ITEM('color',(#18357),#5101);
#18357 = PRESENTATION_STYLE_ASSIGNMENT((#18358));
#18358 = SURFACE_STYLE_USAGE(.BOTH.,#18359);
#18359 = SURFACE_SIDE_STYLE('',(#18360));
#18360 = SURFACE_STYLE_FILL_AREA(#18361);
#18361 = FILL_AREA_STYLE('',(#18362));
#18362 = FILL_AREA_STYLE_COLOUR('',#16442);
#18363 = STYLED_ITEM('color',(#18364),#5125);
#18364 = PRESENTATION_STYLE_ASSIGNMENT((#18365));
#18365 = SURFACE_STYLE_USAGE(.BOTH.,#18366);
#18366 = SURFACE_SIDE_STYLE('',(#18367));
#18367 = SURFACE_STYLE_FILL_AREA(#18368);
#18368 = FILL_AREA_STYLE('',(#18369));
#18369 = FILL_AREA_STYLE_COLOUR('',#16442);
#18370 = STYLED_ITEM('color',(#18371),#5142);
#18371 = PRESENTATION_STYLE_ASSIGNMENT((#18372));
#18372 = SURFACE_STYLE_USAGE(.BOTH.,#18373);
#18373 = SURFACE_SIDE_STYLE('',(#18374));
#18374 = SURFACE_STYLE_FILL_AREA(#18375);
#18375 = FILL_AREA_STYLE('',(#18376));
#18376 = FILL_AREA_STYLE_COLOUR('',#16442);
#18377 = STYLED_ITEM('color',(#18378),#5205);
#18378 = PRESENTATION_STYLE_ASSIGNMENT((#18379));
#18379 = SURFACE_STYLE_USAGE(.BOTH.,#18380);
#18380 = SURFACE_SIDE_STYLE('',(#18381));
#18381 = SURFACE_STYLE_FILL_AREA(#18382);
#18382 = FILL_AREA_STYLE('',(#18383));
#18383 = FILL_AREA_STYLE_COLOUR('',#16442);
#18384 = STYLED_ITEM('color',(#18385),#5229);
#18385 = PRESENTATION_STYLE_ASSIGNMENT((#18386));
#18386 = SURFACE_STYLE_USAGE(.BOTH.,#18387);
#18387 = SURFACE_SIDE_STYLE('',(#18388));
#18388 = SURFACE_STYLE_FILL_AREA(#18389);
#18389 = FILL_AREA_STYLE('',(#18390));
#18390 = FILL_AREA_STYLE_COLOUR('',#16442);
#18391 = STYLED_ITEM('color',(#18392),#5285);
#18392 = PRESENTATION_STYLE_ASSIGNMENT((#18393));
#18393 = SURFACE_STYLE_USAGE(.BOTH.,#18394);
#18394 = SURFACE_SIDE_STYLE('',(#18395));
#18395 = SURFACE_STYLE_FILL_AREA(#18396);
#18396 = FILL_AREA_STYLE('',(#18397));
#18397 = FILL_AREA_STYLE_COLOUR('',#16442);
#18398 = STYLED_ITEM('color',(#18399),#5302);
#18399 = PRESENTATION_STYLE_ASSIGNMENT((#18400));
#18400 = SURFACE_STYLE_USAGE(.BOTH.,#18401);
#18401 = SURFACE_SIDE_STYLE('',(#18402));
#18402 = SURFACE_STYLE_FILL_AREA(#18403);
#18403 = FILL_AREA_STYLE('',(#18404));
#18404 = FILL_AREA_STYLE_COLOUR('',#16442);
#18405 = STYLED_ITEM('color',(#18406),#5333);
#18406 = PRESENTATION_STYLE_ASSIGNMENT((#18407));
#18407 = SURFACE_STYLE_USAGE(.BOTH.,#18408);
#18408 = SURFACE_SIDE_STYLE('',(#18409));
#18409 = SURFACE_STYLE_FILL_AREA(#18410);
#18410 = FILL_AREA_STYLE('',(#18411));
#18411 = FILL_AREA_STYLE_COLOUR('',#16442);
#18412 = STYLED_ITEM('color',(#18413),#5357);
#18413 = PRESENTATION_STYLE_ASSIGNMENT((#18414));
#18414 = SURFACE_STYLE_USAGE(.BOTH.,#18415);
#18415 = SURFACE_SIDE_STYLE('',(#18416));
#18416 = SURFACE_STYLE_FILL_AREA(#18417);
#18417 = FILL_AREA_STYLE('',(#18418));
#18418 = FILL_AREA_STYLE_COLOUR('',#16442);
#18419 = STYLED_ITEM('color',(#18420),#5381);
#18420 = PRESENTATION_STYLE_ASSIGNMENT((#18421));
#18421 = SURFACE_STYLE_USAGE(.BOTH.,#18422);
#18422 = SURFACE_SIDE_STYLE('',(#18423));
#18423 = SURFACE_STYLE_FILL_AREA(#18424);
#18424 = FILL_AREA_STYLE('',(#18425));
#18425 = FILL_AREA_STYLE_COLOUR('',#16442);
#18426 = STYLED_ITEM('color',(#18427),#5398);
#18427 = PRESENTATION_STYLE_ASSIGNMENT((#18428));
#18428 = SURFACE_STYLE_USAGE(.BOTH.,#18429);
#18429 = SURFACE_SIDE_STYLE('',(#18430));
#18430 = SURFACE_STYLE_FILL_AREA(#18431);
#18431 = FILL_AREA_STYLE('',(#18432));
#18432 = FILL_AREA_STYLE_COLOUR('',#16442);
#18433 = STYLED_ITEM('color',(#18434),#5461);
#18434 = PRESENTATION_STYLE_ASSIGNMENT((#18435));
#18435 = SURFACE_STYLE_USAGE(.BOTH.,#18436);
#18436 = SURFACE_SIDE_STYLE('',(#18437));
#18437 = SURFACE_STYLE_FILL_AREA(#18438);
#18438 = FILL_AREA_STYLE('',(#18439));
#18439 = FILL_AREA_STYLE_COLOUR('',#16442);
#18440 = STYLED_ITEM('color',(#18441),#5485);
#18441 = PRESENTATION_STYLE_ASSIGNMENT((#18442));
#18442 = SURFACE_STYLE_USAGE(.BOTH.,#18443);
#18443 = SURFACE_SIDE_STYLE('',(#18444));
#18444 = SURFACE_STYLE_FILL_AREA(#18445);
#18445 = FILL_AREA_STYLE('',(#18446));
#18446 = FILL_AREA_STYLE_COLOUR('',#16442);
#18447 = STYLED_ITEM('color',(#18448),#5541);
#18448 = PRESENTATION_STYLE_ASSIGNMENT((#18449));
#18449 = SURFACE_STYLE_USAGE(.BOTH.,#18450);
#18450 = SURFACE_SIDE_STYLE('',(#18451));
#18451 = SURFACE_STYLE_FILL_AREA(#18452);
#18452 = FILL_AREA_STYLE('',(#18453));
#18453 = FILL_AREA_STYLE_COLOUR('',#16442);
#18454 = STYLED_ITEM('color',(#18455),#5558);
#18455 = PRESENTATION_STYLE_ASSIGNMENT((#18456));
#18456 = SURFACE_STYLE_USAGE(.BOTH.,#18457);
#18457 = SURFACE_SIDE_STYLE('',(#18458));
#18458 = SURFACE_STYLE_FILL_AREA(#18459);
#18459 = FILL_AREA_STYLE('',(#18460));
#18460 = FILL_AREA_STYLE_COLOUR('',#16442);
#18461 = STYLED_ITEM('color',(#18462),#5589);
#18462 = PRESENTATION_STYLE_ASSIGNMENT((#18463));
#18463 = SURFACE_STYLE_USAGE(.BOTH.,#18464);
#18464 = SURFACE_SIDE_STYLE('',(#18465));
#18465 = SURFACE_STYLE_FILL_AREA(#18466);
#18466 = FILL_AREA_STYLE('',(#18467));
#18467 = FILL_AREA_STYLE_COLOUR('',#16442);
#18468 = STYLED_ITEM('color',(#18469),#5613);
#18469 = PRESENTATION_STYLE_ASSIGNMENT((#18470));
#18470 = SURFACE_STYLE_USAGE(.BOTH.,#18471);
#18471 = SURFACE_SIDE_STYLE('',(#18472));
#18472 = SURFACE_STYLE_FILL_AREA(#18473);
#18473 = FILL_AREA_STYLE('',(#18474));
#18474 = FILL_AREA_STYLE_COLOUR('',#16442);
#18475 = STYLED_ITEM('color',(#18476),#5637);
#18476 = PRESENTATION_STYLE_ASSIGNMENT((#18477));
#18477 = SURFACE_STYLE_USAGE(.BOTH.,#18478);
#18478 = SURFACE_SIDE_STYLE('',(#18479));
#18479 = SURFACE_STYLE_FILL_AREA(#18480);
#18480 = FILL_AREA_STYLE('',(#18481));
#18481 = FILL_AREA_STYLE_COLOUR('',#16442);
#18482 = STYLED_ITEM('color',(#18483),#5654);
#18483 = PRESENTATION_STYLE_ASSIGNMENT((#18484));
#18484 = SURFACE_STYLE_USAGE(.BOTH.,#18485);
#18485 = SURFACE_SIDE_STYLE('',(#18486));
#18486 = SURFACE_STYLE_FILL_AREA(#18487);
#18487 = FILL_AREA_STYLE('',(#18488));
#18488 = FILL_AREA_STYLE_COLOUR('',#16442);
#18489 = STYLED_ITEM('color',(#18490),#5685);
#18490 = PRESENTATION_STYLE_ASSIGNMENT((#18491));
#18491 = SURFACE_STYLE_USAGE(.BOTH.,#18492);
#18492 = SURFACE_SIDE_STYLE('',(#18493));
#18493 = SURFACE_STYLE_FILL_AREA(#18494);
#18494 = FILL_AREA_STYLE('',(#18495));
#18495 = FILL_AREA_STYLE_COLOUR('',#16442);
#18496 = STYLED_ITEM('color',(#18497),#5709);
#18497 = PRESENTATION_STYLE_ASSIGNMENT((#18498));
#18498 = SURFACE_STYLE_USAGE(.BOTH.,#18499);
#18499 = SURFACE_SIDE_STYLE('',(#18500));
#18500 = SURFACE_STYLE_FILL_AREA(#18501);
#18501 = FILL_AREA_STYLE('',(#18502));
#18502 = FILL_AREA_STYLE_COLOUR('',#16442);
#18503 = STYLED_ITEM('color',(#18504),#5733);
#18504 = PRESENTATION_STYLE_ASSIGNMENT((#18505));
#18505 = SURFACE_STYLE_USAGE(.BOTH.,#18506);
#18506 = SURFACE_SIDE_STYLE('',(#18507));
#18507 = SURFACE_STYLE_FILL_AREA(#18508);
#18508 = FILL_AREA_STYLE('',(#18509));
#18509 = FILL_AREA_STYLE_COLOUR('',#16442);
#18510 = STYLED_ITEM('color',(#18511),#5750);
#18511 = PRESENTATION_STYLE_ASSIGNMENT((#18512));
#18512 = SURFACE_STYLE_USAGE(.BOTH.,#18513);
#18513 = SURFACE_SIDE_STYLE('',(#18514));
#18514 = SURFACE_STYLE_FILL_AREA(#18515);
#18515 = FILL_AREA_STYLE('',(#18516));
#18516 = FILL_AREA_STYLE_COLOUR('',#16442);
#18517 = STYLED_ITEM('color',(#18518),#5781);
#18518 = PRESENTATION_STYLE_ASSIGNMENT((#18519));
#18519 = SURFACE_STYLE_USAGE(.BOTH.,#18520);
#18520 = SURFACE_SIDE_STYLE('',(#18521));
#18521 = SURFACE_STYLE_FILL_AREA(#18522);
#18522 = FILL_AREA_STYLE('',(#18523));
#18523 = FILL_AREA_STYLE_COLOUR('',#16442);
#18524 = STYLED_ITEM('color',(#18525),#5805);
#18525 = PRESENTATION_STYLE_ASSIGNMENT((#18526));
#18526 = SURFACE_STYLE_USAGE(.BOTH.,#18527);
#18527 = SURFACE_SIDE_STYLE('',(#18528));
#18528 = SURFACE_STYLE_FILL_AREA(#18529);
#18529 = FILL_AREA_STYLE('',(#18530));
#18530 = FILL_AREA_STYLE_COLOUR('',#16442);
#18531 = STYLED_ITEM('color',(#18532),#5829);
#18532 = PRESENTATION_STYLE_ASSIGNMENT((#18533));
#18533 = SURFACE_STYLE_USAGE(.BOTH.,#18534);
#18534 = SURFACE_SIDE_STYLE('',(#18535));
#18535 = SURFACE_STYLE_FILL_AREA(#18536);
#18536 = FILL_AREA_STYLE('',(#18537));
#18537 = FILL_AREA_STYLE_COLOUR('',#16442);
#18538 = STYLED_ITEM('color',(#18539),#5846);
#18539 = PRESENTATION_STYLE_ASSIGNMENT((#18540));
#18540 = SURFACE_STYLE_USAGE(.BOTH.,#18541);
#18541 = SURFACE_SIDE_STYLE('',(#18542));
#18542 = SURFACE_STYLE_FILL_AREA(#18543);
#18543 = FILL_AREA_STYLE('',(#18544));
#18544 = FILL_AREA_STYLE_COLOUR('',#16442);
#18545 = STYLED_ITEM('color',(#18546),#5893);
#18546 = PRESENTATION_STYLE_ASSIGNMENT((#18547));
#18547 = SURFACE_STYLE_USAGE(.BOTH.,#18548);
#18548 = SURFACE_SIDE_STYLE('',(#18549));
#18549 = SURFACE_STYLE_FILL_AREA(#18550);
#18550 = FILL_AREA_STYLE('',(#18551));
#18551 = FILL_AREA_STYLE_COLOUR('',#16442);
#18552 = STYLED_ITEM('color',(#18553),#5924);
#18553 = PRESENTATION_STYLE_ASSIGNMENT((#18554));
#18554 = SURFACE_STYLE_USAGE(.BOTH.,#18555);
#18555 = SURFACE_SIDE_STYLE('',(#18556));
#18556 = SURFACE_STYLE_FILL_AREA(#18557);
#18557 = FILL_AREA_STYLE('',(#18558));
#18558 = FILL_AREA_STYLE_COLOUR('',#16442);
#18559 = STYLED_ITEM('color',(#18560),#5936);
#18560 = PRESENTATION_STYLE_ASSIGNMENT((#18561));
#18561 = SURFACE_STYLE_USAGE(.BOTH.,#18562);
#18562 = SURFACE_SIDE_STYLE('',(#18563));
#18563 = SURFACE_STYLE_FILL_AREA(#18564);
#18564 = FILL_AREA_STYLE('',(#18565));
#18565 = FILL_AREA_STYLE_COLOUR('',#16442);
#18566 = STYLED_ITEM('color',(#18567),#5953);
#18567 = PRESENTATION_STYLE_ASSIGNMENT((#18568));
#18568 = SURFACE_STYLE_USAGE(.BOTH.,#18569);
#18569 = SURFACE_SIDE_STYLE('',(#18570));
#18570 = SURFACE_STYLE_FILL_AREA(#18571);
#18571 = FILL_AREA_STYLE('',(#18572));
#18572 = FILL_AREA_STYLE_COLOUR('',#16442);
#18573 = STYLED_ITEM('color',(#18574),#5979);
#18574 = PRESENTATION_STYLE_ASSIGNMENT((#18575));
#18575 = SURFACE_STYLE_USAGE(.BOTH.,#18576);
#18576 = SURFACE_SIDE_STYLE('',(#18577));
#18577 = SURFACE_STYLE_FILL_AREA(#18578);
#18578 = FILL_AREA_STYLE('',(#18579));
#18579 = FILL_AREA_STYLE_COLOUR('',#16442);
#18580 = STYLED_ITEM('color',(#18581),#6012);
#18581 = PRESENTATION_STYLE_ASSIGNMENT((#18582));
#18582 = SURFACE_STYLE_USAGE(.BOTH.,#18583);
#18583 = SURFACE_SIDE_STYLE('',(#18584));
#18584 = SURFACE_STYLE_FILL_AREA(#18585);
#18585 = FILL_AREA_STYLE('',(#18586));
#18586 = FILL_AREA_STYLE_COLOUR('',#16442);
#18587 = STYLED_ITEM('color',(#18588),#6043);
#18588 = PRESENTATION_STYLE_ASSIGNMENT((#18589));
#18589 = SURFACE_STYLE_USAGE(.BOTH.,#18590);
#18590 = SURFACE_SIDE_STYLE('',(#18591));
#18591 = SURFACE_STYLE_FILL_AREA(#18592);
#18592 = FILL_AREA_STYLE('',(#18593));
#18593 = FILL_AREA_STYLE_COLOUR('',#16442);
#18594 = STYLED_ITEM('color',(#18595),#6067);
#18595 = PRESENTATION_STYLE_ASSIGNMENT((#18596));
#18596 = SURFACE_STYLE_USAGE(.BOTH.,#18597);
#18597 = SURFACE_SIDE_STYLE('',(#18598));
#18598 = SURFACE_STYLE_FILL_AREA(#18599);
#18599 = FILL_AREA_STYLE('',(#18600));
#18600 = FILL_AREA_STYLE_COLOUR('',#16442);
#18601 = STYLED_ITEM('color',(#18602),#6091);
#18602 = PRESENTATION_STYLE_ASSIGNMENT((#18603));
#18603 = SURFACE_STYLE_USAGE(.BOTH.,#18604);
#18604 = SURFACE_SIDE_STYLE('',(#18605));
#18605 = SURFACE_STYLE_FILL_AREA(#18606);
#18606 = FILL_AREA_STYLE('',(#18607));
#18607 = FILL_AREA_STYLE_COLOUR('',#16442);
#18608 = STYLED_ITEM('color',(#18609),#6108);
#18609 = PRESENTATION_STYLE_ASSIGNMENT((#18610));
#18610 = SURFACE_STYLE_USAGE(.BOTH.,#18611);
#18611 = SURFACE_SIDE_STYLE('',(#18612));
#18612 = SURFACE_STYLE_FILL_AREA(#18613);
#18613 = FILL_AREA_STYLE('',(#18614));
#18614 = FILL_AREA_STYLE_COLOUR('',#16442);
#18615 = STYLED_ITEM('color',(#18616),#6155);
#18616 = PRESENTATION_STYLE_ASSIGNMENT((#18617));
#18617 = SURFACE_STYLE_USAGE(.BOTH.,#18618);
#18618 = SURFACE_SIDE_STYLE('',(#18619));
#18619 = SURFACE_STYLE_FILL_AREA(#18620);
#18620 = FILL_AREA_STYLE('',(#18621));
#18621 = FILL_AREA_STYLE_COLOUR('',#16442);
#18622 = STYLED_ITEM('color',(#18623),#6186);
#18623 = PRESENTATION_STYLE_ASSIGNMENT((#18624));
#18624 = SURFACE_STYLE_USAGE(.BOTH.,#18625);
#18625 = SURFACE_SIDE_STYLE('',(#18626));
#18626 = SURFACE_STYLE_FILL_AREA(#18627);
#18627 = FILL_AREA_STYLE('',(#18628));
#18628 = FILL_AREA_STYLE_COLOUR('',#16442);
#18629 = STYLED_ITEM('color',(#18630),#6198);
#18630 = PRESENTATION_STYLE_ASSIGNMENT((#18631));
#18631 = SURFACE_STYLE_USAGE(.BOTH.,#18632);
#18632 = SURFACE_SIDE_STYLE('',(#18633));
#18633 = SURFACE_STYLE_FILL_AREA(#18634);
#18634 = FILL_AREA_STYLE('',(#18635));
#18635 = FILL_AREA_STYLE_COLOUR('',#16442);
#18636 = STYLED_ITEM('color',(#18637),#6215);
#18637 = PRESENTATION_STYLE_ASSIGNMENT((#18638));
#18638 = SURFACE_STYLE_USAGE(.BOTH.,#18639);
#18639 = SURFACE_SIDE_STYLE('',(#18640));
#18640 = SURFACE_STYLE_FILL_AREA(#18641);
#18641 = FILL_AREA_STYLE('',(#18642));
#18642 = FILL_AREA_STYLE_COLOUR('',#16442);
#18643 = STYLED_ITEM('color',(#18644),#6241);
#18644 = PRESENTATION_STYLE_ASSIGNMENT((#18645));
#18645 = SURFACE_STYLE_USAGE(.BOTH.,#18646);
#18646 = SURFACE_SIDE_STYLE('',(#18647));
#18647 = SURFACE_STYLE_FILL_AREA(#18648);
#18648 = FILL_AREA_STYLE('',(#18649));
#18649 = FILL_AREA_STYLE_COLOUR('',#16442);
#18650 = STYLED_ITEM('color',(#18651),#6274);
#18651 = PRESENTATION_STYLE_ASSIGNMENT((#18652));
#18652 = SURFACE_STYLE_USAGE(.BOTH.,#18653);
#18653 = SURFACE_SIDE_STYLE('',(#18654));
#18654 = SURFACE_STYLE_FILL_AREA(#18655);
#18655 = FILL_AREA_STYLE('',(#18656));
#18656 = FILL_AREA_STYLE_COLOUR('',#16442);
#18657 = STYLED_ITEM('color',(#18658),#6286);
#18658 = PRESENTATION_STYLE_ASSIGNMENT((#18659));
#18659 = SURFACE_STYLE_USAGE(.BOTH.,#18660);
#18660 = SURFACE_SIDE_STYLE('',(#18661));
#18661 = SURFACE_STYLE_FILL_AREA(#18662);
#18662 = FILL_AREA_STYLE('',(#18663));
#18663 = FILL_AREA_STYLE_COLOUR('',#16442);
#18664 = STYLED_ITEM('color',(#18665),#6298);
#18665 = PRESENTATION_STYLE_ASSIGNMENT((#18666));
#18666 = SURFACE_STYLE_USAGE(.BOTH.,#18667);
#18667 = SURFACE_SIDE_STYLE('',(#18668));
#18668 = SURFACE_STYLE_FILL_AREA(#18669);
#18669 = FILL_AREA_STYLE('',(#18670));
#18670 = FILL_AREA_STYLE_COLOUR('',#16442);
#18671 = STYLED_ITEM('color',(#18672),#6310);
#18672 = PRESENTATION_STYLE_ASSIGNMENT((#18673));
#18673 = SURFACE_STYLE_USAGE(.BOTH.,#18674);
#18674 = SURFACE_SIDE_STYLE('',(#18675));
#18675 = SURFACE_STYLE_FILL_AREA(#18676);
#18676 = FILL_AREA_STYLE('',(#18677));
#18677 = FILL_AREA_STYLE_COLOUR('',#16442);
#18678 = STYLED_ITEM('color',(#18679),#6327);
#18679 = PRESENTATION_STYLE_ASSIGNMENT((#18680));
#18680 = SURFACE_STYLE_USAGE(.BOTH.,#18681);
#18681 = SURFACE_SIDE_STYLE('',(#18682));
#18682 = SURFACE_STYLE_FILL_AREA(#18683);
#18683 = FILL_AREA_STYLE('',(#18684));
#18684 = FILL_AREA_STYLE_COLOUR('',#16442);
#18685 = STYLED_ITEM('color',(#18686),#6344);
#18686 = PRESENTATION_STYLE_ASSIGNMENT((#18687));
#18687 = SURFACE_STYLE_USAGE(.BOTH.,#18688);
#18688 = SURFACE_SIDE_STYLE('',(#18689));
#18689 = SURFACE_STYLE_FILL_AREA(#18690);
#18690 = FILL_AREA_STYLE('',(#18691));
#18691 = FILL_AREA_STYLE_COLOUR('',#16442);
#18692 = STYLED_ITEM('color',(#18693),#6356);
#18693 = PRESENTATION_STYLE_ASSIGNMENT((#18694));
#18694 = SURFACE_STYLE_USAGE(.BOTH.,#18695);
#18695 = SURFACE_SIDE_STYLE('',(#18696));
#18696 = SURFACE_STYLE_FILL_AREA(#18697);
#18697 = FILL_AREA_STYLE('',(#18698));
#18698 = FILL_AREA_STYLE_COLOUR('',#16442);
#18699 = STYLED_ITEM('color',(#18700),#6368);
#18700 = PRESENTATION_STYLE_ASSIGNMENT((#18701));
#18701 = SURFACE_STYLE_USAGE(.BOTH.,#18702);
#18702 = SURFACE_SIDE_STYLE('',(#18703));
#18703 = SURFACE_STYLE_FILL_AREA(#18704);
#18704 = FILL_AREA_STYLE('',(#18705));
#18705 = FILL_AREA_STYLE_COLOUR('',#16442);
#18706 = STYLED_ITEM('color',(#18707),#6385);
#18707 = PRESENTATION_STYLE_ASSIGNMENT((#18708));
#18708 = SURFACE_STYLE_USAGE(.BOTH.,#18709);
#18709 = SURFACE_SIDE_STYLE('',(#18710));
#18710 = SURFACE_STYLE_FILL_AREA(#18711);
#18711 = FILL_AREA_STYLE('',(#18712));
#18712 = FILL_AREA_STYLE_COLOUR('',#16442);
#18713 = STYLED_ITEM('color',(#18714),#6402);
#18714 = PRESENTATION_STYLE_ASSIGNMENT((#18715));
#18715 = SURFACE_STYLE_USAGE(.BOTH.,#18716);
#18716 = SURFACE_SIDE_STYLE('',(#18717));
#18717 = SURFACE_STYLE_FILL_AREA(#18718);
#18718 = FILL_AREA_STYLE('',(#18719));
#18719 = FILL_AREA_STYLE_COLOUR('',#16442);
#18720 = MECHANICAL_DESIGN_GEOMETRIC_PRESENTATION_REPRESENTATION('',(
    #18721,#18729,#18736,#18743,#18750,#18757,#18764,#18771,#18778,
    #18785,#18792,#18799,#18806,#18813,#18820,#18827,#18834,#18841,
    #18848,#18855,#18862,#18869,#18876,#18884,#18891,#18898,#18905,
    #18912,#18919,#18926,#18933,#18940,#18947,#18954,#18961,#18968,
    #18975,#18982,#18989,#18996,#19003,#19010,#19017,#19024,#19031,
    #19038,#19045,#19052,#19059,#19066,#19073,#19080,#19087,#19094,
    #19101,#19108,#19115,#19122,#19129,#19136,#19143,#19150,#19157,
    #19164,#19171,#19178,#19185,#19192,#19199,#19206,#19213,#19220,
    #19227,#19234,#19241,#19248),#2874);
#18721 = STYLED_ITEM('color',(#18722),#770);
#18722 = PRESENTATION_STYLE_ASSIGNMENT((#18723));
#18723 = SURFACE_STYLE_USAGE(.BOTH.,#18724);
#18724 = SURFACE_SIDE_STYLE('',(#18725));
#18725 = SURFACE_STYLE_FILL_AREA(#18726);
#18726 = FILL_AREA_STYLE('',(#18727));
#18727 = FILL_AREA_STYLE_COLOUR('',#18728);
#18728 = COLOUR_RGB('',0.147999998088,0.144999993226,0.144999993226);
#18729 = STYLED_ITEM('color',(#18730),#810);
#18730 = PRESENTATION_STYLE_ASSIGNMENT((#18731));
#18731 = SURFACE_STYLE_USAGE(.BOTH.,#18732);
#18732 = SURFACE_SIDE_STYLE('',(#18733));
#18733 = SURFACE_STYLE_FILL_AREA(#18734);
#18734 = FILL_AREA_STYLE('',(#18735));
#18735 = FILL_AREA_STYLE_COLOUR('',#18728);
#18736 = STYLED_ITEM('color',(#18737),#841);
#18737 = PRESENTATION_STYLE_ASSIGNMENT((#18738));
#18738 = SURFACE_STYLE_USAGE(.BOTH.,#18739);
#18739 = SURFACE_SIDE_STYLE('',(#18740));
#18740 = SURFACE_STYLE_FILL_AREA(#18741);
#18741 = FILL_AREA_STYLE('',(#18742));
#18742 = FILL_AREA_STYLE_COLOUR('',#18728);
#18743 = STYLED_ITEM('color',(#18744),#872);
#18744 = PRESENTATION_STYLE_ASSIGNMENT((#18745));
#18745 = SURFACE_STYLE_USAGE(.BOTH.,#18746);
#18746 = SURFACE_SIDE_STYLE('',(#18747));
#18747 = SURFACE_STYLE_FILL_AREA(#18748);
#18748 = FILL_AREA_STYLE('',(#18749));
#18749 = FILL_AREA_STYLE_COLOUR('',#18728);
#18750 = STYLED_ITEM('color',(#18751),#1119);
#18751 = PRESENTATION_STYLE_ASSIGNMENT((#18752));
#18752 = SURFACE_STYLE_USAGE(.BOTH.,#18753);
#18753 = SURFACE_SIDE_STYLE('',(#18754));
#18754 = SURFACE_STYLE_FILL_AREA(#18755);
#18755 = FILL_AREA_STYLE('',(#18756));
#18756 = FILL_AREA_STYLE_COLOUR('',#18728);
#18757 = STYLED_ITEM('color',(#18758),#1366);
#18758 = PRESENTATION_STYLE_ASSIGNMENT((#18759));
#18759 = SURFACE_STYLE_USAGE(.BOTH.,#18760);
#18760 = SURFACE_SIDE_STYLE('',(#18761));
#18761 = SURFACE_STYLE_FILL_AREA(#18762);
#18762 = FILL_AREA_STYLE('',(#18763));
#18763 = FILL_AREA_STYLE_COLOUR('',#18728);
#18764 = STYLED_ITEM('color',(#18765),#1383);
#18765 = PRESENTATION_STYLE_ASSIGNMENT((#18766));
#18766 = SURFACE_STYLE_USAGE(.BOTH.,#18767);
#18767 = SURFACE_SIDE_STYLE('',(#18768));
#18768 = SURFACE_STYLE_FILL_AREA(#18769);
#18769 = FILL_AREA_STYLE('',(#18770));
#18770 = FILL_AREA_STYLE_COLOUR('',#18728);
#18771 = STYLED_ITEM('color',(#18772),#1400);
#18772 = PRESENTATION_STYLE_ASSIGNMENT((#18773));
#18773 = SURFACE_STYLE_USAGE(.BOTH.,#18774);
#18774 = SURFACE_SIDE_STYLE('',(#18775));
#18775 = SURFACE_STYLE_FILL_AREA(#18776);
#18776 = FILL_AREA_STYLE('',(#18777));
#18777 = FILL_AREA_STYLE_COLOUR('',#18728);
#18778 = STYLED_ITEM('color',(#18779),#1417);
#18779 = PRESENTATION_STYLE_ASSIGNMENT((#18780));
#18780 = SURFACE_STYLE_USAGE(.BOTH.,#18781);
#18781 = SURFACE_SIDE_STYLE('',(#18782));
#18782 = SURFACE_STYLE_FILL_AREA(#18783);
#18783 = FILL_AREA_STYLE('',(#18784));
#18784 = FILL_AREA_STYLE_COLOUR('',#18728);
#18785 = STYLED_ITEM('color',(#18786),#1434);
#18786 = PRESENTATION_STYLE_ASSIGNMENT((#18787));
#18787 = SURFACE_STYLE_USAGE(.BOTH.,#18788);
#18788 = SURFACE_SIDE_STYLE('',(#18789));
#18789 = SURFACE_STYLE_FILL_AREA(#18790);
#18790 = FILL_AREA_STYLE('',(#18791));
#18791 = FILL_AREA_STYLE_COLOUR('',#18728);
#18792 = STYLED_ITEM('color',(#18793),#1451);
#18793 = PRESENTATION_STYLE_ASSIGNMENT((#18794));
#18794 = SURFACE_STYLE_USAGE(.BOTH.,#18795);
#18795 = SURFACE_SIDE_STYLE('',(#18796));
#18796 = SURFACE_STYLE_FILL_AREA(#18797);
#18797 = FILL_AREA_STYLE('',(#18798));
#18798 = FILL_AREA_STYLE_COLOUR('',#18728);
#18799 = STYLED_ITEM('color',(#18800),#1468);
#18800 = PRESENTATION_STYLE_ASSIGNMENT((#18801));
#18801 = SURFACE_STYLE_USAGE(.BOTH.,#18802);
#18802 = SURFACE_SIDE_STYLE('',(#18803));
#18803 = SURFACE_STYLE_FILL_AREA(#18804);
#18804 = FILL_AREA_STYLE('',(#18805));
#18805 = FILL_AREA_STYLE_COLOUR('',#18728);
#18806 = STYLED_ITEM('color',(#18807),#1485);
#18807 = PRESENTATION_STYLE_ASSIGNMENT((#18808));
#18808 = SURFACE_STYLE_USAGE(.BOTH.,#18809);
#18809 = SURFACE_SIDE_STYLE('',(#18810));
#18810 = SURFACE_STYLE_FILL_AREA(#18811);
#18811 = FILL_AREA_STYLE('',(#18812));
#18812 = FILL_AREA_STYLE_COLOUR('',#18728);
#18813 = STYLED_ITEM('color',(#18814),#1502);
#18814 = PRESENTATION_STYLE_ASSIGNMENT((#18815));
#18815 = SURFACE_STYLE_USAGE(.BOTH.,#18816);
#18816 = SURFACE_SIDE_STYLE('',(#18817));
#18817 = SURFACE_STYLE_FILL_AREA(#18818);
#18818 = FILL_AREA_STYLE('',(#18819));
#18819 = FILL_AREA_STYLE_COLOUR('',#18728);
#18820 = STYLED_ITEM('color',(#18821),#1519);
#18821 = PRESENTATION_STYLE_ASSIGNMENT((#18822));
#18822 = SURFACE_STYLE_USAGE(.BOTH.,#18823);
#18823 = SURFACE_SIDE_STYLE('',(#18824));
#18824 = SURFACE_STYLE_FILL_AREA(#18825);
#18825 = FILL_AREA_STYLE('',(#18826));
#18826 = FILL_AREA_STYLE_COLOUR('',#18728);
#18827 = STYLED_ITEM('color',(#18828),#1536);
#18828 = PRESENTATION_STYLE_ASSIGNMENT((#18829));
#18829 = SURFACE_STYLE_USAGE(.BOTH.,#18830);
#18830 = SURFACE_SIDE_STYLE('',(#18831));
#18831 = SURFACE_STYLE_FILL_AREA(#18832);
#18832 = FILL_AREA_STYLE('',(#18833));
#18833 = FILL_AREA_STYLE_COLOUR('',#18728);
#18834 = STYLED_ITEM('color',(#18835),#1553);
#18835 = PRESENTATION_STYLE_ASSIGNMENT((#18836));
#18836 = SURFACE_STYLE_USAGE(.BOTH.,#18837);
#18837 = SURFACE_SIDE_STYLE('',(#18838));
#18838 = SURFACE_STYLE_FILL_AREA(#18839);
#18839 = FILL_AREA_STYLE('',(#18840));
#18840 = FILL_AREA_STYLE_COLOUR('',#18728);
#18841 = STYLED_ITEM('color',(#18842),#1570);
#18842 = PRESENTATION_STYLE_ASSIGNMENT((#18843));
#18843 = SURFACE_STYLE_USAGE(.BOTH.,#18844);
#18844 = SURFACE_SIDE_STYLE('',(#18845));
#18845 = SURFACE_STYLE_FILL_AREA(#18846);
#18846 = FILL_AREA_STYLE('',(#18847));
#18847 = FILL_AREA_STYLE_COLOUR('',#18728);
#18848 = STYLED_ITEM('color',(#18849),#1587);
#18849 = PRESENTATION_STYLE_ASSIGNMENT((#18850));
#18850 = SURFACE_STYLE_USAGE(.BOTH.,#18851);
#18851 = SURFACE_SIDE_STYLE('',(#18852));
#18852 = SURFACE_STYLE_FILL_AREA(#18853);
#18853 = FILL_AREA_STYLE('',(#18854));
#18854 = FILL_AREA_STYLE_COLOUR('',#18728);
#18855 = STYLED_ITEM('color',(#18856),#1604);
#18856 = PRESENTATION_STYLE_ASSIGNMENT((#18857));
#18857 = SURFACE_STYLE_USAGE(.BOTH.,#18858);
#18858 = SURFACE_SIDE_STYLE('',(#18859));
#18859 = SURFACE_STYLE_FILL_AREA(#18860);
#18860 = FILL_AREA_STYLE('',(#18861));
#18861 = FILL_AREA_STYLE_COLOUR('',#18728);
#18862 = STYLED_ITEM('color',(#18863),#1621);
#18863 = PRESENTATION_STYLE_ASSIGNMENT((#18864));
#18864 = SURFACE_STYLE_USAGE(.BOTH.,#18865);
#18865 = SURFACE_SIDE_STYLE('',(#18866));
#18866 = SURFACE_STYLE_FILL_AREA(#18867);
#18867 = FILL_AREA_STYLE('',(#18868));
#18868 = FILL_AREA_STYLE_COLOUR('',#18728);
#18869 = STYLED_ITEM('color',(#18870),#1638);
#18870 = PRESENTATION_STYLE_ASSIGNMENT((#18871));
#18871 = SURFACE_STYLE_USAGE(.BOTH.,#18872);
#18872 = SURFACE_SIDE_STYLE('',(#18873));
#18873 = SURFACE_STYLE_FILL_AREA(#18874);
#18874 = FILL_AREA_STYLE('',(#18875));
#18875 = FILL_AREA_STYLE_COLOUR('',#18728);
#18876 = STYLED_ITEM('color',(#18877),#1650);
#18877 = PRESENTATION_STYLE_ASSIGNMENT((#18878));
#18878 = SURFACE_STYLE_USAGE(.BOTH.,#18879);
#18879 = SURFACE_SIDE_STYLE('',(#18880));
#18880 = SURFACE_STYLE_FILL_AREA(#18881);
#18881 = FILL_AREA_STYLE('',(#18882));
#18882 = FILL_AREA_STYLE_COLOUR('',#18883);
#18883 = COLOUR_RGB('',0.859000020776,0.737999965183,0.495999988746);
#18884 = STYLED_ITEM('color',(#18885),#1681);
#18885 = PRESENTATION_STYLE_ASSIGNMENT((#18886));
#18886 = SURFACE_STYLE_USAGE(.BOTH.,#18887);
#18887 = SURFACE_SIDE_STYLE('',(#18888));
#18888 = SURFACE_STYLE_FILL_AREA(#18889);
#18889 = FILL_AREA_STYLE('',(#18890));
#18890 = FILL_AREA_STYLE_COLOUR('',#18883);
#18891 = STYLED_ITEM('color',(#18892),#1705);
#18892 = PRESENTATION_STYLE_ASSIGNMENT((#18893));
#18893 = SURFACE_STYLE_USAGE(.BOTH.,#18894);
#18894 = SURFACE_SIDE_STYLE('',(#18895));
#18895 = SURFACE_STYLE_FILL_AREA(#18896);
#18896 = FILL_AREA_STYLE('',(#18897));
#18897 = FILL_AREA_STYLE_COLOUR('',#18883);
#18898 = STYLED_ITEM('color',(#18899),#1729);
#18899 = PRESENTATION_STYLE_ASSIGNMENT((#18900));
#18900 = SURFACE_STYLE_USAGE(.BOTH.,#18901);
#18901 = SURFACE_SIDE_STYLE('',(#18902));
#18902 = SURFACE_STYLE_FILL_AREA(#18903);
#18903 = FILL_AREA_STYLE('',(#18904));
#18904 = FILL_AREA_STYLE_COLOUR('',#18883);
#18905 = STYLED_ITEM('color',(#18906),#1746);
#18906 = PRESENTATION_STYLE_ASSIGNMENT((#18907));
#18907 = SURFACE_STYLE_USAGE(.BOTH.,#18908);
#18908 = SURFACE_SIDE_STYLE('',(#18909));
#18909 = SURFACE_STYLE_FILL_AREA(#18910);
#18910 = FILL_AREA_STYLE('',(#18911));
#18911 = FILL_AREA_STYLE_COLOUR('',#18883);
#18912 = STYLED_ITEM('color',(#18913),#1777);
#18913 = PRESENTATION_STYLE_ASSIGNMENT((#18914));
#18914 = SURFACE_STYLE_USAGE(.BOTH.,#18915);
#18915 = SURFACE_SIDE_STYLE('',(#18916));
#18916 = SURFACE_STYLE_FILL_AREA(#18917);
#18917 = FILL_AREA_STYLE('',(#18918));
#18918 = FILL_AREA_STYLE_COLOUR('',#18883);
#18919 = STYLED_ITEM('color',(#18920),#1801);
#18920 = PRESENTATION_STYLE_ASSIGNMENT((#18921));
#18921 = SURFACE_STYLE_USAGE(.BOTH.,#18922);
#18922 = SURFACE_SIDE_STYLE('',(#18923));
#18923 = SURFACE_STYLE_FILL_AREA(#18924);
#18924 = FILL_AREA_STYLE('',(#18925));
#18925 = FILL_AREA_STYLE_COLOUR('',#18883);
#18926 = STYLED_ITEM('color',(#18927),#1825);
#18927 = PRESENTATION_STYLE_ASSIGNMENT((#18928));
#18928 = SURFACE_STYLE_USAGE(.BOTH.,#18929);
#18929 = SURFACE_SIDE_STYLE('',(#18930));
#18930 = SURFACE_STYLE_FILL_AREA(#18931);
#18931 = FILL_AREA_STYLE('',(#18932));
#18932 = FILL_AREA_STYLE_COLOUR('',#18883);
#18933 = STYLED_ITEM('color',(#18934),#1842);
#18934 = PRESENTATION_STYLE_ASSIGNMENT((#18935));
#18935 = SURFACE_STYLE_USAGE(.BOTH.,#18936);
#18936 = SURFACE_SIDE_STYLE('',(#18937));
#18937 = SURFACE_STYLE_FILL_AREA(#18938);
#18938 = FILL_AREA_STYLE('',(#18939));
#18939 = FILL_AREA_STYLE_COLOUR('',#18883);
#18940 = STYLED_ITEM('color',(#18941),#1873);
#18941 = PRESENTATION_STYLE_ASSIGNMENT((#18942));
#18942 = SURFACE_STYLE_USAGE(.BOTH.,#18943);
#18943 = SURFACE_SIDE_STYLE('',(#18944));
#18944 = SURFACE_STYLE_FILL_AREA(#18945);
#18945 = FILL_AREA_STYLE('',(#18946));
#18946 = FILL_AREA_STYLE_COLOUR('',#18883);
#18947 = STYLED_ITEM('color',(#18948),#1897);
#18948 = PRESENTATION_STYLE_ASSIGNMENT((#18949));
#18949 = SURFACE_STYLE_USAGE(.BOTH.,#18950);
#18950 = SURFACE_SIDE_STYLE('',(#18951));
#18951 = SURFACE_STYLE_FILL_AREA(#18952);
#18952 = FILL_AREA_STYLE('',(#18953));
#18953 = FILL_AREA_STYLE_COLOUR('',#18883);
#18954 = STYLED_ITEM('color',(#18955),#1921);
#18955 = PRESENTATION_STYLE_ASSIGNMENT((#18956));
#18956 = SURFACE_STYLE_USAGE(.BOTH.,#18957);
#18957 = SURFACE_SIDE_STYLE('',(#18958));
#18958 = SURFACE_STYLE_FILL_AREA(#18959);
#18959 = FILL_AREA_STYLE('',(#18960));
#18960 = FILL_AREA_STYLE_COLOUR('',#18883);
#18961 = STYLED_ITEM('color',(#18962),#1938);
#18962 = PRESENTATION_STYLE_ASSIGNMENT((#18963));
#18963 = SURFACE_STYLE_USAGE(.BOTH.,#18964);
#18964 = SURFACE_SIDE_STYLE('',(#18965));
#18965 = SURFACE_STYLE_FILL_AREA(#18966);
#18966 = FILL_AREA_STYLE('',(#18967));
#18967 = FILL_AREA_STYLE_COLOUR('',#18883);
#18968 = STYLED_ITEM('color',(#18969),#1969);
#18969 = PRESENTATION_STYLE_ASSIGNMENT((#18970));
#18970 = SURFACE_STYLE_USAGE(.BOTH.,#18971);
#18971 = SURFACE_SIDE_STYLE('',(#18972));
#18972 = SURFACE_STYLE_FILL_AREA(#18973);
#18973 = FILL_AREA_STYLE('',(#18974));
#18974 = FILL_AREA_STYLE_COLOUR('',#18883);
#18975 = STYLED_ITEM('color',(#18976),#1993);
#18976 = PRESENTATION_STYLE_ASSIGNMENT((#18977));
#18977 = SURFACE_STYLE_USAGE(.BOTH.,#18978);
#18978 = SURFACE_SIDE_STYLE('',(#18979));
#18979 = SURFACE_STYLE_FILL_AREA(#18980);
#18980 = FILL_AREA_STYLE('',(#18981));
#18981 = FILL_AREA_STYLE_COLOUR('',#18883);
#18982 = STYLED_ITEM('color',(#18983),#2017);
#18983 = PRESENTATION_STYLE_ASSIGNMENT((#18984));
#18984 = SURFACE_STYLE_USAGE(.BOTH.,#18985);
#18985 = SURFACE_SIDE_STYLE('',(#18986));
#18986 = SURFACE_STYLE_FILL_AREA(#18987);
#18987 = FILL_AREA_STYLE('',(#18988));
#18988 = FILL_AREA_STYLE_COLOUR('',#18883);
#18989 = STYLED_ITEM('color',(#18990),#2034);
#18990 = PRESENTATION_STYLE_ASSIGNMENT((#18991));
#18991 = SURFACE_STYLE_USAGE(.BOTH.,#18992);
#18992 = SURFACE_SIDE_STYLE('',(#18993));
#18993 = SURFACE_STYLE_FILL_AREA(#18994);
#18994 = FILL_AREA_STYLE('',(#18995));
#18995 = FILL_AREA_STYLE_COLOUR('',#18883);
#18996 = STYLED_ITEM('color',(#18997),#2065);
#18997 = PRESENTATION_STYLE_ASSIGNMENT((#18998));
#18998 = SURFACE_STYLE_USAGE(.BOTH.,#18999);
#18999 = SURFACE_SIDE_STYLE('',(#19000));
#19000 = SURFACE_STYLE_FILL_AREA(#19001);
#19001 = FILL_AREA_STYLE('',(#19002));
#19002 = FILL_AREA_STYLE_COLOUR('',#18883);
#19003 = STYLED_ITEM('color',(#19004),#2089);
#19004 = PRESENTATION_STYLE_ASSIGNMENT((#19005));
#19005 = SURFACE_STYLE_USAGE(.BOTH.,#19006);
#19006 = SURFACE_SIDE_STYLE('',(#19007));
#19007 = SURFACE_STYLE_FILL_AREA(#19008);
#19008 = FILL_AREA_STYLE('',(#19009));
#19009 = FILL_AREA_STYLE_COLOUR('',#18883);
#19010 = STYLED_ITEM('color',(#19011),#2113);
#19011 = PRESENTATION_STYLE_ASSIGNMENT((#19012));
#19012 = SURFACE_STYLE_USAGE(.BOTH.,#19013);
#19013 = SURFACE_SIDE_STYLE('',(#19014));
#19014 = SURFACE_STYLE_FILL_AREA(#19015);
#19015 = FILL_AREA_STYLE('',(#19016));
#19016 = FILL_AREA_STYLE_COLOUR('',#18883);
#19017 = STYLED_ITEM('color',(#19018),#2130);
#19018 = PRESENTATION_STYLE_ASSIGNMENT((#19019));
#19019 = SURFACE_STYLE_USAGE(.BOTH.,#19020);
#19020 = SURFACE_SIDE_STYLE('',(#19021));
#19021 = SURFACE_STYLE_FILL_AREA(#19022);
#19022 = FILL_AREA_STYLE('',(#19023));
#19023 = FILL_AREA_STYLE_COLOUR('',#18883);
#19024 = STYLED_ITEM('color',(#19025),#2161);
#19025 = PRESENTATION_STYLE_ASSIGNMENT((#19026));
#19026 = SURFACE_STYLE_USAGE(.BOTH.,#19027);
#19027 = SURFACE_SIDE_STYLE('',(#19028));
#19028 = SURFACE_STYLE_FILL_AREA(#19029);
#19029 = FILL_AREA_STYLE('',(#19030));
#19030 = FILL_AREA_STYLE_COLOUR('',#18883);
#19031 = STYLED_ITEM('color',(#19032),#2185);
#19032 = PRESENTATION_STYLE_ASSIGNMENT((#19033));
#19033 = SURFACE_STYLE_USAGE(.BOTH.,#19034);
#19034 = SURFACE_SIDE_STYLE('',(#19035));
#19035 = SURFACE_STYLE_FILL_AREA(#19036);
#19036 = FILL_AREA_STYLE('',(#19037));
#19037 = FILL_AREA_STYLE_COLOUR('',#18883);
#19038 = STYLED_ITEM('color',(#19039),#2209);
#19039 = PRESENTATION_STYLE_ASSIGNMENT((#19040));
#19040 = SURFACE_STYLE_USAGE(.BOTH.,#19041);
#19041 = SURFACE_SIDE_STYLE('',(#19042));
#19042 = SURFACE_STYLE_FILL_AREA(#19043);
#19043 = FILL_AREA_STYLE('',(#19044));
#19044 = FILL_AREA_STYLE_COLOUR('',#18883);
#19045 = STYLED_ITEM('color',(#19046),#2226);
#19046 = PRESENTATION_STYLE_ASSIGNMENT((#19047));
#19047 = SURFACE_STYLE_USAGE(.BOTH.,#19048);
#19048 = SURFACE_SIDE_STYLE('',(#19049));
#19049 = SURFACE_STYLE_FILL_AREA(#19050);
#19050 = FILL_AREA_STYLE('',(#19051));
#19051 = FILL_AREA_STYLE_COLOUR('',#18883);
#19052 = STYLED_ITEM('color',(#19053),#2257);
#19053 = PRESENTATION_STYLE_ASSIGNMENT((#19054));
#19054 = SURFACE_STYLE_USAGE(.BOTH.,#19055);
#19055 = SURFACE_SIDE_STYLE('',(#19056));
#19056 = SURFACE_STYLE_FILL_AREA(#19057);
#19057 = FILL_AREA_STYLE('',(#19058));
#19058 = FILL_AREA_STYLE_COLOUR('',#18883);
#19059 = STYLED_ITEM('color',(#19060),#2281);
#19060 = PRESENTATION_STYLE_ASSIGNMENT((#19061));
#19061 = SURFACE_STYLE_USAGE(.BOTH.,#19062);
#19062 = SURFACE_SIDE_STYLE('',(#19063));
#19063 = SURFACE_STYLE_FILL_AREA(#19064);
#19064 = FILL_AREA_STYLE('',(#19065));
#19065 = FILL_AREA_STYLE_COLOUR('',#18883);
#19066 = STYLED_ITEM('color',(#19067),#2305);
#19067 = PRESENTATION_STYLE_ASSIGNMENT((#19068));
#19068 = SURFACE_STYLE_USAGE(.BOTH.,#19069);
#19069 = SURFACE_SIDE_STYLE('',(#19070));
#19070 = SURFACE_STYLE_FILL_AREA(#19071);
#19071 = FILL_AREA_STYLE('',(#19072));
#19072 = FILL_AREA_STYLE_COLOUR('',#18883);
#19073 = STYLED_ITEM('color',(#19074),#2322);
#19074 = PRESENTATION_STYLE_ASSIGNMENT((#19075));
#19075 = SURFACE_STYLE_USAGE(.BOTH.,#19076);
#19076 = SURFACE_SIDE_STYLE('',(#19077));
#19077 = SURFACE_STYLE_FILL_AREA(#19078);
#19078 = FILL_AREA_STYLE('',(#19079));
#19079 = FILL_AREA_STYLE_COLOUR('',#18883);
#19080 = STYLED_ITEM('color',(#19081),#2353);
#19081 = PRESENTATION_STYLE_ASSIGNMENT((#19082));
#19082 = SURFACE_STYLE_USAGE(.BOTH.,#19083);
#19083 = SURFACE_SIDE_STYLE('',(#19084));
#19084 = SURFACE_STYLE_FILL_AREA(#19085);
#19085 = FILL_AREA_STYLE('',(#19086));
#19086 = FILL_AREA_STYLE_COLOUR('',#18883);
#19087 = STYLED_ITEM('color',(#19088),#2377);
#19088 = PRESENTATION_STYLE_ASSIGNMENT((#19089));
#19089 = SURFACE_STYLE_USAGE(.BOTH.,#19090);
#19090 = SURFACE_SIDE_STYLE('',(#19091));
#19091 = SURFACE_STYLE_FILL_AREA(#19092);
#19092 = FILL_AREA_STYLE('',(#19093));
#19093 = FILL_AREA_STYLE_COLOUR('',#18883);
#19094 = STYLED_ITEM('color',(#19095),#2401);
#19095 = PRESENTATION_STYLE_ASSIGNMENT((#19096));
#19096 = SURFACE_STYLE_USAGE(.BOTH.,#19097);
#19097 = SURFACE_SIDE_STYLE('',(#19098));
#19098 = SURFACE_STYLE_FILL_AREA(#19099);
#19099 = FILL_AREA_STYLE('',(#19100));
#19100 = FILL_AREA_STYLE_COLOUR('',#18883);
#19101 = STYLED_ITEM('color',(#19102),#2418);
#19102 = PRESENTATION_STYLE_ASSIGNMENT((#19103));
#19103 = SURFACE_STYLE_USAGE(.BOTH.,#19104);
#19104 = SURFACE_SIDE_STYLE('',(#19105));
#19105 = SURFACE_STYLE_FILL_AREA(#19106);
#19106 = FILL_AREA_STYLE('',(#19107));
#19107 = FILL_AREA_STYLE_COLOUR('',#18883);
#19108 = STYLED_ITEM('color',(#19109),#2449);
#19109 = PRESENTATION_STYLE_ASSIGNMENT((#19110));
#19110 = SURFACE_STYLE_USAGE(.BOTH.,#19111);
#19111 = SURFACE_SIDE_STYLE('',(#19112));
#19112 = SURFACE_STYLE_FILL_AREA(#19113);
#19113 = FILL_AREA_STYLE('',(#19114));
#19114 = FILL_AREA_STYLE_COLOUR('',#18883);
#19115 = STYLED_ITEM('color',(#19116),#2473);
#19116 = PRESENTATION_STYLE_ASSIGNMENT((#19117));
#19117 = SURFACE_STYLE_USAGE(.BOTH.,#19118);
#19118 = SURFACE_SIDE_STYLE('',(#19119));
#19119 = SURFACE_STYLE_FILL_AREA(#19120);
#19120 = FILL_AREA_STYLE('',(#19121));
#19121 = FILL_AREA_STYLE_COLOUR('',#18883);
#19122 = STYLED_ITEM('color',(#19123),#2497);
#19123 = PRESENTATION_STYLE_ASSIGNMENT((#19124));
#19124 = SURFACE_STYLE_USAGE(.BOTH.,#19125);
#19125 = SURFACE_SIDE_STYLE('',(#19126));
#19126 = SURFACE_STYLE_FILL_AREA(#19127);
#19127 = FILL_AREA_STYLE('',(#19128));
#19128 = FILL_AREA_STYLE_COLOUR('',#18883);
#19129 = STYLED_ITEM('color',(#19130),#2514);
#19130 = PRESENTATION_STYLE_ASSIGNMENT((#19131));
#19131 = SURFACE_STYLE_USAGE(.BOTH.,#19132);
#19132 = SURFACE_SIDE_STYLE('',(#19133));
#19133 = SURFACE_STYLE_FILL_AREA(#19134);
#19134 = FILL_AREA_STYLE('',(#19135));
#19135 = FILL_AREA_STYLE_COLOUR('',#18883);
#19136 = STYLED_ITEM('color',(#19137),#2545);
#19137 = PRESENTATION_STYLE_ASSIGNMENT((#19138));
#19138 = SURFACE_STYLE_USAGE(.BOTH.,#19139);
#19139 = SURFACE_SIDE_STYLE('',(#19140));
#19140 = SURFACE_STYLE_FILL_AREA(#19141);
#19141 = FILL_AREA_STYLE('',(#19142));
#19142 = FILL_AREA_STYLE_COLOUR('',#18883);
#19143 = STYLED_ITEM('color',(#19144),#2569);
#19144 = PRESENTATION_STYLE_ASSIGNMENT((#19145));
#19145 = SURFACE_STYLE_USAGE(.BOTH.,#19146);
#19146 = SURFACE_SIDE_STYLE('',(#19147));
#19147 = SURFACE_STYLE_FILL_AREA(#19148);
#19148 = FILL_AREA_STYLE('',(#19149));
#19149 = FILL_AREA_STYLE_COLOUR('',#18883);
#19150 = STYLED_ITEM('color',(#19151),#2593);
#19151 = PRESENTATION_STYLE_ASSIGNMENT((#19152));
#19152 = SURFACE_STYLE_USAGE(.BOTH.,#19153);
#19153 = SURFACE_SIDE_STYLE('',(#19154));
#19154 = SURFACE_STYLE_FILL_AREA(#19155);
#19155 = FILL_AREA_STYLE('',(#19156));
#19156 = FILL_AREA_STYLE_COLOUR('',#18883);
#19157 = STYLED_ITEM('color',(#19158),#2610);
#19158 = PRESENTATION_STYLE_ASSIGNMENT((#19159));
#19159 = SURFACE_STYLE_USAGE(.BOTH.,#19160);
#19160 = SURFACE_SIDE_STYLE('',(#19161));
#19161 = SURFACE_STYLE_FILL_AREA(#19162);
#19162 = FILL_AREA_STYLE('',(#19163));
#19163 = FILL_AREA_STYLE_COLOUR('',#18883);
#19164 = STYLED_ITEM('color',(#19165),#2641);
#19165 = PRESENTATION_STYLE_ASSIGNMENT((#19166));
#19166 = SURFACE_STYLE_USAGE(.BOTH.,#19167);
#19167 = SURFACE_SIDE_STYLE('',(#19168));
#19168 = SURFACE_STYLE_FILL_AREA(#19169);
#19169 = FILL_AREA_STYLE('',(#19170));
#19170 = FILL_AREA_STYLE_COLOUR('',#18883);
#19171 = STYLED_ITEM('color',(#19172),#2665);
#19172 = PRESENTATION_STYLE_ASSIGNMENT((#19173));
#19173 = SURFACE_STYLE_USAGE(.BOTH.,#19174);
#19174 = SURFACE_SIDE_STYLE('',(#19175));
#19175 = SURFACE_STYLE_FILL_AREA(#19176);
#19176 = FILL_AREA_STYLE('',(#19177));
#19177 = FILL_AREA_STYLE_COLOUR('',#18883);
#19178 = STYLED_ITEM('color',(#19179),#2689);
#19179 = PRESENTATION_STYLE_ASSIGNMENT((#19180));
#19180 = SURFACE_STYLE_USAGE(.BOTH.,#19181);
#19181 = SURFACE_SIDE_STYLE('',(#19182));
#19182 = SURFACE_STYLE_FILL_AREA(#19183);
#19183 = FILL_AREA_STYLE('',(#19184));
#19184 = FILL_AREA_STYLE_COLOUR('',#18883);
#19185 = STYLED_ITEM('color',(#19186),#2706);
#19186 = PRESENTATION_STYLE_ASSIGNMENT((#19187));
#19187 = SURFACE_STYLE_USAGE(.BOTH.,#19188);
#19188 = SURFACE_SIDE_STYLE('',(#19189));
#19189 = SURFACE_STYLE_FILL_AREA(#19190);
#19190 = FILL_AREA_STYLE('',(#19191));
#19191 = FILL_AREA_STYLE_COLOUR('',#18883);
#19192 = STYLED_ITEM('color',(#19193),#2737);
#19193 = PRESENTATION_STYLE_ASSIGNMENT((#19194));
#19194 = SURFACE_STYLE_USAGE(.BOTH.,#19195);
#19195 = SURFACE_SIDE_STYLE('',(#19196));
#19196 = SURFACE_STYLE_FILL_AREA(#19197);
#19197 = FILL_AREA_STYLE('',(#19198));
#19198 = FILL_AREA_STYLE_COLOUR('',#18883);
#19199 = STYLED_ITEM('color',(#19200),#2761);
#19200 = PRESENTATION_STYLE_ASSIGNMENT((#19201));
#19201 = SURFACE_STYLE_USAGE(.BOTH.,#19202);
#19202 = SURFACE_SIDE_STYLE('',(#19203));
#19203 = SURFACE_STYLE_FILL_AREA(#19204);
#19204 = FILL_AREA_STYLE('',(#19205));
#19205 = FILL_AREA_STYLE_COLOUR('',#18883);
#19206 = STYLED_ITEM('color',(#19207),#2785);
#19207 = PRESENTATION_STYLE_ASSIGNMENT((#19208));
#19208 = SURFACE_STYLE_USAGE(.BOTH.,#19209);
#19209 = SURFACE_SIDE_STYLE('',(#19210));
#19210 = SURFACE_STYLE_FILL_AREA(#19211);
#19211 = FILL_AREA_STYLE('',(#19212));
#19212 = FILL_AREA_STYLE_COLOUR('',#18883);
#19213 = STYLED_ITEM('color',(#19214),#2802);
#19214 = PRESENTATION_STYLE_ASSIGNMENT((#19215));
#19215 = SURFACE_STYLE_USAGE(.BOTH.,#19216);
#19216 = SURFACE_SIDE_STYLE('',(#19217));
#19217 = SURFACE_STYLE_FILL_AREA(#19218);
#19218 = FILL_AREA_STYLE('',(#19219));
#19219 = FILL_AREA_STYLE_COLOUR('',#18883);
#19220 = STYLED_ITEM('color',(#19221),#2814);
#19221 = PRESENTATION_STYLE_ASSIGNMENT((#19222));
#19222 = SURFACE_STYLE_USAGE(.BOTH.,#19223);
#19223 = SURFACE_SIDE_STYLE('',(#19224));
#19224 = SURFACE_STYLE_FILL_AREA(#19225);
#19225 = FILL_AREA_STYLE('',(#19226));
#19226 = FILL_AREA_STYLE_COLOUR('',#18883);
#19227 = STYLED_ITEM('color',(#19228),#2826);
#19228 = PRESENTATION_STYLE_ASSIGNMENT((#19229));
#19229 = SURFACE_STYLE_USAGE(.BOTH.,#19230);
#19230 = SURFACE_SIDE_STYLE('',(#19231));
#19231 = SURFACE_STYLE_FILL_AREA(#19232);
#19232 = FILL_AREA_STYLE('',(#19233));
#19233 = FILL_AREA_STYLE_COLOUR('',#18883);
#19234 = STYLED_ITEM('color',(#19235),#2838);
#19235 = PRESENTATION_STYLE_ASSIGNMENT((#19236));
#19236 = SURFACE_STYLE_USAGE(.BOTH.,#19237);
#19237 = SURFACE_SIDE_STYLE('',(#19238));
#19238 = SURFACE_STYLE_FILL_AREA(#19239);
#19239 = FILL_AREA_STYLE('',(#19240));
#19240 = FILL_AREA_STYLE_COLOUR('',#18883);
#19241 = STYLED_ITEM('color',(#19242),#2850);
#19242 = PRESENTATION_STYLE_ASSIGNMENT((#19243));
#19243 = SURFACE_STYLE_USAGE(.BOTH.,#19244);
#19244 = SURFACE_SIDE_STYLE('',(#19245));
#19245 = SURFACE_STYLE_FILL_AREA(#19246);
#19246 = FILL_AREA_STYLE('',(#19247));
#19247 = FILL_AREA_STYLE_COLOUR('',#18883);
#19248 = STYLED_ITEM('color',(#19249),#2862);
#19249 = PRESENTATION_STYLE_ASSIGNMENT((#19250));
#19250 = SURFACE_STYLE_USAGE(.BOTH.,#19251);
#19251 = SURFACE_SIDE_STYLE('',(#19252));
#19252 = SURFACE_STYLE_FILL_AREA(#19253);
#19253 = FILL_AREA_STYLE('',(#19254));
#19254 = FILL_AREA_STYLE_COLOUR('',#18883);
ENDSEC;
END-ISO-10303-21;
