ISO-10303-21;
HEADER;
FILE_DESCRIPTION (( 'STEP AP214' ),
    '1' );
FILE_NAME ('PropellerInv.STEP',
    '2025-03-22T02:02:20',
    ( '' ),
    ( '' ),
    'SwSTEP 2.0',
    'SolidWorks 2024',
    '' );
FILE_SCHEMA (( 'AUTOMOTIVE_DESIGN' ));
ENDSEC;

DATA;
#1 = TOROIDAL_SURFACE ( 'NONE', #1916, 0.006150000000000000085, 0.0001000000000000000048 ) ;
#2 = CARTESIAN_POINT ( 'NONE',  ( -0.05525832671331539631, 0.01023666657781419943, -0.003890464258542788035 ) ) ;
#3 = CARTESIAN_POINT ( 'NONE',  ( 0.1299546883020431809, 0.005676391408896366668, -0.009119978256002931466 ) ) ;
#4 = ORIENTED_EDGE ( 'NONE', *, *, #5625, .F. ) ;
#5 = CARTESIAN_POINT ( 'NONE',  ( 0.004515100855777736191, 0.007838729152295860828, 0.004357867323499202764 ) ) ;
#6 = DIRECTION ( 'NONE',  ( 0.000000000000000000, 0.000000000000000000, 1.000000000000000000 ) ) ;
#7 = CARTESIAN_POINT ( 'NONE',  ( 0.004049490100813452412, 0.008918031395498352693, -9.106401191093520427E-05 ) ) ;
#8 = ORIENTED_EDGE ( 'NONE', *, *, #1872, .T. ) ;
#9 = CARTESIAN_POINT ( 'NONE',  ( -0.003603526830724929075, 0.001245468311456578636, 0.005114975770614657927 ) ) ;
#10 = EDGE_CURVE ( 'NONE', #6855, #2997, #154, .T. ) ;
#11 = CARTESIAN_POINT ( 'NONE',  ( -0.003662861933071332333, 0.009430074535213465656, 0.001365212990249821574 ) ) ;
#12 = FACE_OUTER_BOUND ( 'NONE', #5830, .T. ) ;
#13 = VERTEX_POINT ( 'NONE', #6612 ) ;
#14 = CARTESIAN_POINT ( 'NONE',  ( 0.07979393611925751639, 0.01042536947376497374, 0.003496797656831794523 ) ) ;
#15 = CYLINDRICAL_SURFACE ( 'NONE', #6296, 0.006032499999999997933 ) ;
#16 = ORIENTED_EDGE ( 'NONE', *, *, #6548, .T. ) ;
#17 = CARTESIAN_POINT ( 'NONE',  ( -0.002926719548893472276, 0.009533489039690595454, -0.0008004419134500502346 ) ) ;
#18 = CARTESIAN_POINT ( 'NONE',  ( -0.04595473084257695184, 0.009802317967478013996, -0.004513307731656016411 ) ) ;
#19 = CARTESIAN_POINT ( 'NONE',  ( 0.08762460498691765354, -0.0006362504837998157357, -0.02791254606686938491 ) ) ;
#20 = B_SPLINE_CURVE_WITH_KNOTS ( 'NONE', 3,
 ( #1655, #2232, #1697, #1136, #3307, #3871, #1728, #6058 ),
 .UNSPECIFIED., .F., .F.,
 ( 4, 2, 2, 4 ),
 ( 0.003231878583347443795, 0.003558582052934564522, 0.003885285522521684815, 0.004538692461695928437 ),
 .UNSPECIFIED. ) ;
#21 = CARTESIAN_POINT ( 'NONE',  ( -0.005878689323402830867, 0.007472981479511826147, -0.002460234497598319265 ) ) ;
#22 = FACE_OUTER_BOUND ( 'NONE', #3250, .T. ) ;
#23 = CARTESIAN_POINT ( 'NONE',  ( 2.955072726342560451E-19, 0.02413508000000001361, 0.002412999999999997612 ) ) ;
#24 = CARTESIAN_POINT ( 'NONE',  ( -0.1298046593411819882, 0.005873238624635098229, 0.008655479942576900856 ) ) ;
#25 = DIRECTION ( 'NONE',  ( 0.000000000000000000, 0.000000000000000000, 1.000000000000000000 ) ) ;
#26 = B_SPLINE_CURVE_WITH_KNOTS ( 'NONE', 3,
 ( #5572, #1210, #213, #5029, #2374, #6167, #5638, #245, #2410, #1172, #314, #6269, #1344, #6233, #2445, #3015, #5174, #348, #5210, #948, #6868, #380, #4149, #2517, #4682, #3553, #6838, #1411, #811, #3522, #1948, #5745, #1377, #2978, #3589, #3628, #5272, #881, #4185, #1981, #3052, #1915, #5777, #6302, #3657, #4648, #1443, #4114, #5137, #918, #4716, #4613, #277, #2012, #5711, #2482, #847, #6334 ),
 .UNSPECIFIED., .F., .F.,
 ( 4, 2, 2, 2, 2, 2, 2, 2, 2, 2, 2, 2, 2, 2, 2, 2, 2, 2, 2, 2, 2, 2, 2, 2, 2, 2, 2, 2, 4 ),
 ( -6.000000001822250560E-08, 0.0002559474673492223313, 0.0005119549346984629545, 0.001023969869396943984, 0.002047999738793865928, 0.003072029608190789823, 0.004096059477587714152, 0.006144119216381561943, 0.008192178955175408867, 0.01228829843276310618, 0.01638441791035080350, 0.02457665686552619813, 0.03276889582070158929, 0.04096113477587698393, 0.04915337373105237162, 0.06553785164140311925, 0.07373009059657846531, 0.08192232955175381137, 0.08601844902934147052, 0.09011456850692912968, 0.09830680746210447574, 0.1024029269396921488, 0.1064990464172798357, 0.1105951658948674809, 0.1146912853724551540, 0.1187874048500427993, 0.1228835243276304723, 0.1269796438052181176, 0.1310757632828057906 ),
 .UNSPECIFIED. ) ;
#27 = CARTESIAN_POINT ( 'NONE',  ( 0.004218159068467078332, 0.001635259941876022940, -0.004759088335332813460 ) ) ;
#28 = UNCERTAINTY_MEASURE_WITH_UNIT (LENGTH_MEASURE( 1.000000000000000082E-05 ), #5731, 'distance_accuracy_value', 'NONE');
#29 = FACE_OUTER_BOUND ( 'NONE', #2035, .T. ) ;
#30 = CARTESIAN_POINT ( 'NONE',  ( -0.003006105372490364309, 0.01070154734489077789, -0.001798175616790393446 ) ) ;
#31 = CARTESIAN_POINT ( 'NONE',  ( 0.002944178808970904140, 0.009513943622505929149, -0.0007841938185554653577 ) ) ;
#32 = CARTESIAN_POINT ( 'NONE',  ( 0.002912786715353206032, 0.009549425033604248131, 0.0008122172469370305629 ) ) ;
#33 = CARTESIAN_POINT ( 'NONE',  ( -0.004643745105021958482, 0.007741020651064428430, -0.004287909438225783257 ) ) ;
#34 = CYLINDRICAL_SURFACE ( 'NONE', #5419, 0.001650999999999998823 ) ;
#35 = CARTESIAN_POINT ( 'NONE',  ( 0.002677690291419571999, 0.009838494826265099455, 0.0009638678997417061403 ) ) ;
#36 = CARTESIAN_POINT ( 'NONE',  ( 0.003234271285340675501, 0.009206987320949306872, 0.0003525740754712089020 ) ) ;
#37 = UNCERTAINTY_MEASURE_WITH_UNIT (LENGTH_MEASURE( 1.000000000000000082E-05 ), #5869, 'distance_accuracy_value', 'NONE');
#38 = AXIS2_PLACEMENT_3D ( 'NONE', #2985, #5145, #284 ) ;
#39 = CARTESIAN_POINT ( 'NONE',  ( -0.004028324287559505515, 0.008944731017132848128, -0.0003512157698373143296 ) ) ;
#40 = CARTESIAN_POINT ( 'NONE',  ( -0.002325616430551205767, 0.01114305302139355532, 0.0002577140176331453028 ) ) ;
#41 = CARTESIAN_POINT ( 'NONE',  ( -0.002884438135928730530, 0.005080000000000001181, -0.0002540000000000004277 ) ) ;
#42 = CARTESIAN_POINT ( 'NONE',  ( 0.003645839096809719640, 0.009456817146996856702, 0.001381482536072599354 ) ) ;
#43 = FACE_BOUND ( 'NONE', #5895, .T. ) ;
#44 = EDGE_LOOP ( 'NONE', ( #4680, #794, #2436, #4489, #5329, #2780, #3746 ) ) ;
#45 = CARTESIAN_POINT ( 'NONE',  ( -0.003737766213986054575, 0.007928755611930028355, -0.004330869145431554164 ) ) ;
#46 = CARTESIAN_POINT ( 'NONE',  ( 0.003645839096809719640, 0.009456817146996856702, 0.001381482536072599354 ) ) ;
#47 = ORIENTED_EDGE ( 'NONE', *, *, #4947, .F. ) ;
#48 = CARTESIAN_POINT ( 'NONE',  ( -0.005041606403387232163, 0.008030241153488031774, -0.003707263561122739991 ) ) ;
#49 = EDGE_CURVE ( 'NONE', #3667, #297, #3431, .T. ) ;
#50 = CARTESIAN_POINT ( 'NONE',  ( -0.06412884795887019429, 0.004294815170139605967, 0.01382219028603808714 ) ) ;
#51 = CARTESIAN_POINT ( 'NONE',  ( 0.002374432084980521857, 0.01035795124331452370, -0.0009966716725317405559 ) ) ;
#52 = CARTESIAN_POINT ( 'NONE',  ( 0.1286141299186524534, 0.006539840451926267131, -0.007257560877678099175 ) ) ;
#53 = CARTESIAN_POINT ( 'NONE',  ( -0.001820772261231249972, 0.01066989947615140134, 0.0009051094851862127909 ) ) ;
#54 = ORIENTED_EDGE ( 'NONE', *, *, #5876, .F. ) ;
#55 = CARTESIAN_POINT ( 'NONE',  ( -0.002661294147482191202, 0.009860702540910882760, -0.0009710395920064785998 ) ) ;
#56 = CARTESIAN_POINT ( 'NONE',  ( -0.01066806096747688858, 0.0009729210562361313838, 0.004363876462263008293 ) ) ;
#57 = CARTESIAN_POINT ( 'NONE',  ( -0.006225742949938516124, 0.006286019289397236538, -0.0006102003004925355637 ) ) ;
#58 = CARTESIAN_POINT ( 'NONE',  ( -0.003273500715755828672, 0.01005549761251150337, -0.001759454615492020554 ) ) ;
#59 = CARTESIAN_POINT ( 'NONE',  ( -0.003903627961963404558, 0.009104989958883581008, 0.0008690353603398013899 ) ) ;
#60 = CARTESIAN_POINT ( 'NONE',  ( 0.000000000000000000, 0.000000000000000000, 0.000000000000000000 ) ) ;
#61 = CARTESIAN_POINT ( 'NONE',  ( -0.1302426898012422618, 0.005695183243799504386, 0.008681169994895593725 ) ) ;
#62 = DIRECTION ( 'NONE',  ( 0.000000000000000000, 1.000000000000000000, 0.000000000000000000 ) ) ;
#63 = CARTESIAN_POINT ( 'NONE',  ( 0.005111711200801867007, 0.002655171503690103522, -0.003606137500024537111 ) ) ;
#64 = CARTESIAN_POINT ( 'NONE',  ( -0.006964729014412611094, 0.001406712328755567107, 0.004585626297380596475 ) ) ;
#65 = CARTESIAN_POINT ( 'NONE',  ( 0.003290216511735886192, 0.009151128647944425237, 0.0001204594325412790051 ) ) ;
#66 = CARTESIAN_POINT ( 'NONE',  ( -0.006238188852438492603, 0.006095484392481825657, -0.001201344628646537410 ) ) ;
#67 = CARTESIAN_POINT ( 'NONE',  ( -0.003678874064691927109, 0.009409791656073225943, 0.001331768663168182362 ) ) ;
#68 = CARTESIAN_POINT ( 'NONE',  ( 0.005314740099325592111, 0.007244752743077969952, 0.003336503618168554317 ) ) ;
#69 = CARTESIAN_POINT ( 'NONE',  ( -0.003966263648891978598, 0.009023836900612191084, -0.0006651043714127600516 ) ) ;
#70 = ADVANCED_FACE ( 'NONE', ( #4423 ), #6901, .T. ) ;
#71 = AXIS2_PLACEMENT_3D ( 'NONE', #5760, #6854, #5227 ) ;
#72 = FACE_OUTER_BOUND ( 'NONE', #4020, .T. ) ;
#73 = CARTESIAN_POINT ( 'NONE',  ( 0.002311870291072464032, 0.01055162128800039151, 0.0009376497525002247101 ) ) ;
#74 = CARTESIAN_POINT ( 'NONE',  ( -0.003943439169871576847, 0.009053248091504042042, -0.0007468343721394097136 ) ) ;
#75 = CARTESIAN_POINT ( 'NONE',  ( -0.002314268895883478915, 0.01110129333172316102, 0.0003829653270879699667 ) ) ;
#76 = CARTESIAN_POINT ( 'NONE',  ( 0.05375896055050208983, 0.01011414554320247058, 0.004513732244033175946 ) ) ;
#77 = CARTESIAN_POINT ( 'NONE',  ( 0.004045786627945549725, 0.008922694791185466212, 0.0001654485566061621811 ) ) ;
#78 = DIRECTION ( 'NONE',  ( 1.332888724063881150E-17, 0.9940594317963843407, -0.1088386239193120941 ) ) ;
#79 = ORIENTED_EDGE ( 'NONE', *, *, #6335, .T. ) ;
#80 = CARTESIAN_POINT ( 'NONE',  ( -0.04700150496498999020, 0.009682947235460643079, -0.003844248156394620107 ) ) ;
#81 = EDGE_CURVE ( 'NONE', #4765, #3567, #6029, .T. ) ;
#82 = CARTESIAN_POINT ( 'NONE',  ( 0.003126761842672012934, 0.01035936959359001763, 0.001820606409496748797 ) ) ;
#83 = ORIENTED_EDGE ( 'NONE', *, *, #4253, .T. ) ;
#84 = CARTESIAN_POINT ( 'NONE',  ( -9.896207414363052682E-31, 0.01149665802481590268, 0.000000000000000000 ) ) ;
#85 = CARTESIAN_POINT ( 'NONE',  ( 0.006442357127451183406, 0.007936155214759033766, 0.004108448897051910839 ) ) ;
#86 = CARTESIAN_POINT ( 'NONE',  ( -0.04618643467053173968, 0.008446402498957863297, 0.001480331404952964485 ) ) ;
#87 = CARTESIAN_POINT ( 'NONE',  ( 0.05048707696088459290, -0.0005425209098756299210, -0.01946833671770455479 ) ) ;
#88 = ORIENTED_EDGE ( 'NONE', *, *, #4366, .F. ) ;
#89 = CARTESIAN_POINT ( 'NONE',  ( -0.002291077255015942261, 0.01098730708226308521, -0.0005907710048684735975 ) ) ;
#90 = CARTESIAN_POINT ( 'NONE',  ( -0.1299999999999998657, 0.008306382705677337053, 0.003074156660426573869 ) ) ;
#91 = ADVANCED_FACE ( 'NONE', ( #5153 ), #4022, .F. ) ;
#92 = MANIFOLD_SOLID_BREP ( 'Taladro de margen para #101', #6258 ) ;
#93 = CARTESIAN_POINT ( 'NONE',  ( -0.002956425430158976519, 0.01152356514472073663, -0.001238936826845228080 ) ) ;
#94 = CARTESIAN_POINT ( 'NONE',  ( -0.003929804074428739497, 0.009070904646158317250, 0.0007911688481970778663 ) ) ;
#95 = EDGE_CURVE ( 'NONE', #1320, #2540, #2733, .T. ) ;
#96 = CARTESIAN_POINT ( 'NONE',  ( 0.003342899728054703201, 0.001199529218105165832, -0.005477529740300431278 ) ) ;
#97 = CARTESIAN_POINT ( 'NONE',  ( -0.1258326555172618877, 0.007524300851833315082, 0.005579793633875153314 ) ) ;
#98 = CARTESIAN_POINT ( 'NONE',  ( 0.004045881950513723589, 0.008922561303467807167, 0.0001876386856259431267 ) ) ;
#99 = CIRCLE ( 'NONE', #3398, 0.006032499999999999668 ) ;
#100 = FACE_OUTER_BOUND ( 'NONE', #6725, .T. ) ;
#101 = FACE_OUTER_BOUND ( 'NONE', #1750, .T. ) ;
#102 = CARTESIAN_POINT ( 'NONE',  ( 0.004259682955735187918, 0.001749785262532572733, -0.004637931006407444538 ) ) ;
#103 = CARTESIAN_POINT ( 'NONE',  ( 0.002653292788492359316, 0.009871276181210456371, -0.0009748808080169429771 ) ) ;
#104 = CARTESIAN_POINT ( 'NONE',  ( 0.002901829777285058233, 0.009561949208600395780, 0.0008214827636058507580 ) ) ;
#105 = CARTESIAN_POINT ( 'NONE',  ( 0.004468076315110896223, 0.007927142571964407997, 0.004370250090426647076 ) ) ;
#106 = CARTESIAN_POINT ( 'NONE',  ( -0.003666642747675715516, 0.009427121302630877067, 0.001350560111945946435 ) ) ;
#107 = DIRECTION ( 'NONE',  ( -0.000000000000000000, 1.000000000000000000, -0.000000000000000000 ) ) ;
#108 = CARTESIAN_POINT ( 'NONE',  ( 0.006254734568612953238, 0.005985956068741833148, 6.222433282066770581E-05 ) ) ;
#109 = CARTESIAN_POINT ( 'NONE',  ( -0.003013079195718223417, 0.01175823841726152293, -0.0007913301563083651510 ) ) ;
#110 = CARTESIAN_POINT ( 'NONE',  ( 0.003187847978626110867, 0.009254024410796084232, 0.0004601479454843576331 ) ) ;
#111 = ADVANCED_FACE ( 'NONE', ( #5758 ), #899, .T. ) ;
#112 = UNCERTAINTY_MEASURE_WITH_UNIT (LENGTH_MEASURE( 1.000000000000000082E-05 ), #6892, 'distance_accuracy_value', 'NONE');
#113 = CARTESIAN_POINT ( 'NONE',  ( -0.002300783562989971304, 0.01058919875442614587, -0.0009253182353800216324 ) ) ;
#114 = CARTESIAN_POINT ( 'NONE',  ( 0.003808520602133034973, 0.009231101778707184041, 0.001098503761649305497 ) ) ;
#115 = CARTESIAN_POINT ( 'NONE',  ( -0.04699126024607844926, 0.009879604587205300173, -0.003821743149484482360 ) ) ;
#116 = CARTESIAN_POINT ( 'NONE',  ( -0.002319466839154624756, 0.01112111656134882713, -0.0003298595365736198466 ) ) ;
#117 = CARTESIAN_POINT ( 'NONE',  ( 0.003045748778400851620, 0.01057277449455143632, 0.001817493018381680396 ) ) ;
#118 = ORIENTED_EDGE ( 'NONE', *, *, #6162, .F. ) ;
#119 = DIRECTION ( 'NONE',  ( 0.000000000000000000, 1.000000000000000000, 0.000000000000000000 ) ) ;
#120 = CARTESIAN_POINT ( 'NONE',  ( -0.03835802678916633984, 0.009378482947929952032, -0.004352954126073832822 ) ) ;
#121 = LINE ( 'NONE', #6041, #5054 ) ;
#122 = ORIENTED_EDGE ( 'NONE', *, *, #4852, .T. ) ;
#123 = CARTESIAN_POINT ( 'NONE',  ( -0.002330529598710326129, 0.01115956045265675128, 0.0001828620119867968889 ) ) ;
#124 = CARTESIAN_POINT ( 'NONE',  ( -0.003272101333443389569, 0.009169104039010715634, 0.0002290059992527994088 ) ) ;
#125 = AXIS2_PLACEMENT_3D ( 'NONE', #5668, #2475, #6194 ) ;
#126 = CARTESIAN_POINT ( 'NONE',  ( -0.003767281135076068748, 0.009286912425972031551, -0.001181200116085551850 ) ) ;
#127 = CARTESIAN_POINT ( 'NONE',  ( -0.004035951277910887307, 0.008935098374975735183, 0.0002821951067032907388 ) ) ;
#128 = DIRECTION ( 'NONE',  ( -0.7318093080803117489, 0.000000000000000000, -0.6815094545250384162 ) ) ;
#129 = CARTESIAN_POINT ( 'NONE',  ( -1.071991814155956250E-17, 0.001397000000000004141, 0.000000000000000000 ) ) ;
#130 = CARTESIAN_POINT ( 'NONE',  ( -0.1302150670666558929, 0.005679800487601047686, 0.008755662515822493219 ) ) ;
#131 = EDGE_CURVE ( 'NONE', #2255, #2816, #4057, .T. ) ;
#132 = CARTESIAN_POINT ( 'NONE',  ( -0.003452957942434773872, 0.001265715187916218116, 0.005252063797436591110 ) ) ;
#133 = DIRECTION ( 'NONE',  ( -0.000000000000000000, -1.000000000000000000, -0.000000000000000000 ) ) ;
#134 = CARTESIAN_POINT ( 'NONE',  ( 0.002468811551904426249, 0.01015999974016755167, 0.001016000370599576177 ) ) ;
#135 = FACE_BOUND ( 'NONE', #1709, .T. ) ;
#136 = CARTESIAN_POINT ( 'NONE',  ( 0.003234545996157402355, 0.009206699248990882212, -0.0003529992978815911378 ) ) ;
#137 = CARTESIAN_POINT ( 'NONE',  ( 0.003854005813146836081, 0.009170116876785287460, -0.001001554762191335856 ) ) ;
#138 = CARTESIAN_POINT ( 'NONE',  ( 0.002566532955880561177, 0.009997302192063874798, 0.001003135599708517272 ) ) ;
#139 = CARTESIAN_POINT ( 'NONE',  ( -0.003061662496963372514, 0.01189589244068543598, -1.302866838296184927E-05 ) ) ;
#140 = CARTESIAN_POINT ( 'NONE',  ( 0.003215672197546786803, 0.009225754347623255774, 0.0003996585633361472625 ) ) ;
#141 = CARTESIAN_POINT ( 'NONE',  ( -0.002498112746094502835, 0.01010761580307541034, -0.001015139983945785498 ) ) ;
#142 = CARTESIAN_POINT ( 'NONE',  ( -0.002332476884014756356, 0.01116592669534925350, -0.0001497955866027621448 ) ) ;
#143 = CARTESIAN_POINT ( 'NONE',  ( -0.002341819305917676799, 0.01015018309780834661, 0.001015952571939930400 ) ) ;
#144 = CARTESIAN_POINT ( 'NONE',  ( 0.001785667394348145831, 0.01046305122213599982, 0.0009697504610784572245 ) ) ;
#145 = AXIS2_PLACEMENT_3D ( 'NONE', #229, #6217, #6716 ) ;
#146 = CARTESIAN_POINT ( 'NONE',  ( 0.003456214892252700531, 0.009742080252342915844, 0.001612438121736598342 ) ) ;
#147 =( NAMED_UNIT ( * ) PLANE_ANGLE_UNIT ( ) SI_UNIT ( $, .RADIAN. ) );
#148 = CARTESIAN_POINT ( 'NONE',  ( -0.02268502100786037867, 0.007877469635424251201, -0.003100059698420031071 ) ) ;
#149 = CARTESIAN_POINT ( 'NONE',  ( -0.002335831660734580349, 0.01117656070799431453, -6.973884890923477968E-06 ) ) ;
#150 = CIRCLE ( 'NONE', #1967, 0.005003799999999891668 ) ;
#151 = CARTESIAN_POINT ( 'NONE',  ( 0.003189460536574266220, 0.01022068957535403680, 0.001802419696370929653 ) ) ;
#152 = ORIENTED_EDGE ( 'NONE', *, *, #2945, .F. ) ;
#153 = CARTESIAN_POINT ( 'NONE',  ( 3.000384657911015166E-19, -0.001498506304391711633, -0.002449999999999999921 ) ) ;
#154 = LINE ( 'NONE', #1675, #5126 ) ;
#155 = CARTESIAN_POINT ( 'NONE',  ( 0.002523837008011811829, 0.01006493674112080017, -0.001011670559053357531 ) ) ;
#156 = CARTESIAN_POINT ( 'NONE',  ( -0.006255067371107989396, 0.005131398076602441093, 4.014403510550865629E-06 ) ) ;
#157 = ORIENTED_EDGE ( 'NONE', *, *, #393, .F. ) ;
#158 = CARTESIAN_POINT ( 'NONE',  ( -0.002306259360189522045, 0.01106764313931491404, -0.0004568792965425572616 ) ) ;
#159 = AXIS2_PLACEMENT_3D ( 'NONE', #2248, #3888, #650 ) ;
#160 = CARTESIAN_POINT ( 'NONE',  ( -0.002924677319789921633, 0.009535865946108709745, 0.0008020259638811273045 ) ) ;
#161 = CARTESIAN_POINT ( 'NONE',  ( 0.06531939664575417415, 0.01189511719174943423, -0.003042805606069840570 ) ) ;
#162 = CARTESIAN_POINT ( 'NONE',  ( -0.002498184986472183969, 0.0009180064463895913802, 0.005772550441344050272 ) ) ;
#163 = CARTESIAN_POINT ( 'NONE',  ( -0.003052027975285892536, 0.01187097118087758127, 0.0003412055869268234643 ) ) ;
#164 = CARTESIAN_POINT ( 'NONE',  ( 0.001447224898745791974, 0.0004689809571372345674, 0.0002539999999999998856 ) ) ;
#165 = CARTESIAN_POINT ( 'NONE',  ( 0.02954458763929917672, 0.007376516437751856094, 0.0009154508390319570288 ) ) ;
#166 = CARTESIAN_POINT ( 'NONE',  ( 0.005134041065579100088, 0.002325540764067021097, -0.003574505553706312528 ) ) ;
#167 = CARTESIAN_POINT ( 'NONE',  ( -0.1302182344068169573, 0.005651675541497289817, 0.008825606301024595604 ) ) ;
#168 = CARTESIAN_POINT ( 'NONE',  ( 0.004002262431185591059, 0.008977795603943770214, 0.0005081921112482757578 ) ) ;
#169 = CARTESIAN_POINT ( 'NONE',  ( 0.003061340060767294910, 0.01189507105402040459, 1.243432941813064297E-15 ) ) ;
#170 = CARTESIAN_POINT ( 'NONE',  ( -0.002281497323613360887, 0.01071566108294026362, 0.0008549478265683011077 ) ) ;
#171 = CARTESIAN_POINT ( 'NONE',  ( -0.001785667394348159709, 0.01046305122213600676, 0.0009697504610784551645 ) ) ;
#172 = CARTESIAN_POINT ( 'NONE',  ( 0.002330178993673394025, 0.01115840712821562254, 0.0001890466062473792621 ) ) ;
#173 = DIRECTION ( 'NONE',  ( 0.000000000000000000, 0.000000000000000000, -1.000000000000000000 ) ) ;
#174 = CARTESIAN_POINT ( 'NONE',  ( -0.003998722054705420442, 0.008982311470994692668, -0.0005248941447750930973 ) ) ;
#175 = CARTESIAN_POINT ( 'NONE',  ( 0.003197300072312584882, 0.009244391008561520656, -0.0004405394753386382336 ) ) ;
#176 = CARTESIAN_POINT ( 'NONE',  ( -0.002977861189524426584, 0.01162993188367810425, 0.001072940392172893210 ) ) ;
#177 = EDGE_CURVE ( 'NONE', #5263, #6393, #3195, .T. ) ;
#178 = CARTESIAN_POINT ( 'NONE',  ( 0.002395918587111990020, 0.01030697496488415868, 0.001005451076010904906 ) ) ;
#179 = ORIENTED_EDGE ( 'NONE', *, *, #1433, .T. ) ;
#180 = CARTESIAN_POINT ( 'NONE',  ( -0.003070485184504664986, 0.009376100612516395302, -0.0006471528141045824805 ) ) ;
#181 = CARTESIAN_POINT ( 'NONE',  ( 0.02200426982222153383, 0.007841797393000877678, 0.003108200119337581682 ) ) ;
#182 = DIRECTION ( 'NONE',  ( -1.000000000000000000, 9.484135310589725177E-16, 0.000000000000000000 ) ) ;
#183 = CARTESIAN_POINT ( 'NONE',  ( 0.02282582766954639741, 0.008377499798608800674, 0.003943434724947066788 ) ) ;
#184 = CARTESIAN_POINT ( 'NONE',  ( 0.003107260045256662277, 0.01040618222761947702, 0.001823265887822054067 ) ) ;
#185 = ADVANCED_FACE ( 'NONE', ( #4263 ), #4071, .T. ) ;
#186 = CARTESIAN_POINT ( 'NONE',  ( -0.03877261192883106611, 0.009424354372990812953, -0.004409552107776519222 ) ) ;
#187 = CARTESIAN_POINT ( 'NONE',  ( -0.002302374769257612298, 0.01104960422271111797, 0.0004910825178881569452 ) ) ;
#188 = CIRCLE ( 'NONE', #2790, 0.0001000000000000001539 ) ;
#189 = CARTESIAN_POINT ( 'NONE',  ( 0.002938471294662384561, 0.01138653692602110794, 0.001405067347367898629 ) ) ;
#190 = ORIENTED_EDGE ( 'NONE', *, *, #6633, .T. ) ;
#191 = CARTESIAN_POINT ( 'NONE',  ( -0.0002539999999999999940, 0.005587999999999999218, -0.002884438135928730097 ) ) ;
#192 = CARTESIAN_POINT ( 'NONE',  ( 0.000000000000000000, 0.000000000000000000, -0.006032499999999997933 ) ) ;
#193 = CARTESIAN_POINT ( 'NONE',  ( -0.004561176248147611953, 0.008014431762437043000, -0.004273205278112103198 ) ) ;
#194 = ORIENTED_EDGE ( 'NONE', *, *, #6327, .T. ) ;
#195 = CARTESIAN_POINT ( 'NONE',  ( 0.000000000000000000, 0.009900000000000000813, 0.000000000000000000 ) ) ;
#196 = CARTESIAN_POINT ( 'NONE',  ( 0.1249236993234565662, 0.007713326128794407814, -0.005151369818292639638 ) ) ;
#197 = CARTESIAN_POINT ( 'NONE',  ( -0.002433510077339253765, 0.001124163684816177362, 0.005764971622599641791 ) ) ;
#198 = ORIENTED_EDGE ( 'NONE', *, *, #2905, .F. ) ;
#199 = CARTESIAN_POINT ( 'NONE',  ( -0.002281270158328758263, 0.01089600297733746281, 0.0007006136966735506582 ) ) ;
#200 = CARTESIAN_POINT ( 'NONE',  ( -0.002751285093325662751, 0.009742539475812272975, 0.0009266335841652067161 ) ) ;
#201 = B_SPLINE_CURVE_WITH_KNOTS ( 'NONE', 3,
 ( #873, #2439, #1438, #1370 ),
 .UNSPECIFIED., .F., .F.,
 ( 4, 4 ),
 ( 0.005486497244110623978, 0.01067792281924099737 ),
 .UNSPECIFIED. ) ;
#202 = ORIENTED_EDGE ( 'NONE', *, *, #5635, .F. ) ;
#203 = EDGE_CURVE ( 'NONE', #3533, #3573, #1657, .T. ) ;
#204 = DIRECTION ( 'NONE',  ( 9.484135310589723205E-16, 1.000000000000000000, -0.000000000000000000 ) ) ;
#205 = CARTESIAN_POINT ( 'NONE',  ( 0.001914036185932147752, 0.0009338410343640014778, -0.006127878846520644178 ) ) ;
#206 = CARTESIAN_POINT ( 'NONE',  ( -0.1301108769682499944, 0.005777161616881602499, 0.009211981120872391252 ) ) ;
#207 = CARTESIAN_POINT ( 'NONE',  ( 0.003709657279488438788, 0.009362777017540287877, 0.001324974804308710593 ) ) ;
#208 = CARTESIAN_POINT ( 'NONE',  ( 0.01934212813362068059, 0.007912688306718320200, 0.003077483300283629774 ) ) ;
#209 = CARTESIAN_POINT ( 'NONE',  ( 0.000000000000000000, 0.005588000000000000085, 0.000000000000000000 ) ) ;
#210 = DIRECTION ( 'NONE',  ( 0.000000000000000000, 0.000000000000000000, 1.000000000000000000 ) ) ;
#211 = CARTESIAN_POINT ( 'NONE',  ( 0.002280842956579681724, 0.01089215495032680621, 0.0007052642387394209619 ) ) ;
#212 = AXIS2_PLACEMENT_3D ( 'NONE', #3345, #2837, #5498 ) ;
#213 = CARTESIAN_POINT ( 'NONE',  ( -0.1299530784889676716, 0.005678506609494806019, 0.009115623608589558738 ) ) ;
#214 =( REPRESENTATION_RELATIONSHIP ('NONE','NONE', #1770, #6127 ) REPRESENTATION_RELATIONSHIP_WITH_TRANSFORMATION ( #682 )SHAPE_REPRESENTATION_RELATIONSHIP( ) );
#215 = CARTESIAN_POINT ( 'NONE',  ( 0.002800301214593863344, 0.009681865496777001048, 0.0008965338244279054229 ) ) ;
#216 = CARTESIAN_POINT ( 'NONE',  ( -0.003054050645425514243, 0.01187628270884028177, -0.0003019802239645909378 ) ) ;
#217 = CONICAL_SURFACE ( 'NONE', #6219, 0.003962399999999999603, 0.2069921942198206244 ) ;
#218 = CARTESIAN_POINT ( 'NONE',  ( 0.002279818583487528989, 0.01077495021720168387, 0.0008089476979350954241 ) ) ;
#219 = CARTESIAN_POINT ( 'NONE',  ( -0.002302700493167997731, 0.01059252679575940943, -0.0009194986682998705597 ) ) ;
#220 = CARTESIAN_POINT ( 'NONE',  ( 0.1297434708212997501, 0.005935427533706371696, -0.008518470822038893761 ) ) ;
#221 = CARTESIAN_POINT ( 'NONE',  ( -0.002477462519717743387, 0.009346687838536779300, 0.0006226908725719430479 ) ) ;
#222 = FACE_OUTER_BOUND ( 'NONE', #3542, .T. ) ;
#223 = CARTESIAN_POINT ( 'NONE',  ( 0.002966659563033239352, 0.01157813186572312358, 0.001158261664329022838 ) ) ;
#224 = CARTESIAN_POINT ( 'NONE',  ( 0.002321267747131522570, 0.01112766993178534308, 0.0003099020515346706571 ) ) ;
#225 = CARTESIAN_POINT ( 'NONE',  ( -0.002322211489041341517, 0.01113117412114010205, 0.0003004439393393818413 ) ) ;
#226 = CARTESIAN_POINT ( 'NONE',  ( 0.003007746832880606007, 0.01174113757204994259, 0.0008381021175177967835 ) ) ;
#227 = ORIENTED_EDGE ( 'NONE', *, *, #4508, .T. ) ;
#228 = CARTESIAN_POINT ( 'NONE',  ( -0.003872672137664107724, 0.009145650402728175421, -0.0009511032290580027264 ) ) ;
#229 = CARTESIAN_POINT ( 'NONE',  ( -1.925929944387235853E-33, 0.01270000000000000122, 0.000000000000000000 ) ) ;
#230 = CARTESIAN_POINT ( 'NONE',  ( 0.002553711557161050544, 0.01001722587610523810, -0.001006044910075651984 ) ) ;
#231 = CARTESIAN_POINT ( 'NONE',  ( 0.1289777630398941111, 0.006385356709036307116, -0.007580806078499583399 ) ) ;
#232 = ORIENTED_EDGE ( 'NONE', *, *, #2627, .F. ) ;
#233 = CARTESIAN_POINT ( 'NONE',  ( -0.002312752116796750607, 0.01109522496189562987, 0.0003973787090787171184 ) ) ;
#234 = CARTESIAN_POINT ( 'NONE',  ( -0.002684673975146081339, 0.009829145507548845903, 0.0009606821123044936416 ) ) ;
#235 = CARTESIAN_POINT ( 'NONE',  ( 0.001404488224300015587, 0.005588000000000000085, 0.0002539999999999998856 ) ) ;
#236 = CARTESIAN_POINT ( 'NONE',  ( 0.006247745138939601872, 0.004254531174569540011, -0.001328786381838018872 ) ) ;
#237 = CIRCLE ( 'NONE', #6455, 0.002413000000000001515 ) ;
#238 = CARTESIAN_POINT ( 'NONE',  ( -0.1300233425668423926, 0.005893529477035257431, 0.008991657652148531479 ) ) ;
#239 = CARTESIAN_POINT ( 'NONE',  ( 0.1123313774808390175, 5.425414110102775244E-05, -0.02241647820108370534 ) ) ;
#240 = DIRECTION ( 'NONE',  ( -0.000000000000000000, 1.000000000000000000, -0.000000000000000000 ) ) ;
#241 = CARTESIAN_POINT ( 'NONE',  ( -0.003026411892659106474, 0.01063155813434482101, 0.001810972462207171294 ) ) ;
#242 = PLANE ( 'NONE',  #6549 ) ;
#243 = CARTESIAN_POINT ( 'NONE',  ( 0.002592583481852408969, 0.009958201639501325017, -0.0009959354612692561740 ) ) ;
#244 = CARTESIAN_POINT ( 'NONE',  ( 0.002395918587111990020, 0.01030697496488415868, 0.001005451076010904906 ) ) ;
#245 = CARTESIAN_POINT ( 'NONE',  ( -0.1294943584162569494, 0.006127226179555207881, 0.008113296217802490329 ) ) ;
#246 = CARTESIAN_POINT ( 'NONE',  ( 0.002808834756173279011, 0.009671494153835901580, 0.0008909448888480866720 ) ) ;
#247 = CARTESIAN_POINT ( 'NONE',  ( -0.003031184670049004697, 0.01181362318448175852, 0.0006204532298651762407 ) ) ;
#248 = CARTESIAN_POINT ( 'NONE',  ( 0.002287428891956026604, 0.01095979755267678657, 0.0006268001692697154886 ) ) ;
#249 = CARTESIAN_POINT ( 'NONE',  ( 0.09537156056058335163, 0.009959841868657171027, 0.001333503035619883117 ) ) ;
#250 = CARTESIAN_POINT ( 'NONE',  ( -0.002423389084788824584, 0.009530282977552527804, -0.0008079907265821512910 ) ) ;
#251 = CARTESIAN_POINT ( 'NONE',  ( 0.002990406343489199897, 0.01167951791396299593, 0.0009765396952465639968 ) ) ;
#252 = CARTESIAN_POINT ( 'NONE',  ( 0.002301206018614775604, 0.01104371735942045497, -0.0005013057665737870447 ) ) ;
#253 = CARTESIAN_POINT ( 'NONE',  ( -0.002282142272275590987, 0.01090792028534174826, 0.0006878783630492581397 ) ) ;
#254 = CARTESIAN_POINT ( 'NONE',  ( 0.003061596625185977836, 0.01189572240626590206, -3.179207651715843701E-05 ) ) ;
#255 = EDGE_LOOP ( 'NONE', ( #6920, #2923, #500, #1470, #2467, #2137, #1927, #1229, #5508, #6948 ) ) ;
#256 = CARTESIAN_POINT ( 'NONE',  ( 0.000000000000000000, 0.005588000000000000085, 0.000000000000000000 ) ) ;
#257 = CARTESIAN_POINT ( 'NONE',  ( -0.05303068498432558092, -0.0005186699241482085106, 0.02047947723571142201 ) ) ;
#258 = CARTESIAN_POINT ( 'NONE',  ( 0.002425856910875228215, 0.01024263333028895863, -0.001012765856576869654 ) ) ;
#259 = CARTESIAN_POINT ( 'NONE',  ( 0.1290953213958051515, 0.006331592293569651697, -0.007692696188490969963 ) ) ;
#260 = CARTESIAN_POINT ( 'NONE',  ( -0.006327734129915833089, 0.004641007321348379275, 0.0008318279914263509989 ) ) ;
#261 = ORIENTED_EDGE ( 'NONE', *, *, #519, .F. ) ;
#262 = CARTESIAN_POINT ( 'NONE',  ( -0.003184887483900550233, 0.009257046532735633063, 0.0004660543802466002999 ) ) ;
#263 = CARTESIAN_POINT ( 'NONE',  ( -0.002939953383700448074, 0.009518642743962519095, 0.0007882621631873606202 ) ) ;
#264 = ORIENTED_EDGE ( 'NONE', *, *, #3868, .F. ) ;
#265 = EDGE_CURVE ( 'NONE', #4240, #2997, #4049, .T. ) ;
#266 = LINE ( 'NONE', #6621, #4153 ) ;
#267 = AXIS2_PLACEMENT_3D ( 'NONE', #4724, #388, #1483 ) ;
#268 = ORIENTED_EDGE ( 'NONE', *, *, #2920, .F. ) ;
#269 = CARTESIAN_POINT ( 'NONE',  ( 0.02668509304410517785, 0.008695327907355693275, 0.004094480269174455463 ) ) ;
#270 = CARTESIAN_POINT ( 'NONE',  ( 0.006255067371107975518, 0.005131398076601748071, -4.014403510833842396E-06 ) ) ;
#271 = CARTESIAN_POINT ( 'NONE',  ( 3.000384657911015166E-19, 0.000000000000000000, -0.002449999999999999921 ) ) ;
#272 = CARTESIAN_POINT ( 'NONE',  ( 0.004646989106315383387, 0.007649285579370054128, 0.004327585036228222791 ) ) ;
#273 = DIRECTION ( 'NONE',  ( 1.000000000000000000, 0.000000000000000000, 1.123292760552739875E-17 ) ) ;
#274 = CARTESIAN_POINT ( 'NONE',  ( -0.003290106300714050989, 0.01002435774135651374, 0.001749509997172565010 ) ) ;
#275 = DIRECTION ( 'NONE',  ( -0.000000000000000000, -1.000000000000000000, -0.000000000000000000 ) ) ;
#276 = CARTESIAN_POINT ( 'NONE',  ( 0.002335423039737791716, 0.01117528723334592321, -5.169474189803062962E-05 ) ) ;
#277 = CARTESIAN_POINT ( 'NONE',  ( -0.01398240792927682268, 0.007688195570917299645, -0.003480899475206856910 ) ) ;
#278 = B_SPLINE_CURVE_WITH_KNOTS ( 'NONE', 3,
 ( #4404, #3276, #489, #1552, #5919, #2665, #4820, #564, #5463, #4855, #2737, #3873, #5991, #2086, #4889, #1137, #3308, #456, #3728, #1066, #7015, #5888, #599, #2768, #4927, #68, #6557, #6022 ),
 .UNSPECIFIED., .F., .F.,
 ( 4, 2, 2, 2, 2, 2, 2, 2, 2, 2, 2, 2, 2, 4 ),
 ( 0.000000000000000000, 0.0009481368184888662324, 0.001896273636977732465, 0.002844410455466598372, 0.003792547273955464062, 0.004740684092444328451, 0.005688820910933194142, 0.007585094547910922920, 0.009481368184888651698, 0.01042950500337751565, 0.01137764182186638134, 0.01232577864035524530, 0.01327391545884410926, 0.01517018909582183890 ),
 .UNSPECIFIED. ) ;
#279 = CARTESIAN_POINT ( 'NONE',  ( -0.004925076415982202263, 0.007954535719699073332, -0.004024492174760749448 ) ) ;
#280 = CARTESIAN_POINT ( 'NONE',  ( -0.003548818063029103229, 0.009599206371496851395, -0.001510090617477644927 ) ) ;
#281 = CARTESIAN_POINT ( 'NONE',  ( 0.002325635624244155007, 0.01114310973439833728, 0.0002570121951512625391 ) ) ;
#282 = ORIENTED_EDGE ( 'NONE', *, *, #1872, .F. ) ;
#283 = CARTESIAN_POINT ( 'NONE',  ( 0.1298127619083416229, 0.005868946278140505304, -0.008661555687152492494 ) ) ;
#284 = DIRECTION ( 'NONE',  ( 0.000000000000000000, 0.000000000000000000, -1.000000000000000000 ) ) ;
#285 = CARTESIAN_POINT ( 'NONE',  ( 0.002976543580925959144, 0.01162358606056305109, 0.001082721945118897237 ) ) ;
#286 = CARTESIAN_POINT ( 'NONE',  ( 0.002295072660629161616, 0.01101114539092934094, -0.0005551988554945456664 ) ) ;
#287 = CARTESIAN_POINT ( 'NONE',  ( -0.003161657778857558318, 0.009280859477181208420, 0.0005095444033668624934 ) ) ;
#288 = EDGE_CURVE ( 'NONE', #2928, #4832, #688, .T. ) ;
#289 = CARTESIAN_POINT ( 'NONE',  ( 0.003059548658620893976, 0.01189052847455867278, 0.0001614629879152143087 ) ) ;
#290 = ORIENTED_EDGE ( 'NONE', *, *, #2080, .T. ) ;
#291 = CARTESIAN_POINT ( 'NONE',  ( -0.003050213223767986315, 0.01186617401690762304, 0.0003729633332424959623 ) ) ;
#292 = CARTESIAN_POINT ( 'NONE',  ( 0.002986698643410048200, 0.01077694745533394963, -0.001779820914166272946 ) ) ;
#293 = CARTESIAN_POINT ( 'NONE',  ( -0.006036068297447052568, 0.007936070404586327912, -0.004144522882137599389 ) ) ;
#294 = CARTESIAN_POINT ( 'NONE',  ( 0.1298932966688431390, 0.005762712635990988735, -0.008914823048818557374 ) ) ;
#295 = CARTESIAN_POINT ( 'NONE',  ( -0.1300000000000000877, 0.001072457435249923310, 0.01786584610186266880 ) ) ;
#296 = CIRCLE ( 'NONE', #3930, 0.001415789041095890559 ) ;
#297 = VERTEX_POINT ( 'NONE', #4595 ) ;
#298 = CARTESIAN_POINT ( 'NONE',  ( -0.002372245750350697197, 0.01036342393982630887, 0.0009955689223756249411 ) ) ;
#299 = ADVANCED_FACE ( 'NONE', ( #824 ), #1, .T. ) ;
#300 = EDGE_LOOP ( 'NONE', ( #4030, #6916 ) ) ;
#301 = CARTESIAN_POINT ( 'NONE',  ( 0.03349772046934344077, 0.008687055707612698421, 0.003273333806289619938 ) ) ;
#302 = CARTESIAN_POINT ( 'NONE',  ( 0.005791528779266734255, 0.006921841858289639639, 0.002568173872653190144 ) ) ;
#303 = CARTESIAN_POINT ( 'NONE',  ( 0.1300000000000001710, 0.006244717164803867925, -0.01127134194007196714 ) ) ;
#304 = CARTESIAN_POINT ( 'NONE',  ( -0.004514714601017963229, 0.007836012086811502270, -0.004358068622774753306 ) ) ;
#305 = DIRECTION ( 'NONE',  ( 1.000000000000000000, 0.000000000000000000, 1.396592535537253342E-14 ) ) ;
#306 = ADVANCED_FACE ( 'NONE', ( #6683 ), #6317, .T. ) ;
#307 = EDGE_CURVE ( 'NONE', #4760, #4197, #5809, .T. ) ;
#308 = CARTESIAN_POINT ( 'NONE',  ( 0.01002470551839079911, 0.007914727389407533870, 0.003772033691762705435 ) ) ;
#309 = CARTESIAN_POINT ( 'NONE',  ( 0.000000000000000000, 0.009900000000000000813, -0.006250000000000000347 ) ) ;
#310 = CARTESIAN_POINT ( 'NONE',  ( -0.002371993960894447969, 0.01036264263679022649, 0.0009964720082616281265 ) ) ;
#311 = CARTESIAN_POINT ( 'NONE',  ( 0.002335415816976767894, 0.01117525309621956141, 5.206747534373747685E-05 ) ) ;
#312 =( GEOMETRIC_REPRESENTATION_CONTEXT ( 3 ) GLOBAL_UNCERTAINTY_ASSIGNED_CONTEXT ( ( #5781 ) ) GLOBAL_UNIT_ASSIGNED_CONTEXT ( ( #5864, #3248, #2209 ) ) REPRESENTATION_CONTEXT ( 'NONE', 'WORKASPACE' ) );
#313 = CARTESIAN_POINT ( 'NONE',  ( -0.1182796432028781070, 0.008693107875087473235, 0.002822208827664043733 ) ) ;
#314 = CARTESIAN_POINT ( 'NONE',  ( -0.1285653111050519548, 0.006557504890582861387, 0.007220188846450308062 ) ) ;
#315 = CARTESIAN_POINT ( 'NONE',  ( 0.002883307352197311997, 0.009583327167470762076, 0.0008365064888077142387 ) ) ;
#316 = CARTESIAN_POINT ( 'NONE',  ( -0.003421889539310983899, 0.009797367633435943857, -0.001645505034272620347 ) ) ;
#317 = CARTESIAN_POINT ( 'NONE',  ( 0.002325712570083519632, 0.01114348909264952989, -0.0002572825464332784617 ) ) ;
#318 = VECTOR ( 'NONE', #1909, 1.000000000000000000 ) ;
#319 = CARTESIAN_POINT ( 'NONE',  ( 0.1299530784889676716, 0.005678506609494790407, -0.009115623608588648008 ) ) ;
#320 = CARTESIAN_POINT ( 'NONE',  ( -0.002929287471661097802, 0.009530709047314549903, -0.0007977305843944732097 ) ) ;
#321 = CARTESIAN_POINT ( 'NONE',  ( 0.003032742352689406055, 0.01181790175326048048, -0.0006020605045006844659 ) ) ;
#322 = CARTESIAN_POINT ( 'NONE',  ( 0.002329729521264641695, 0.01115699216204033006, 0.0002016838401729986643 ) ) ;
#323 = CARTESIAN_POINT ( 'NONE',  ( -0.003137223079854329060, 0.009306070366613355613, 0.0005514714017243256723 ) ) ;
#324 = AXIS2_PLACEMENT_3D ( 'NONE', #5304, #2075, #4247 ) ;
#325 = ADVANCED_FACE ( 'NONE', ( #72 ), #3277, .F. ) ;
#326 = CARTESIAN_POINT ( 'NONE',  ( 0.002936417298284053033, 0.01109425155469759804, -0.001642212544079286280 ) ) ;
#327 = ORIENTED_EDGE ( 'NONE', *, *, #1033, .F. ) ;
#328 = CARTESIAN_POINT ( 'NONE',  ( -0.002981387071025747189, 0.01080038746764883095, 0.001772775423132336332 ) ) ;
#329 = DIRECTION ( 'NONE',  ( 0.000000000000000000, 0.000000000000000000, 1.000000000000000000 ) ) ;
#330 = CARTESIAN_POINT ( 'NONE',  ( -0.1300000000000001155, 0.001072457435249923527, 0.01786584610186267227 ) ) ;
#331 = CARTESIAN_POINT ( 'NONE',  ( 0.1299903954715731780, 0.005937486067316781989, -0.008901540766644264885 ) ) ;
#332 = CARTESIAN_POINT ( 'NONE',  ( -0.005826981893089193919, 0.006756530831315000520, -0.002277191182883827464 ) ) ;
#333 = VERTEX_POINT ( 'NONE', #2235 ) ;
#334 = CARTESIAN_POINT ( 'NONE',  ( -0.002698437149855809764, 0.009810825424398726680, 0.0009542414049167947422 ) ) ;
#335 = VERTEX_POINT ( 'NONE', #565 ) ;
#336 = PRESENTATION_STYLE_ASSIGNMENT (( #3109 ) ) ;
#337 = ORIENTED_EDGE ( 'NONE', *, *, #4074, .F. ) ;
#338 = CARTESIAN_POINT ( 'NONE',  ( 0.02539280272805033781, 0.008039501668781102658, 0.003086656947369506316 ) ) ;
#339 = CARTESIAN_POINT ( 'NONE',  ( 0.05051867780172048655, 0.004039330022138959767, -0.01075968455708258172 ) ) ;
#340 = CARTESIAN_POINT ( 'NONE',  ( -0.004521221146526384523, 0.007808110265003707397, -0.004354587839719422510 ) ) ;
#341 = CARTESIAN_POINT ( 'NONE',  ( 0.004036832004298651459, 0.001118981680153370703, -0.005288743522345943672 ) ) ;
#342 = CARTESIAN_POINT ( 'NONE',  ( -0.0002540000000000001024, 0.000000000000000000, -0.005080000000000001181 ) ) ;
#343 = DIRECTION ( 'NONE',  ( 0.000000000000000000, -1.000000000000000000, 0.000000000000000000 ) ) ;
#344 = DIRECTION ( 'NONE',  ( -0.000000000000000000, -1.000000000000000000, -0.000000000000000000 ) ) ;
#345 = ORIENTED_EDGE ( 'NONE', *, *, #3874, .F. ) ;
#346 = CARTESIAN_POINT ( 'NONE',  ( -0.1221115285913378229, 0.007998468399304126120, 0.003993668658640064928 ) ) ;
#347 = EDGE_CURVE ( 'NONE', #4832, #6897, #5073, .T. ) ;
#348 = CARTESIAN_POINT ( 'NONE',  ( -0.1227641748414157186, 0.007908075249559403178, 0.004210612949421218588 ) ) ;
#349 = AXIS2_PLACEMENT_3D ( 'NONE', #5345, #5457, #5491 ) ;
#350 = CARTESIAN_POINT ( 'NONE',  ( -0.004202739846019043490, 0.001820225672589462391, 0.004634016130043718332 ) ) ;
#351 = CARTESIAN_POINT ( 'NONE',  ( -0.003082331169683598555, 0.01046960566402750821, -0.001823980383665971825 ) ) ;
#352 = CARTESIAN_POINT ( 'NONE',  ( 0.002316985863297929809, 0.01111180270346635336, -0.0003558461915131551009 ) ) ;
#353 = CARTESIAN_POINT ( 'NONE',  ( 0.006203863867290615626, 0.006557870072223886092, 0.0008018505328066757344 ) ) ;
#354 = DIRECTION ( 'NONE',  ( -0.000000000000000000, -1.000000000000000000, -0.000000000000000000 ) ) ;
#355 = CARTESIAN_POINT ( 'NONE',  ( 0.003020751890531188193, 0.01178228420377254275, 0.0007221772682718250640 ) ) ;
#356 = CARTESIAN_POINT ( 'NONE',  ( 0.002300788803405619167, 0.01104163458802781377, -0.0005049538730699425562 ) ) ;
#357 = B_SPLINE_CURVE_WITH_KNOTS ( 'NONE', 3,
 ( #1182, #6639, #1740, #3353, #1630, #2206, #1218, #3389 ),
 .UNSPECIFIED., .F., .F.,
 ( 4, 2, 2, 4 ),
 ( 0.0003076487795738900265, 0.0009620265313564549782, 0.001289215407247735990, 0.001616404283139017111 ),
 .UNSPECIFIED. ) ;
#358 = CARTESIAN_POINT ( 'NONE',  ( -0.003064991122414890273, 0.009381933151580543542, 0.0006541115454553151102 ) ) ;
#359 = CARTESIAN_POINT ( 'NONE',  ( 0.002995036603655392565, 0.01074403120482762125, -0.001788082592036491746 ) ) ;
#360 = ORIENTED_EDGE ( 'NONE', *, *, #2080, .F. ) ;
#361 = CARTESIAN_POINT ( 'NONE',  ( -0.002971089129847751583, 0.01160025904699247754, 0.001123942887937817627 ) ) ;
#362 = DIRECTION ( 'NONE',  ( -1.224646799147353207E-16, 1.161471595079409288E-31, 1.000000000000000000 ) ) ;
#363 = CARTESIAN_POINT ( 'NONE',  ( 0.1302161056720485821, 0.005671038175591382353, -0.008777536751838626791 ) ) ;
#364 = DIRECTION ( 'NONE',  ( -0.000000000000000000, -1.000000000000000000, -0.000000000000000000 ) ) ;
#365 = VERTEX_POINT ( 'NONE', #5538 ) ;
#366 = CARTESIAN_POINT ( 'NONE',  ( -0.003292838490853609683, 0.009148530906341264396, -9.742488443262672547E-05 ) ) ;
#367 = CARTESIAN_POINT ( 'NONE',  ( -0.001662517406688836328, 0.0008592333467938825017, 0.006033392954675731966 ) ) ;
#368 = ORIENTED_EDGE ( 'NONE', *, *, #4799, .F. ) ;
#369 = FILL_AREA_STYLE ('',( #5159 ) ) ;
#370 = ORIENTED_EDGE ( 'NONE', *, *, #1691, .F. ) ;
#371 = CARTESIAN_POINT ( 'NONE',  ( -0.03004450371382537746, -0.0009156489969351544640, 0.009343593620298257935 ) ) ;
#372 = CARTESIAN_POINT ( 'NONE',  ( 0.03974814103446112218, -0.001433025255761885726, -0.01531147177191892472 ) ) ;
#373 = CONICAL_SURFACE ( 'NONE', #2539, 0.003809999999999999585, 0.1090546584432373345 ) ;
#374 = CARTESIAN_POINT ( 'NONE',  ( -0.001429071916480830319, 0.002644011576293511974, 0.0002539999999999999398 ) ) ;
#375 = CARTESIAN_POINT ( 'NONE',  ( 0.002423461732129093913, 0.009530061191485977509, -0.0008077113917088986263 ) ) ;
#376 = CARTESIAN_POINT ( 'NONE',  ( 0.002468811551904426249, 0.01015999974016755167, 0.001016000370599576177 ) ) ;
#377 = VERTEX_POINT ( 'NONE', #4405 ) ;
#378 = CARTESIAN_POINT ( 'NONE',  ( -0.07417808794438879305, 0.01044910688683781987, -0.003856311678126048224 ) ) ;
#379 = AXIS2_PLACEMENT_3D ( 'NONE', #1417, #890, #7012 ) ;
#380 = CARTESIAN_POINT ( 'NONE',  ( -0.1138183140066220816, 0.008946353858371364209, 0.001650736476088726255 ) ) ;
#381 = CARTESIAN_POINT ( 'NONE',  ( -0.005822761522427434729, 0.003844523336504828640, 0.002285254207831240517 ) ) ;
#382 = CARTESIAN_POINT ( 'NONE',  ( -0.002941318703130145311, 0.01103973701391228711, -0.001673440489573415875 ) ) ;
#383 = CARTESIAN_POINT ( 'NONE',  ( 0.003049052342669995690, 0.009399019675847913868, -0.0006733630433110483890 ) ) ;
#384 = CARTESIAN_POINT ( 'NONE',  ( -0.005904729493971192129, 0.004142388549291558739, 0.002062580139110225998 ) ) ;
#385 = FACE_OUTER_BOUND ( 'NONE', #934, .T. ) ;
#386 = CARTESIAN_POINT ( 'NONE',  ( -0.002727915784032723754, 0.009772484502592486411, -0.0009392111675909948099 ) ) ;
#387 = CARTESIAN_POINT ( 'NONE',  ( 0.003730506583952771307, 0.009337577526758532309, -0.001246928682829073027 ) ) ;
#388 = DIRECTION ( 'NONE',  ( -0.000000000000000000, 1.000000000000000000, -0.000000000000000000 ) ) ;
#389 = CARTESIAN_POINT ( 'NONE',  ( -0.002974050722956659600, 0.009480645314546374408, 0.0007556339381741915663 ) ) ;
#390 = CARTESIAN_POINT ( 'NONE',  ( 0.003296701675677878637, 0.009144706661467407599, 5.131436826681973245E-05 ) ) ;
#391 = ORIENTED_EDGE ( 'NONE', *, *, #1354, .F. ) ;
#392 = CARTESIAN_POINT ( 'NONE',  ( -0.002999170161164872901, 0.01072810435700627223, 0.001791896905950709053 ) ) ;
#393 = EDGE_CURVE ( 'NONE', #2433, #3065, #1574, .T. ) ;
#394 = CARTESIAN_POINT ( 'NONE',  ( -0.003058562955480981574, 0.01188812896363650694, -0.0002121853190458303793 ) ) ;
#395 = CARTESIAN_POINT ( 'NONE',  ( -0.1109457281489457936, 0.009365104688564102400, 0.001085952709089011738 ) ) ;
#396 = PRESENTATION_STYLE_ASSIGNMENT (( #533 ) ) ;
#397 = DIRECTION ( 'NONE',  ( 1.123292760552739721E-17, -0.000000000000000000, 1.000000000000000000 ) ) ;
#398 = ORIENTED_EDGE ( 'NONE', *, *, #2934, .T. ) ;
#399 = CARTESIAN_POINT ( 'NONE',  ( -0.002974050722956659600, 0.009480645314546374408, 0.0007556339381741915663 ) ) ;
#400 = CYLINDRICAL_SURFACE ( 'NONE', #4417, 0.002032000000000005156 ) ;
#401 = ORIENTED_EDGE ( 'NONE', *, *, #1539, .F. ) ;
#402 = FACE_OUTER_BOUND ( 'NONE', #3609, .T. ) ;
#403 = VERTEX_POINT ( 'NONE', #3590 ) ;
#404 = CARTESIAN_POINT ( 'NONE',  ( 0.04693699941495475120, 0.009861446068602430434, 0.004559220000552551173 ) ) ;
#405 = CARTESIAN_POINT ( 'NONE',  ( 0.1300000000000002265, 0.001072457435249923527, -0.01786584610186176328 ) ) ;
#406 = CARTESIAN_POINT ( 'NONE',  ( -0.05300341564773749375, -0.001171446303208050930, 0.02150446686256565418 ) ) ;
#407 = CARTESIAN_POINT ( 'NONE',  ( 0.1300000000000002542, 0.0006367031403336869105, -0.01842142212889757644 ) ) ;
#408 = CIRCLE ( 'NONE', #4382, 0.002552700000000010169 ) ;
#409 = ADVANCED_FACE ( 'NONE', ( #4116, #2339 ), #4509, .F. ) ;
#410 = CARTESIAN_POINT ( 'NONE',  ( 0.1261036993940922168, 0.007467166640378285029, -0.005709050154556419114 ) ) ;
#411 = CARTESIAN_POINT ( 'NONE',  ( 0.0002540000000000000482, 0.0002344904790593442089, -0.001449181636525680595 ) ) ;
#412 = EDGE_CURVE ( 'NONE', #6529, #6897, #2912, .T. ) ;
#413 = CARTESIAN_POINT ( 'NONE',  ( -0.1156517893596741287, 0.008767186210931735349, 0.002106468347368938964 ) ) ;
#414 = CARTESIAN_POINT ( 'NONE',  ( 0.004539182273777611805, 0.007664379899271478273, 0.004296615610442530882 ) ) ;
#415 = CARTESIAN_POINT ( 'NONE',  ( 0.002374432084980521857, 0.01035795124331452370, -0.0009966716725317405559 ) ) ;
#416 = CARTESIAN_POINT ( 'NONE',  ( 0.005908297463621870783, 0.004053098736795321573, -0.002053053870104214369 ) ) ;
#417 = CARTESIAN_POINT ( 'NONE',  ( -0.002635088973001151712, 0.009897063903403524945, -0.0009814504123125630287 ) ) ;
#418 = CARTESIAN_POINT ( 'NONE',  ( 0.002931049439826370010, 0.01124686981973989884, -0.001535656029870756736 ) ) ;
#419 = CARTESIAN_POINT ( 'NONE',  ( 0.002293504723761709448, 0.01100152239068151981, 0.0005693208274942959625 ) ) ;
#420 = CARTESIAN_POINT ( 'NONE',  ( -0.003204156531675250372, 0.009237426003677568637, -0.0004259046180262648289 ) ) ;
#421 = CARTESIAN_POINT ( 'NONE',  ( 0.003381468674338819046, 0.009864559358762133023, -0.001680787207383171175 ) ) ;
#422 = EDGE_LOOP ( 'NONE', ( #2059, #4306, #5117, #6953 ) ) ;
#423 = CARTESIAN_POINT ( 'NONE',  ( -0.003516497518452245917, 0.009648065745623778805, 0.001548352208332865083 ) ) ;
#424 = CARTESIAN_POINT ( 'NONE',  ( -0.1266873346314568993, 0.007329893447372892723, 0.006015350070827093359 ) ) ;
#425 = CARTESIAN_POINT ( 'NONE',  ( 0.000000000000000000, 0.006959600000000000682, 0.000000000000000000 ) ) ;
#426 = ORIENTED_EDGE ( 'NONE', *, *, #5018, .T. ) ;
#427 = CARTESIAN_POINT ( 'NONE',  ( 0.004541233956430326853, 0.007784726562518540054, 0.004343899929217895362 ) ) ;
#428 = CIRCLE ( 'NONE', #5540, 0.002895600000000001645 ) ;
#429 = AXIS2_PLACEMENT_3D ( 'NONE', #2113, #4283, #6438 ) ;
#430 = ITEM_DEFINED_TRANSFORMATION ( 'NONE', 'NONE', #6091,  #989 ) ;
#431 = ADVANCED_FACE ( 'NONE', ( #1841 ), #4899, .F. ) ;
#432 = PRODUCT_RELATED_PRODUCT_CATEGORY ( 'part', '', ( #493 ) ) ;
#433 = CARTESIAN_POINT ( 'NONE',  ( -0.004631615120819095564, 0.008031864869414852282, -0.004196503469866302849 ) ) ;
#434 = VERTEX_POINT ( 'NONE', #5522 ) ;
#435 = CIRCLE ( 'NONE', #3286, 0.003047999999999999928 ) ;
#436 = CARTESIAN_POINT ( 'NONE',  ( -0.003047253758976758379, 0.01056763265342012051, 0.001818415945998814315 ) ) ;
#437 = SURFACE_STYLE_FILL_AREA ( #972 ) ;
#438 = VERTEX_POINT ( 'NONE', #657 ) ;
#439 = CARTESIAN_POINT ( 'NONE',  ( 0.06324402229415800047, 0.01035093253229349766, 0.004335696081004810493 ) ) ;
#440 = DIRECTION ( 'NONE',  ( 0.000000000000000000, 0.000000000000000000, 1.000000000000000000 ) ) ;
#441 = CARTESIAN_POINT ( 'NONE',  ( -0.002536116043786082550, 0.01004466865262014681, -0.001009926804137689996 ) ) ;
#442 = CARTESIAN_POINT ( 'NONE',  ( -0.03005779616874908883, -0.001143308794372895152, 0.009584346660960311320 ) ) ;
#443 = PRODUCT ( 'BLDCMotorPropThread', 'BLDCMotorPropThread', '', ( #5929 ) ) ;
#444 = CARTESIAN_POINT ( 'NONE',  ( 0.09293689007689272252, 0.005774766865610635874, -0.01624156727721059318 ) ) ;
#445 = CARTESIAN_POINT ( 'NONE',  ( 0.1293003975019537122, 0.006447301583587036235, -0.007891646192837260473 ) ) ;
#446 = CARTESIAN_POINT ( 'NONE',  ( 0.002323978452039379434, 0.01015999999999832142, 0.001016000000007534097 ) ) ;
#447 = CARTESIAN_POINT ( 'NONE',  ( -0.005961306521370218249, 0.003508408138382928133, 0.002276552270056807908 ) ) ;
#448 = CARTESIAN_POINT ( 'NONE',  ( -0.06596053356166525772, 0.01026393089628367672, -0.003622265202721806302 ) ) ;
#449 = CARTESIAN_POINT ( 'NONE',  ( 2.955072726342563340E-19, 0.02413508000000001361, -0.002412999999999997612 ) ) ;
#450 = CARTESIAN_POINT ( 'NONE',  ( 0.002594801580563835166, 0.009954968947981602742, -0.0009952204006686714201 ) ) ;
#451 = CARTESIAN_POINT ( 'NONE',  ( -0.006115854209110135019, 0.004764228617307485203, 0.001374443960956772638 ) ) ;
#452 = CARTESIAN_POINT ( 'NONE',  ( 0.005042520412463589313, 0.008030138598778683787, 0.003706095019746231956 ) ) ;
#453 = CARTESIAN_POINT ( 'NONE',  ( -0.002723560728865358563, 0.009778103362685504688, -0.0009414960348558767565 ) ) ;
#454 = CARTESIAN_POINT ( 'NONE',  ( 0.003343929828587252889, 0.009928735500791241106, -0.001710974352276899363 ) ) ;
#455 = CARTESIAN_POINT ( 'NONE',  ( 0.002291390703893443452, 0.01098809547120158971, 0.0005886906376446558297 ) ) ;
#456 = CARTESIAN_POINT ( 'NONE',  ( 0.006254948057275901661, 0.005152010159650419890, 2.377455367981410071E-05 ) ) ;
#457 = AXIS2_PLACEMENT_3D ( 'NONE', #3194, #3795, #4779 ) ;
#458 = CARTESIAN_POINT ( 'NONE',  ( 0.003646299416538464726, 0.009456154402577927193, -0.001380806280119722387 ) ) ;
#459 = ORIENTED_EDGE ( 'NONE', *, *, #3310, .T. ) ;
#460 = CARTESIAN_POINT ( 'NONE',  ( -0.004005838060586404230, 0.008973253551693170793, 0.0004883780877709574184 ) ) ;
#461 = CARTESIAN_POINT ( 'NONE',  ( -0.004668370661546235138, 0.007930444673145646897, -0.004274494609201632059 ) ) ;
#462 = CARTESIAN_POINT ( 'NONE',  ( 0.004026487109669303621, 0.008947059058870773102, -0.0003610108771436727868 ) ) ;
#463 = CARTESIAN_POINT ( 'NONE',  ( 0.1301339208263221636, 0.005744880682577973262, -0.009265322193599455358 ) ) ;
#464 = DIRECTION ( 'NONE',  ( 0.000000000000000000, -0.000000000000000000, 1.000000000000000000 ) ) ;
#465 = ORIENTED_EDGE ( 'NONE', *, *, #5957, .T. ) ;
#466 = CARTESIAN_POINT ( 'NONE',  ( 0.004514714601017932004, 0.007836012086811502270, 0.004358068622774785399 ) ) ;
#467 = CARTESIAN_POINT ( 'NONE',  ( -0.004468854754190670388, 0.007748525419675463682, -0.004369456611282251240 ) ) ;
#468 = ORIENTED_EDGE ( 'NONE', *, *, #4190, .T. ) ;
#469 = CARTESIAN_POINT ( 'NONE',  ( -0.001785667394348170118, 0.01046305122213599982, -0.0009697504610784572245 ) ) ;
#470 = CARTESIAN_POINT ( 'NONE',  ( 0.006290156776244022925, 0.006570105615621479704, 0.0009974705547913459772 ) ) ;
#471 = EDGE_LOOP ( 'NONE', ( #6413, #3143, #3736, #5369, #3638, #6146, #789 ) ) ;
#472 = CARTESIAN_POINT ( 'NONE',  ( 0.04969763557626632328, 0.01001602575326431162, 0.003873250061601681178 ) ) ;
#473 = LINE ( 'NONE', #1402, #1528 ) ;
#474 = CARTESIAN_POINT ( 'NONE',  ( -0.002280720953564345944, 0.01088724860135185414, -0.0007096942394510051110 ) ) ;
#475 = CARTESIAN_POINT ( 'NONE',  ( -0.03879675669357111889, 0.009235459695114307810, 0.001218204951122897964 ) ) ;
#476 = CARTESIAN_POINT ( 'NONE',  ( 0.1300000000000002265, 0.003658587300026895726, -0.01456859402096686608 ) ) ;
#477 = EDGE_CURVE ( 'NONE', #5013, #5766, #2348, .T. ) ;
#478 = DIRECTION ( 'NONE',  ( 0.000000000000000000, 0.000000000000000000, -1.000000000000000000 ) ) ;
#479 = CARTESIAN_POINT ( 'NONE',  ( -0.004050873079457608869, 0.008916290607941934968, -0.0001694365363957644436 ) ) ;
#480 = CARTESIAN_POINT ( 'NONE',  ( 0.001447224898745791757, 0.0004689809571372346758, -0.0002540000000000001024 ) ) ;
#481 = CARTESIAN_POINT ( 'NONE',  ( -0.1266995032874785598, 0.007122988593623732871, 0.005997902212773247206 ) ) ;
#482 = VECTOR ( 'NONE', #4432, 1.000000000000000000 ) ;
#483 = CARTESIAN_POINT ( 'NONE',  ( 0.002425856910875228215, 0.01024263333028895863, -0.001012765856576869654 ) ) ;
#484 = CARTESIAN_POINT ( 'NONE',  ( 0.006254425573155507519, 0.005895316056325896475, 0.0001040804629775520272 ) ) ;
#485 = CARTESIAN_POINT ( 'NONE',  ( 0.002824425957479523817, 0.009652718905854132392, -0.0008803111081439224687 ) ) ;
#486 = CARTESIAN_POINT ( 'NONE',  ( 0.003078115731349158075, 0.009367996807980016188, -0.0006371779800283507373 ) ) ;
#487 = CIRCLE ( 'NONE', #5930, 0.002449999999999999921 ) ;
#488 = CARTESIAN_POINT ( 'NONE',  ( 0.004469004632575972018, 0.007748208903647098474, 0.004369303589314449399 ) ) ;
#489 = CARTESIAN_POINT ( 'NONE',  ( 0.001962495592346279530, 0.0008618122443689838104, -0.005942152538238323727 ) ) ;
#490 = CARTESIAN_POINT ( 'NONE',  ( 0.003609374649228894866, 0.009509389203591765011, -0.001433322402467714215 ) ) ;
#491 = ORIENTED_EDGE ( 'NONE', *, *, #1914, .F. ) ;
#492 = CARTESIAN_POINT ( 'NONE',  ( -0.003953797383724194127, 0.009039878591052921339, 0.0007110402858727687308 ) ) ;
#493 = PRODUCT ( 'BLDCMotorPropNut', 'BLDCMotorPropNut', '', ( #3774 ) ) ;
#494 = CARTESIAN_POINT ( 'NONE',  ( -0.1278010341773395675, 0.007024000923969990658, 0.006683500464297571948 ) ) ;
#495 = DIRECTION ( 'NONE',  ( 0.000000000000000000, 1.000000000000000000, 0.000000000000000000 ) ) ;
#496 = VERTEX_POINT ( 'NONE', #6120 ) ;
#497 = CARTESIAN_POINT ( 'NONE',  ( -0.003159476510595062362, 0.009283067575857376422, -0.0005141103398708261668 ) ) ;
#498 = CARTESIAN_POINT ( 'NONE',  ( -0.002280720953564345944, 0.01088724860135185414, -0.0007096942394510051110 ) ) ;
#499 = CARTESIAN_POINT ( 'NONE',  ( 0.003978437549457085332, 0.009008204683540931013, -0.0006186106290775521092 ) ) ;
#500 = ORIENTED_EDGE ( 'NONE', *, *, #1138, .T. ) ;
#501 = CARTESIAN_POINT ( 'NONE',  ( -0.001962495592346237029, 0.0008618122443689820757, 0.005942152538238339339 ) ) ;
#502 = DIRECTION ( 'NONE',  ( 0.000000000000000000, 0.000000000000000000, 1.000000000000000000 ) ) ;
#503 = CARTESIAN_POINT ( 'NONE',  ( 0.01455397603236053931, 0.007682091231093605456, 0.003432633331591774910 ) ) ;
#504 = ORIENTED_EDGE ( 'NONE', *, *, #6366, .T. ) ;
#505 = CARTESIAN_POINT ( 'NONE',  ( 0.002355624851305648977, 0.01040716517801884219, -0.0009856212503341300543 ) ) ;
#506 = CARTESIAN_POINT ( 'NONE',  ( 0.05783100626360068025, 0.01011232771612351027, 0.003864416975170651553 ) ) ;
#507 = DIRECTION ( 'NONE',  ( 1.000000000000000000, -1.163719888839448470E-15, 0.000000000000000000 ) ) ;
#508 = ORIENTED_EDGE ( 'NONE', *, *, #3337, .F. ) ;
#509 = CARTESIAN_POINT ( 'NONE',  ( -0.002893828926157297320, 0.009571144511195828902, -0.0008280997667361031031 ) ) ;
#510 = CARTESIAN_POINT ( 'NONE',  ( -0.02297305825785933911, -6.618838861039471537E-05, 0.006358794152084376421 ) ) ;
#511 = CARTESIAN_POINT ( 'NONE',  ( 0.02292398139508838514, 0.003626584589718851847, -0.002965428689143971477 ) ) ;
#512 = EDGE_CURVE ( 'NONE', #1901, #2957, #3716, .T. ) ;
#513 = CARTESIAN_POINT ( 'NONE',  ( -0.006203863867290593942, 0.006557870072224022268, -0.0008018505328067754810 ) ) ;
#514 = CARTESIAN_POINT ( 'NONE',  ( -0.002952884403698397865, 0.01094706183706781188, -0.001719710397651399601 ) ) ;
#515 = CARTESIAN_POINT ( 'NONE',  ( -0.004051020690784171846, 0.008916105595832619912, 1.113130248699508283E-05 ) ) ;
#516 = CARTESIAN_POINT ( 'NONE',  ( -0.005453759096179301366, 0.002659954625098878006, 0.003356201328050183435 ) ) ;
#517 = CARTESIAN_POINT ( 'NONE',  ( -0.1286141299186522036, 0.006539840451923813365, 0.007257560877686458807 ) ) ;
#518 = CIRCLE ( 'NONE', #1090, 0.002895600000000001645 ) ;
#519 = EDGE_CURVE ( 'NONE', #1320, #1826, #3438, .T. ) ;
#520 = CARTESIAN_POINT ( 'NONE',  ( 0.002792053503226296206, 0.009691928877338605239, -0.0009018885796149349278 ) ) ;
#521 = CARTESIAN_POINT ( 'NONE',  ( 0.004790995303308715099, 0.002287123145761315625, -0.004022151448077995566 ) ) ;
#522 = CARTESIAN_POINT ( 'NONE',  ( -0.003184945192653006185, 0.01023034989719865361, -0.001803965947194792040 ) ) ;
#523 = CARTESIAN_POINT ( 'NONE',  ( -0.1300000000000000600, 0.005819643698737585365, 0.008867066658774604149 ) ) ;
#524 = CARTESIAN_POINT ( 'NONE',  ( 0.003096715892006210967, 0.009348375891890954234, -0.0006120090349219077606 ) ) ;
#525 = CARTESIAN_POINT ( 'NONE',  ( 0.004705164914179289955, 0.007932383614030945329, 0.004253490230605273988 ) ) ;
#526 = B_SPLINE_CURVE_WITH_KNOTS ( 'NONE', 3,
 ( #6803, #414, #4746, #4081, #2154, #5844, #982, #4288, #5383, #4881, #4359, #6368 ),
 .UNSPECIFIED., .F., .F.,
 ( 4, 2, 2, 2, 2, 4 ),
 ( 1.502314598737159424E-18, 0.0001573356829022236043, 0.0002360035243533362332, 0.0003146713658044463413, 0.0004720070487066677502, 0.0006293427316088891048 ),
 .UNSPECIFIED. ) ;
#527 = CARTESIAN_POINT ( 'NONE',  ( 0.1300000000000001155, 0.005925007879322497124, -0.008924140516987017976 ) ) ;
#528 = ADVANCED_FACE ( 'NONE', ( #6306 ), #5245, .F. ) ;
#529 = CARTESIAN_POINT ( 'NONE',  ( 0.003753635288385170302, 0.009305695424637879659, -0.001205724215125340100 ) ) ;
#530 = CARTESIAN_POINT ( 'NONE',  ( -0.004037508081357416012, 0.008933133197152066593, 0.0002671768755400123351 ) ) ;
#531 = CARTESIAN_POINT ( 'NONE',  ( 0.000000000000000000, -0.001498506304391711633, 0.002449999999999999921 ) ) ;
#532 = CARTESIAN_POINT ( 'NONE',  ( 0.004030389538041473027, 0.008942124063310959853, -0.0003312879593768117050 ) ) ;
#533 = SURFACE_STYLE_USAGE ( .BOTH. , #3770 ) ;
#534 = ORIENTED_EDGE ( 'NONE', *, *, #2610, .F. ) ;
#535 = CARTESIAN_POINT ( 'NONE',  ( -0.003217563162982503902, 0.009223840631106355187, -0.0003951521869711014843 ) ) ;
#536 = APPLICATION_PROTOCOL_DEFINITION ( 'draft international standard', 'automotive_design', 1998, #2387 ) ;
#537 = CARTESIAN_POINT ( 'NONE',  ( 0.003819792036286183065, 0.009215893353883739328, -0.001075575442349632456 ) ) ;
#538 = ORIENTED_EDGE ( 'NONE', *, *, #3835, .T. ) ;
#539 = CARTESIAN_POINT ( 'NONE',  ( 0.0002539999999999996688, 0.02225040000000000351, 0.002884438135928730530 ) ) ;
#540 = AXIS2_PLACEMENT_3D ( 'NONE', #5653, #1391, #329 ) ;
#541 = CARTESIAN_POINT ( 'NONE',  ( -0.003075553214887263333, 0.01048793316260146144, 0.001823338903689701281 ) ) ;
#542 = VERTEX_POINT ( 'NONE', #4437 ) ;
#543 = TOROIDAL_SURFACE ( 'NONE', #2017, 0.006150000000000000085, 0.0001000000000000000048 ) ;
#544 = CARTESIAN_POINT ( 'NONE',  ( 0.1066998359111827610, 0.009666652271618088668, 0.0006538675382327768489 ) ) ;
#545 = DIRECTION ( 'NONE',  ( -0.000000000000000000, -1.000000000000000000, -0.000000000000000000 ) ) ;
#546 = ORIENTED_EDGE ( 'NONE', *, *, #1849, .F. ) ;
#547 = CARTESIAN_POINT ( 'NONE',  ( -0.002346571720763212555, 0.01043287951499927146, -0.0009788128653646500747 ) ) ;
#548 = CARTESIAN_POINT ( 'NONE',  ( -0.01075406328422113221, 0.004556744336698492596, 0.001210000908024535908 ) ) ;
#549 = CARTESIAN_POINT ( 'NONE',  ( 0.01747809365003695492, 0.0003435990175735472601, -0.005100186359730571328 ) ) ;
#550 = AXIS2_PLACEMENT_3D ( 'NONE', #4705, #6754, #2000 ) ;
#551 = CARTESIAN_POINT ( 'NONE',  ( -0.005475483621548959609, 0.007808945745789595307, -0.003260386645803349699 ) ) ;
#552 = CARTESIAN_POINT ( 'NONE',  ( -0.003359270673714205655, 0.009902261951195458212, -0.001698994498597018602 ) ) ;
#553 = CARTESIAN_POINT ( 'NONE',  ( 0.003045526721246146797, 0.01185377766846631119, 0.0004578670233584151766 ) ) ;
#554 = CARTESIAN_POINT ( 'NONE',  ( -0.1286476544934085364, 0.006730447659180683641, 0.007306310714433596372 ) ) ;
#555 = DIRECTION ( 'NONE',  ( 0.000000000000000000, 0.000000000000000000, -1.000000000000000000 ) ) ;
#556 = DIRECTION ( 'NONE',  ( 1.123292760552739721E-17, -0.000000000000000000, -1.000000000000000000 ) ) ;
#557 = CARTESIAN_POINT ( 'NONE',  ( 0.000000000000000000, 0.01000000000000000021, -0.006250000000000000347 ) ) ;
#558 = CARTESIAN_POINT ( 'NONE',  ( 0.002750887274925629608, 0.001067390822904845269, -0.005620207197406393643 ) ) ;
#559 = CARTESIAN_POINT ( 'NONE',  ( -0.002929113973268863188, 0.01133666580439126985, -0.001470065118372126771 ) ) ;
#560 = CARTESIAN_POINT ( 'NONE',  ( 0.002323978452039379434, 0.01015999999999832142, -0.001016000000007534097 ) ) ;
#561 = EDGE_CURVE ( 'NONE', #2108, #6222, #5947, .T. ) ;
#562 = CARTESIAN_POINT ( 'NONE',  ( 0.003296217363200712284, 0.009145186751902737582, -5.202507842627842867E-05 ) ) ;
#563 = CARTESIAN_POINT ( 'NONE',  ( -0.005235469797980286423, 0.007437922454965192713, -0.003573155749914905515 ) ) ;
#564 = CARTESIAN_POINT ( 'NONE',  ( 0.004066338275424668386, 0.001471830784719653984, -0.004755341815637003852 ) ) ;
#565 = CARTESIAN_POINT ( 'NONE',  ( 0.1300000000000001155, 0.005925007879322497124, -0.008924140516987017976 ) ) ;
#566 = EDGE_CURVE ( 'NONE', #2816, #3579, #4179, .T. ) ;
#567 = CARTESIAN_POINT ( 'NONE',  ( 0.003114432250569356807, 0.009329836262650817100, 0.0005859567645918710432 ) ) ;
#568 = CARTESIAN_POINT ( 'NONE',  ( -0.004050588271479159397, 0.008916649675692021881, -4.933943487111433479E-05 ) ) ;
#569 = CARTESIAN_POINT ( 'NONE',  ( -0.002281072151993682705, 0.01074419401162657502, -0.0008325250900283588749 ) ) ;
#570 = LINE ( 'NONE', #531, #6326 ) ;
#571 = CARTESIAN_POINT ( 'NONE',  ( 0.002959526298997615813, 0.01090904794061763397, 0.001734863350460766644 ) ) ;
#572 = DIRECTION ( 'NONE',  ( -9.484135310589723205E-16, -1.000000000000000000, 0.000000000000000000 ) ) ;
#573 = VERTEX_POINT ( 'NONE', #4955 ) ;
#574 = CARTESIAN_POINT ( 'NONE',  ( -0.009148798754825489959, 0.007734717347838692206, -0.003917432790855206182 ) ) ;
#575 = APPLICATION_PROTOCOL_DEFINITION ( 'draft international standard', 'automotive_design', 1998, #4704 ) ;
#576 = EDGE_CURVE ( 'NONE', #5512, #6466, #4523, .T. ) ;
#577 = CARTESIAN_POINT ( 'NONE',  ( 0.003990960766290547503, 0.008992209237763237190, 0.0005618635112646946537 ) ) ;
#578 = VERTEX_POINT ( 'NONE', #3904 ) ;
#579 = DIRECTION ( 'NONE',  ( 0.000000000000000000, -0.7071067811865460184, -0.7071067811865490160 ) ) ;
#580 = CARTESIAN_POINT ( 'NONE',  ( -0.004050872798929809095, 0.008916291661684564579, 6.034618988865796572E-12 ) ) ;
#581 = CARTESIAN_POINT ( 'NONE',  ( -0.004042316477297685541, 0.001735814177769827958, 0.004670813650600447002 ) ) ;
#582 = CARTESIAN_POINT ( 'NONE',  ( 0.1221260098538423655, 0.008193175353584179754, -0.004034788111934890266 ) ) ;
#583 = CARTESIAN_POINT ( 'NONE',  ( 0.05303068498432572664, -0.0005186699241482085106, -0.02047947723571105078 ) ) ;
#584 = ORIENTED_EDGE ( 'NONE', *, *, #561, .F. ) ;
#585 = CARTESIAN_POINT ( 'NONE',  ( -0.002618097784243265166, 0.009921119280021145972, -0.0009876432785131730990 ) ) ;
#586 = B_SPLINE_CURVE_WITH_KNOTS ( 'NONE', 3,
 ( #3802, #1698, #5427, #5953 ),
 .UNSPECIFIED., .F., .F.,
 ( 4, 4 ),
 ( 0.000000000000000000, 0.001051124529742942723 ),
 .UNSPECIFIED. ) ;
#587 = CARTESIAN_POINT ( 'NONE',  ( -0.09771270277881012600, 0.01142320837424796835, 0.005687534523509938690 ) ) ;
#588 = CARTESIAN_POINT ( 'NONE',  ( -0.005510981328898592255, 0.003236459228827539940, 0.002959377818045335912 ) ) ;
#589 = DIRECTION ( 'NONE',  ( -1.000000000000000000, 0.000000000000000000, 0.000000000000000000 ) ) ;
#590 = EDGE_CURVE ( 'NONE', #3083, #6525, #5458, .T. ) ;
#591 = CARTESIAN_POINT ( 'NONE',  ( 0.002974753729673577322, 0.01163441359325961995, 0.001087941793319580639 ) ) ;
#592 = CARTESIAN_POINT ( 'NONE',  ( -0.1303679005252549872, 0.006016975711434472893, 0.007761062747295349729 ) ) ;
#593 = DIRECTION ( 'NONE',  ( 0.000000000000000000, 0.000000000000000000, -1.000000000000000000 ) ) ;
#594 = CARTESIAN_POINT ( 'NONE',  ( 0.001266933274037312625, 0.0007769961536783487593, -0.006151702624259342347 ) ) ;
#595 = CARTESIAN_POINT ( 'NONE',  ( -0.06293829927198624219, -0.0004111327656885649948, 0.02381863383957465857 ) ) ;
#596 = CARTESIAN_POINT ( 'NONE',  ( 0.003292220368802936323, 0.009149143015124419284, -0.0001035488386329224298 ) ) ;
#597 = CARTESIAN_POINT ( 'NONE',  ( -0.005938934751108566716, 0.006714518759198310170, -0.002205013543516363885 ) ) ;
#598 = CARTESIAN_POINT ( 'NONE',  ( -0.003440260630039129481, 0.009767628322561842241, 0.001628128137161114451 ) ) ;
#599 = CARTESIAN_POINT ( 'NONE',  ( 0.005988000413838854077, 0.006380768032339924345, 0.001811297025449635145 ) ) ;
#600 = CARTESIAN_POINT ( 'NONE',  ( 0.006201691131025218948, 0.006569669328383469925, 0.0008179323286990895954 ) ) ;
#601 = CARTESIAN_POINT ( 'NONE',  ( 0.003264653786694002215, 0.009176544819493454019, 0.0002556609858173384620 ) ) ;
#602 = AXIS2_PLACEMENT_3D ( 'NONE', #2811, #4934, #4482 ) ;
#603 = CARTESIAN_POINT ( 'NONE',  ( -0.002990396284644857797, 0.009462543319621454646, -0.0007394490235212214163 ) ) ;
#604 = CARTESIAN_POINT ( 'NONE',  ( 0.000000000000000000, 0.000000000000000000, 0.000000000000000000 ) ) ;
#605 = CARTESIAN_POINT ( 'NONE',  ( 0.002323978452039379434, 0.01015999999999832142, 0.001016000000007534097 ) ) ;
#606 = CARTESIAN_POINT ( 'NONE',  ( 0.003070978032316218527, 0.01050091924143631283, 0.001822469540989889777 ) ) ;
#607 = ORIENTED_EDGE ( 'NONE', *, *, #5957, .F. ) ;
#608 = CARTESIAN_POINT ( 'NONE',  ( -0.03348390199127240785, 0.008876379122525684257, -0.003212971481177378120 ) ) ;
#609 = ADVANCED_FACE ( 'NONE', ( #3830 ), #3044, .T. ) ;
#610 = CONTEXT_DEPENDENT_SHAPE_REPRESENTATION ( #214, #1132 ) ;
#611 = CARTESIAN_POINT ( 'NONE',  ( 0.003306262453823135238, 0.009994949571708988678, 0.001738758094990265190 ) ) ;
#612 = EDGE_CURVE ( 'NONE', #3854, #2957, #774, .T. ) ;
#613 = ORIENTED_EDGE ( 'NONE', *, *, #6576, .T. ) ;
#614 = CARTESIAN_POINT ( 'NONE',  ( -0.005887917786842495130, 0.007419766852179960660, -0.002114420960704831761 ) ) ;
#615 = CARTESIAN_POINT ( 'NONE',  ( 0.005889852302724808003, 0.003362443566443842034, -0.002461263853916296606 ) ) ;
#616 = CARTESIAN_POINT ( 'NONE',  ( 0.006039097190402547242, 0.007229116620973061874, 0.002018317388207420578 ) ) ;
#617 = CARTESIAN_POINT ( 'NONE',  ( -0.1024885154807276683, 0.01047622363640320076, -0.002298089056677408547 ) ) ;
#618 = CARTESIAN_POINT ( 'NONE',  ( 0.1226374783002032731, 0.008337423596531402456, -0.002687775078014692683 ) ) ;
#619 = CARTESIAN_POINT ( 'NONE',  ( 0.03001791880397801718, -0.0004603294020596733049, -0.008862087538973941261 ) ) ;
#620 = VERTEX_POINT ( 'NONE', #6476 ) ;
#621 = CARTESIAN_POINT ( 'NONE',  ( -0.002337054958830536103, 0.01046173307635148327, 0.0009703089770742431494 ) ) ;
#622 = CARTESIAN_POINT ( 'NONE',  ( -0.1300000000000001155, 0.003658587300026895726, 0.01456859402096777334 ) ) ;
#623 = CARTESIAN_POINT ( 'NONE',  ( -0.002934550383609204911, 0.01133990458306222832, -0.001453246308346443699 ) ) ;
#624 = CARTESIAN_POINT ( 'NONE',  ( 0.001295996846608392979, 0.0009318307807127970644, -0.006278871308532606686 ) ) ;
#625 = CARTESIAN_POINT ( 'NONE',  ( -0.1299924094828835142, 0.005934914976449966358, 0.008906236191573593461 ) ) ;
#626 = ADVANCED_FACE ( 'NONE', ( #1693 ), #1723, .T. ) ;
#627 = DIRECTION ( 'NONE',  ( -1.000000000000000000, -0.000000000000000000, -1.123292760552739721E-17 ) ) ;
#628 = CARTESIAN_POINT ( 'NONE',  ( 0.005162747434808964524, 0.002630707770482150227, -0.003624764308456693285 ) ) ;
#629 = CARTESIAN_POINT ( 'NONE',  ( -0.005464651874132805259, 0.007807260207960398796, -0.003271063437698083342 ) ) ;
#630 = VECTOR ( 'NONE', #6141, 1.000000000000000000 ) ;
#631 = CARTESIAN_POINT ( 'NONE',  ( 0.003028415867149959490, 0.009421220095685091042, 0.0006976451908832876844 ) ) ;
#632 = DIRECTION ( 'NONE',  ( -1.000000000000000000, -0.000000000000000000, -1.123292760552739721E-17 ) ) ;
#633 = CARTESIAN_POINT ( 'NONE',  ( -0.003376848471845883548, 0.009872351103409265222, 0.001684665011216193026 ) ) ;
#634 = CARTESIAN_POINT ( 'NONE',  ( 0.1300000000000001432, 0.005751886828364106800, -0.01189968851867437803 ) ) ;
#635 =( GEOMETRIC_REPRESENTATION_CONTEXT ( 3 ) GLOBAL_UNCERTAINTY_ASSIGNED_CONTEXT ( ( #6634 ) ) GLOBAL_UNIT_ASSIGNED_CONTEXT ( ( #6382, #2057, #5507 ) ) REPRESENTATION_CONTEXT ( 'NONE', 'WORKASPACE' ) );
#636 = DIRECTION ( 'NONE',  ( 1.347951312663287604E-16, 0.000000000000000000, -1.000000000000000000 ) ) ;
#637 = CARTESIAN_POINT ( 'NONE',  ( -0.002956425430158976519, 0.01152356514472073663, -0.001238936826845228080 ) ) ;
#638 = CARTESIAN_POINT ( 'NONE',  ( 0.002901829777285058233, 0.009561949208600395780, 0.0008214827636058507580 ) ) ;
#639 = CARTESIAN_POINT ( 'NONE',  ( -0.002289471261360871267, 0.01066910753803042983, -0.0008794107713018871168 ) ) ;
#640 = CARTESIAN_POINT ( 'NONE',  ( -0.002297960013631069297, 0.01102742901686418718, 0.0005295716709698035374 ) ) ;
#641 = CARTESIAN_POINT ( 'NONE',  ( 0.1300000000000001155, 0.005905080481937456140, -0.007984259463642954385 ) ) ;
#642 = CARTESIAN_POINT ( 'NONE',  ( 0.003978121516677733845, 0.009008626978149327641, 0.0006178776612347094228 ) ) ;
#643 = PRESENTATION_STYLE_ASSIGNMENT (( #1775 ) ) ;
#644 = ORIENTED_EDGE ( 'NONE', *, *, #412, .F. ) ;
#645 = CARTESIAN_POINT ( 'NONE',  ( -0.01468944882553929396, 0.008207627080794629992, -0.004289512601257911180 ) ) ;
#646 = CARTESIAN_POINT ( 'NONE',  ( -0.002286939474989329538, 0.01095580690983198602, -0.0006318584878698894599 ) ) ;
#647 = CARTESIAN_POINT ( 'NONE',  ( 0.003257905222913232320, 0.01008443792746602924, 0.001769186230005808085 ) ) ;
#648 = VERTEX_POINT ( 'NONE', #3340 ) ;
#649 = FACE_OUTER_BOUND ( 'NONE', #1395, .T. ) ;
#650 = DIRECTION ( 'NONE',  ( -1.000000000000000000, 8.793502125528728518E-16, 0.000000000000000000 ) ) ;
#651 = ORIENTED_EDGE ( 'NONE', *, *, #826, .T. ) ;
#652 = CARTESIAN_POINT ( 'NONE',  ( -0.001565649392794863162, 0.0008442347942934742226, 0.006058693415975428993 ) ) ;
#653 = ORIENTED_EDGE ( 'NONE', *, *, #2077, .T. ) ;
#654 = ADVANCED_FACE ( 'NONE', ( #101 ), #4883, .F. ) ;
#655 = CARTESIAN_POINT ( 'NONE',  ( -0.002301036902294934308, 0.01104302909569164319, -0.0005028110339928659571 ) ) ;
#656 = CARTESIAN_POINT ( 'NONE',  ( -0.003281955694236682493, 0.009159205042014348722, -0.0001992760062818903124 ) ) ;
#657 = CARTESIAN_POINT ( 'NONE',  ( 0.000000000000000000, 0.005587999999999999218, 0.002895600000000001645 ) ) ;
#658 = AXIS2_PLACEMENT_3D ( 'NONE', #3176, #6386, #1563 ) ;
#659 = DIRECTION ( 'NONE',  ( 0.000000000000000000, 0.000000000000000000, 1.000000000000000000 ) ) ;
#660 = CARTESIAN_POINT ( 'NONE',  ( -0.004030764986332990157, 0.008941650603558927435, 0.0003272299300869800968 ) ) ;
#661 = CARTESIAN_POINT ( 'NONE',  ( 0.004163096124201211626, 0.001729185115250426877, -0.004671032361012802427 ) ) ;
#662 = CARTESIAN_POINT ( 'NONE',  ( -0.1302202417115403688, 0.005681955538316081633, 0.008743447938859300744 ) ) ;
#663 = CARTESIAN_POINT ( 'NONE',  ( 0.002943618536948817716, 0.01100838688960198083, 0.001692326633849590509 ) ) ;
#664 = AXIS2_PLACEMENT_3D ( 'NONE', #3081, #2657, #3048 ) ;
#665 = CARTESIAN_POINT ( 'NONE',  ( -0.004608063427888958556, 0.007748356222517609887, -0.004307787666145878464 ) ) ;
#666 = CARTESIAN_POINT ( 'NONE',  ( 0.004379991594527862450, 0.001699275456554631865, -0.004671122133219511585 ) ) ;
#667 = FILL_AREA_STYLE ('',( #5531 ) ) ;
#668 = CARTESIAN_POINT ( 'NONE',  ( -0.005856863807478965983, 0.003735333198110584330, 0.002399050758497815565 ) ) ;
#669 = CARTESIAN_POINT ( 'NONE',  ( 0.003276331498088660543, 0.009164912182868925616, 0.0002057954123874233268 ) ) ;
#670 = DIRECTION ( 'NONE',  ( 0.000000000000000000, -1.000000000000000000, 0.000000000000000000 ) ) ;
#671 = FACE_OUTER_BOUND ( 'NONE', #1289, .T. ) ;
#672 = CARTESIAN_POINT ( 'NONE',  ( 0.006252000403080822805, 0.005785701839150424360, -0.0001831040602935800116 ) ) ;
#673 = CARTESIAN_POINT ( 'NONE',  ( -0.002998680027365473698, 0.01170978255637580671, 0.0009113117926225197457 ) ) ;
#674 = CARTESIAN_POINT ( 'NONE',  ( 0.002846313460988915498, 0.009626600295794715892, 0.0008648590649706996590 ) ) ;
#675 = CARTESIAN_POINT ( 'NONE',  ( -0.002346571720763212555, 0.01043287951499927146, -0.0009788128653646500747 ) ) ;
#676 = CARTESIAN_POINT ( 'NONE',  ( 0.1300000000000001987, 0.001072457435249923310, -0.01786584610186175981 ) ) ;
#677 = CARTESIAN_POINT ( 'NONE',  ( 0.001650999999999998606, 0.01168399999999999994, 2.021891865392279179E-19 ) ) ;
#678 = CARTESIAN_POINT ( 'NONE',  ( 0.004026575849956268681, 0.008946947584119112687, 0.0003603580860214893782 ) ) ;
#679 = FILL_AREA_STYLE_COLOUR ( '', #5129 ) ;
#680 = CARTESIAN_POINT ( 'NONE',  ( -0.04564962136303659518, 0.009606158565822539921, -0.003808425358318517050 ) ) ;
#681 = CARTESIAN_POINT ( 'NONE',  ( -0.002292288259890787674, 0.01064997554467968580, 0.0008902143090166865459 ) ) ;
#682 = ITEM_DEFINED_TRANSFORMATION ( 'NONE', 'NONE', #1554,  #989 ) ;
#683 = CARTESIAN_POINT ( 'NONE',  ( 0.003752782079717762852, 0.009306869014838528575, 0.001207289031601777030 ) ) ;
#684 = VERTEX_POINT ( 'NONE', #3866 ) ;
#685 = CARTESIAN_POINT ( 'NONE',  ( 0.0002539999999999998856, 0.005588000000000000085, 0.001404488224300015587 ) ) ;
#686 = CARTESIAN_POINT ( 'NONE',  ( 0.004762829001416168939, 0.001974708257575198082, -0.004276036357638050671 ) ) ;
#687 = CARTESIAN_POINT ( 'NONE',  ( -0.002884438135928730530, 0.02225040000000000351, -0.0002540000000000004277 ) ) ;
#688 = LINE ( 'NONE', #5113, #6123 ) ;
#689 = CARTESIAN_POINT ( 'NONE',  ( 0.1200187287488534843, 0.008656892484105813829, -0.001939911914917110064 ) ) ;
#690 = CARTESIAN_POINT ( 'NONE',  ( -0.006144673881738861414, 0.004176208948247404906, 0.001246833060054274196 ) ) ;
#691 = ORIENTED_EDGE ( 'NONE', *, *, #3765, .T. ) ;
#692 = CARTESIAN_POINT ( 'NONE',  ( -0.002327572280389482006, 0.01114971731448812821, -0.0002302520650417959141 ) ) ;
#693 = CARTESIAN_POINT ( 'NONE',  ( -0.002468811874218818873, 0.01015999986950846465, 0.001015999683797368623 ) ) ;
#694 = CIRCLE ( 'NONE', #803, 0.006150000000000000085 ) ;
#695 = CARTESIAN_POINT ( 'NONE',  ( -0.003281084652727375272, 0.001266937026697419980, 0.005328094710378489772 ) ) ;
#696 = ADVANCED_FACE ( 'NONE', ( #3936 ), #4742, .F. ) ;
#697 = CARTESIAN_POINT ( 'NONE',  ( -0.003031603771426615631, 0.01181461495655541753, -0.0006142885267490513302 ) ) ;
#698 = CARTESIAN_POINT ( 'NONE',  ( 0.000000000000000000, 0.006985000000000001624, 0.000000000000000000 ) ) ;
#699 = CARTESIAN_POINT ( 'NONE',  ( 0.003277893785155388661, 0.001122114802363581619, -0.005330201903286715080 ) ) ;
#700 = CARTESIAN_POINT ( 'NONE',  ( -0.1302196554948621410, 0.005635722482067220471, 0.008864682851226185489 ) ) ;
#701 = DIRECTION ( 'NONE',  ( 0.000000000000000000, 1.000000000000000000, 0.000000000000000000 ) ) ;
#702 = EDGE_CURVE ( 'NONE', #1571, #1187, #3126, .T. ) ;
#703 = CARTESIAN_POINT ( 'NONE',  ( -0.004469004632576006712, 0.007748208903647109749, -0.004369303589314412102 ) ) ;
#704 = DIRECTION ( 'NONE',  ( -1.000000000000000000, 1.050710766793948120E-15, 0.000000000000000000 ) ) ;
#705 = CARTESIAN_POINT ( 'NONE',  ( -0.002468811874218818873, 0.01015999986950846465, 0.001015999683797368623 ) ) ;
#706 = CARTESIAN_POINT ( 'NONE',  ( 0.002510306470866566133, 0.01008731586856251479, -0.001013564668252436895 ) ) ;
#707 = CARTESIAN_POINT ( 'NONE',  ( 0.002301649967934112865, 0.01104605491231540511, -0.0004974550259144378591 ) ) ;
#708 = LINE ( 'NONE', #4548, #5451 ) ;
#709 = CARTESIAN_POINT ( 'NONE',  ( 0.002699499737283101494, 0.009809468852251200174, 0.0009536767399603025396 ) ) ;
#710 = CARTESIAN_POINT ( 'NONE',  ( -0.003036728079110046462, 0.01182935867984995226, 0.0005598126942331020216 ) ) ;
#711 = CARTESIAN_POINT ( 'NONE',  ( 0.002486123726406223172, 0.01012840820954337591, 0.001016003162883244134 ) ) ;
#712 = ORIENTED_EDGE ( 'NONE', *, *, #3686, .T. ) ;
#713 = CARTESIAN_POINT ( 'NONE',  ( -0.002428790748164205617, 0.01023605538851321724, -0.001013684125211278568 ) ) ;
#714 = CARTESIAN_POINT ( 'NONE',  ( 0.08739603934664882945, 0.01017202174154061348, 0.002183738983313225721 ) ) ;
#715 = CARTESIAN_POINT ( 'NONE',  ( -0.002355176800340314479, 0.009882448935201605666, -0.0009861466933910921842 ) ) ;
#716 = DIRECTION ( 'NONE',  ( 0.000000000000000000, 0.000000000000000000, -1.000000000000000000 ) ) ;
#717 = CARTESIAN_POINT ( 'NONE',  ( 0.003126761842672012934, 0.01035936959359001763, 0.001820606409496748797 ) ) ;
#718 = DIRECTION ( 'NONE',  ( 0.000000000000000000, 0.000000000000000000, 1.000000000000000000 ) ) ;
#719 = CARTESIAN_POINT ( 'NONE',  ( -0.02535090677359480224, 0.008621684994403295069, -0.004077221283427177358 ) ) ;
#720 = CARTESIAN_POINT ( 'NONE',  ( -0.002333932420118681097, 0.01117059106386719333, -0.0001102754782786050992 ) ) ;
#721 = AXIS2_PLACEMENT_3D ( 'NONE', #1098, #4959, #4441 ) ;
#722 = CARTESIAN_POINT ( 'NONE',  ( 0.003924661131660235093, 0.009077580268169993180, 0.0008071467643686975821 ) ) ;
#723 = VERTEX_POINT ( 'NONE', #5984 ) ;
#724 = B_SPLINE_CURVE_WITH_KNOTS ( 'NONE', 3,
 ( #1929, #4096, #6816, #6851 ),
 .UNSPECIFIED., .F., .F.,
 ( 4, 4 ),
 ( 0.007917244418264276010, 0.01310866743548944925 ),
 .UNSPECIFIED. ) ;
#725 = DIRECTION ( 'NONE',  ( -0.000000000000000000, -1.000000000000000000, -0.000000000000000000 ) ) ;
#726 = CARTESIAN_POINT ( 'NONE',  ( -0.1299999999999998657, 0.008306382705677337053, 0.003074156660426573869 ) ) ;
#727 = DIRECTION ( 'NONE',  ( 9.484135310589723205E-16, 1.000000000000000000, -0.000000000000000000 ) ) ;
#728 = CARTESIAN_POINT ( 'NONE',  ( 0.1261122962569966588, 0.007263904172046405615, -0.005684510264398603095 ) ) ;
#729 = CARTESIAN_POINT ( 'NONE',  ( -0.001857838141136617695, 0.001061111194172926001, 0.005975390217312121117 ) ) ;
#730 = EDGE_LOOP ( 'NONE', ( #88, #1991, #1111, #5519, #370, #5659 ) ) ;
#731 = CARTESIAN_POINT ( 'NONE',  ( -0.002327331638278147541, 0.01114889640927021856, 0.0002337515366291035993 ) ) ;
#732 = CONICAL_SURFACE ( 'NONE', #3902, 0.003962399999999999603, 0.2069921942198206244 ) ;
#733 = CARTESIAN_POINT ( 'NONE',  ( -0.003204733976497110576, 0.009236829673863128712, 0.0004249294862125505782 ) ) ;
#734 = CARTESIAN_POINT ( 'NONE',  ( 0.003954250593981114593, 0.000000000000000000, 0.0002539999999999999398 ) ) ;
#735 = CARTESIAN_POINT ( 'NONE',  ( -0.002992471226451655190, 0.01168727846368335793, -0.0009604074825730309420 ) ) ;
#736 = DIRECTION ( 'NONE',  ( 0.000000000000000000, 1.000000000000000000, 0.000000000000000000 ) ) ;
#737 = CARTESIAN_POINT ( 'NONE',  ( 0.03879675669357111195, 0.008037536503041516067, -0.0004068104037849252716 ) ) ;
#738 = CARTESIAN_POINT ( 'NONE',  ( 0.005231644283150957246, 0.002622695395092424463, -0.003430769614480047754 ) ) ;
#739 = CARTESIAN_POINT ( 'NONE',  ( -0.1299546883020434584, 0.005676391408896046611, 0.009119978256004405981 ) ) ;
#740 = CARTESIAN_POINT ( 'NONE',  ( 0.03530683543763547816, 0.009036215980216050908, 0.003304306725479478485 ) ) ;
#741 = CARTESIAN_POINT ( 'NONE',  ( -0.002388144090835090348, 0.01032370817177014240, 0.001003551168959697891 ) ) ;
#742 = CARTESIAN_POINT ( 'NONE',  ( 0.002545226421652594610, 0.01003049491086860888, -0.001007894433593189629 ) ) ;
#743 = CARTESIAN_POINT ( 'NONE',  ( 0.002338940261752429483, 0.01045483952032489998, 0.0009728761998736305729 ) ) ;
#744 = LINE ( 'NONE', #2911, #5568 ) ;
#745 = CARTESIAN_POINT ( 'NONE',  ( 0.003202577544566698881, 0.009239024175388245788, -0.0004292029978340658643 ) ) ;
#746 = CARTESIAN_POINT ( 'NONE',  ( -0.002942812723655632758, 0.01143102588787155149, 0.001357172913460830219 ) ) ;
#747 = CARTESIAN_POINT ( 'NONE',  ( 0.002282177303165566686, 0.01073297884940507818, 0.0008397315668755016456 ) ) ;
#748 = CARTESIAN_POINT ( 'NONE',  ( -0.002555904029731738674, 0.01001348443974222485, -0.001005868615384311908 ) ) ;
#749 = DIRECTION ( 'NONE',  ( -0.000000000000000000, -1.000000000000000000, -0.000000000000000000 ) ) ;
#750 = CARTESIAN_POINT ( 'NONE',  ( 0.000000000000000000, 9.999999999999939493E-05, 0.000000000000000000 ) ) ;
#751 = CARTESIAN_POINT ( 'NONE',  ( 0.002931072454018328419, 0.01124563051666461859, 0.001536675533537400608 ) ) ;
#752 = CARTESIAN_POINT ( 'NONE',  ( 0.002283236622719006254, 0.01072266275182206900, -0.0008463262499638919256 ) ) ;
#753 = CARTESIAN_POINT ( 'NONE',  ( -0.002285379602550495319, 0.01094235499010988433, 0.0006484447611093405650 ) ) ;
#754 = CIRCLE ( 'NONE', #5275, 0.002895600000000001645 ) ;
#755 = CARTESIAN_POINT ( 'NONE',  ( 0.003775428280363305866, 0.009275904301698008336, 0.001164853521191566016 ) ) ;
#756 = EDGE_LOOP ( 'NONE', ( #2753, #3108, #2132 ) ) ;
#757 = CARTESIAN_POINT ( 'NONE',  ( 0.003016479281612399494, 0.01177123405474359702, -0.0007807528046967071719 ) ) ;
#758 = CARTESIAN_POINT ( 'NONE',  ( 0.002504612284691814204, 0.01009694533957653309, -0.001014168211331739622 ) ) ;
#759 = CARTESIAN_POINT ( 'NONE',  ( 0.1286476544933994604, 0.006730447659184180843, -0.007306310714426806664 ) ) ;
#760 = CARTESIAN_POINT ( 'NONE',  ( -0.004893056578283647325, 0.002077506578598907298, 0.004131961502480048856 ) ) ;
#761 = ORIENTED_EDGE ( 'NONE', *, *, #2627, .T. ) ;
#762 = CARTESIAN_POINT ( 'NONE',  ( -0.002334938252973350978, 0.01117375026059693258, -7.585950703594508335E-05 ) ) ;
#763 = CARTESIAN_POINT ( 'NONE',  ( -0.003066554400678032834, 0.009380317345476332433, 0.0006517742209327872941 ) ) ;
#764 = CARTESIAN_POINT ( 'NONE',  ( -0.0002540000000000001566, 0.000000000000000000, 0.001451138256679907184 ) ) ;
#765 = CARTESIAN_POINT ( 'NONE',  ( -0.001445268041901130989, 0.0007034714342214826643, -0.0002540000000000002651 ) ) ;
#766 = CARTESIAN_POINT ( 'NONE',  ( 0.005969179155123918723, 0.003486941240383698536, -0.002304891164178205203 ) ) ;
#767 = CARTESIAN_POINT ( 'NONE',  ( 0.02930792205695978772, 0.008746096427598371720, 0.004020156902415038952 ) ) ;
#768 = CARTESIAN_POINT ( 'NONE',  ( -0.1300805666241425518, 0.005818104855427849373, 0.009139891571780725879 ) ) ;
#769 = CARTESIAN_POINT ( 'NONE',  ( 0.05126161183249174080, 0.01008410848932666214, 0.003887389023398544162 ) ) ;
#770 = CARTESIAN_POINT ( 'NONE',  ( -0.002291445986579400667, 0.01098879252437441438, 0.0005880005331607119582 ) ) ;
#771 = CARTESIAN_POINT ( 'NONE',  ( -0.006290156776244035068, 0.006570105615621478837, -0.0009974705547913019586 ) ) ;
#772 = CARTESIAN_POINT ( 'NONE',  ( 0.002388695566155867988, 0.01032358573225846017, 0.001002884658607794497 ) ) ;
#773 = AXIS2_PLACEMENT_3D ( 'NONE', #5570, #1803, #5027 ) ;
#774 = CIRCLE ( 'NONE', #6431, 0.002895600000000001645 ) ;
#775 = DIRECTION ( 'NONE',  ( -0.000000000000000000, 1.000000000000000000, -0.000000000000000000 ) ) ;
#776 = CARTESIAN_POINT ( 'NONE',  ( 0.003152743595528161025, 0.009290022029983607821, -0.0005253126092325563316 ) ) ;
#777 = CARTESIAN_POINT ( 'NONE',  ( -0.002971089129847751583, 0.01160025904699247754, 0.001123942887937817627 ) ) ;
#778 = AXIS2_PLACEMENT_3D ( 'NONE', #3360, #3887, #3814 ) ;
#779 = CARTESIAN_POINT ( 'NONE',  ( 0.002335795393299804068, 0.01117644471752775141, -1.702473551884709659E-05 ) ) ;
#780 = CARTESIAN_POINT ( 'NONE',  ( 0.002280990602888466248, 0.01089166199733070974, -0.0007051472780031017027 ) ) ;
#781 = CARTESIAN_POINT ( 'NONE',  ( 0.1112072832660821742, 0.009148567895404521172, -0.001110428479327375643 ) ) ;
#782 = B_SPLINE_CURVE_WITH_KNOTS ( 'NONE', 3,
 ( #3251, #1076, #501, #3212, #3047, #1976, #9, #3777, #4273, #5205, #6460, #2675, #4307, #1943, #3743, #6990, #5903, #2644, #4798, #875, #6958, #4110, #6264, #5403, #2138, #1003, #2101, #6425 ),
 .UNSPECIFIED., .F., .F.,
 ( 4, 2, 2, 2, 2, 2, 2, 2, 2, 2, 2, 2, 2, 4 ),
 ( 0.000000000000000000, 0.0009481368184888633050, 0.001896273636977726610, 0.002844410455466589698, 0.003792547273955453220, 0.004740684092444317176, 0.005688820910933180264, 0.007585094547910908175, 0.009481368184888637821, 0.01042950500337750178, 0.01137764182186636573, 0.01232577864035523142, 0.01327391545884409711, 0.01517018909582183023 ),
 .UNSPECIFIED. ) ;
#783 = CARTESIAN_POINT ( 'NONE',  ( -0.002032000000004162421, 0.01117600000000831817, -1.059639207150322950E-15 ) ) ;
#784 = CARTESIAN_POINT ( 'NONE',  ( 0.002949261748314423778, 0.01147824960847120337, -0.001299052372765649487 ) ) ;
#785 = CARTESIAN_POINT ( 'NONE',  ( 0.002282332761190168820, 0.01091081635414264603, -0.0006848625885073860017 ) ) ;
#786 = CARTESIAN_POINT ( 'NONE',  ( -0.002284200561560931556, 0.01093113165385884225, 0.0006617531444411970179 ) ) ;
#787 = ADVANCED_FACE ( 'NONE', ( #6089 ), #1238, .F. ) ;
#788 = CARTESIAN_POINT ( 'NONE',  ( 0.002954670613136519373, 0.01151319373559086395, -0.001253214151839843757 ) ) ;
#789 = ORIENTED_EDGE ( 'NONE', *, *, #2905, .T. ) ;
#790 = CARTESIAN_POINT ( 'NONE',  ( 0.003241485720051590514, 0.01011623487715687490, -0.001777996193465872449 ) ) ;
#791 =( NAMED_UNIT ( * ) PLANE_ANGLE_UNIT ( ) SI_UNIT ( $, .RADIAN. ) );
#792 = DIRECTION ( 'NONE',  ( -0.000000000000000000, -1.000000000000000000, -0.000000000000000000 ) ) ;
#793 = CARTESIAN_POINT ( 'NONE',  ( 0.1300371496509872549, 0.005875295683319089676, -0.009029195469663115967 ) ) ;
#794 = ORIENTED_EDGE ( 'NONE', *, *, #4366, .T. ) ;
#795 = CARTESIAN_POINT ( 'NONE',  ( -0.002931066511842277296, 0.009528682455016160291, 0.0007962024391814730671 ) ) ;
#796 = CARTESIAN_POINT ( 'NONE',  ( -0.003241217049884711175, 0.009199983709326625334, -0.0003359852530900902970 ) ) ;
#797 = ORIENTED_EDGE ( 'NONE', *, *, #702, .T. ) ;
#798 = DIRECTION ( 'NONE',  ( 1.006525015729457280E-18, -0.9999662242671039092, 0.008218900473428250933 ) ) ;
#799 = EDGE_LOOP ( 'NONE', ( #1971, #5962, #2036, #5318, #3028, #6005 ) ) ;
#800 = CARTESIAN_POINT ( 'NONE',  ( 0.02673286025269173971, 0.008315548676099114925, 0.003011054168887750127 ) ) ;
#801 = CARTESIAN_POINT ( 'NONE',  ( 0.1300000000000001710, 0.005127331716599461790, -0.01208255149432711610 ) ) ;
#802 = CARTESIAN_POINT ( 'NONE',  ( 0.005400569617931343276, 0.007332127836560680886, 0.003340597994913697272 ) ) ;
#803 = AXIS2_PLACEMENT_3D ( 'NONE', #1835, #701, #6051 ) ;
#804 = CARTESIAN_POINT ( 'NONE',  ( -0.1302216398315498846, 0.005682730484855676861, 0.008739655782802308037 ) ) ;
#805 = CARTESIAN_POINT ( 'NONE',  ( 0.01534281402510851572, 0.007858758728377445574, 0.003286431644049815030 ) ) ;
#806 = ADVANCED_FACE ( 'NONE', ( #2869 ), #3303, .F. ) ;
#807 = CARTESIAN_POINT ( 'NONE',  ( -0.003005693975896508389, 0.01070388724685575332, 0.001797253008676117725 ) ) ;
#808 = CARTESIAN_POINT ( 'NONE',  ( 6.127887653573459528E-19, 0.000000000000000000, 0.005003799999999945444 ) ) ;
#809 = CARTESIAN_POINT ( 'NONE',  ( -0.005039989247872610385, 0.007938433581473613998, -0.003879908773904604518 ) ) ;
#810 = CARTESIAN_POINT ( 'NONE',  ( 0.002306946123977590603, 0.01107099332087920635, 0.0004511476912835551880 ) ) ;
#811 = CARTESIAN_POINT ( 'NONE',  ( -0.08739603934664932905, 0.01017202174154059786, -0.002183738983312547444 ) ) ;
#812 = CARTESIAN_POINT ( 'NONE',  ( 0.003143099478354441888, 0.009299992766047149306, 0.0005414613725284836724 ) ) ;
#813 = CARTESIAN_POINT ( 'NONE',  ( -0.002997585091939185525, 0.01073416629617417010, -0.001790466542578184311 ) ) ;
#814 = CARTESIAN_POINT ( 'NONE',  ( 0.002280218078016332198, 0.01076192556946825411, -0.0008192240939223348773 ) ) ;
#815 = ORIENTED_EDGE ( 'NONE', *, *, #1576, .F. ) ;
#816 = CARTESIAN_POINT ( 'NONE',  ( 0.1245948515936029510, 0.007582318139963494137, -0.004964019956072950913 ) ) ;
#817 = CARTESIAN_POINT ( 'NONE',  ( -0.001785667394348159709, 0.01046305122213600676, 0.0009697504610784551645 ) ) ;
#818 = CARTESIAN_POINT ( 'NONE',  ( 0.002957555013358233956, 0.01153008359787654515, -0.001229809224206425237 ) ) ;
#819 = CARTESIAN_POINT ( 'NONE',  ( 0.002285121768289119591, 0.01094039070418443768, -0.0006509626038472663984 ) ) ;
#820 = CARTESIAN_POINT ( 'NONE',  ( 0.003020751890531188193, 0.01178228420377254275, 0.0007221772682718250640 ) ) ;
#821 = ORIENTED_EDGE ( 'NONE', *, *, #5348, .T. ) ;
#822 = CARTESIAN_POINT ( 'NONE',  ( -0.003570485955050463171, 0.009564641112630108827, -0.001492299781558367169 ) ) ;
#823 = CARTESIAN_POINT ( 'NONE',  ( 0.000000000000000000, 0.02225040000000000351, 0.000000000000000000 ) ) ;
#824 = FACE_OUTER_BOUND ( 'NONE', #6849, .T. ) ;
#825 = CARTESIAN_POINT ( 'NONE',  ( 0.1293681658939334067, 0.006405506956443797473, -0.007975619638803515057 ) ) ;
#826 = EDGE_CURVE ( 'NONE', #2551, #5800, #6585, .T. ) ;
#827 = CARTESIAN_POINT ( 'NONE',  ( -0.006309023094127955839, 0.005770109744263843959, -0.0007220261966160116274 ) ) ;
#828 = VERTEX_POINT ( 'NONE', #169 ) ;
#829 = CARTESIAN_POINT ( 'NONE',  ( -0.003206431045799850495, 0.009235116477371208346, 0.0004208623759548019952 ) ) ;
#830 = DIRECTION ( 'NONE',  ( 1.000000000000000000, 0.000000000000000000, 0.000000000000000000 ) ) ;
#831 = VECTOR ( 'NONE', #78, 1.000000000000000222 ) ;
#832 = EDGE_CURVE ( 'NONE', #434, #5512, #4544, .T. ) ;
#833 = ORIENTED_EDGE ( 'NONE', *, *, #6408, .T. ) ;
#834 = DIRECTION ( 'NONE',  ( 0.000000000000000000, 0.000000000000000000, -1.000000000000000000 ) ) ;
#835 = AXIS2_PLACEMENT_3D ( 'NONE', #3691, #923, #6275 ) ;
#836 = ORIENTED_EDGE ( 'NONE', *, *, #5135, .F. ) ;
#837 = CARTESIAN_POINT ( 'NONE',  ( 0.03889567777269224702, 0.009139389460902487550, 0.003534641712895678946 ) ) ;
#838 = CARTESIAN_POINT ( 'NONE',  ( 0.005903863196993155808, 0.006772007081313767378, 0.002302394725587977430 ) ) ;
#839 = CARTESIAN_POINT ( 'NONE',  ( -0.01065356986267798796, 0.0003690587336389068566, 0.004895294020641988673 ) ) ;
#840 = CARTESIAN_POINT ( 'NONE',  ( 7.654042494670957930E-19, 9.999999999999939493E-05, 0.006250000000000000347 ) ) ;
#841 = CARTESIAN_POINT ( 'NONE',  ( 0.001348694731337187099, 0.0008508732707223348865, -0.006102747129093857512 ) ) ;
#842 = CARTESIAN_POINT ( 'NONE',  ( -0.002971076257895687023, 0.01084800199594063153, 0.001757552477839384279 ) ) ;
#843 = DIRECTION ( 'NONE',  ( -0.000000000000000000, -1.000000000000000000, -0.000000000000000000 ) ) ;
#844 = CARTESIAN_POINT ( 'NONE',  ( 0.002324537646881467013, 0.01050337610139049152, 0.0009563700724418011537 ) ) ;
#845 = EDGE_CURVE ( 'NONE', #3219, #4765, #3446, .T. ) ;
#846 = CARTESIAN_POINT ( 'NONE',  ( -0.03069409596296836240, 0.008932087228286795730, -0.004181214073637770298 ) ) ;
#847 = CARTESIAN_POINT ( 'NONE',  ( -0.005979179149634168168, 0.007744845077184630416, -0.004187562727292825498 ) ) ;
#848 = CARTESIAN_POINT ( 'NONE',  ( 0.003272236558063522892, 0.009168952739982094008, -0.0002296060120908613629 ) ) ;
#849 = CARTESIAN_POINT ( 'NONE',  ( -0.002934550383609204911, 0.01133990458306222832, -0.001453246308346443699 ) ) ;
#850 = CARTESIAN_POINT ( 'NONE',  ( 0.002331970895085784187, 0.01116426560361988111, 0.0001549387555960532546 ) ) ;
#851 = CARTESIAN_POINT ( 'NONE',  ( 0.1288133849861489710, 0.006460559803665617828, -0.007424155048114375322 ) ) ;
#852 = CARTESIAN_POINT ( 'NONE',  ( -0.002612240027933167546, 0.009929464934513833330, -0.0009897508749523091336 ) ) ;
#853 = CARTESIAN_POINT ( 'NONE',  ( 0.003060909579763935757, 0.01189397556754980163, 9.723316666656058017E-05 ) ) ;
#854 = CARTESIAN_POINT ( 'NONE',  ( 0.002322638297012177572, 0.01113259102641198962, -0.0002940720412693465413 ) ) ;
#855 = CARTESIAN_POINT ( 'NONE',  ( -0.003257026946166589193, 0.009184162359689844804, -0.0002833491413799333280 ) ) ;
#856 = CARTESIAN_POINT ( 'NONE',  ( 0.003047652162659780697, 0.01185937589071974982, -0.0004174096357141983925 ) ) ;
#857 = ORIENTED_EDGE ( 'NONE', *, *, #3868, .T. ) ;
#858 = CARTESIAN_POINT ( 'NONE',  ( -0.002957900452063979418, 0.01091857426902339417, 0.001730981929894620432 ) ) ;
#859 = DIRECTION ( 'NONE',  ( 1.000000000000000000, 0.000000000000000000, 1.224646799147353207E-16 ) ) ;
#860 = CARTESIAN_POINT ( 'NONE',  ( -0.02600702722991128299, 0.008262457563746310879, -0.003004543918101319940 ) ) ;
#861 = CARTESIAN_POINT ( 'NONE',  ( 0.1302426898012473411, 0.005695183243795331508, -0.008681169994888984429 ) ) ;
#862 = CARTESIAN_POINT ( 'NONE',  ( -0.004573808175507369442, 0.007649285579370074077, -0.004259434090775669410 ) ) ;
#863 = AXIS2_PLACEMENT_3D ( 'NONE', #1313, #1180, #716 ) ;
#864 = EDGE_LOOP ( 'NONE', ( #3292, #5734, #534, #2064 ) ) ;
#865 = CARTESIAN_POINT ( 'NONE',  ( -0.003297545569111873763, 0.009143873050817883166, 6.359389347587209029E-06 ) ) ;
#866 = VERTEX_POINT ( 'NONE', #4643 ) ;
#867 = STYLED_ITEM ( 'NONE', ( #336 ), #4804 ) ;
#868 = EDGE_CURVE ( 'NONE', #723, #2786, #5704, .T. ) ;
#869 = SURFACE_STYLE_FILL_AREA ( #369 ) ;
#870 = ORIENTED_EDGE ( 'NONE', *, *, #288, .F. ) ;
#871 = CARTESIAN_POINT ( 'NONE',  ( 0.000000000000000000, 0.005080000000000001181, 0.000000000000000000 ) ) ;
#872 = CARTESIAN_POINT ( 'NONE',  ( -0.1300000000000001155, 0.0006367031403336869105, 0.01842142212889848543 ) ) ;
#873 = CARTESIAN_POINT ( 'NONE',  ( -0.0002540000000000002109, 0.000000000000000000, 0.003954250593981114593 ) ) ;
#874 = CARTESIAN_POINT ( 'NONE',  ( -0.003061338374298220276, 0.01189507514834951124, 0.0001815524526655374856 ) ) ;
#875 = CARTESIAN_POINT ( 'NONE',  ( -0.006205385738535340416, 0.005702795067062893519, -0.0007880585438792076305 ) ) ;
#876 = B_SPLINE_CURVE_WITH_KNOTS ( 'NONE', 3,
 ( #2365, #5562, #3406, #2967 ),
 .UNSPECIFIED., .F., .F.,
 ( 4, 4 ),
 ( 0.0002143653857282032827, 0.0008338466488414295443 ),
 .UNSPECIFIED. ) ;
#877 = CARTESIAN_POINT ( 'NONE',  ( 0.001473200000000000030, 0.000000000000000000, 0.000000000000000000 ) ) ;
#878 = CARTESIAN_POINT ( 'NONE',  ( 0.002433092010638996175, 0.01022729016937736456, 0.001014380212358388742 ) ) ;
#879 = ORIENTED_EDGE ( 'NONE', *, *, #1863, .T. ) ;
#880 = CARTESIAN_POINT ( 'NONE',  ( -0.1195758777897332065, 0.008543278431618858346, 0.003192846700158784301 ) ) ;
#881 = CARTESIAN_POINT ( 'NONE',  ( -0.04734000402459559442, 0.009701178476204557963, -0.003851816990105037114 ) ) ;
#882 = CARTESIAN_POINT ( 'NONE',  ( -0.004836531445667484504, 0.002261280267981435714, 0.004042228583237849650 ) ) ;
#883 = CARTESIAN_POINT ( 'NONE',  ( -0.003017615799098844354, 0.01066204812977399052, -0.001805305000930121102 ) ) ;
#884 = CARTESIAN_POINT ( 'NONE',  ( 0.002306855622826303569, 0.01107030141629538472, -0.0004515623777515200303 ) ) ;
#885 = AXIS2_PLACEMENT_3D ( 'NONE', #2330, #5023, #3409 ) ;
#886 = CARTESIAN_POINT ( 'NONE',  ( -0.004450109270081865562, 0.007850815219563718472, -0.004388519162196255138 ) ) ;
#887 = CIRCLE ( 'NONE', #6664, 0.006250000000000000347 ) ;
#888 = AXIS2_PLACEMENT_3D ( 'NONE', #6696, #3046, #2331 ) ;
#889 = DIRECTION ( 'NONE',  ( -1.123292760552739567E-17, 0.000000000000000000, -1.000000000000000000 ) ) ;
#890 = DIRECTION ( 'NONE',  ( 9.484135310589723205E-16, 1.000000000000000000, -0.000000000000000000 ) ) ;
#891 = CARTESIAN_POINT ( 'NONE',  ( 0.002993752778326125904, 0.01169201096486740393, -0.0009503634097348591814 ) ) ;
#892 = CARTESIAN_POINT ( 'NONE',  ( 0.002379211138859806465, 0.01034454558628858552, -0.001000135501318506542 ) ) ;
#893 = CARTESIAN_POINT ( 'NONE',  ( -0.003271177453148439458, 0.009170041171954504758, 0.0002291949572005017510 ) ) ;
#894 = CONICAL_SURFACE ( 'NONE', #664, 0.003962399999999999603, 0.2069921942198206244 ) ;
#895 = CARTESIAN_POINT ( 'NONE',  ( 0.003051387769771470547, 0.01186928048285730564, 0.0003527245454461973837 ) ) ;
#896 = VERTEX_POINT ( 'NONE', #6798 ) ;
#897 = CARTESIAN_POINT ( 'NONE',  ( -0.003046172936083847357, 0.01185533839239468444, 0.0004359227056944474225 ) ) ;
#898 = DIRECTION ( 'NONE',  ( -3.552713678800500929E-15, 0.000000000000000000, 1.000000000000000000 ) ) ;
#899 = CYLINDRICAL_SURFACE ( 'NONE', #4621, 0.002895600000000001645 ) ;
#900 = CARTESIAN_POINT ( 'NONE',  ( 0.1297716224061372936, 0.006152917463766526852, -0.008482838032048460597 ) ) ;
#901 = CARTESIAN_POINT ( 'NONE',  ( 0.001348694731337187099, 0.0008508732707223348865, -0.006102747129093857512 ) ) ;
#902 = EDGE_LOOP ( 'NONE', ( #5796, #3497 ) ) ;
#903 = CARTESIAN_POINT ( 'NONE',  ( -0.003258332020054168464, 0.009182857028719232720, 0.0002788096788596294059 ) ) ;
#904 = CARTESIAN_POINT ( 'NONE',  ( -0.002554574900552085588, 0.001010756715323703940, 0.005712701441628166912 ) ) ;
#905 = ORIENTED_EDGE ( 'NONE', *, *, #1827, .F. ) ;
#906 = CARTESIAN_POINT ( 'NONE',  ( 0.0002539999999999998314, 0.000000000000000000, 0.001451138256679907184 ) ) ;
#907 = ORIENTED_EDGE ( 'NONE', *, *, #3373, .T. ) ;
#908 = CARTESIAN_POINT ( 'NONE',  ( 0.02944802541167586274, 0.008342673890931918620, 0.003136443887470956576 ) ) ;
#909 = DIRECTION ( 'NONE',  ( 0.000000000000000000, 1.000000000000000000, 0.000000000000000000 ) ) ;
#910 = CARTESIAN_POINT ( 'NONE',  ( -6.773113841261526959E-17, 0.007799999999999968417, 0.004849742261192872654 ) ) ;
#911 = CARTESIAN_POINT ( 'NONE',  ( -0.004589360123112081954, 0.007909297641174775628, -0.004318106009102708545 ) ) ;
#912 = CARTESIAN_POINT ( 'NONE',  ( 0.03005779616874915475, -0.001143308794372895152, -0.009584346660960101419 ) ) ;
#913 = CARTESIAN_POINT ( 'NONE',  ( 0.1299712280575561207, 0.005963161550226621019, -0.008855716924365436213 ) ) ;
#914 = FACE_OUTER_BOUND ( 'NONE', #2352, .T. ) ;
#915 = CARTESIAN_POINT ( 'NONE',  ( 0.002282801502190037052, 0.01091525291771103766, 0.0006795947544595774392 ) ) ;
#916 = ORIENTED_EDGE ( 'NONE', *, *, #1952, .T. ) ;
#917 = CARTESIAN_POINT ( 'NONE',  ( -0.07948911634325982190, 0.01030063536300044637, -0.002877317083994379923 ) ) ;
#918 = CARTESIAN_POINT ( 'NONE',  ( -0.01932734171921032112, 0.007736299889715893274, -0.003171847984021743637 ) ) ;
#919 = CARTESIAN_POINT ( 'NONE',  ( -0.005623997163048501287, 0.003436868874251750028, 0.002737656537278424212 ) ) ;
#920 = CARTESIAN_POINT ( 'NONE',  ( -0.003721269701872048034, 0.009350285407418333292, -0.001263578789529923004 ) ) ;
#921 = CARTESIAN_POINT ( 'NONE',  ( 0.002847703506163210344, 0.009624833766616415487, -0.0008641758744784481085 ) ) ;
#922 = DIRECTION ( 'NONE',  ( -0.000000000000000000, -1.000000000000000000, -0.000000000000000000 ) ) ;
#923 = DIRECTION ( 'NONE',  ( 9.484135310589723205E-16, 1.000000000000000000, -0.000000000000000000 ) ) ;
#924 = CARTESIAN_POINT ( 'NONE',  ( 0.003014826003595572155, 0.01067158304128994206, -0.001803604714376345940 ) ) ;
#925 = CARTESIAN_POINT ( 'NONE',  ( 0.002298448616053049096, 0.01103008658875041618, 0.0005253463688966791487 ) ) ;
#926 = CARTESIAN_POINT ( 'NONE',  ( -0.002549816886612790452, 0.01002294739702710297, 0.001007216317738179748 ) ) ;
#927 = CARTESIAN_POINT ( 'NONE',  ( 0.003156909399857251320, 0.009285750200637975585, -0.0005178927787680605039 ) ) ;
#928 = VERTEX_POINT ( 'NONE', #840 ) ;
#929 = CARTESIAN_POINT ( 'NONE',  ( -0.003039629653528857622, 0.01183739571253930242, -0.0005228284219441856756 ) ) ;
#930 = CARTESIAN_POINT ( 'NONE',  ( -0.0002540000000000001566, 0.005588000000000000085, 0.0002539999999999999398 ) ) ;
#931 = CARTESIAN_POINT ( 'NONE',  ( -0.04992988650869769479, 0.01002654520396269525, -0.003875973605190146699 ) ) ;
#932 = DIRECTION ( 'NONE',  ( 0.000000000000000000, 0.000000000000000000, 1.000000000000000000 ) ) ;
#933 = CARTESIAN_POINT ( 'NONE',  ( -0.004275715405045814842, 0.001663186944896657754, 0.004722568015158004964 ) ) ;
#934 = EDGE_LOOP ( 'NONE', ( #152, #4261, #940, #4093, #6500 ) ) ;
#935 = CARTESIAN_POINT ( 'NONE',  ( -0.002365787952905255408, 0.01037994385333798272, 0.0009920524876101107035 ) ) ;
#936 = ADVANCED_FACE ( 'NONE', ( #1302 ), #6659, .T. ) ;
#937 = DIRECTION ( 'NONE',  ( 0.000000000000000000, 0.000000000000000000, -1.000000000000000000 ) ) ;
#938 = ORIENTED_EDGE ( 'NONE', *, *, #3261, .T. ) ;
#939 = CARTESIAN_POINT ( 'NONE',  ( 0.001404488224300015587, 0.005588000000000000085, -0.0002540000000000001024 ) ) ;
#940 = ORIENTED_EDGE ( 'NONE', *, *, #6369, .F. ) ;
#941 = DIRECTION ( 'NONE',  ( 0.000000000000000000, 0.000000000000000000, 1.000000000000000000 ) ) ;
#942 = CARTESIAN_POINT ( 'NONE',  ( -0.004552545869363756187, 0.007775218811736067659, -0.004337839599160972157 ) ) ;
#943 = AXIS2_PLACEMENT_3D ( 'NONE', #1452, #354, #5783 ) ;
#944 = CARTESIAN_POINT ( 'NONE',  ( 0.09780375617959254086, 0.01007138414694142697, 0.001015893463378239559 ) ) ;
#945 = CARTESIAN_POINT ( 'NONE',  ( 0.0002539999999999998856, 0.005587999999999999218, -0.002884438135928730097 ) ) ;
#946 = CARTESIAN_POINT ( 'NONE',  ( -0.005332355166092365116, 0.007867430497915139584, -0.003479986587458748330 ) ) ;
#947 = CARTESIAN_POINT ( 'NONE',  ( -0.1037216918811838529, 0.009808322542269596808, -0.0001788170800432140875 ) ) ;
#948 = CARTESIAN_POINT ( 'NONE',  ( -0.1189831728395062682, 0.008416790307849069536, 0.002985547927742286060 ) ) ;
#949 = CARTESIAN_POINT ( 'NONE',  ( -0.006115192270577106057, 0.006922959209914867837, -0.001317313423111725855 ) ) ;
#950 = DIRECTION ( 'NONE',  ( 0.000000000000000000, 0.000000000000000000, -1.000000000000000000 ) ) ;
#951 = PRODUCT_DEFINITION_CONTEXT ( 'detailed design', #3079, 'design' ) ;
#952 = CARTESIAN_POINT ( 'NONE',  ( 0.005377531739367883389, 0.007791035461915354898, 0.003200488274457006631 ) ) ;
#953 = CARTESIAN_POINT ( 'NONE',  ( -0.002739094233523783721, 0.009758141919732532879, -0.0009332280807390918751 ) ) ;
#954 = CARTESIAN_POINT ( 'NONE',  ( 0.003195210741913849777, 0.009246519917045729203, -0.0004450714650875559324 ) ) ;
#955 = CARTESIAN_POINT ( 'NONE',  ( 0.002292102101157916533, 0.01099272208223799410, 0.0005821134559951516739 ) ) ;
#956 = CARTESIAN_POINT ( 'NONE',  ( -0.003236002131905225867, 0.009205245098276072097, -0.0003478284822952928458 ) ) ;
#957 = CARTESIAN_POINT ( 'NONE',  ( 0.003457884388255067463, 0.009739698264697891836, -0.001610268417528420678 ) ) ;
#958 = ORIENTED_EDGE ( 'NONE', *, *, #6387, .T. ) ;
#959 = CARTESIAN_POINT ( 'NONE',  ( -0.004024970458256898684, 0.008948979342460141109, 0.0003719263761566563497 ) ) ;
#960 = CARTESIAN_POINT ( 'NONE',  ( -0.003047798491838858703, 0.01185985633676098563, -0.0004234997414318935607 ) ) ;
#961 = CARTESIAN_POINT ( 'NONE',  ( -0.1293003975019537399, 0.006447301583587024092, 0.007891646192838117427 ) ) ;
#962 = FACE_OUTER_BOUND ( 'NONE', #6880, .T. ) ;
#963 = CARTESIAN_POINT ( 'NONE',  ( -0.005317755342543697798, 0.007242777360199257296, -0.003332230979103787023 ) ) ;
#964 = EDGE_LOOP ( 'NONE', ( #2285, #3772, #6042, #6154 ) ) ;
#965 = CARTESIAN_POINT ( 'NONE',  ( -0.003236002131905225867, 0.009205245098276072097, -0.0003478284822952928458 ) ) ;
#966 =( LENGTH_UNIT ( ) NAMED_UNIT ( * ) SI_UNIT ( $, .METRE. ) );
#967 = B_SPLINE_CURVE_WITH_KNOTS ( 'NONE', 3,
 ( #3273, #4782, #3235, #6479, #4923, #2083, #2121, #31, #1620, #4255, #1549, #2230, #6554, #4817, #5885, #3869, #1023, #5349, #485, #2662, #3761, #1304, #2407, #1761, #6056, #5095, #3520, #3448, #4007, #4957, #5600, #2799, #103, #3938, #243, #6092, #1804, #742, #3413, #706, #2908, #5059, #1205 ),
 .UNSPECIFIED., .F., .F.,
 ( 4, 2, 2, 2, 2, 1, 2, 2, 2, 2, 2, 2, 2, 2, 2, 2, 2, 2, 2, 2, 2, 4 ),
 ( 0.003893787801958500158, 0.01298737445911243155, 0.02208096111626636077, 0.03117454777342028999, 0.03572134110199747664, 0.04026813443057465636, 0.04481492775915183607, 0.04936172108772901579, 0.05845530774488350012, 0.06072870440917223916, 0.06300210107346097821, 0.06754889440203780404, 0.07209568773061462987, 0.07664248105919146958, 0.08573606771634446899, 0.09028286104492067032, 0.09482965437349685778, 0.1130168276877998312, 0.1221104143449513318, 0.1312040010021028325, 0.1402975876592543469, 0.1493911743164058059 ),
 .UNSPECIFIED. ) ;
#968 = CARTESIAN_POINT ( 'NONE',  ( 0.004013417894836004800, 0.008963615322288865164, -0.0004490066914853513497 ) ) ;
#969 = ORIENTED_EDGE ( 'NONE', *, *, #1314, .T. ) ;
#970 = AXIS2_PLACEMENT_3D ( 'NONE', #5336, #5298, #440 ) ;
#971 = CARTESIAN_POINT ( 'NONE',  ( -0.002926991794150663514, 0.01118732792860691223, 0.001594042690389507657 ) ) ;
#972 = FILL_AREA_STYLE ('',( #3679 ) ) ;
#973 = ORIENTED_EDGE ( 'NONE', *, *, #4175, .T. ) ;
#974 = CARTESIAN_POINT ( 'NONE',  ( 0.04970651879835454728, 0.009819058347918956098, 0.003891372714347157962 ) ) ;
#975 = CARTESIAN_POINT ( 'NONE',  ( -0.005918200000000022748, 0.01016000000000000583, -0.001015999999999999976 ) ) ;
#976 = CARTESIAN_POINT ( 'NONE',  ( -0.004528316202968583892, 0.007867585747950009076, -0.004350890446027052584 ) ) ;
#977 = CARTESIAN_POINT ( 'NONE',  ( 0.1300000000000002542, 0.0009272060036111778435, -0.01805103811087370100 ) ) ;
#978 =( GEOMETRIC_REPRESENTATION_CONTEXT ( 3 ) GLOBAL_UNCERTAINTY_ASSIGNED_CONTEXT ( ( #4369 ) ) GLOBAL_UNIT_ASSIGNED_CONTEXT ( ( #1567, #5405, #5441 ) ) REPRESENTATION_CONTEXT ( 'NONE', 'WORKASPACE' ) );
#979 = CARTESIAN_POINT ( 'NONE',  ( 0.1174205100735679630, 0.008786260008799093996, -0.002589212012578712835 ) ) ;
#980 = CARTESIAN_POINT ( 'NONE',  ( -0.003972383939486644200, 0.009015832299091974811, -0.0006611898603161857650 ) ) ;
#981 = CARTESIAN_POINT ( 'NONE',  ( -0.1195634098421835267, 0.008347883871249819204, 0.003154825060604336210 ) ) ;
#982 = CARTESIAN_POINT ( 'NONE',  ( 0.004450085149820317935, 0.007850340082430365407, 0.004388543293353331168 ) ) ;
#983 = CARTESIAN_POINT ( 'NONE',  ( 0.003008749041710779160, 0.009442555179397408432, -0.0007195690698989746104 ) ) ;
#984 = CARTESIAN_POINT ( 'NONE',  ( 0.006293020460774357769, 0.005077513256911803975, -0.0008858252039273539769 ) ) ;
#985 = CARTESIAN_POINT ( 'NONE',  ( 0.000000000000000000, 0.01000000000000000021, 0.000000000000000000 ) ) ;
#986 = CARTESIAN_POINT ( 'NONE',  ( 0.002942822147794063765, 0.01102586199465124990, -0.001680832336390393781 ) ) ;
#987 = CARTESIAN_POINT ( 'NONE',  ( -0.0002540000000000000482, 0.005588000000000000085, -0.001404488224300015371 ) ) ;
#988 = CARTESIAN_POINT ( 'NONE',  ( -0.002963389362342185203, 0.009492466884509817571, 0.0007660961150097976569 ) ) ;
#989 = AXIS2_PLACEMENT_3D ( 'NONE', #4206, #3575, #830 ) ;
#990 = CARTESIAN_POINT ( 'NONE',  ( 0.003014826003595572155, 0.01067158304128994206, -0.001803604714376345940 ) ) ;
#991 = ORIENTED_EDGE ( 'NONE', *, *, #6295, .F. ) ;
#992 = CARTESIAN_POINT ( 'NONE',  ( -0.003376848471845883548, 0.009872351103409265222, 0.001684665011216193026 ) ) ;
#993 = CARTESIAN_POINT ( 'NONE',  ( 0.003933138384148457053, 0.009066579172317075497, -0.0007805844139566642682 ) ) ;
#994 = CARTESIAN_POINT ( 'NONE',  ( 0.1302007650165191710, 0.005643377944589859224, -0.009424569878281051014 ) ) ;
#995 = CARTESIAN_POINT ( 'NONE',  ( -0.1300000000000000600, 0.004691362732167810891, 0.01270435550149856194 ) ) ;
#996 = ORIENTED_EDGE ( 'NONE', *, *, #4947, .T. ) ;
#997 = CARTESIAN_POINT ( 'NONE',  ( -0.01071729298041839903, 0.008055482459809758938, -0.004402007667143255885 ) ) ;
#998 = EDGE_CURVE ( 'NONE', #1401, #2771, #2788, .T. ) ;
#999 = CONICAL_SURFACE ( 'NONE', #5302, 0.002552700000000010169, 1.029744258676654090 ) ;
#1000 = PRODUCT_CONTEXT ( 'NONE', #3583, 'mechanical' ) ;
#1001 = CARTESIAN_POINT ( 'NONE',  ( -0.004450085149820350895, 0.007850340082430358468, -0.004388543293353297341 ) ) ;
#1002 = VERTEX_POINT ( 'NONE', #4502 ) ;
#1003 = CARTESIAN_POINT ( 'NONE',  ( -0.005314740099325615530, 0.007244752743077972554, -0.003336503618168517888 ) ) ;
#1004 = DIRECTION ( 'NONE',  ( -1.000000000000000000, 1.050710766793947923E-15, 0.000000000000000000 ) ) ;
#1005 = CARTESIAN_POINT ( 'NONE',  ( 0.009144822732287396019, 0.007923110825575646610, 0.003857853442312269340 ) ) ;
#1006 = EDGE_LOOP ( 'NONE', ( #1671, #2576, #1608, #538, #6998, #4233, #6458 ) ) ;
#1007 = CARTESIAN_POINT ( 'NONE',  ( 0.1117051283835834158, 0.009300169981824474644, -0.001256040242605904918 ) ) ;
#1008 = CARTESIAN_POINT ( 'NONE',  ( 6.773113841261534355E-17, 0.002200000000000026587, -0.004849742261192878726 ) ) ;
#1009 = CARTESIAN_POINT ( 'NONE',  ( -0.002628845264250661597, 0.009905820901628554012, -0.0009838164473366796219 ) ) ;
#1010 = CARTESIAN_POINT ( 'NONE',  ( -0.06412884795887019429, 0.005784826162598508299, 0.01345366178295553071 ) ) ;
#1011 = CARTESIAN_POINT ( 'NONE',  ( 0.01075406328422114088, 0.004556744336698492596, -0.001210000908024460881 ) ) ;
#1012 = CARTESIAN_POINT ( 'NONE',  ( 0.01860826746514214480, 0.007893015119044336642, 0.003104025356331567391 ) ) ;
#1013 = CARTESIAN_POINT ( 'NONE',  ( -0.001415477532827728174, 0.004272187755612158119, 0.0002539999999999999398 ) ) ;
#1014 = CARTESIAN_POINT ( 'NONE',  ( -0.004048300108186776713, 0.008919529215187524743, 0.0001318401114713652717 ) ) ;
#1015 = CARTESIAN_POINT ( 'NONE',  ( 0.002342384831631267195, 0.01001527709505118692, -0.001014649008101703182 ) ) ;
#1016 = CARTESIAN_POINT ( 'NONE',  ( -0.006325399581473532297, 0.004680832296500043489, 0.0007765379671763848746 ) ) ;
#1017 = CARTESIAN_POINT ( 'NONE',  ( -0.1233817069328821958, 0.007994853728766704651, 0.004501824608151027557 ) ) ;
#1018 = CARTESIAN_POINT ( 'NONE',  ( 0.000000000000000000, 0.001015999999999999976, 0.000000000000000000 ) ) ;
#1019 = CARTESIAN_POINT ( 'NONE',  ( 0.002780865044170530067, 0.009705693992955132660, -0.0009089011869499060130 ) ) ;
#1020 = PRODUCT_DEFINITION_CONTEXT ( 'detailed design', #7002, 'design' ) ;
#1021 = CARTESIAN_POINT ( 'NONE',  ( -0.006201691131025225019, 0.006569669328383469058, -0.0008179323286990440589 ) ) ;
#1022 = CARTESIAN_POINT ( 'NONE',  ( 0.005890742759700423256, 0.007415508093252146798, 0.002106731029915107425 ) ) ;
#1023 = CARTESIAN_POINT ( 'NONE',  ( 0.002835327708627634336, 0.009639681966114130307, -0.0008726675565605855264 ) ) ;
#1024 = CARTESIAN_POINT ( 'NONE',  ( 0.003694831726868768283, 0.009387312040392359683, -0.001306526087592945612 ) ) ;
#1025 = CARTESIAN_POINT ( 'NONE',  ( -0.001451138256679907184, 0.000000000000000000, -0.0002540000000000002651 ) ) ;
#1026 = DIRECTION ( 'NONE',  ( -1.000000000000000000, 1.050710766793948120E-15, 0.000000000000000000 ) ) ;
#1027 = CARTESIAN_POINT ( 'NONE',  ( 0.003029449666979110427, 0.01062307485150461653, -0.001811456914058970141 ) ) ;
#1028 = ORIENTED_EDGE ( 'NONE', *, *, #3765, .F. ) ;
#1029 = CARTESIAN_POINT ( 'NONE',  ( -0.003903627961963404558, 0.009104989958883581008, 0.0008690353603398013899 ) ) ;
#1030 = CARTESIAN_POINT ( 'NONE',  ( 0.004049490100813452412, 0.008918031395498352693, -9.106401191093520427E-05 ) ) ;
#1031 = CARTESIAN_POINT ( 'NONE',  ( 0.1302218975038019200, 0.005586274091212125106, -0.008984262440769118924 ) ) ;
#1032 = PLANE ( 'NONE',  #4607 ) ;
#1033 = EDGE_CURVE ( 'NONE', #3573, #1640, #4980, .T. ) ;
#1034 = ORIENTED_EDGE ( 'NONE', *, *, #5428, .F. ) ;
#1035 = CARTESIAN_POINT ( 'NONE',  ( 0.004523087787975416107, 0.007860825946913984827, 0.004353659783844846844 ) ) ;
#1036 = CARTESIAN_POINT ( 'NONE',  ( -0.002304515063353567220, 0.01105972048055370825, -0.0004722930365539974992 ) ) ;
#1037 = APPLICATION_PROTOCOL_DEFINITION ( 'draft international standard', 'automotive_design', 1998, #3804 ) ;
#1038 = CARTESIAN_POINT ( 'NONE',  ( 0.003798403255366750858, 0.009244656330547287859, -0.001120266233669080583 ) ) ;
#1039 = ORIENTED_EDGE ( 'NONE', *, *, #1863, .F. ) ;
#1040 = CARTESIAN_POINT ( 'NONE',  ( 0.002098726491271358206, 0.0008895269257051919383, -0.005900392038338025426 ) ) ;
#1041 = CARTESIAN_POINT ( 'NONE',  ( -0.0002540000000000002109, 0.005080000000000001181, 0.002884438135928730530 ) ) ;
#1042 = CARTESIAN_POINT ( 'NONE',  ( 0.005249467275877930592, 0.007902097367284354260, 0.004604768334621489774 ) ) ;
#1043 = ORIENTED_EDGE ( 'NONE', *, *, #3401, .F. ) ;
#1044 = CARTESIAN_POINT ( 'NONE',  ( 0.06596053356168402049, 0.01026393089628324304, 0.003622265202716605167 ) ) ;
#1045 = VERTEX_POINT ( 'NONE', #1942 ) ;
#1046 = CARTESIAN_POINT ( 'NONE',  ( -0.002727091995226881005, 0.009773277201069754949, -0.0009400284053367541576 ) ) ;
#1047 = B_SPLINE_CURVE_WITH_KNOTS ( 'NONE', 3,
 ( #6919, #995, #3172, #295 ),
 .UNSPECIFIED., .F., .F.,
 ( 4, 4 ),
 ( 0.1075172629733298080, 1.000000000000000000 ),
 .UNSPECIFIED. ) ;
#1048 = EDGE_CURVE ( 'NONE', #1522, #335, #2097, .T. ) ;
#1049 = CARTESIAN_POINT ( 'NONE',  ( -0.05351620202844325352, 0.01107995536383967264, 0.002217331489128274678 ) ) ;
#1050 = CARTESIAN_POINT ( 'NONE',  ( 0.004040488319631362242, 0.001530203345231008873, -0.004876790274515593188 ) ) ;
#1051 = CARTESIAN_POINT ( 'NONE',  ( 0.1266873346314568993, 0.007329893447372884917, -0.006015350070826219059 ) ) ;
#1052 = PRESENTATION_LAYER_ASSIGNMENT (  '', '', ( #4115 ) ) ;
#1053 = CARTESIAN_POINT ( 'NONE',  ( 0.002552636668894299812, 0.009144159119497561813, -0.0001344024305929817536 ) ) ;
#1054 = CARTESIAN_POINT ( 'NONE',  ( -0.006347963981087777728, 0.005550641311876121538, -0.0004031671996375405052 ) ) ;
#1055 = B_SPLINE_CURVE_WITH_KNOTS ( 'NONE', 3,
 ( #3852, #6645, #1781, #1223 ),
 .UNSPECIFIED., .F., .F.,
 ( 4, 4 ),
 ( 0.005486497244110623978, 0.01067792281924099737 ),
 .UNSPECIFIED. ) ;
#1056 = CARTESIAN_POINT ( 'NONE',  ( -0.1261122962570106754, 0.007263904172046887868, 0.005684510264394434555 ) ) ;
#1057 = DIRECTION ( 'NONE',  ( -0.000000000000000000, 1.000000000000000000, -0.000000000000000000 ) ) ;
#1058 = CARTESIAN_POINT ( 'NONE',  ( 0.002293056705592237329, 0.01064513122517567710, -0.0008928634711491674567 ) ) ;
#1059 = CARTESIAN_POINT ( 'NONE',  ( 0.003597906215379685115, 0.001693388050948601989, 0.0002539999999999999398 ) ) ;
#1060 = CARTESIAN_POINT ( 'NONE',  ( -0.006229574612293004368, 0.006378867737660599141, -0.0005638940869270580051 ) ) ;
#1061 = SURFACE_STYLE_USAGE ( .BOTH. , #3760 ) ;
#1062 = DIRECTION ( 'NONE',  ( 1.123292760552739721E-17, -0.000000000000000000, 1.000000000000000000 ) ) ;
#1063 = CARTESIAN_POINT ( 'NONE',  ( 0.003131931476120231039, 0.009311597866442004531, -0.0005592252776213725053 ) ) ;
#1064 = CIRCLE ( 'NONE', #2701, 0.003047999999999999928 ) ;
#1065 = CARTESIAN_POINT ( 'NONE',  ( 0.002284331068004928200, 0.01093207036415463212, 0.0006605239212646457246 ) ) ;
#1066 = CARTESIAN_POINT ( 'NONE',  ( 0.006205385738535334345, 0.005702795067062895254, 0.0007880585438792534923 ) ) ;
#1067 = CARTESIAN_POINT ( 'NONE',  ( 0.003276254495732973913, 0.009164988226325970766, -0.0002061681002913330813 ) ) ;
#1068 = CARTESIAN_POINT ( 'NONE',  ( -0.004035951277910887307, 0.008935098374975735183, 0.0002821951067032907388 ) ) ;
#1069 = CARTESIAN_POINT ( 'NONE',  ( -0.004631615120819096432, 0.008031864869414855751, -0.004196503469866301982 ) ) ;
#1070 = CARTESIAN_POINT ( 'NONE',  ( -0.1224801823295600528, 0.008148538367600153751, 0.004143866540002798943 ) ) ;
#1071 = DIRECTION ( 'NONE',  ( 0.000000000000000000, 0.000000000000000000, 1.000000000000000000 ) ) ;
#1072 = ORIENTED_EDGE ( 'NONE', *, *, #1952, .F. ) ;
#1073 = CARTESIAN_POINT ( 'NONE',  ( 0.004515813541788852963, 0.007843742461550543346, 0.004357495902373342139 ) ) ;
#1074 = CARTESIAN_POINT ( 'NONE',  ( 0.004033987541208867815, 0.008937576761717943089, 0.0003011683938723540982 ) ) ;
#1075 = VERTEX_POINT ( 'NONE', #2009 ) ;
#1076 = CARTESIAN_POINT ( 'NONE',  ( -0.001658302879699118408, 0.0008459704318904033571, 0.006034324356587995875 ) ) ;
#1077 = DIRECTION ( 'NONE',  ( 0.000000000000000000, 1.000000000000000000, 0.000000000000000000 ) ) ;
#1078 = ORIENTED_EDGE ( 'NONE', *, *, #1637, .T. ) ;
#1079 = CARTESIAN_POINT ( 'NONE',  ( 0.09027822847045632870, 0.01010803770352422352, 0.001900324748587181936 ) ) ;
#1080 = CARTESIAN_POINT ( 'NONE',  ( 0.004379991594527862450, 0.001699275456554631865, -0.004671122133219511585 ) ) ;
#1081 = ORIENTED_EDGE ( 'NONE', *, *, #4041, .F. ) ;
#1082 = CARTESIAN_POINT ( 'NONE',  ( -0.002498112746094502835, 0.01010761580307541034, -0.001015139983945785498 ) ) ;
#1083 = CARTESIAN_POINT ( 'NONE',  ( -0.01092606791770962815, 0.007944354947990329291, -0.004200375897603667724 ) ) ;
#1084 = CARTESIAN_POINT ( 'NONE',  ( 0.1126445758760198090, 0.0002523962886764733512, -0.02207343113203063048 ) ) ;
#1085 = CARTESIAN_POINT ( 'NONE',  ( -0.006124252160418548405, 0.004682944615453445668, 0.001344672010775585166 ) ) ;
#1086 = EDGE_CURVE ( 'NONE', #5075, #1892, #1439, .T. ) ;
#1087 = CARTESIAN_POINT ( 'NONE',  ( -0.002932204166578406771, 0.01117375959029129513, -0.001590114021223669200 ) ) ;
#1088 = CARTESIAN_POINT ( 'NONE',  ( -0.006271065324262638588, 0.004387019056182184587, 0.001157428282796434550 ) ) ;
#1089 = CARTESIAN_POINT ( 'NONE',  ( -0.1258128608934111770, 0.007331061143712545164, 0.005533838036639677528 ) ) ;
#1090 = AXIS2_PLACEMENT_3D ( 'NONE', #871, #5908, #4977 ) ;
#1091 = DIRECTION ( 'NONE',  ( 0.000000000000000000, 0.000000000000000000, -1.000000000000000000 ) ) ;
#1092 = DIRECTION ( 'NONE',  ( 1.000000000000000000, -0.000000000000000000, -0.000000000000000000 ) ) ;
#1093 = DIRECTION ( 'NONE',  ( 0.000000000000000000, -1.000000000000000000, 0.000000000000000000 ) ) ;
#1094 = CARTESIAN_POINT ( 'NONE',  ( 0.005490196261313575084, 0.003286017191097400075, -0.002997130189976888147 ) ) ;
#1095 = CARTESIAN_POINT ( 'NONE',  ( -0.002977224127541186049, 0.01081782430086668245, -0.001767935099033020926 ) ) ;
#1096 = CARTESIAN_POINT ( 'NONE',  ( -0.1300000000000001155, 0.005863147835250231803, 0.008834698886272290136 ) ) ;
#1097 = CARTESIAN_POINT ( 'NONE',  ( 0.003296701675677878637, 0.009144706661467407599, 5.131436826681973245E-05 ) ) ;
#1098 = CARTESIAN_POINT ( 'NONE',  ( 0.000000000000000000, 0.02413508000000001361, 0.000000000000000000 ) ) ;
#1099 = CARTESIAN_POINT ( 'NONE',  ( 0.1300000000000000600, 0.005640083351840931118, -0.009162590314170580147 ) ) ;
#1100 = CARTESIAN_POINT ( 'NONE',  ( 0.005820213171601490258, 0.003934187922710425007, -0.002290555658695577791 ) ) ;
#1101 = CARTESIAN_POINT ( 'NONE',  ( 0.002879730864603377658, 0.009587441940680679550, 0.0008394503833385082289 ) ) ;
#1102 = CARTESIAN_POINT ( 'NONE',  ( -0.004030764986332990157, 0.008941650603558927435, 0.0003272299300869800968 ) ) ;
#1103 = CARTESIAN_POINT ( 'NONE',  ( -0.002287464697085254874, 0.01095986428726407509, -0.0006265953604772786425 ) ) ;
#1104 = CARTESIAN_POINT ( 'NONE',  ( 0.002983347247878525774, 0.01079008666189032288, 0.001776565500459226059 ) ) ;
#1105 = CARTESIAN_POINT ( 'NONE',  ( 0.000000000000000000, 0.02225040000000000351, 0.000000000000000000 ) ) ;
#1106 = EDGE_LOOP ( 'NONE', ( #5732, #5483, #5150 ) ) ;
#1107 = CARTESIAN_POINT ( 'NONE',  ( 0.004643745105021928124, 0.007741020651064428430, 0.004287909438225815349 ) ) ;
#1108 = CARTESIAN_POINT ( 'NONE',  ( -0.002280057574862370210, 0.01087500605495848524, -0.0007220290320036008413 ) ) ;
#1109 = SHAPE_DEFINITION_REPRESENTATION ( #3732, #1770 ) ;
#1110 = CARTESIAN_POINT ( 'NONE',  ( 0.004008026001311729841, 0.008970471746155353476, 0.0004765575360903924126 ) ) ;
#1111 = ORIENTED_EDGE ( 'NONE', *, *, #4217, .T. ) ;
#1112 = EDGE_CURVE ( 'NONE', #3489, #1075, #6996, .T. ) ;
#1113 = DIRECTION ( 'NONE',  ( -0.000000000000000000, 1.000000000000000000, -0.000000000000000000 ) ) ;
#1114 = CARTESIAN_POINT ( 'NONE',  ( -0.003895721705056291121, 0.009115308181864288303, 0.0008916990909372180711 ) ) ;
#1115 = CARTESIAN_POINT ( 'NONE',  ( 0.005694342131198635963, 0.007654117731944006485, 0.002856280129491546062 ) ) ;
#1116 = VERTEX_POINT ( 'NONE', #6903 ) ;
#1117 = CIRCLE ( 'NONE', #324, 0.0001000000000000002623 ) ;
#1118 = CARTESIAN_POINT ( 'NONE',  ( 0.1116962107607118726, 0.009103487403190061583, -0.001226220570215631311 ) ) ;
#1119 = AXIS2_PLACEMENT_3D ( 'NONE', #3837, #5992, #636 ) ;
#1120 = DIRECTION ( 'NONE',  ( 0.000000000000000000, 0.000000000000000000, -1.000000000000000000 ) ) ;
#1121 = ORIENTED_EDGE ( 'NONE', *, *, #1637, .F. ) ;
#1122 = CARTESIAN_POINT ( 'NONE',  ( -0.002282896450367831974, 0.01072754407460757044, -0.0008428802116240932023 ) ) ;
#1123 = CARTESIAN_POINT ( 'NONE',  ( -0.04618643467053174662, 0.01031807738083266243, 0.001729601550672669455 ) ) ;
#1124 = CARTESIAN_POINT ( 'NONE',  ( 0.05048707696088459290, -0.0005425209098756299210, -0.01946833671770455479 ) ) ;
#1125 = VECTOR ( 'NONE', #4972, 1.000000000000000000 ) ;
#1126 = CARTESIAN_POINT ( 'NONE',  ( -0.005625523093331763654, 0.007712545997122656483, -0.002994339695738954237 ) ) ;
#1127 = CARTESIAN_POINT ( 'NONE',  ( -0.003853344299770996521, 0.009171146603358756866, -0.0009998916379108588326 ) ) ;
#1128 = CARTESIAN_POINT ( 'NONE',  ( 0.002477462519717734280, 0.009346687838536728993, -0.0006226908725718792968 ) ) ;
#1129 = B_SPLINE_CURVE_WITH_KNOTS ( 'NONE', 3,
 ( #143, #2311, #1352, #6173, #3984, #221, #5608, #6140, #4480, #1773, #2418, #4516, #5644, #250, #3527, #715, #3947, #4048 ),
 .UNSPECIFIED., .F., .F.,
 ( 4, 2, 2, 2, 2, 2, 2, 2, 4 ),
 ( 0.000000000000000000, 0.0003986177633689607985, 0.0007972355267379215970, 0.001195853290106882287, 0.001594471053475843194, 0.001993088816844804101, 0.002391706580213764574, 0.002790324343582725481, 0.003188942106951686388 ),
 .UNSPECIFIED. ) ;
#1130 = CARTESIAN_POINT ( 'NONE',  ( -0.1303093447118922055, 0.005745994793395534962, 0.008474878031634210801 ) ) ;
#1131 = CARTESIAN_POINT ( 'NONE',  ( 0.1300000000000001155, 0.005612429250701393181, -0.009265824011768650920 ) ) ;
#1132 = PRODUCT_DEFINITION_SHAPE ( 'NONE', 'NONE',  #7020 ) ;
#1133 = CARTESIAN_POINT ( 'NONE',  ( 1.686279258222847794E-18, 0.01447799999999999782, 0.000000000000000000 ) ) ;
#1134 = CARTESIAN_POINT ( 'NONE',  ( -0.1300000000000000600, 0.005685526541830223692, 0.009065125217020776616 ) ) ;
#1135 = CARTESIAN_POINT ( 'NONE',  ( 0.003165253495816675294, 0.009277135976252025990, 0.0005038793181368049229 ) ) ;
#1136 = CARTESIAN_POINT ( 'NONE',  ( -0.001989864186148502471, 0.01108935278881233513, -0.0004245929985152631521 ) ) ;
#1137 = CARTESIAN_POINT ( 'NONE',  ( 0.006151673642179581944, 0.004205456975675723151, -0.001209887709902477933 ) ) ;
#1138 = EDGE_CURVE ( 'NONE', #4162, #542, #1343, .T. ) ;
#1139 = CARTESIAN_POINT ( 'NONE',  ( 0.002684249476523319598, 0.009829712791212199055, 0.0009608755224245049470 ) ) ;
#1140 = CARTESIAN_POINT ( 'NONE',  ( 0.003058126858157895426, 0.009389312884792529526, 0.0006622316207556669171 ) ) ;
#1141 = CARTESIAN_POINT ( 'NONE',  ( -0.002320834870439346387, 0.01112610605144211465, -0.0003146734875858800515 ) ) ;
#1142 = DIRECTION ( 'NONE',  ( 9.484135310589723205E-16, 1.000000000000000000, -0.000000000000000000 ) ) ;
#1143 = CARTESIAN_POINT ( 'NONE',  ( 0.004050048178003729481, 0.008917327614406920372, 8.981649327535058778E-05 ) ) ;
#1144 = SURFACE_STYLE_FILL_AREA ( #3316 ) ;
#1145 = CIRCLE ( 'NONE', #2281, 0.002552700000000010169 ) ;
#1146 = ORIENTED_EDGE ( 'NONE', *, *, #512, .T. ) ;
#1147 = CARTESIAN_POINT ( 'NONE',  ( -0.04285042925925980350, 0.009655837466622485890, -0.004502380054710699783 ) ) ;
#1148 = PRODUCT_CONTEXT ( 'NONE', #5613, 'mechanical' ) ;
#1149 = CARTESIAN_POINT ( 'NONE',  ( 0.003933012063640841348, 0.009066744686877823561, 0.0007809919257440499710 ) ) ;
#1150 = EDGE_LOOP ( 'NONE', ( #4838, #2494, #1467, #1706 ) ) ;
#1151 = CARTESIAN_POINT ( 'NONE',  ( -0.0002540000000000002109, 0.02225040000000000351, 0.002884438135928730530 ) ) ;
#1152 = CARTESIAN_POINT ( 'NONE',  ( 0.004880128923450722210, 0.007950008072834515924, 0.004071296859789291268 ) ) ;
#1153 = CARTESIAN_POINT ( 'NONE',  ( 3.386556920630763480E-17, 0.007799999999999969284, -0.004849742261192872654 ) ) ;
#1154 = CARTESIAN_POINT ( 'NONE',  ( 0.1252098120415353344, 0.007458868568769220532, -0.005245031904516380891 ) ) ;
#1155 = CARTESIAN_POINT ( 'NONE',  ( 0.000000000000000000, 0.01000000000000000021, 0.006150000000000000085 ) ) ;
#1156 = EDGE_CURVE ( 'NONE', #5790, #4173, #4218, .T. ) ;
#1157 = ORIENTED_EDGE ( 'NONE', *, *, #3000, .F. ) ;
#1158 = CARTESIAN_POINT ( 'NONE',  ( -0.002332038241729824345, 0.01047785809722040842, 0.0009651474064688095322 ) ) ;
#1159 = CARTESIAN_POINT ( 'NONE',  ( -0.03969885801307414253, -0.0008853041735336457385, 0.01457878531354440607 ) ) ;
#1160 = EDGE_CURVE ( 'NONE', #3845, #2108, #4649, .T. ) ;
#1161 = CARTESIAN_POINT ( 'NONE',  ( -0.004259682955735006639, 0.001749785262532668794, 0.004637931006407395099 ) ) ;
#1162 = CARTESIAN_POINT ( 'NONE',  ( -0.002937107888633739942, 0.01108534699045246423, -0.001647551463401312685 ) ) ;
#1163 = CARTESIAN_POINT ( 'NONE',  ( 0.005868922852183198514, 0.003409846301967049687, -0.002206208137889543400 ) ) ;
#1164 = CARTESIAN_POINT ( 'NONE',  ( -0.1299903954715729837, 0.005937486067316886940, 0.008901540766645258881 ) ) ;
#1165 = CLOSED_SHELL ( 'NONE', ( #4919, #3085, #299, #4606, #2480, #5899, #5563, #70, #6974, #6348, #6908, #431, #3653, #4102, #3738, #2163, #2008, #4901, #2413, #5309, #5662, #3771, #2266, #1779 ) ) ;
#1166 = CARTESIAN_POINT ( 'NONE',  ( 0.005254657356638534060, 0.002845878027203667740, -0.003393345003011174511 ) ) ;
#1167 = CARTESIAN_POINT ( 'NONE',  ( -0.03001791880397795473, -0.0004603294020596733049, 0.008862087538974151163 ) ) ;
#1168 = CARTESIAN_POINT ( 'NONE',  ( 0.003255764695245018207, 0.009185411555706401998, -0.0002890811103501134387 ) ) ;
#1169 = CARTESIAN_POINT ( 'NONE',  ( 0.004636094515483770578, 0.007939092956793292188, 0.004191559632166656779 ) ) ;
#1171 = CONICAL_SURFACE ( 'NONE', #6830, 0.003962399999999999603, 0.2069921942198206244 ) ;
#1170 = CARTESIAN_POINT ( 'NONE',  ( -0.003364204509163198561, 0.009893814050902843479, 0.001695038307418603651 ) ) ;
#1172 = CARTESIAN_POINT ( 'NONE',  ( -0.1288133849861488600, 0.006460559803665604818, 0.007424155048115310337 ) ) ;
#1173 = CARTESIAN_POINT ( 'NONE',  ( 0.005536110548721678674, 0.007807373023207019903, 0.002915508465202844811 ) ) ;
#1174 = CARTESIAN_POINT ( 'NONE',  ( 0.003028415867149959490, 0.009421220095685091042, 0.0006976451908832876844 ) ) ;
#1175 = ORIENTED_EDGE ( 'NONE', *, *, #1033, .T. ) ;
#1176 = EDGE_CURVE ( 'NONE', #496, #2170, #3622, .T. ) ;
#1177 = CIRCLE ( 'NONE', #2422, 0.001427271232876712410 ) ;
#1178 = PRODUCT_RELATED_PRODUCT_CATEGORY ( 'part', '', ( #4747 ) ) ;
#1179 = CARTESIAN_POINT ( 'NONE',  ( -0.002281524929187892479, 0.01089907681679414507, -0.0006972409981699931791 ) ) ;
#1180 = DIRECTION ( 'NONE',  ( 0.000000000000000000, -1.000000000000000000, -0.000000000000000000 ) ) ;
#1181 = CARTESIAN_POINT ( 'NONE',  ( 0.003850352380053411946, 0.009175173915211311260, 0.001005836220736227877 ) ) ;
#1182 = CARTESIAN_POINT ( 'NONE',  ( 0.001785667394348154505, 0.01046305122213599635, -0.0009697504610784583087 ) ) ;
#1183 = ORIENTED_EDGE ( 'NONE', *, *, #1160, .F. ) ;
#1184 = CARTESIAN_POINT ( 'NONE',  ( -0.03754589988540841389, 0.009030732541772345384, -0.003466627350728531190 ) ) ;
#1185 = CONTEXT_DEPENDENT_SHAPE_REPRESENTATION ( #2715, #1346 ) ;
#1186 = CARTESIAN_POINT ( 'NONE',  ( 0.003608635693326430784, 0.009510618215095269917, 0.001433697197500557845 ) ) ;
#1187 = VERTEX_POINT ( 'NONE', #6831 ) ;
#1188 = DIRECTION ( 'NONE',  ( 0.000000000000000000, 0.000000000000000000, 1.000000000000000000 ) ) ;
#1189 = CARTESIAN_POINT ( 'NONE',  ( 0.003061339476266878093, 0.01189507236662398597, -0.0001002143324013551114 ) ) ;
#1190 = CARTESIAN_POINT ( 'NONE',  ( -0.05058187948339237100, 0.009997201225576183431, -0.004526969189274705763 ) ) ;
#1191 = CARTESIAN_POINT ( 'NONE',  ( -0.001261359265311569030, 0.0008527947500280072925, 0.006121394677997218751 ) ) ;
#1192 = ORIENTED_EDGE ( 'NONE', *, *, #566, .F. ) ;
#1193 = CARTESIAN_POINT ( 'NONE',  ( -0.002311412589176848036, 0.01108975180811546529, -0.0004100174722079900371 ) ) ;
#1194 = CARTESIAN_POINT ( 'NONE',  ( -0.1300000000000000600, 0.005905080481937456140, 0.007984259463643861646 ) ) ;
#1195 = CARTESIAN_POINT ( 'NONE',  ( -0.004045786605637753490, 0.001595437709059609535, 0.004824129129815175020 ) ) ;
#1196 = CARTESIAN_POINT ( 'NONE',  ( -0.002965483353626837109, 0.01157228184493600855, -0.001167395621736800606 ) ) ;
#1197 = CARTESIAN_POINT ( 'NONE',  ( 0.002477661154764739145, 0.009346038287192361127, 0.0006219798008666448542 ) ) ;
#1198 = CARTESIAN_POINT ( 'NONE',  ( 0.001409983389151052598, 0.004930093882071131389, -0.0002540000000000001024 ) ) ;
#1199 = CARTESIAN_POINT ( 'NONE',  ( -0.1302783968374913448, 0.006207246745744969714, 0.007335390089598818608 ) ) ;
#1200 = CARTESIAN_POINT ( 'NONE',  ( 0.002983341347281003031, 0.01078698913342405162, 0.001778807848569996910 ) ) ;
#1201 = B_SPLINE_CURVE_WITH_KNOTS ( 'NONE', 3,
 ( #2734, #6942, #3342, #4327, #1695, #1096, #4292, #523, #6019, #1585, #5495, #1134, #3725, #2628 ),
 .UNSPECIFIED., .F., .F.,
 ( 4, 2, 2, 2, 2, 2, 4 ),
 ( 0.000000000000000000, 8.028964265896101720E-05, 0.0001204344639884394184, 0.0001605792853179178331, 0.0002408689279768766955, 0.0003211585706358355578, 0.0006423171412716800061 ),
 .UNSPECIFIED. ) ;
#1202 = CARTESIAN_POINT ( 'NONE',  ( 0.005080000000000000314, 0.005588000000000000085, -0.0002540000000000003193 ) ) ;
#1203 = CARTESIAN_POINT ( 'NONE',  ( 0.001783079999999999821, 0.02476500000000000229, 0.000000000000000000 ) ) ;
#1204 = DIRECTION ( 'NONE',  ( 0.000000000000000000, 0.000000000000000000, -1.000000000000000000 ) ) ;
#1205 = CARTESIAN_POINT ( 'NONE',  ( 0.002468811352581104946, 0.01015999993208476469, -0.001016000136871583921 ) ) ;
#1206 = AXIS2_PLACEMENT_3D ( 'NONE', #4065, #6225, #1365 ) ;
#1207 = CARTESIAN_POINT ( 'NONE',  ( 0.002997994573717569465, 0.009454229369337043346, 0.0007315317059637416750 ) ) ;
#1208 = CARTESIAN_POINT ( 'NONE',  ( 0.0002539999999999999940, 0.005588000000000000085, 0.0002539999999999998856 ) ) ;
#1209 = CARTESIAN_POINT ( 'NONE',  ( -0.003866390285409193606, 0.009153876227319650977, 0.0009683398460032502288 ) ) ;
#1210 = CARTESIAN_POINT ( 'NONE',  ( -0.1299769297856851469, 0.005645701306970138909, 0.009190704317117227504 ) ) ;
#1211 = CARTESIAN_POINT ( 'NONE',  ( 0.001970006541162941990, 0.0008935267844074869454, -0.005939687273879529217 ) ) ;
#1212 = CARTESIAN_POINT ( 'NONE',  ( -0.003050213223767986315, 0.01186617401690762304, 0.0003729633332424959623 ) ) ;
#1213 = CARTESIAN_POINT ( 'NONE',  ( 0.002835158024137244669, 0.009639844546445446027, 0.0008728878326822455628 ) ) ;
#1214 = CARTESIAN_POINT ( 'NONE',  ( -0.002296699698533195399, 0.01062364004015616328, -0.0009042088198146818389 ) ) ;
#1215 = CARTESIAN_POINT ( 'NONE',  ( -0.002324061872992637477, 0.01113768271305083657, 0.0002773361972442246314 ) ) ;
#1216 = FACE_BOUND ( 'NONE', #4735, .T. ) ;
#1217 = CARTESIAN_POINT ( 'NONE',  ( 0.004051390392908507145, 0.008915640392593687444, 2.943151801935632941E-05 ) ) ;
#1218 = CARTESIAN_POINT ( 'NONE',  ( 0.002032000000000006024, 0.01117600000000001058, -0.0001096960252198394832 ) ) ;
#1219 = CARTESIAN_POINT ( 'NONE',  ( -0.04556976906615541750, 0.009795794915346944104, -0.004544452687952310610 ) ) ;
#1220 = CARTESIAN_POINT ( 'NONE',  ( -0.002331638798992262136, 0.01116318375790659005, -0.0001618097939724984062 ) ) ;
#1221 = CARTESIAN_POINT ( 'NONE',  ( 0.003008480451543160943, 0.01069384864008732922, 0.001799321750254022096 ) ) ;
#1222 = ORIENTED_EDGE ( 'NONE', *, *, #4570, .F. ) ;
#1223 = CARTESIAN_POINT ( 'NONE',  ( 0.0002539999999999999940, 0.005080000000000001181, -0.002884438135928730530 ) ) ;
#1224 = CARTESIAN_POINT ( 'NONE',  ( 0.004972360258912214906, 0.002152014742087050500, -0.004030981090179369501 ) ) ;
#1225 = EDGE_CURVE ( 'NONE', #5239, #1002, #3508, .T. ) ;
#1226 = CARTESIAN_POINT ( 'NONE',  ( -0.02954458763929918366, 0.007376516437751856094, -0.0009154508390317507051 ) ) ;
#1227 = CARTESIAN_POINT ( 'NONE',  ( 0.1265695812096682693, 0.007682054890734025393, -0.004165898927026239103 ) ) ;
#1228 = CARTESIAN_POINT ( 'NONE',  ( -0.005669993500426735548, 0.003026785647416553246, 0.002680208316689088911 ) ) ;
#1229 = ORIENTED_EDGE ( 'NONE', *, *, #6594, .F. ) ;
#1230 = CARTESIAN_POINT ( 'NONE',  ( -0.002304515063353567220, 0.01105972048055370825, -0.0004722930365539974992 ) ) ;
#1231 = CARTESIAN_POINT ( 'NONE',  ( -0.003247693472826238079, 0.009193488339789371647, 0.0003165023915794956894 ) ) ;
#1232 = AXIS2_PLACEMENT_3D ( 'NONE', #4981, #6688, #6156 ) ;
#1233 = VECTOR ( 'NONE', #7008, 1.000000000000000000 ) ;
#1234 = CARTESIAN_POINT ( 'NONE',  ( -0.002998680027365473698, 0.01170978255637580671, 0.0009113117926225197457 ) ) ;
#1235 = DIRECTION ( 'NONE',  ( 1.000000000000000000, -0.000000000000000000, -0.000000000000000000 ) ) ;
#1236 = CARTESIAN_POINT ( 'NONE',  ( 0.002742988533663387376, 0.0009749806312818445810, -0.005624202512423679030 ) ) ;
#1237 = CARTESIAN_POINT ( 'NONE',  ( -0.1303299246312785986, 0.005264583508310498490, 0.009921042634648286757 ) ) ;
#1238 = CYLINDRICAL_SURFACE ( 'NONE', #3392, 0.001650999999999998823 ) ;
#1239 = DIRECTION ( 'NONE',  ( 0.000000000000000000, 0.000000000000000000, -1.000000000000000000 ) ) ;
#1240 = CARTESIAN_POINT ( 'NONE',  ( -0.005966404597411185430, 0.007348074848417673367, -0.002228337014489719260 ) ) ;
#1241 = CARTESIAN_POINT ( 'NONE',  ( 0.003292149416556563405, 0.009149213728331506007, 0.0001031632025679777740 ) ) ;
#1242 = DIRECTION ( 'NONE',  ( 9.484135310589723205E-16, 1.000000000000000000, -0.000000000000000000 ) ) ;
#1243 = CARTESIAN_POINT ( 'NONE',  ( 0.002627944404420472918, 0.009906992796634376403, 0.0009842693007287304022 ) ) ;
#1244 = CARTESIAN_POINT ( 'NONE',  ( -0.003031603771426615631, 0.01181461495655541753, -0.0006142885267490513302 ) ) ;
#1245 = CARTESIAN_POINT ( 'NONE',  ( 0.002583322866310613832, 0.009971680475250635847, 0.0009988896606208076071 ) ) ;
#1246 = CARTESIAN_POINT ( 'NONE',  ( -0.003051040656470974024, 0.009396822173043025209, -0.0006714272012836451815 ) ) ;
#1247 = CARTESIAN_POINT ( 'NONE',  ( -0.002335934509862728006, 0.01117691742347245651, -1.451417200772872752E-05 ) ) ;
#1248 = DIRECTION ( 'NONE',  ( -0.000000000000000000, 1.000000000000000000, -0.000000000000000000 ) ) ;
#1249 = CARTESIAN_POINT ( 'NONE',  ( 0.003306262453823135238, 0.009994949571708988678, 0.001738758094990265190 ) ) ;
#1250 = CARTESIAN_POINT ( 'NONE',  ( -0.01861608777355888700, 0.007717195717079414555, -0.003197402920487445177 ) ) ;
#1251 = CARTESIAN_POINT ( 'NONE',  ( -0.002281009219965640395, 0.01075274888774791979, 0.0008253502514620741221 ) ) ;
#1252 = CARTESIAN_POINT ( 'NONE',  ( 0.003741289401293045307, 0.009322678181067682590, 0.001227979522388006253 ) ) ;
#1253 = EDGE_LOOP ( 'NONE', ( #5185, #5693, #6170, #644 ) ) ;
#1254 = CARTESIAN_POINT ( 'NONE',  ( 0.001651000000000000557, 0.01447799999999999608, 2.021891865392278697E-19 ) ) ;
#1255 = CARTESIAN_POINT ( 'NONE',  ( 0.004689954595673014037, 0.001916915449240754778, -0.004357025230210032941 ) ) ;
#1256 = CARTESIAN_POINT ( 'NONE',  ( -0.004521972061098231480, 0.007924381701344624176, -0.004314732393332706625 ) ) ;
#1257 = CARTESIAN_POINT ( 'NONE',  ( -0.05051867780172041023, 0.004039330022138959767, 0.01075968455708293386 ) ) ;
#1258 = CARTESIAN_POINT ( 'NONE',  ( 0.002533700486691936159, 0.01004893260558321552, -0.001010037549443621547 ) ) ;
#1259 = CARTESIAN_POINT ( 'NONE',  ( 0.1270109578820477203, 0.007241659005398146456, -0.006208263910125142240 ) ) ;
#1260 = CARTESIAN_POINT ( 'NONE',  ( -0.003533809600394474323, 0.001216678548645160019, 0.005163555469405547646 ) ) ;
#1261 = ORIENTED_EDGE ( 'NONE', *, *, #5728, .T. ) ;
#1262 = CARTESIAN_POINT ( 'NONE',  ( -0.002290028934948476220, 0.01066514813555990808, 0.0008816948468796001167 ) ) ;
#1263 = CARTESIAN_POINT ( 'NONE',  ( -0.002827674923868611027, 0.009648764510276342660, 0.0008781352513685711887 ) ) ;
#1264 = AXIS2_PLACEMENT_3D ( 'NONE', #6761, #4142, #3043 ) ;
#1265 = CARTESIAN_POINT ( 'NONE',  ( -0.003025757579759360324, 0.01179742429875805208, -0.0006741759308306114308 ) ) ;
#1266 = CARTESIAN_POINT ( 'NONE',  ( -0.001449181636525680595, 0.0002344904790593442089, -0.0002540000000000002651 ) ) ;
#1267 = EDGE_CURVE ( 'NONE', #1526, #928, #1449, .T. ) ;
#1268 = CARTESIAN_POINT ( 'NONE',  ( 0.004893056578282743534, 0.002077506578599149292, -0.004131961502479858904 ) ) ;
#1269 = CARTESIAN_POINT ( 'NONE',  ( -0.1298932966688436108, 0.005762712635990847355, 0.008914823048819131568 ) ) ;
#1270 = CARTESIAN_POINT ( 'NONE',  ( 0.003308591897669961417, 0.009986769086458131828, 0.001742899370175343948 ) ) ;
#1271 = CARTESIAN_POINT ( 'NONE',  ( 0.03397933747469997906, 0.008919843397666342780, 0.003236559968297426145 ) ) ;
#1272 =( NAMED_UNIT ( * ) SI_UNIT ( $, .STERADIAN. ) SOLID_ANGLE_UNIT ( ) );
#1273 = ADVANCED_FACE ( 'NONE', ( #22 ), #2426, .T. ) ;
#1274 = CARTESIAN_POINT ( 'NONE',  ( -0.004821575087538010514, 0.002234888871299924550, 0.004071072993544541142 ) ) ;
#1275 = CARTESIAN_POINT ( 'NONE',  ( 0.002442848319322718509, 0.01020874786455291429, 0.001014958193084692815 ) ) ;
#1276 = DIRECTION ( 'NONE',  ( -0.000000000000000000, -1.000000000000000000, -0.000000000000000000 ) ) ;
#1277 = CARTESIAN_POINT ( 'NONE',  ( 0.002031999999999999085, 1.842862332200688728E-18, 0.000000000000000000 ) ) ;
#1278 = CARTESIAN_POINT ( 'NONE',  ( -0.003002937280599490052, 0.01172461232716292406, -0.0008768731300110087050 ) ) ;
#1279 = CARTESIAN_POINT ( 'NONE',  ( 0.002280280344811709981, 0.01087944761540662192, -0.0007176039575505964658 ) ) ;
#1280 =( BOUNDED_SURFACE ( )  B_SPLINE_SURFACE ( 3, 2, ( 
 ( #6124, #5564, #624 ),
 ( #6657, #3369, #1756 ),
 ( #2793, #1721, #205 ),
 ( #2329, #6049, #3970 ),
 ( #1236, #4953, #3900 ),
 ( #699, #1300, #96 ),
 ( #6014, #5525, #6622 ),
 ( #6581, #5595, #2263 ),
 ( #2865, #661, #6693 ),
 ( #2830, #4465, #4986 ),
 ( #4003, #5022, #1268 ),
 ( #166, #2296, #4499 ),
 ( #3442, #738, #2902 ),
 ( #5056, #6160, #3477 ),
 ( #1163, #5630, #766 ),
 ( #2937, #3335, #236 ),
 ( #2401, #4573, #1688 ),
 ( #270, #2437, #1905 ),
 ( #6192, #6759, #4604 ),
 ( #5666, #5125, #4069 ),
 ( #6227, #6727, #6793 ),
 ( #3547, #5700, #1867 ),
 ( #1367, #4032, #5162 ),
 ( #1334, #2970, #838 ),
 ( #3512, #3005, #302 ),
 ( #2472, #4640, #802 ),
 ( #5036, #4586, #3387 ),
 ( #2380, #5544, #3422 ) ),
 .UNSPECIFIED., .F., .F., .F. ) 
 B_SPLINE_SURFACE_WITH_KNOTS ( ( 4, 2, 2, 2, 2, 2, 2, 2, 2, 2, 2, 2, 2, 4 ),
 ( 3, 3 ),
 ( 0.008394450842092561829, 0.009343922446036323493, 0.01029339404998008342, 0.01124286565392384335, 0.01219233725786760328, 0.01314180886181136321, 0.01409128046575512314, 0.01599022367364264299, 0.01788916688153016632, 0.01883863848547392625, 0.01978811008941768618, 0.02073758169336144611, 0.02168705329730520603, 0.02358599650519272589 ),
 ( 0.000000000000000000, 1.000000000000000000 ),
 .UNSPECIFIED. ) 
 GEOMETRIC_REPRESENTATION_ITEM ( )  RATIONAL_B_SPLINE_SURFACE ( (
 ( 1.000000000000000000, 0.4403025848981847457, 1.000000000000000000),
 ( 1.000000000000000000, 0.4377136035625003307, 1.000000000000000000),
 ( 1.000000000000000000, 0.4367058249119117885, 1.000000000000000000),
 ( 1.000000000000000000, 0.4384327919698859377, 1.000000000000000000),
 ( 1.000000000000000000, 0.4411333166652615101, 1.000000000000000000),
 ( 1.000000000000000000, 0.4498916861753081142, 1.000000000000000000),
 ( 1.000000000000000000, 0.4560241275017493101, 1.000000000000000000),
 ( 1.000000000000000000, 0.4707499061451435041, 1.000000000000000000),
 ( 1.000000000000000000, 0.4792707045170093716, 1.000000000000000000),
 ( 1.000000000000000000, 0.4981522278914903845, 1.000000000000000000),
 ( 1.000000000000000000, 0.5085835830224854082, 1.000000000000000000),
 ( 1.000000000000000000, 0.5301279116961039595, 1.000000000000000000),
 ( 1.000000000000000000, 0.5413106192772413339, 1.000000000000000000),
 ( 1.000000000000000000, 0.5754429542080294890, 1.000000000000000000),
 ( 1.000000000000000000, 0.5991587726693707872, 1.000000000000000000),
 ( 1.000000000000000000, 0.6445646486194790414, 1.000000000000000000),
 ( 1.000000000000000000, 0.6664656430041683288, 1.000000000000000000),
 ( 1.000000000000000000, 0.6973730369327001410, 1.000000000000000000),
 ( 1.000000000000000000, 0.7074019860215670086, 1.000000000000000000),
 ( 1.000000000000000000, 0.7262790604178146481, 1.000000000000000000),
 ( 1.000000000000000000, 0.7351461651357142912, 1.000000000000000000),
 ( 1.000000000000000000, 0.7515815245170065495, 1.000000000000000000),
 ( 1.000000000000000000, 0.7591488391072185316, 1.000000000000000000),
 ( 1.000000000000000000, 0.7728041469706550259, 1.000000000000000000),
 ( 1.000000000000000000, 0.7788805870021736633, 1.000000000000000000),
 ( 1.000000000000000000, 0.7942069350180771536, 1.000000000000000000),
 ( 1.000000000000000000, 0.8007761933240661323, 1.000000000000000000),
 ( 1.000000000000000000, 0.8044043929965989381, 1.000000000000000000) ) ) 
 REPRESENTATION_ITEM ( '' )  SURFACE ( )  );
#1281 = CARTESIAN_POINT ( 'NONE',  ( -0.002650432957785823183, 0.009875628743357031322, -0.0009755169890936382128 ) ) ;
#1282 = CARTESIAN_POINT ( 'NONE',  ( 0.01798942260867857426, 0.007704549806426176477, 0.003223213923378539809 ) ) ;
#1283 = CARTESIAN_POINT ( 'NONE',  ( -0.002142565502458147926, 0.01025987640373411842, 0.001016000000000057005 ) ) ;
#1284 = CARTESIAN_POINT ( 'NONE',  ( 0.002954670613136519373, 0.01151319373559086395, -0.001253214151839843757 ) ) ;
#1285 = DIRECTION ( 'NONE',  ( 1.000000000000000000, -1.163719888839448470E-15, 0.000000000000000000 ) ) ;
#1286 = CARTESIAN_POINT ( 'NONE',  ( -0.002335720246469710857, 0.01117621491252695533, 2.751476311476611526E-05 ) ) ;
#1287 = CIRCLE ( 'NONE', #5249, 0.006250000000000000347 ) ;
#1288 = CARTESIAN_POINT ( 'NONE',  ( 0.003405662098901983230, 0.009823970630100162596, 0.001660274849624139700 ) ) ;
#1289 = EDGE_LOOP ( 'NONE', ( #6820, #5866, #1780, #3363, #3680, #6859, #5438, #1853, #4793, #2464, #4636, #3615 ) ) ;
#1290 = CARTESIAN_POINT ( 'NONE',  ( 0.005100352256357900023, 0.002275667490791539235, -0.003864495850715348770 ) ) ;
#1291 = CARTESIAN_POINT ( 'NONE',  ( -0.1188473151109207676, 0.003617810749556280275, 0.01568515845839798389 ) ) ;
#1292 = CARTESIAN_POINT ( 'NONE',  ( 0.002977469414852783585, 0.009476864861027729792, -0.0007522148042613661283 ) ) ;
#1293 = CARTESIAN_POINT ( 'NONE',  ( 0.1283572832118303753, 0.006633874120882913596, -0.007058432388282681082 ) ) ;
#1294 = CARTESIAN_POINT ( 'NONE',  ( -0.005623989946155250746, 0.003128413931978296213, 0.002773109212517120385 ) ) ;
#1295 = ORIENTED_EDGE ( 'NONE', *, *, #2604, .T. ) ;
#1296 = CARTESIAN_POINT ( 'NONE',  ( -0.002284200561560931556, 0.01093113165385884225, 0.0006617531444411970179 ) ) ;
#1297 = CARTESIAN_POINT ( 'NONE',  ( -0.003194348886551624279, 0.009247392825533625946, 0.0004470698864621096887 ) ) ;
#1298 = CARTESIAN_POINT ( 'NONE',  ( -0.0002540000000000001566, 0.002331647672120191160, 0.001431680676413782903 ) ) ;
#1299 = DIRECTION ( 'NONE',  ( -0.000000000000000000, 1.000000000000000000, -0.000000000000000000 ) ) ;
#1300 = CARTESIAN_POINT ( 'NONE',  ( 0.003229058120563857871, 0.001312614030623108141, -0.005359603201770384365 ) ) ;
#1301 = CARTESIAN_POINT ( 'NONE',  ( -0.1299964115454238234, 0.005929730811004154702, 0.008915639436293172973 ) ) ;
#1302 = FACE_OUTER_BOUND ( 'NONE', #1565, .T. ) ;
#1303 = CARTESIAN_POINT ( 'NONE',  ( -0.002280251888343469164, 0.01087963659720106620, 0.0007175567489959564556 ) ) ;
#1304 = CARTESIAN_POINT ( 'NONE',  ( 0.002808163153717651694, 0.009672315388550479023, -0.0008913588937161166011 ) ) ;
#1305 = CARTESIAN_POINT ( 'NONE',  ( 0.002374986328726705082, 0.01035657601644173788, 0.0009969422125921168810 ) ) ;
#1306 = ADVANCED_FACE ( 'NONE', ( #4330 ), #34, .F. ) ;
#1307 = CARTESIAN_POINT ( 'NONE',  ( 0.003776134187599249070, 0.009274973665687438057, -0.001163207672481761119 ) ) ;
#1308 = B_SPLINE_CURVE_WITH_KNOTS ( 'NONE', 3,
 ( #6461, #4833, #3778, #971, #6391, #3141, #5404, #3816, #436, #541, #2611, #5868, #4870, #4766, #6924, #11, #2176, #4344, #6498, #5968, #1114, #3181, #2065, #1529, #3290, #580 ),
 .UNSPECIFIED., .F., .F.,
 ( 4, 2, 2, 2, 2, 2, 2, 2, 2, 2, 2, 2, 4 ),
 ( 0.5031272353531640595, 0.5546801098607037073, 0.6062329843682433550, 0.6320094216220129013, 0.6448976402488977300, 0.6577858588757824476, 0.7093387333833206521, 0.7608916078908589675, 0.8124444823983971720, 0.8253327010252817786, 0.8382209196521663852, 0.8639973569059358205, 0.9155502314134744690 ),
 .UNSPECIFIED. ) ;
#1309 = CARTESIAN_POINT ( 'NONE',  ( 0.002955789110941583944, 0.009500945714560666069, 0.0007733314084335027707 ) ) ;
#1310 = CARTESIAN_POINT ( 'NONE',  ( 0.002299931763505448819, 0.01103748117613487928, -0.0005124252614094464446 ) ) ;
#1311 = CARTESIAN_POINT ( 'NONE',  ( 0.007313759297554245538, 0.007743516891045161034, 0.004077424194065155071 ) ) ;
#1312 = CARTESIAN_POINT ( 'NONE',  ( 0.004573808175507339951, 0.007649285579370074077, 0.004259434090775701502 ) ) ;
#1313 = CARTESIAN_POINT ( 'NONE',  ( 0.002412999999999999780, 0.006985000000000000757, 0.000000000000000000 ) ) ;
#1314 = EDGE_CURVE ( 'NONE', #2896, #6535, #3200, .T. ) ;
#1315 = CARTESIAN_POINT ( 'NONE',  ( 0.002934117676993583997, 0.01132737266731878058, 0.001464145782999246199 ) ) ;
#1316 = CARTESIAN_POINT ( 'NONE',  ( 0.002280919816430081268, 0.01089160578637668637, -0.0007054049533807512685 ) ) ;
#1317 = CARTESIAN_POINT ( 'NONE',  ( -0.002326121300765077345, 0.01114477850897695188, 0.0002505286908297589283 ) ) ;
#1318 = AXIS2_PLACEMENT_3D ( 'NONE', #4792, #6952, #2092 ) ;
#1319 = CARTESIAN_POINT ( 'NONE',  ( 0.002993752778326125904, 0.01169201096486740393, -0.0009503634097348591814 ) ) ;
#1320 = VERTEX_POINT ( 'NONE', #2199 ) ;
#1321 = CARTESIAN_POINT ( 'NONE',  ( 0.002945135682515049452, 0.01099649028184247410, -0.001698368022165756656 ) ) ;
#1322 = CARTESIAN_POINT ( 'NONE',  ( -0.01747809365003692023, 0.0003435990175735472601, 0.005100186359730693626 ) ) ;
#1323 = CARTESIAN_POINT ( 'NONE',  ( -0.001728172079411839342, 0.0008532092281801215627, 0.006018883405228919042 ) ) ;
#1324 = CARTESIAN_POINT ( 'NONE',  ( 0.1302216398315499679, 0.005682730484855901508, -0.008739655782801699149 ) ) ;
#1325 = CARTESIAN_POINT ( 'NONE',  ( -0.003947231580840056438, 0.001610009688396951775, 0.004854771021848511628 ) ) ;
#1326 = ORIENTED_EDGE ( 'NONE', *, *, #3128, .T. ) ;
#1327 = CARTESIAN_POINT ( 'NONE',  ( -0.002570067766199897897, 0.009991702639085850088, 0.001002454954212248775 ) ) ;
#1328 = CARTESIAN_POINT ( 'NONE',  ( -0.002493454501826134449, 0.01011591138892412207, 0.001015296739215374193 ) ) ;
#1329 = EDGE_CURVE ( 'NONE', #5827, #6491, #4054, .T. ) ;
#1330 = CARTESIAN_POINT ( 'NONE',  ( -0.003599881285851649296, 0.001425787657475735722, 0.005117065337873163110 ) ) ;
#1331 = CARTESIAN_POINT ( 'NONE',  ( -1.173223625603060539E-17, 0.01015018309780834661, 0.002552700000000010169 ) ) ;
#1332 = ORIENTED_EDGE ( 'NONE', *, *, #612, .F. ) ;
#1333 = CARTESIAN_POINT ( 'NONE',  ( 0.02266321540506712265, 0.008489722506927335072, 0.004072411118908584975 ) ) ;
#1334 = CARTESIAN_POINT ( 'NONE',  ( 0.005811759464068017196, 0.006685452077468954576, 0.002315442623347659969 ) ) ;
#1335 = CARTESIAN_POINT ( 'NONE',  ( -0.1302007650165189490, 0.005643377944590661534, 0.009424569878281772659 ) ) ;
#1336 = CARTESIAN_POINT ( 'NONE',  ( 0.005080000000000000314, 0.005588000000000000085, -0.0002540000000000003193 ) ) ;
#1337 = CARTESIAN_POINT ( 'NONE',  ( -0.003977702744618782926, 0.001549560140833422788, 0.004880578652202840345 ) ) ;
#1338 = CARTESIAN_POINT ( 'NONE',  ( -0.002986998858779638805, 0.01077642804085626911, 0.001779638116112826438 ) ) ;
#1339 = DIRECTION ( 'NONE',  ( 0.000000000000000000, 0.000000000000000000, -1.000000000000000000 ) ) ;
#1340 = CARTESIAN_POINT ( 'NONE',  ( -0.005694342131198659382, 0.007654117731944007352, -0.002856280129491507464 ) ) ;
#1341 = CARTESIAN_POINT ( 'NONE',  ( 0.002332742671192395995, 0.01116675288138320628, 0.0001378481489333439143 ) ) ;
#1342 = CIRCLE ( 'NONE', #6890, 0.006150000000000000085 ) ;
#1343 = CIRCLE ( 'NONE', #2253, 0.02781451190476182805 ) ;
#1344 = CARTESIAN_POINT ( 'NONE',  ( -0.1277829005037060262, 0.006823243920131645893, 0.006652876452885418679 ) ) ;
#1345 = CARTESIAN_POINT ( 'NONE',  ( 0.003227865975270885653, 0.009213367760162521555, -0.0003723363108874021602 ) ) ;
#1346 = PRODUCT_DEFINITION_SHAPE ( 'NONE', 'NONE',  #7019 ) ;
#1347 = CARTESIAN_POINT ( 'NONE',  ( -0.003624592654353401590, 0.009487257092761046048, -0.001412384991999573883 ) ) ;
#1348 = AXIS2_PLACEMENT_3D ( 'NONE', #3210, #1525, #3676 ) ;
#1349 = CARTESIAN_POINT ( 'NONE',  ( 0.002335423039737791716, 0.01117528723334592321, -5.169474189803062962E-05 ) ) ;
#1350 = EDGE_CURVE ( 'NONE', #1187, #4135, #586, .T. ) ;
#1351 = DIRECTION ( 'NONE',  ( 0.000000000000000000, 0.000000000000000000, 1.000000000000000000 ) ) ;
#1352 = CARTESIAN_POINT ( 'NONE',  ( -0.002355026210800628336, 0.009883465708888500983, 0.0009865185062197471405 ) ) ;
#1353 = CARTESIAN_POINT ( 'NONE',  ( 0.002946760902660168491, 0.01146034412533320120, -0.001321290405232182150 ) ) ;
#1354 = EDGE_CURVE ( 'NONE', #335, #1865, #2191, .T. ) ;
#1355 = CARTESIAN_POINT ( 'NONE',  ( -0.002353554614260010367, 0.01041290827691107070, 0.0009841648240534993115 ) ) ;
#1356 = CARTESIAN_POINT ( 'NONE',  ( 0.002946760902660168491, 0.01146034412533320120, -0.001321290405232182150 ) ) ;
#1357 = EDGE_LOOP ( 'NONE', ( #797, #6963, #3354, #2211, #6923, #5402 ) ) ;
#1358 = CARTESIAN_POINT ( 'NONE',  ( -0.003692252834489866999, 0.009390453910718840613, -0.001312954527268046139 ) ) ;
#1359 = CARTESIAN_POINT ( 'NONE',  ( 0.003049052342669995690, 0.009399019675847913868, -0.0006733630433110483890 ) ) ;
#1360 = CARTESIAN_POINT ( 'NONE',  ( 0.1296160028670907960, 0.006035899532392381868, -0.008306089185591553417 ) ) ;
#1361 = CARTESIAN_POINT ( 'NONE',  ( -0.006352526930862075621, 0.005402059976294476540, -0.0001985845648210213016 ) ) ;
#1362 = ORIENTED_EDGE ( 'NONE', *, *, #1553, .T. ) ;
#1363 = CARTESIAN_POINT ( 'NONE',  ( -0.003192314815235469758, 0.009249470576857864515, 0.0004510798919141411852 ) ) ;
#1364 = EDGE_CURVE ( 'NONE', #4197, #5819, #278, .T. ) ;
#1365 = DIRECTION ( 'NONE',  ( 0.000000000000000000, 0.000000000000000000, 1.000000000000000000 ) ) ;
#1366 = ORIENTED_EDGE ( 'NONE', *, *, #3150, .F. ) ;
#1367 = CARTESIAN_POINT ( 'NONE',  ( 0.005992349260666785145, 0.006371928147879528728, 0.001797101262696538734 ) ) ;
#1368 = AXIS2_PLACEMENT_3D ( 'NONE', #3415, #4581, #3485 ) ;
#1369 = CARTESIAN_POINT ( 'NONE',  ( -0.004526300773495151204, 0.007798900303865384347, -0.004351881723513994528 ) ) ;
#1370 = CARTESIAN_POINT ( 'NONE',  ( -0.0002540000000000002109, 0.005080000000000001181, 0.002884438135928730530 ) ) ;
#1371 = CARTESIAN_POINT ( 'NONE',  ( -0.001650999999999997088, 0.01447799999999999955, 0.000000000000000000 ) ) ;
#1372 = B_SPLINE_CURVE_WITH_KNOTS ( 'NONE', 3,
 ( #1434, #2066, #3614, #2541, #4707, #6858, #1469, #6359 ),
 .UNSPECIFIED., .F., .F.,
 ( 4, 2, 2, 4 ),
 ( 0.001616404283139017111, 0.001943251645701232939, 0.002270099008263448334, 0.002923793733387879991 ),
 .UNSPECIFIED. ) ;
#1373 = CARTESIAN_POINT ( 'NONE',  ( -0.002295601128247076565, 0.01101390091596106055, 0.0005505535629898901254 ) ) ;
#1374 = CARTESIAN_POINT ( 'NONE',  ( 0.002323451886636896096, 0.01050101516561370747, 0.0009597695088112445129 ) ) ;
#1375 = CARTESIAN_POINT ( 'NONE',  ( 0.002334663284312536898, 0.01117290163158848534, 8.646704013715736186E-05 ) ) ;
#1376 = CARTESIAN_POINT ( 'NONE',  ( -0.03484695721135660368, 0.008804562457680898541, -0.003335753849387150353 ) ) ;
#1377 = CARTESIAN_POINT ( 'NONE',  ( -0.06337957611814981629, 0.01022865781327608053, -0.003718901603758675151 ) ) ;
#1378 = CARTESIAN_POINT ( 'NONE',  ( 0.002775587964814227575, 0.009712166966991144651, 0.0009122606977222268067 ) ) ;
#1379 = CARTESIAN_POINT ( 'NONE',  ( -0.002931387034915670323, 0.01121659166278491000, -0.001558561301713590067 ) ) ;
#1380 = CARTESIAN_POINT ( 'NONE',  ( 0.002291790098607036311, 0.01099095263944147374, -0.0005848677312176014248 ) ) ;
#1381 = CARTESIAN_POINT ( 'NONE',  ( 0.002293056705592237329, 0.01064513122517567710, -0.0008928634711491674567 ) ) ;
#1382 = CARTESIAN_POINT ( 'NONE',  ( 0.1263826577367503368, 0.007204543075755491174, -0.005818019479080236214 ) ) ;
#1383 = FACE_OUTER_BOUND ( 'NONE', #4349, .T. ) ;
#1384 = CARTESIAN_POINT ( 'NONE',  ( 0.002949117381920214002, 0.01147897224524864132, 0.001299325595455642522 ) ) ;
#1385 = CARTESIAN_POINT ( 'NONE',  ( 0.002318616153204089946, 0.01111793906347172817, -0.0003387495152789311826 ) ) ;
#1386 = CARTESIAN_POINT ( 'NONE',  ( -0.003192314815235469758, 0.009249470576857864515, 0.0004510798919141411852 ) ) ;
#1387 = ADVANCED_FACE ( 'NONE', ( #3164 ), #2632, .F. ) ;
#1388 = CARTESIAN_POINT ( 'NONE',  ( 0.002986835865823338990, 0.01166580092942262094, -0.001004141018738058909 ) ) ;
#1389 = ORIENTED_EDGE ( 'NONE', *, *, #5515, .F. ) ;
#1390 = CARTESIAN_POINT ( 'NONE',  ( -0.002931764225958816226, 0.01119012821389204354, 0.001578365416925789442 ) ) ;
#1391 = DIRECTION ( 'NONE',  ( 0.000000000000000000, 1.000000000000000000, 0.000000000000000000 ) ) ;
#1392 = CARTESIAN_POINT ( 'NONE',  ( -0.01135335432757575598, 0.007897300996328876499, -0.003638257335193552811 ) ) ;
#1393 = CARTESIAN_POINT ( 'NONE',  ( 0.1295594547193589796, 0.006760933718791798872, -0.006156599668397547825 ) ) ;
#1394 = CARTESIAN_POINT ( 'NONE',  ( -0.006160635740704065166, 0.006291962108118071689, -0.001509788339224836778 ) ) ;
#1395 = EDGE_LOOP ( 'NONE', ( #4633, #4874 ) ) ;
#1396 = CARTESIAN_POINT ( 'NONE',  ( -0.003005481770588703042, 0.009446036528508778077, 0.0007235321792234270443 ) ) ;
#1397 = AXIS2_PLACEMENT_3D ( 'NONE', #2595, #6845, #2560 ) ;
#1398 = ORIENTED_EDGE ( 'NONE', *, *, #4041, .T. ) ;
#1399 = CARTESIAN_POINT ( 'NONE',  ( -1.387778780781445676E-17, 0.001650999999999979090, 0.000000000000000000 ) ) ;
#1400 = CIRCLE ( 'NONE', #6044, 0.002449999999999999921 ) ;
#1401 = VERTEX_POINT ( 'NONE', #6593 ) ;
#1402 = CARTESIAN_POINT ( 'NONE',  ( -0.0002540000000000001566, 0.005588000000000000085, -0.0002540000000000001024 ) ) ;
#1403 = CARTESIAN_POINT ( 'NONE',  ( -0.004533541918270560592, 0.007791191780405488758, -0.004348020920100044949 ) ) ;
#1404 = DIRECTION ( 'NONE',  ( -5.616463802763698759E-17, 0.000000000000000000, -1.000000000000000000 ) ) ;
#1405 = CARTESIAN_POINT ( 'NONE',  ( 0.03132368656586535099, 0.008688609813758662800, 0.003123202425867022472 ) ) ;
#1406 = CARTESIAN_POINT ( 'NONE',  ( 0.005918199999999998462, -4.087305315827995016E-19, 7.247704686713878810E-19 ) ) ;
#1407 = CARTESIAN_POINT ( 'NONE',  ( -1.204485184444895089E-17, 1.142350046887600466E-32, 0.000000000000000000 ) ) ;
#1408 = CARTESIAN_POINT ( 'NONE',  ( 0.002344872204718193801, 0.01043284135299088304, 0.0009810948036210714440 ) ) ;
#1409 = CARTESIAN_POINT ( 'NONE',  ( 0.002306855622826303569, 0.01107030141629538472, -0.0004515623777515200303 ) ) ;
#1410 = CARTESIAN_POINT ( 'NONE',  ( -0.09044494554335517911, 0.01025424170451737747, -0.002600756931483969026 ) ) ;
#1411 = CARTESIAN_POINT ( 'NONE',  ( -0.09005652260071220216, 0.01011330131121739549, -0.001922765353147951745 ) ) ;
#1412 = CARTESIAN_POINT ( 'NONE',  ( 0.003180121541227286242, 0.009261923299254307129, -0.0004752306694897159866 ) ) ;
#1413 = CARTESIAN_POINT ( 'NONE',  ( -0.003273500715755828672, 0.01005549761251150337, -0.001759454615492020554 ) ) ;
#1414 = CARTESIAN_POINT ( 'NONE',  ( 0.002332049331221769297, 0.01116456674713946912, -0.0001558732407374554185 ) ) ;
#1415 = CARTESIAN_POINT ( 'NONE',  ( 0.002290285478154121309, 0.01098091486633037163, -0.0005988761575136121017 ) ) ;
#1416 = CARTESIAN_POINT ( 'NONE',  ( 0.1033214329496920103, 0.009630705179728636309, 0.0002615508340108773288 ) ) ;
#1417 = CARTESIAN_POINT ( 'NONE',  ( 0.001650999999999998389, 0.01168399999999999994, 0.000000000000000000 ) ) ;
#1418 = CARTESIAN_POINT ( 'NONE',  ( 0.002986904467302882882, 0.01166609716097508770, 0.001003570356424015372 ) ) ;
#1419 = CARTESIAN_POINT ( 'NONE',  ( 0.002314909970728108550, 0.01110376570703515420, 0.0003764645360915031859 ) ) ;
#1420 = CARTESIAN_POINT ( 'NONE',  ( -0.003297545569111873763, 0.009143873050817883166, 6.359389347587209029E-06 ) ) ;
#1421 = CARTESIAN_POINT ( 'NONE',  ( 0.003026946663750927462, 0.01180096145150513753, -0.0006623725122087095220 ) ) ;
#1422 = ORIENTED_EDGE ( 'NONE', *, *, #1871, .T. ) ;
#1423 = CARTESIAN_POINT ( 'NONE',  ( -0.003048689488528078060, 0.01186210571997283261, -0.0003978620385676520221 ) ) ;
#1424 = CARTESIAN_POINT ( 'NONE',  ( -0.003142679679265038099, 0.009300459297902293615, -0.0005417063608978237585 ) ) ;
#1425 = CARTESIAN_POINT ( 'NONE',  ( -0.01066806096747688858, 0.0009729210562361313838, 0.004363876462263008293 ) ) ;
#1426 = CARTESIAN_POINT ( 'NONE',  ( 0.1302202417115408684, 0.005681955538315538665, -0.008743447938857833168 ) ) ;
#1427 = CARTESIAN_POINT ( 'NONE',  ( -0.006088111783641292699, 0.006457069033886504890, -0.001773385139456031510 ) ) ;
#1428 = EDGE_CURVE ( 'NONE', #2323, #335, #2825, .T. ) ;
#1429 = CIRCLE ( 'NONE', #5392, 0.002737011426054730689 ) ;
#1430 = ORIENTED_EDGE ( 'NONE', *, *, #2807, .T. ) ;
#1431 = CARTESIAN_POINT ( 'NONE',  ( -0.002809998754665978763, 0.009669905747119771772, 0.0008905123717995019807 ) ) ;
#1432 = CIRCLE ( 'NONE', #4827, 0.001650999999999999256 ) ;
#1433 = EDGE_CURVE ( 'NONE', #297, #6222, #3953, .T. ) ;
#1434 = CARTESIAN_POINT ( 'NONE',  ( 0.002032000000000023371, 0.01117600000000004527, 3.184181620198244007E-18 ) ) ;
#1435 = VERTEX_POINT ( 'NONE', #5536 ) ;
#1436 = CARTESIAN_POINT ( 'NONE',  ( 0.02131952211975655237, 0.007985851417252422257, 0.003026135843140997234 ) ) ;
#1437 = CARTESIAN_POINT ( 'NONE',  ( -0.004514894927812061753, 0.007825196958850807322, -0.004357960528032936952 ) ) ;
#1438 = CARTESIAN_POINT ( 'NONE',  ( -0.0002540000000000002109, 0.003386741698954053026, 0.003241398377801033449 ) ) ;
#1439 = LINE ( 'NONE', #342, #4289 ) ;
#1440 = CARTESIAN_POINT ( 'NONE',  ( 3.546087271611077838E-19, 0.006985000000000001624, -0.002895600000000001645 ) ) ;
#1441 = ORIENTED_EDGE ( 'NONE', *, *, #5647, .F. ) ;
#1442 = CARTESIAN_POINT ( 'NONE',  ( -0.1255932222005929633, 0.007875043989894775498, 0.003737241818423382971 ) ) ;
#1443 = CARTESIAN_POINT ( 'NONE',  ( -0.02601198461237583595, 0.008081795137616540683, -0.003088816190788264832 ) ) ;
#1444 = CARTESIAN_POINT ( 'NONE',  ( -0.005042520412463742836, 0.008030138598779251041, -0.003706095019745999936 ) ) ;
#1445 = CARTESIAN_POINT ( 'NONE',  ( -0.003040256633881291935, 0.01058934179303940883, -0.001815736618103461946 ) ) ;
#1446 = CARTESIAN_POINT ( 'NONE',  ( 0.002467743318293942525, 0.01016130842153028895, -0.001016509086354493727 ) ) ;
#1447 = AXIS2_PLACEMENT_3D ( 'NONE', #256, #5757, #898 ) ;
#1448 = AXIS2_PLACEMENT_3D ( 'NONE', #4181, #4776, #2586 ) ;
#1449 = CIRCLE ( 'NONE', #3280, 0.0001000000000000002623 ) ;
#1450 = CARTESIAN_POINT ( 'NONE',  ( 0.005804436806098716914, 0.003897675582919100327, -0.002330483324042684126 ) ) ;
#1451 = EDGE_CURVE ( 'NONE', #6075, #6100, #708, .T. ) ;
#1452 = CARTESIAN_POINT ( 'NONE',  ( 0.000000000000000000, 0.02476499999999999882, 0.000000000000000000 ) ) ;
#1453 = CARTESIAN_POINT ( 'NONE',  ( 0.003180408254685334907, 0.009261625653963226346, -0.0004748239246962465796 ) ) ;
#1454 = CARTESIAN_POINT ( 'NONE',  ( 0.002282801502190037052, 0.01091525291771103766, 0.0006795947544595774392 ) ) ;
#1455 = CARTESIAN_POINT ( 'NONE',  ( -0.003279967176925129447, 0.009161298801252677065, 0.0001868886549140285974 ) ) ;
#1456 = CARTESIAN_POINT ( 'NONE',  ( 0.003035489939430115018, 0.01182574510541588124, -0.0005716536254836340541 ) ) ;
#1457 = ORIENTED_EDGE ( 'NONE', *, *, #3113, .T. ) ;
#1458 = CARTESIAN_POINT ( 'NONE',  ( -0.002931521853666893985, 0.01125389639158021725, 0.001528927921345487988 ) ) ;
#1459 = CARTESIAN_POINT ( 'NONE',  ( 7.592810154713589635E-19, 0.01000000000000000021, -0.006150000000000000085 ) ) ;
#1460 = CARTESIAN_POINT ( 'NONE',  ( -0.01002470551839082340, 0.007914727389407530400, -0.003772033691762647321 ) ) ;
#1461 = CYLINDRICAL_SURFACE ( 'NONE', #602, 0.002413000000000001515 ) ;
#1462 = CARTESIAN_POINT ( 'NONE',  ( -0.005717427596489702002, 0.006905606279857059299, -0.002541098545048873104 ) ) ;
#1463 = ORIENTED_EDGE ( 'NONE', *, *, #1668, .F. ) ;
#1464 = SHAPE_REPRESENTATION ( 'BLDCMotorPropNut', ( #989 ), #3951 ) ;
#1465 = CARTESIAN_POINT ( 'NONE',  ( -0.002876475065354906682, 0.009591095495024881332, 0.0008423496998887529050 ) ) ;
#1466 = CARTESIAN_POINT ( 'NONE',  ( -0.002830442289432672127, 0.001092864633840053392, 0.005580451666217497129 ) ) ;
#1467 = ORIENTED_EDGE ( 'NONE', *, *, #2062, .F. ) ;
#1468 = EDGE_CURVE ( 'NONE', #1116, #648, #2507, .T. ) ;
#1469 = CARTESIAN_POINT ( 'NONE',  ( 0.001820638173620020128, 0.01066910939230464664, 0.0009053563898126717894 ) ) ;
#1470 = ORIENTED_EDGE ( 'NONE', *, *, #2783, .T. ) ;
#1471 = FACE_OUTER_BOUND ( 'NONE', #6984, .T. ) ;
#1472 = CARTESIAN_POINT ( 'NONE',  ( -0.04667586987686333372, -0.001184229939884803851, 0.01870726707077416742 ) ) ;
#1473 = CARTESIAN_POINT ( 'NONE',  ( 7.669451436313725319E-17, 0.001612307931948846976, -0.005491545487434081399 ) ) ;
#1474 = CARTESIAN_POINT ( 'NONE',  ( 0.08720380133110396115, 0.01037348771249843420, 0.002189504347999810061 ) ) ;
#1475 = CARTESIAN_POINT ( 'NONE',  ( -0.003872672137664107724, 0.009145650402728175421, -0.0009511032290580027264 ) ) ;
#1476 = CARTESIAN_POINT ( 'NONE',  ( -0.1063935417556268748, 0.009664304065502863847, 0.0002486617072836382969 ) ) ;
#1477 = DIRECTION ( 'NONE',  ( 0.000000000000000000, 1.000000000000000000, 0.000000000000000000 ) ) ;
#1478 = CARTESIAN_POINT ( 'NONE',  ( -0.004790995303307230176, 0.002287123145760868500, 0.004022151448077189786 ) ) ;
#1479 = DIRECTION ( 'NONE',  ( 1.000000000000000000, -0.000000000000000000, -0.000000000000000000 ) ) ;
#1480 = CARTESIAN_POINT ( 'NONE',  ( 0.006300185418770147712, 0.006476807079710481495, 0.0008731977844574714560 ) ) ;
#1481 = CARTESIAN_POINT ( 'NONE',  ( -0.003015253340023353948, 0.009435462464923669371, -0.0007125584754260554749 ) ) ;
#1482 = CARTESIAN_POINT ( 'NONE',  ( 0.003247353270438689370, 0.01010511900660246952, -0.001774581899888748706 ) ) ;
#1483 = DIRECTION ( 'NONE',  ( 0.000000000000000000, 0.000000000000000000, 1.000000000000000000 ) ) ;
#1484 = CARTESIAN_POINT ( 'NONE',  ( -0.003288852561936506970, 0.009152480095939902888, -0.0001321560971190971609 ) ) ;
#1485 = CARTESIAN_POINT ( 'NONE',  ( 0.003106703092177108983, 0.01040759914745558422, -0.001823309082234992424 ) ) ;
#1486 = ORIENTED_EDGE ( 'NONE', *, *, #4935, .T. ) ;
#1487 = CARTESIAN_POINT ( 'NONE',  ( -0.003946058288770523670, 0.009049862477351686488, 0.0007379587575625608980 ) ) ;
#1488 = CARTESIAN_POINT ( 'NONE',  ( -0.003240142272791428010, 0.01011877269125978536, -0.001778755089930072423 ) ) ;
#1489 = CARTESIAN_POINT ( 'NONE',  ( -0.1249156652488367936, 0.007718363101035681344, 0.005140995293273609157 ) ) ;
#1490 = CARTESIAN_POINT ( 'NONE',  ( 0.1299787256640753119, 0.005642746787189962220, -0.009197109410778584945 ) ) ;
#1491 = CARTESIAN_POINT ( 'NONE',  ( -0.006005784107652831216, 0.006444385462030644170, -0.001753000730382193529 ) ) ;
#1492 = ORIENTED_EDGE ( 'NONE', *, *, #5858, .T. ) ;
#1493 = CARTESIAN_POINT ( 'NONE',  ( 0.004528316202968553535, 0.007867585747950009076, 0.004350890446027083809 ) ) ;
#1494 = FACE_OUTER_BOUND ( 'NONE', #4902, .T. ) ;
#1495 = ORIENTED_EDGE ( 'NONE', *, *, #3038, .F. ) ;
#1496 = CARTESIAN_POINT ( 'NONE',  ( -0.1300000000000000600, 0.005925007879322497124, 0.008924140516987925237 ) ) ;
#1497 = CARTESIAN_POINT ( 'NONE',  ( 0.004207103968099463673, 0.001718856176434893981, -0.004676920944817987078 ) ) ;
#1498 = EDGE_LOOP ( 'NONE', ( #5160, #2859, #5009, #4128 ) ) ;
#1499 = CARTESIAN_POINT ( 'NONE',  ( 0.05511438837438130400, 0.01023243039750870373, 0.003892272827375517497 ) ) ;
#1500 = CARTESIAN_POINT ( 'NONE',  ( -0.002329923595958884042, 0.01015672691725862976, 0.001015999999999998024 ) ) ;
#1501 = CARTESIAN_POINT ( 'NONE',  ( -0.01066323059921058837, 0.0007716336153703899289, 0.004541015648389335087 ) ) ;
#1502 = CARTESIAN_POINT ( 'NONE',  ( 0.03967421650238080189, -0.0006114436324195257448, -0.01421244208435673041 ) ) ;
#1503 = AXIS2_PLACEMENT_3D ( 'NONE', #1623, #5952, #2271 ) ;
#1504 = DIRECTION ( 'NONE',  ( 9.484135310589723205E-16, 1.000000000000000000, -0.000000000000000000 ) ) ;
#1505 = DIRECTION ( 'NONE',  ( 0.000000000000000000, 0.000000000000000000, 1.000000000000000000 ) ) ;
#1506 = CARTESIAN_POINT ( 'NONE',  ( -0.1159967602853124030, 0.009039026347667443798, 0.001006704846967178659 ) ) ;
#1507 = PRODUCT ( '1045inv_reverse', '1045inv_reverse', '', ( #1148 ) ) ;
#1508 = CARTESIAN_POINT ( 'NONE',  ( 0.002381192823446066833, 0.01034138734349134003, -0.0009998180896523840150 ) ) ;
#1509 = CARTESIAN_POINT ( 'NONE',  ( -0.004255908865705266240, 0.001861941171810491168, 0.004585075944625653828 ) ) ;
#1510 = ADVANCED_FACE ( 'NONE', ( #671 ), #1705, .F. ) ;
#1511 = CARTESIAN_POINT ( 'NONE',  ( 0.006210573672514796938, 0.006839579272679255188, 0.001393580058587175858 ) ) ;
#1512 = CARTESIAN_POINT ( 'NONE',  ( -0.002886320021996742046, 0.009579778647054398508, -0.0008342689652286953538 ) ) ;
#1513 = CARTESIAN_POINT ( 'NONE',  ( 0.002940398426528213240, 0.01104874920269012691, -0.001668516033787606273 ) ) ;
#1514 = CARTESIAN_POINT ( 'NONE',  ( 0.004506193022868720290, 0.007689304575837276404, 0.004331049467158706694 ) ) ;
#1515 = CARTESIAN_POINT ( 'NONE',  ( -0.003285819233843891886, 0.009155488577982363180, 0.0001526078874640121878 ) ) ;
#1516 = CARTESIAN_POINT ( 'NONE',  ( 0.003096715892006210967, 0.009348375891890954234, -0.0006120090349219077606 ) ) ;
#1517 = ORIENTED_EDGE ( 'NONE', *, *, #4090, .T. ) ;
#1518 = CARTESIAN_POINT ( 'NONE',  ( -0.003132728447372241671, 0.01034534133302931862, 0.001819521145817741287 ) ) ;
#1519 = CARTESIAN_POINT ( 'NONE',  ( -0.06325891920704966587, 0.01042402530276719322, -0.003714570380218889297 ) ) ;
#1520 = CARTESIAN_POINT ( 'NONE',  ( 0.1301032430168281018, 0.005787563909514943303, -0.009194047205095968317 ) ) ;
#1521 = CARTESIAN_POINT ( 'NONE',  ( -0.003766811175434048482, 0.001404625304631550945, 0.005060319944885845536 ) ) ;
#1522 = VERTEX_POINT ( 'NONE', #1878 ) ;
#1523 = CARTESIAN_POINT ( 'NONE',  ( -0.01049972554097706665, 0.007721951607484353088, -0.003790916410589896361 ) ) ;
#1524 = CARTESIAN_POINT ( 'NONE',  ( 0.0002539999999998520004, 0.01768531428571429309, 0.0002539999999999935972 ) ) ;
#1525 = DIRECTION ( 'NONE',  ( -0.000000000000000000, 1.000000000000000000, -0.000000000000000000 ) ) ;
#1526 = VERTEX_POINT ( 'NONE', #6666 ) ;
#1527 = CARTESIAN_POINT ( 'NONE',  ( 0.003776134187599249070, 0.009274973665687438057, -0.001163207672481761119 ) ) ;
#1528 = VECTOR ( 'NONE', #5735, 1.000000000000000000 ) ;
#1529 = CARTESIAN_POINT ( 'NONE',  ( -0.004027532072760030973, 0.008945466435453320111, 0.0004003742820065284255 ) ) ;
#1530 = CARTESIAN_POINT ( 'NONE',  ( 0.0002539999999999998314, 0.0007034714342214828811, 0.001445268041901130772 ) ) ;
#1531 = ORIENTED_EDGE ( 'NONE', *, *, #347, .T. ) ;
#1532 = CARTESIAN_POINT ( 'NONE',  ( 0.09835900643917738773, 0.01005022724436125010, 0.0009442742240343910201 ) ) ;
#1533 = DIRECTION ( 'NONE',  ( 0.000000000000000000, 0.000000000000000000, -1.000000000000000000 ) ) ;
#1534 = CARTESIAN_POINT ( 'NONE',  ( -0.002793709879286578133, 0.009689731709275556729, -0.0009011367299697834853 ) ) ;
#1535 = CARTESIAN_POINT ( 'NONE',  ( -0.1132709726663812394, 0.0006486805838273644945, 0.02138733699392527526 ) ) ;
#1536 = CARTESIAN_POINT ( 'NONE',  ( 0.03001791880397801718, -0.0004603294020596733049, -0.008862087538973941261 ) ) ;
#1537 =( GEOMETRIC_REPRESENTATION_CONTEXT ( 3 ) GLOBAL_UNCERTAINTY_ASSIGNED_CONTEXT ( ( #37 ) ) GLOBAL_UNIT_ASSIGNED_CONTEXT ( ( #5869, #4671, #6824 ) ) REPRESENTATION_CONTEXT ( 'NONE', 'WORKASPACE' ) );
#1538 = CARTESIAN_POINT ( 'NONE',  ( 0.01864771543352235564, 0.008336849470556928834, 0.004148715591070861394 ) ) ;
#1539 = EDGE_CURVE ( 'NONE', #377, #6246, #6700, .T. ) ;
#1540 = CARTESIAN_POINT ( 'NONE',  ( -0.001404488224300015587, 0.005588000000000000085, 0.0002539999999999999398 ) ) ;
#1541 = CARTESIAN_POINT ( 'NONE',  ( -0.002295601128247076565, 0.01101390091596106055, 0.0005505535629898901254 ) ) ;
#1542 = DIRECTION ( 'NONE',  ( 0.000000000000000000, -0.5150380749100544886, -0.8571673007021121116 ) ) ;
#1543 = CARTESIAN_POINT ( 'NONE',  ( -0.07408294234088234897, 0.01052268279954942168, -0.003230358201822343574 ) ) ;
#1544 = EDGE_CURVE ( 'NONE', #2999, #5361, #5016, .T. ) ;
#1545 = CARTESIAN_POINT ( 'NONE',  ( 0.003597906215379685115, 0.001693388050948603073, -0.0002540000000000002651 ) ) ;
#1546 = CARTESIAN_POINT ( 'NONE',  ( 0.002338587673651448904, 0.01045593910920202332, -0.0009725268809766018149 ) ) ;
#1547 = CARTESIAN_POINT ( 'NONE',  ( -0.006202703629421545649, 0.005178173571884330147, 0.0009072553299021257319 ) ) ;
#1548 = CARTESIAN_POINT ( 'NONE',  ( 0.004705164914178924795, 0.007932383614031429317, 0.004253490230600570285 ) ) ;
#1549 = CARTESIAN_POINT ( 'NONE',  ( 0.002914789098849987752, 0.009547137988024385208, -0.0008104971437686352099 ) ) ;
#1550 = CARTESIAN_POINT ( 'NONE',  ( 0.003282743340501020901, 0.01003785635589646459, -0.001754212857989375512 ) ) ;
#1551 = CARTESIAN_POINT ( 'NONE',  ( -0.0002540000000000001566, 0.004272187755612158119, -0.001415477532827728174 ) ) ;
#1552 = CARTESIAN_POINT ( 'NONE',  ( 0.002546635265042410980, 0.0009358446056099621558, -0.005716223802871358249 ) ) ;
#1553 = EDGE_CURVE ( 'NONE', #2540, #1320, #237, .T. ) ;
#1554 = AXIS2_PLACEMENT_3D ( 'NONE', #1669, #5964, #1633 ) ;
#1555 = CARTESIAN_POINT ( 'NONE',  ( 0.003470636356196602629, 0.009719519507629489907, -0.001597310287970711735 ) ) ;
#1556 = ORIENTED_EDGE ( 'NONE', *, *, #6699, .T. ) ;
#1557 = CARTESIAN_POINT ( 'NONE',  ( -0.003290106300714050989, 0.01002435774135651374, 0.001749509997172565010 ) ) ;
#1558 = CARTESIAN_POINT ( 'NONE',  ( -0.1135495965072629981, 0.009165935277078263166, 0.001621507450087503839 ) ) ;
#1559 = DIRECTION ( 'NONE',  ( -0.000000000000000000, 1.000000000000000000, -0.000000000000000000 ) ) ;
#1560 = DIRECTION ( 'NONE',  ( 0.000000000000000000, 0.000000000000000000, -1.000000000000000000 ) ) ;
#1561 = EDGE_LOOP ( 'NONE', ( #6300, #122, #4204, #1398, #3603, #6314 ) ) ;
#1562 = CARTESIAN_POINT ( 'NONE',  ( -0.005918200000000021013, 0.001397000000000011514, 0.000000000000000000 ) ) ;
#1563 = DIRECTION ( 'NONE',  ( 1.000000000000000000, 0.000000000000000000, 0.000000000000000000 ) ) ;
#1564 = CARTESIAN_POINT ( 'NONE',  ( 0.004046758603396333892, 0.008921470372101305418, -0.0001512152916902166665 ) ) ;
#1565 = EDGE_LOOP ( 'NONE', ( #232, #2001, #4940, #54 ) ) ;
#1566 = FACE_OUTER_BOUND ( 'NONE', #1106, .T. ) ;
#1567 =( LENGTH_UNIT ( ) NAMED_UNIT ( * ) SI_UNIT ( $, .METRE. ) );
#1568 = ORIENTED_EDGE ( 'NONE', *, *, #5135, .T. ) ;
#1569 = CARTESIAN_POINT ( 'NONE',  ( 0.1037151144628077615, 0.009610985557759329015, 0.0002017652242025422911 ) ) ;
#1570 = FACE_OUTER_BOUND ( 'NONE', #756, .T. ) ;
#1571 = VERTEX_POINT ( 'NONE', #4506 ) ;
#1572 = CARTESIAN_POINT ( 'NONE',  ( -0.002428790748164205617, 0.01023605538851321724, -0.001013684125211278568 ) ) ;
#1573 = CARTESIAN_POINT ( 'NONE',  ( -0.02930792205695981548, 0.008746096427598371720, -0.004020156902414834255 ) ) ;
#1574 = B_SPLINE_CURVE_WITH_KNOTS ( 'NONE', 3,
 ( #4331, #6630, #6558, #1699, #4996, #138, #3942, #1767, #1243, #6096, #2305, #35, #1139, #709, #4856, #2200, #4082, #3486, #5746, #1378, #215, #246, #6769, #3452, #1880, #5099, #2483, #315, #1917, #2446, #2375, #1309, #6270, #3016, #3523, #4549, #5712, #6234, #3554, #3979, #812, #6667, #5031, #5675, #1808, #6701, #4614, #5603, #6135, #4650, #848, #2411, #1345, #745, #175, #2876, #1412, #5175, #776, #6804, #1949, #2946 ),
 .UNSPECIFIED., .F., .F.,
 ( 4, 2, 2, 2, 2, 2, 2, 1, 2, 2, 2, 2, 1, 2, 2, 1, 2, 2, 2, 2, 2, 1, 2, 2, 2, 2, 2, 2, 2, 2, 2, 2, 4 ),
 ( 0.6341920721396951954, 0.6457452507541415754, 0.6572984293685879553, 0.6688516079830344463, 0.6804047865974808262, 0.6861813759047039607, 0.6919579652119270952, 0.6977345545191502296, 0.7006228491727618524, 0.7035111438263734751, 0.7150643224408190779, 0.7208409117480418793, 0.7266175010552646807, 0.7323940903624874821, 0.7352823850160991048, 0.7381706796697107276, 0.7497238582841561083, 0.7555004475913790207, 0.7612770368986019331, 0.7728302155130473139, 0.7843833941274926946, 0.7959365727419380754, 0.8074897513563835671, 0.8190429299708289479, 0.8421492871997200425, 0.8652556444286110260, 0.9114683588863931041, 0.9345747161152840876, 0.9576810733441749601, 0.9634576626513979836, 0.9692342519586208960, 0.9807874305730668318, 1.003893787801958482 ),
 .UNSPECIFIED. ) ;
#1575 = CARTESIAN_POINT ( 'NONE',  ( 0.08789284118094646547, -0.0003125353848297423068, -0.02732323678129718741 ) ) ;
#1576 = EDGE_CURVE ( 'NONE', #2671, #4162, #3425, .T. ) ;
#1577 = CARTESIAN_POINT ( 'NONE',  ( 0.1243119404420557489, 0.007832076926974370842, -0.004879640206368855357 ) ) ;
#1578 = CARTESIAN_POINT ( 'NONE',  ( -0.004028324287559505515, 0.008944731017132848128, -0.0003512157698373143296 ) ) ;
#1579 = CARTESIAN_POINT ( 'NONE',  ( 0.001420970690457919921, 0.003614281620921026839, -0.0002540000000000001024 ) ) ;
#1580 = CARTESIAN_POINT ( 'NONE',  ( -0.1294255926849068872, 0.006158858212188998704, 0.008050421900627326502 ) ) ;
#1581 = FACE_OUTER_BOUND ( 'NONE', #4727, .T. ) ;
#1582 = CARTESIAN_POINT ( 'NONE',  ( 0.000000000000000000, 0.009900000000000000813, 0.000000000000000000 ) ) ;
#1583 = CARTESIAN_POINT ( 'NONE',  ( -0.005513835252135738420, 0.003326354111145918540, 0.002953199584081272165 ) ) ;
#1584 = CARTESIAN_POINT ( 'NONE',  ( 0.006195395076836442833, 0.006475132652147472939, 0.0008658843208117241157 ) ) ;
#1585 = CARTESIAN_POINT ( 'NONE',  ( -0.1300000000000000322, 0.005770239531609871499, 0.008930525295361849483 ) ) ;
#1586 = CARTESIAN_POINT ( 'NONE',  ( 0.003123292591380687645, 0.009320587302561881768, -0.0005726258475219934497 ) ) ;
#1587 = CARTESIAN_POINT ( 'NONE',  ( 0.004539914991296129312, 0.007664060448957842574, 0.004295828813580527400 ) ) ;
#1588 = DIRECTION ( 'NONE',  ( -0.000000000000000000, -1.000000000000000000, -0.000000000000000000 ) ) ;
#1589 = AXIS2_PLACEMENT_3D ( 'NONE', #3619, #305, #4034 ) ;
#1590 = CARTESIAN_POINT ( 'NONE',  ( 0.003264911398912680781, 0.009176282226275431567, -0.0002563689327499317451 ) ) ;
#1591 = CARTESIAN_POINT ( 'NONE',  ( -0.003805014920781833385, 0.009235756651826732694, 0.001106741149844622882 ) ) ;
#1592 = CARTESIAN_POINT ( 'NONE',  ( 0.1300000000000001155, 0.005905080481937456140, -0.007984259463642954385 ) ) ;
#1593 = CARTESIAN_POINT ( 'NONE',  ( -0.1261036993940920781, 0.007467166640378268549, 0.005709050154557334181 ) ) ;
#1594 = FILL_AREA_STYLE_COLOUR ( '', #3601 ) ;
#1595 = ORIENTED_EDGE ( 'NONE', *, *, #4624, .T. ) ;
#1596 = CARTESIAN_POINT ( 'NONE',  ( -0.002323978452039403720, 0.01015999999999832142, 0.001016000000007534097 ) ) ;
#1597 = CARTESIAN_POINT ( 'NONE',  ( -0.002309708150298841675, 0.01108265881200514065, -0.0004257411014735150716 ) ) ;
#1598 = APPLICATION_PROTOCOL_DEFINITION ( 'draft international standard', 'automotive_design', 1998, #5613 ) ;
#1599 = ADVANCED_FACE ( 'NONE', ( #5097 ), #2874, .T. ) ;
#1600 = CARTESIAN_POINT ( 'NONE',  ( 0.004037219173373881101, 0.008933496422816589871, -0.0002712933466933540715 ) ) ;
#1601 = ORIENTED_EDGE ( 'NONE', *, *, #5378, .T. ) ;
#1602 = LINE ( 'NONE', #539, #2932 ) ;
#1603 = DIRECTION ( 'NONE',  ( 0.000000000000000000, 1.000000000000000000, 0.000000000000000000 ) ) ;
#1604 = DIRECTION ( 'NONE',  ( -1.000000000000000000, 1.050710766793947923E-15, 0.000000000000000000 ) ) ;
#1605 = ORIENTED_EDGE ( 'NONE', *, *, #6899, .T. ) ;
#1606 = CARTESIAN_POINT ( 'NONE',  ( 0.1037216918811461608, 0.009808322542271421737, 0.0001788170800363865953 ) ) ;
#1607 = DIRECTION ( 'NONE',  ( 9.484135310589723205E-16, 1.000000000000000000, -0.000000000000000000 ) ) ;
#1608 = ORIENTED_EDGE ( 'NONE', *, *, #2055, .T. ) ;
#1609 = CARTESIAN_POINT ( 'NONE',  ( -0.002882747497495105182, 0.009583941833562701837, -0.0008370517537101623221 ) ) ;
#1610 = CARTESIAN_POINT ( 'NONE',  ( -0.1188473151109207676, 0.004176503473658483775, 0.01527955368127040942 ) ) ;
#1611 = CARTESIAN_POINT ( 'NONE',  ( 0.06293829927198640872, -0.0004111327656885649948, -0.02381863383957421795 ) ) ;
#1612 = CARTESIAN_POINT ( 'NONE',  ( -0.006327770186159041230, 0.006285006559698553229, -0.0006143213235891370689 ) ) ;
#1613 = CARTESIAN_POINT ( 'NONE',  ( -0.002941318703130145311, 0.01103973701391228711, -0.001673440489573415875 ) ) ;
#1614 = CARTESIAN_POINT ( 'NONE',  ( 0.002954701211680996198, 0.01151283244804325243, 0.001253280565379846084 ) ) ;
#1615 = CARTESIAN_POINT ( 'NONE',  ( -0.1259192458657990843, 0.007813833026974737611, 0.003873765921276784395 ) ) ;
#1616 = CARTESIAN_POINT ( 'NONE',  ( -0.005918200000000022748, 0.01016000000000000583, 0.000000000000000000 ) ) ;
#1617 = CARTESIAN_POINT ( 'NONE',  ( 0.000000000000000000, 0.005588000000000000085, 0.000000000000000000 ) ) ;
#1618 = CARTESIAN_POINT ( 'NONE',  ( 0.005623997163047812602, 0.003436868874251658088, -0.002737656537278410334 ) ) ;
#1619 = CARTESIAN_POINT ( 'NONE',  ( -0.003202458581821693729, 0.01019400876425943271, -0.001796859321923427628 ) ) ;
#1620 = CARTESIAN_POINT ( 'NONE',  ( 0.002939236970731764521, 0.009519496308384224961, -0.0007887246116273425017 ) ) ;
#1621 = CARTESIAN_POINT ( 'NONE',  ( 0.002604233143416076826, 0.009940861168971061590, 0.0009925854743908562802 ) ) ;
#1622 = AXIS2_PLACEMENT_3D ( 'NONE', #3012, #1978, #4146 ) ;
#1623 = CARTESIAN_POINT ( 'NONE',  ( 0.000000000000000000, 0.002044699999999995219, 0.000000000000000000 ) ) ;
#1624 = DIRECTION ( 'NONE',  ( 9.484135310589723205E-16, 1.000000000000000000, -0.000000000000000000 ) ) ;
#1625 = CARTESIAN_POINT ( 'NONE',  ( 0.003599881285851687460, 0.001425787657475740492, -0.005117065337873137956 ) ) ;
#1626 = CARTESIAN_POINT ( 'NONE',  ( 0.003292220368802936323, 0.009149143015124419284, -0.0001035488386329224298 ) ) ;
#1627 = CARTESIAN_POINT ( 'NONE',  ( -0.004019813836287429616, 0.008955497057262288424, -0.0004099051101662089594 ) ) ;
#1628 = CARTESIAN_POINT ( 'NONE',  ( -0.002328819837138554859, 0.01115393053412670060, 0.0002119241635260792327 ) ) ;
#1629 = CARTESIAN_POINT ( 'NONE',  ( 0.003045748778400851620, 0.01057277449455143632, 0.001817493018381680396 ) ) ;
#1630 = CARTESIAN_POINT ( 'NONE',  ( 0.001989873789050210662, 0.01108937556517323141, -0.0004246328456469991314 ) ) ;
#1631 = ORIENTED_EDGE ( 'NONE', *, *, #5331, .F. ) ;
#1632 = CARTESIAN_POINT ( 'NONE',  ( -0.003763601721568923201, 0.007875193081213659879, -0.004680795898177000404 ) ) ;
#1633 = DIRECTION ( 'NONE',  ( 0.9698399448425985003, -9.360578554751856118E-16, 0.2437426540179321033 ) ) ;
#1634 = CARTESIAN_POINT ( 'NONE',  ( -0.004505905274997269033, 0.007689603977296322578, -0.004331347737191589171 ) ) ;
#1635 = ORIENTED_EDGE ( 'NONE', *, *, #5072, .F. ) ;
#1636 = B_SPLINE_CURVE_WITH_KNOTS ( 'NONE', 3,
 ( #6887, #3032, #5190, #4232 ),
 .UNSPECIFIED., .F., .F.,
 ( 4, 4 ),
 ( 0.000000000000000000, 0.9047166302141091965 ),
 .UNSPECIFIED. ) ;
#1637 = EDGE_CURVE ( 'NONE', #2708, #6758, #5674, .T. ) ;
#1638 = CARTESIAN_POINT ( 'NONE',  ( -1.204485184444894781E-17, 5.204170427930421283E-18, 0.000000000000000000 ) ) ;
#1639 = CARTESIAN_POINT ( 'NONE',  ( 0.003737766213986024218, 0.007928755611930028355, 0.004330869145431582787 ) ) ;
#1640 = VERTEX_POINT ( 'NONE', #4042 ) ;
#1641 = CARTESIAN_POINT ( 'NONE',  ( -0.002884438135928730530, 0.005080000000000001181, 0.0002539999999999998856 ) ) ;
#1642 = ORIENTED_EDGE ( 'NONE', *, *, #2041, .T. ) ;
#1643 = CARTESIAN_POINT ( 'NONE',  ( -0.002284226145761885946, 0.01071316974124287766, -0.0008523825842396868472 ) ) ;
#1644 = CARTESIAN_POINT ( 'NONE',  ( -0.03923548659797591182, 0.004264507786225816069, 0.007689882168275276840 ) ) ;
#1645 = CARTESIAN_POINT ( 'NONE',  ( 0.05051867780172048655, 0.005130973809229515473, -0.01074464030225003204 ) ) ;
#1646 = CARTESIAN_POINT ( 'NONE',  ( -0.005686302175707124915, 0.003415208423201651113, 0.002753720993744250382 ) ) ;
#1647 = CARTESIAN_POINT ( 'NONE',  ( -0.003017615799098844354, 0.01066204812977399052, -0.001805305000930121102 ) ) ;
#1648 = EDGE_CURVE ( 'NONE', #3254, #5999, #744, .T. ) ;
#1649 = CARTESIAN_POINT ( 'NONE',  ( 0.002541949055656391766, 0.009170193112560938095, 0.0002651302037201037519 ) ) ;
#1650 = CARTESIAN_POINT ( 'NONE',  ( -0.1278528672151649781, 0.007002196611483272465, 0.006728971590131686831 ) ) ;
#1651 = DIRECTION ( 'NONE',  ( 1.000000000000000000, -0.000000000000000000, -0.000000000000000000 ) ) ;
#1652 = CARTESIAN_POINT ( 'NONE',  ( 0.000000000000000000, 0.005588000000000000085, 0.000000000000000000 ) ) ;
#1653 = FACE_OUTER_BOUND ( 'NONE', #2643, .T. ) ;
#1654 = CARTESIAN_POINT ( 'NONE',  ( 0.002779410513338134540, 0.009707318886662702831, 0.0009100995550391413180 ) ) ;
#1655 = CARTESIAN_POINT ( 'NONE',  ( -0.002032000000004162421, 0.01117600000000831817, -1.059639207150322950E-15 ) ) ;
#1656 = CARTESIAN_POINT ( 'NONE',  ( -0.002142565502458151395, 0.01025987640373411669, -0.001016000000000057005 ) ) ;
#1657 = B_SPLINE_CURVE_WITH_KNOTS ( 'NONE', 3,
 ( #2428, #1323, #5655, #3959, #6114, #2356 ),
 .UNSPECIFIED., .F., .F.,
 ( 4, 2, 4 ),
 ( -9.823271168223935240E-06, 0.001156098661275244133, 0.002322020593718711941 ),
 .UNSPECIFIED. ) ;
#1658 = CARTESIAN_POINT ( 'NONE',  ( 0.004636165199740321756, 0.002196377059367278246, -0.004200196892038550456 ) ) ;
#1659 = CARTESIAN_POINT ( 'NONE',  ( 0.002868579653920234809, 0.009600422215702909476, 0.0008481570498475528340 ) ) ;
#1660 = EDGE_CURVE ( 'NONE', #4512, #2207, #26, .T. ) ;
#1661 = CARTESIAN_POINT ( 'NONE',  ( -0.002284226145761885946, 0.01071316974124287766, -0.0008523825842396868472 ) ) ;
#1662 = CARTESIAN_POINT ( 'NONE',  ( -0.002335044317555969463, 0.01117413499295279687, 7.656319885918106696E-05 ) ) ;
#1663 = CYLINDRICAL_SURFACE ( 'NONE', #2570, 0.002032000000000005156 ) ;
#1664 = CARTESIAN_POINT ( 'NONE',  ( 0.003380534401333905054, 0.009865788406959919224, 0.001682056801871697864 ) ) ;
#1665 = LINE ( 'NONE', #6069, #1729 ) ;
#1666 = ORIENTED_EDGE ( 'NONE', *, *, #590, .F. ) ;
#1667 = CARTESIAN_POINT ( 'NONE',  ( -0.02267460664017914920, 0.008054347961203096179, -0.003008878474329840583 ) ) ;
#1668 = EDGE_CURVE ( 'NONE', #4946, #434, #5327, .T. ) ;
#1669 = CARTESIAN_POINT ( 'NONE',  ( 0.0002539999999998915196, 0.007685314285714284210, 0.0002540000000000000482 ) ) ;
#1670 = CARTESIAN_POINT ( 'NONE',  ( 0.003030058718413258106, 0.01062113675028787153, 0.001811725691934608059 ) ) ;
#1671 = ORIENTED_EDGE ( 'NONE', *, *, #5933, .T. ) ;
#1672 = CARTESIAN_POINT ( 'NONE',  ( -0.005785056722504729014, 0.007565643365687445970, -0.002383658603017590593 ) ) ;
#1673 = CARTESIAN_POINT ( 'NONE',  ( 0.005574213317224086146, 0.007151258726582019991, 0.002999516931064062902 ) ) ;
#1674 = CARTESIAN_POINT ( 'NONE',  ( 0.006649209781437746651, 0.007933216998304536138, 0.004542413213207395668 ) ) ;
#1675 = CARTESIAN_POINT ( 'NONE',  ( 0.000000000000000000, 0.006959600000000000682, 0.003809999999999999585 ) ) ;
#1676 = VECTOR ( 'NONE', #5923, 1.000000000000000000 ) ;
#1677 = CARTESIAN_POINT ( 'NONE',  ( 0.1239609262481508045, 0.008149533058963365911, -0.003118875882344425074 ) ) ;
#1678 = VECTOR ( 'NONE', #6229, 1.000000000000000000 ) ;
#1679 = CARTESIAN_POINT ( 'NONE',  ( -9.896207414363052682E-31, 0.01149665802481590268, 0.000000000000000000 ) ) ;
#1680 = ORIENTED_EDGE ( 'NONE', *, *, #1890, .F. ) ;
#1681 = CARTESIAN_POINT ( 'NONE',  ( -0.002278849226184136417, 0.01079728872829637497, -0.0007920390631065471389 ) ) ;
#1682 = CARTESIAN_POINT ( 'NONE',  ( -0.05051867780172041023, 0.005130973809229515473, 0.01074464030225038419 ) ) ;
#1683 = CIRCLE ( 'NONE', #5306, 0.003809999999999999585 ) ;
#1684 = CARTESIAN_POINT ( 'NONE',  ( -0.006210573672514804744, 0.006839579272679143299, -0.001393580058586970944 ) ) ;
#1685 = CARTESIAN_POINT ( 'NONE',  ( -0.003010649535161263619, 0.01068614516421625797, -0.001800852310811748656 ) ) ;
#1686 = CARTESIAN_POINT ( 'NONE',  ( -0.004011070899875891944, 0.008966603845776157516, 0.0004595978849905096517 ) ) ;
#1687 = CARTESIAN_POINT ( 'NONE',  ( 0.002504045676704241136, 0.009272074566251738148, -0.0005109901435323442251 ) ) ;
#1688 = CARTESIAN_POINT ( 'NONE',  ( 0.006327734129916638868, 0.004641007321349120869, -0.0008318279914252666883 ) ) ;
#1689 = CARTESIAN_POINT ( 'NONE',  ( -0.1275765177535504169, 0.007084889461718732288, 0.006550281722245596475 ) ) ;
#1690 = CARTESIAN_POINT ( 'NONE',  ( 0.003954250593981114593, 0.000000000000000000, 0.0002539999999999999398 ) ) ;
#1691 = EDGE_CURVE ( 'NONE', #6994, #2896, #1145, .T. ) ;
#1692 = PRODUCT_DEFINITION ( 'UNKNOWN', '', #4513, #1020 ) ;
#1693 = FACE_OUTER_BOUND ( 'NONE', #4493, .T. ) ;
#1694 = CARTESIAN_POINT ( 'NONE',  ( 0.004654838131149476380, 0.002082109695068168342, -0.004247551533173574319 ) ) ;
#1695 = CARTESIAN_POINT ( 'NONE',  ( -0.1300000000000000600, 0.005889634130151943404, 0.008829315204187991942 ) ) ;
#1696 = CARTESIAN_POINT ( 'NONE',  ( 0.003245417641797944657, 0.009195787815756759423, 0.0003206813170564039328 ) ) ;
#1697 = CARTESIAN_POINT ( 'NONE',  ( -0.002022813875226638601, 0.01115795445816240850, -0.0002192321141968368056 ) ) ;
#1698 = CARTESIAN_POINT ( 'NONE',  ( 0.003726672250197267302, 0.001396773076337018546, -0.005073883581718242539 ) ) ;
#1699 = CARTESIAN_POINT ( 'NONE',  ( 0.002522840770048510352, 0.01006642503218468238, 0.001011945293247937640 ) ) ;
#1700 = CARTESIAN_POINT ( 'NONE',  ( 0.003086912691352789936, 0.009358750451895322259, 0.0006249121647937184217 ) ) ;
#1701 = CARTESIAN_POINT ( 'NONE',  ( -0.002341152660057356418, 0.01044905572679238719, -0.0009741601063735455621 ) ) ;
#1702 = CARTESIAN_POINT ( 'NONE',  ( -0.002296107176413650537, 0.01101679181290479877, -0.0005460586392019211926 ) ) ;
#1703 = CARTESIAN_POINT ( 'NONE',  ( 0.003933012063640841348, 0.009066744686877823561, 0.0007809919257440499710 ) ) ;
#1704 = DIRECTION ( 'NONE',  ( -1.000000000000000000, -0.000000000000000000, -1.123292760552739721E-17 ) ) ;
#1705 = CONICAL_SURFACE ( 'NONE', #4763, 0.001397000000000000021, 0.008218993007807448223 ) ;
#1706 = ORIENTED_EDGE ( 'NONE', *, *, #6899, .F. ) ;
#1707 = CARTESIAN_POINT ( 'NONE',  ( -0.02132910202668505603, 0.007809861740306829267, -0.003119068212788753645 ) ) ;
#1708 = CARTESIAN_POINT ( 'NONE',  ( 0.003167861479650193376, 0.01026662395341387812, 0.001810184394408326583 ) ) ;
#1709 = EDGE_LOOP ( 'NONE', ( #2605, #2639 ) ) ;
#1710 = CARTESIAN_POINT ( 'NONE',  ( 0.000000000000000000, 0.001015999999999999976, -0.006032499999999999668 ) ) ;
#1711 = CARTESIAN_POINT ( 'NONE',  ( 0.005961306521370237331, 0.003508408138382927699, -0.002276552270056766709 ) ) ;
#1712 = CARTESIAN_POINT ( 'NONE',  ( 0.01737579629627730021, 0.008298939977074957369, 0.004195895463895445328 ) ) ;
#1713 = CARTESIAN_POINT ( 'NONE',  ( -0.05351620202844325352, 0.008721237902784624574, 0.002423009713667037199 ) ) ;
#1714 = CARTESIAN_POINT ( 'NONE',  ( 0.1255932222007343224, 0.007875043989753123183, -0.003737241818624757045 ) ) ;
#1715 = VERTEX_POINT ( 'NONE', #5807 ) ;
#1716 = CARTESIAN_POINT ( 'NONE',  ( -0.002319231024487203221, 0.01112044001535699399, 0.0003331667198505545188 ) ) ;
#1717 = CARTESIAN_POINT ( 'NONE',  ( -0.002811667861694352923, 0.009668032898261810434, 0.0008890444792838190884 ) ) ;
#1718 = CARTESIAN_POINT ( 'NONE',  ( -0.002480150524517663220, 0.0009470600068289980900, 0.005745702243685857184 ) ) ;
#1719 = CARTESIAN_POINT ( 'NONE',  ( -0.003396697001137236310, 0.009838770817116124917, -0.001668185981984765835 ) ) ;
#1720 = CARTESIAN_POINT ( 'NONE',  ( -0.003968461827738256793, 0.009021012485362937469, 0.0006566114866760976209 ) ) ;
#1721 = CARTESIAN_POINT ( 'NONE',  ( 0.001857838141135769632, 0.001061111194173218085, -0.005975390217312440307 ) ) ;
#1722 = CARTESIAN_POINT ( 'NONE',  ( -0.1293199790858524378, 0.006217986190421823274, 0.007928300382308173938 ) ) ;
#1723 = PLANE ( 'NONE',  #5194 ) ;
#1724 = CARTESIAN_POINT ( 'NONE',  ( 0.004612149772864213015, 0.002108251981049089410, -0.004227080589637474510 ) ) ;
#1725 = CARTESIAN_POINT ( 'NONE',  ( -0.005995560721729899407, 0.004059294152451651747, 0.002040014384031573185 ) ) ;
#1726 =( BOUNDED_SURFACE ( )  B_SPLINE_SURFACE ( 3, 2, ( 
 ( #2192, #2868, #5529 ),
 ( #2762, #2832, #665 ),
 ( #4990, #3410, #5567 ),
 ( #703, #6540, #2791 ),
 ( #4552, #3594, #6705 ),
 ( #4085, #3090, #6237 ),
 ( #886, #3557, #3057 ),
 ( #1844, #1783, #4974 ),
 ( #6112, #1256, #6148 ),
 ( #193, #2354, #6681 ),
 ( #1821, #5924, #461 ),
 ( #1069, #3242, #5395 ) ),
 .UNSPECIFIED., .F., .F., .T. ) 
 B_SPLINE_SURFACE_WITH_KNOTS ( ( 4, 2, 2, 2, 2, 4 ),
 ( 3, 3 ),
 ( 0.000000000000000000, 0.0001587728356427170820, 0.0002381592534640756230, 0.0003175456712854341640, 0.0004763185069281512460, 0.0006350913425708683280 ),
 ( 0.000000000000000000, 1.000000000000000000 ),
 .UNSPECIFIED. ) 
 GEOMETRIC_REPRESENTATION_ITEM ( )  RATIONAL_B_SPLINE_SURFACE ( (
 ( 1.000000000000000000, 0.8044043929963219375, 1.000000000000000000),
 ( 1.000000000000000000, 0.8441767582420736105, 1.000000000000000000),
 ( 1.000000000000000000, 0.8803132409272793613, 1.000000000000000000),
 ( 1.000000000000000000, 0.9186077585197532924, 1.000000000000000000),
 ( 1.000000000000000000, 0.9285421665739377328, 1.000000000000000000),
 ( 1.000000000000000000, 0.9380351332828740230, 1.000000000000000000),
 ( 1.000000000000000000, 0.9373133881403842294, 1.000000000000000000),
 ( 1.000000000000000000, 0.9191324143897526833, 1.000000000000000000),
 ( 1.000000000000000000, 0.8888611130467501953, 1.000000000000000000),
 ( 1.000000000000000000, 0.8190004971932446365, 1.000000000000000000),
 ( 1.000000000000000000, 0.7774200805758098021, 1.000000000000000000),
 ( 1.000000000000000000, 0.7322297594401759868, 1.000000000000000000) ) ) 
 REPRESENTATION_ITEM ( '' )  SURFACE ( )  );
#1727 = CARTESIAN_POINT ( 'NONE',  ( 0.003209006541084163076, 0.009232504410505285031, 0.0004150741478218066926 ) ) ;
#1728 = CARTESIAN_POINT ( 'NONE',  ( -0.001820487830480786110, 0.01066822352608107032, -0.0009056332268470205322 ) ) ;
#1729 = VECTOR ( 'NONE', #1704, 1.000000000000000000 ) ;
#1730 = DIRECTION ( 'NONE',  ( 0.000000000000000000, -1.000000000000000000, 0.000000000000000000 ) ) ;
#1731 = CARTESIAN_POINT ( 'NONE',  ( 0.005041606403387207010, 0.008030241153488026570, 0.003707263561122775553 ) ) ;
#1732 = CARTESIAN_POINT ( 'NONE',  ( -0.003034389027361370731, 0.01182261055250980603, -0.0005840186336435724580 ) ) ;
#1733 = EDGE_CURVE ( 'NONE', #5819, #4760, #526, .T. ) ;
#1734 = CARTESIAN_POINT ( 'NONE',  ( 0.002912786715353206032, 0.009549425033604248131, 0.0008122172469370305629 ) ) ;
#1735 = CIRCLE ( 'NONE', #3565, 0.006250000000000000347 ) ;
#1736 = CARTESIAN_POINT ( 'NONE',  ( -0.003910147532885634158, 0.009096439165035559438, -0.0008518174184517712192 ) ) ;
#1737 = DIRECTION ( 'NONE',  ( -0.000000000000000000, -1.000000000000000000, -0.000000000000000000 ) ) ;
#1738 = DIRECTION ( 'NONE',  ( -0.000000000000000000, -1.000000000000000000, -0.000000000000000000 ) ) ;
#1739 = CARTESIAN_POINT ( 'NONE',  ( 0.003990960766290547503, 0.008992209237763237190, 0.0005618635112646946537 ) ) ;
#1740 = CARTESIAN_POINT ( 'NONE',  ( 0.001886057082338769061, 0.01084837144719195436, -0.0007773780187445578907 ) ) ;
#1741 = CARTESIAN_POINT ( 'NONE',  ( -0.02673286025268710106, 0.008315548676103179382, -0.003011054168901261454 ) ) ;
#1742 = CARTESIAN_POINT ( 'NONE',  ( -0.002292323896799035830, 0.01099513338796142235, 0.0005796615396155468860 ) ) ;
#1743 = CARTESIAN_POINT ( 'NONE',  ( 0.002959526298997615813, 0.01090904794061763397, 0.001734863350460766644 ) ) ;
#1744 = ORIENTED_EDGE ( 'NONE', *, *, #4217, .F. ) ;
#1745 = CARTESIAN_POINT ( 'NONE',  ( 0.000000000000000000, 0.000000000000000000, 0.000000000000000000 ) ) ;
#1746 = CARTESIAN_POINT ( 'NONE',  ( 0.006085311668082484665, 0.003800349345891082010, -0.001906435020490492927 ) ) ;
#1747 = CARTESIAN_POINT ( 'NONE',  ( -0.09771270277881013988, 0.008655615090118171789, 0.007049828145234560660 ) ) ;
#1748 = CARTESIAN_POINT ( 'NONE',  ( 0.1266995032874929095, 0.007122988593624170021, -0.005997902212767383841 ) ) ;
#1749 = CARTESIAN_POINT ( 'NONE',  ( -0.001605009545658106712, 0.0009230080880234651543, 0.006215551098420127665 ) ) ;
#1750 = EDGE_LOOP ( 'NONE', ( #1979, #1039, #2777, #5085, #1883, #1034 ) ) ;
#1751 = CARTESIAN_POINT ( 'NONE',  ( -0.002281009219965640395, 0.01075274888774791979, 0.0008253502514620741221 ) ) ;
#1752 = CARTESIAN_POINT ( 'NONE',  ( -0.003025062287234311226, 0.009424826465884918181, 0.0007016265178419033716 ) ) ;
#1753 = CARTESIAN_POINT ( 'NONE',  ( -0.004011248683941866927, 0.001622790558296416299, 0.004801859717695926462 ) ) ;
#1754 = CARTESIAN_POINT ( 'NONE',  ( -0.003536095446610728384, 0.009618408830444036620, -0.001525217969197584103 ) ) ;
#1755 = FACE_OUTER_BOUND ( 'NONE', #471, .T. ) ;
#1756 = CARTESIAN_POINT ( 'NONE',  ( 0.001605009545658133167, 0.0009230080880235383379, -0.006215551098420027051 ) ) ;
#1757 = CARTESIAN_POINT ( 'NONE',  ( -0.1300035459751074374, 0.005920187707013159321, 0.008934627181860171560 ) ) ;
#1758 = CARTESIAN_POINT ( 'NONE',  ( -0.0002539999999999999940, 0.000000000000000000, -0.003954250593981113726 ) ) ;
#1759 = CARTESIAN_POINT ( 'NONE',  ( 0.003452957942434810735, 0.001265715187916218116, -0.005252063797436566824 ) ) ;
#1760 = CARTESIAN_POINT ( 'NONE',  ( 0.0002540000000000000482, 0.0007034714342214826643, -0.001445268041901130989 ) ) ;
#1761 = CARTESIAN_POINT ( 'NONE',  ( 0.002784090927741047529, 0.009701744050744573467, -0.0009068436284649700110 ) ) ;
#1762 = CIRCLE ( 'NONE', #4720, 0.0001000000000000002623 ) ;
#1763 = CARTESIAN_POINT ( 'NONE',  ( 0.003215672197546786803, 0.009225754347623255774, 0.0003996585633361472625 ) ) ;
#1764 = DIRECTION ( 'NONE',  ( 0.000000000000000000, 0.000000000000000000, 1.000000000000000000 ) ) ;
#1765 = ADVANCED_FACE ( 'NONE', ( #1581 ), #6578, .T. ) ;
#1766 = AXIS2_PLACEMENT_3D ( 'NONE', #3245, #1559, #3734 ) ;
#1767 = CARTESIAN_POINT ( 'NONE',  ( 0.002613469908510386921, 0.009927635048936241102, 0.0009893615403049511869 ) ) ;
#1768 = CARTESIAN_POINT ( 'NONE',  ( -0.003016357437237636181, 0.01176863628455102409, -0.0007623705508770615849 ) ) ;
#1769 = CARTESIAN_POINT ( 'NONE',  ( 0.003260231172205351260, 0.009180959395742207055, 0.0002720714305829622748 ) ) ;
#1770 = SHAPE_REPRESENTATION ( 'PropellerInv', ( #6206, #4632, #6426, #6091, #1554 ), #312 ) ;
#1771 = CARTESIAN_POINT ( 'NONE',  ( -0.002793709879286578133, 0.009689731709275556729, -0.0009011367299697834853 ) ) ;
#1772 = CARTESIAN_POINT ( 'NONE',  ( -0.002303577254644681872, 0.01105548414767622799, -0.0004806312260040932881 ) ) ;
#1773 = CARTESIAN_POINT ( 'NONE',  ( -0.002552762759189123112, 0.009143842317443334755, -0.0001319858781474111422 ) ) ;
#1774 = CARTESIAN_POINT ( 'NONE',  ( 0.004042575071114362303, 0.008926741825551818069, 0.0002108757295617805249 ) ) ;
#1775 = SURFACE_STYLE_USAGE ( .BOTH. , #5471 ) ;
#1776 = CARTESIAN_POINT ( 'NONE',  ( -0.02668509304458540135, 0.008695327907408470502, -0.004094480269183471688 ) ) ;
#1777 = CARTESIAN_POINT ( 'NONE',  ( -0.002290028934948476220, 0.01066514813555990808, 0.0008816948468796001167 ) ) ;
#1778 = CARTESIAN_POINT ( 'NONE',  ( 0.003079821547884172440, 0.01047714226085739130, 0.001823178998851111149 ) ) ;
#1779 = ADVANCED_FACE ( 'NONE', ( #3722 ), #3757, .F. ) ;
#1780 = ORIENTED_EDGE ( 'NONE', *, *, #5515, .T. ) ;
#1781 = CARTESIAN_POINT ( 'NONE',  ( 0.0002539999999999999940, 0.003386741698954053026, -0.003241398377801033449 ) ) ;
#1782 = CARTESIAN_POINT ( 'NONE',  ( 0.003049253715271770231, 0.01186372098745579369, -0.0003996501557443239965 ) ) ;
#1783 = CARTESIAN_POINT ( 'NONE',  ( -0.004493375139439647302, 0.007899996864081985926, -0.004344379728132988575 ) ) ;
#1784 = CARTESIAN_POINT ( 'NONE',  ( -0.01756029996261012152, 0.006687074999683217599, -0.001397719483208550821 ) ) ;
#1785 = CARTESIAN_POINT ( 'NONE',  ( 0.002945650702634665906, 0.009512272067560122862, -0.0007829081687390335078 ) ) ;
#1786 = CARTESIAN_POINT ( 'NONE',  ( 0.1182679158916768447, 0.008497437599197046193, -0.002785661621083826336 ) ) ;
#1787 = CARTESIAN_POINT ( 'NONE',  ( -0.004301401203186209880, 0.001641717120241287416, 0.004753302610472578786 ) ) ;
#1788 = PRODUCT_DEFINITION_FORMATION_WITH_SPECIFIED_SOURCE ( 'ANY', '', #4747, .NOT_KNOWN. ) ;
#1789 = ORIENTED_EDGE ( 'NONE', *, *, #3613, .T. ) ;
#1790 = CARTESIAN_POINT ( 'NONE',  ( -0.002319466839154624756, 0.01112111656134882713, -0.0003298595365736198466 ) ) ;
#1791 = CARTESIAN_POINT ( 'NONE',  ( -0.002868951274335423528, 0.009599987498524347601, 0.0008478569289896255908 ) ) ;
#1792 = CARTESIAN_POINT ( 'NONE',  ( -0.0002540000000000001566, 0.003959823862167014333, 0.001418087575392719532 ) ) ;
#1793 =( GEOMETRIC_REPRESENTATION_CONTEXT ( 3 ) GLOBAL_UNCERTAINTY_ASSIGNED_CONTEXT ( ( #2237 ) ) GLOBAL_UNIT_ASSIGNED_CONTEXT ( ( #966, #5695, #2466 ) ) REPRESENTATION_CONTEXT ( 'NONE', 'WORKASPACE' ) );
#1794 = AXIS2_PLACEMENT_3D ( 'NONE', #2565, #6883, #4199 ) ;
#1795 = AXIS2_PLACEMENT_3D ( 'NONE', #5420, #6624, #593 ) ;
#1796 = CARTESIAN_POINT ( 'NONE',  ( -0.003043948126255024544, 0.01184930182052831155, 0.0004671128488185078819 ) ) ;
#1797 = DIRECTION ( 'NONE',  ( 0.000000000000000000, 0.000000000000000000, -1.000000000000000000 ) ) ;
#1798 = CARTESIAN_POINT ( 'NONE',  ( 0.06531939664575417415, 0.009000763105967776387, -0.003825746732501057734 ) ) ;
#1799 = CARTESIAN_POINT ( 'NONE',  ( -0.1299984024935907090, 0.005927121781972032738, 0.008920345783766419484 ) ) ;
#1800 = CARTESIAN_POINT ( 'NONE',  ( 0.004050873552436906957, 0.008916288796237995321, 2.549550198696828356E-14 ) ) ;
#1801 = B_SPLINE_CURVE_WITH_KNOTS ( 'NONE', 3,
 ( #4250, #6404, #1545, #5882 ),
 .UNSPECIFIED., .F., .F.,
 ( 4, 4 ),
 ( 0.007917244418264274275, 0.01310866743548944925 ),
 .UNSPECIFIED. ) ;
#1802 = CARTESIAN_POINT ( 'NONE',  ( -0.003061339652629327043, 0.01189507120221239625, -1.799449169056443702E-15 ) ) ;
#1803 = DIRECTION ( 'NONE',  ( 9.484135310589723205E-16, 1.000000000000000000, -0.000000000000000000 ) ) ;
#1804 = CARTESIAN_POINT ( 'NONE',  ( 0.002557613700476472646, 0.01001113200864421626, -0.001005190850078124852 ) ) ;
#1805 = CARTESIAN_POINT ( 'NONE',  ( 0.002278810062679304492, 0.01081587135034012270, 0.0007761412928415644145 ) ) ;
#1806 = CARTESIAN_POINT ( 'NONE',  ( 0.000000000000000000, 0.005587999999999999218, 0.000000000000000000 ) ) ;
#1807 = CARTESIAN_POINT ( 'NONE',  ( -0.003980115134275320245, 0.009006072993929992512, -0.0006095401172181789517 ) ) ;
#1808 = CARTESIAN_POINT ( 'NONE',  ( 0.003229837910742048342, 0.009211417094276324116, 0.0003671188729529110116 ) ) ;
#1809 = CARTESIAN_POINT ( 'NONE',  ( -0.003060044795929984292, 0.01189177250905138448, -0.0001416542201078231449 ) ) ;
#1810 = CARTESIAN_POINT ( 'NONE',  ( 0.003038419623088051743, 0.009410435734676066491, 0.0006860486690922286456 ) ) ;
#1811 = CARTESIAN_POINT ( 'NONE',  ( -0.002893828926157297320, 0.009571144511195828902, -0.0008280997667361031031 ) ) ;
#1812 = CARTESIAN_POINT ( 'NONE',  ( 0.1251978103266438158, 0.007465001036336259277, -0.005232242981284161362 ) ) ;
#1813 = PLANE ( 'NONE',  #4351 ) ;
#1814 = CARTESIAN_POINT ( 'NONE',  ( 0.01760140311889669615, 0.008151381810670958392, 0.003997515822972782899 ) ) ;
#1815 = CARTESIAN_POINT ( 'NONE',  ( 0.002931130423585095058, 0.01120333548624212298, 0.001569560205682938572 ) ) ;
#1816 = CARTESIAN_POINT ( 'NONE',  ( 0.002330307306795164572, 0.01115885690991094692, -0.0001875511280662687109 ) ) ;
#1817 = CARTESIAN_POINT ( 'NONE',  ( -0.03079827374687832409, 0.008455943269850704769, -0.003173443414303262888 ) ) ;
#1818 = CARTESIAN_POINT ( 'NONE',  ( -0.002392488842665253888, 0.01031408400320800271, 0.001004802645777635745 ) ) ;
#1819 = CARTESIAN_POINT ( 'NONE',  ( 0.002944230831875851995, 0.01144315852835926794, 0.001343053351138827952 ) ) ;
#1820 = ORIENTED_EDGE ( 'NONE', *, *, #4390, .F. ) ;
#1821 = CARTESIAN_POINT ( 'NONE',  ( -0.004596748948942706858, 0.008028070936806356445, -0.004234984717416160130 ) ) ;
#1822 = CARTESIAN_POINT ( 'NONE',  ( -0.03923548659797590488, 0.003713046435310995378, 0.007309626244071104097 ) ) ;
#1823 = CARTESIAN_POINT ( 'NONE',  ( 0.002987956263062286743, 0.009465310648105386415, -0.0007415609992138343359 ) ) ;
#1824 = CARTESIAN_POINT ( 'NONE',  ( 0.1278393665229628495, 0.007377808058262336384, -0.004832507602466026495 ) ) ;
#1825 = CARTESIAN_POINT ( 'NONE',  ( -0.005134041065578918810, 0.002325540764067160308, 0.003574505553706554088 ) ) ;
#1826 = VERTEX_POINT ( 'NONE', #449 ) ;
#1827 = EDGE_CURVE ( 'NONE', #1892, #1045, #5098, .T. ) ;
#1828 = CARTESIAN_POINT ( 'NONE',  ( -0.002292288259890787674, 0.01064997554467968580, 0.0008902143090166865459 ) ) ;
#1829 = CARTESIAN_POINT ( 'NONE',  ( -0.003282379867238034623, 0.009158885406116428970, 0.0001796824028916243240 ) ) ;
#1830 = CARTESIAN_POINT ( 'NONE',  ( 0.05055027864255639408, 0.01080025501745753361, -0.002018687111016261634 ) ) ;
#1831 = CARTESIAN_POINT ( 'NONE',  ( -0.002782745404405850050, 0.0009961581250491327501, 0.005641005388096670403 ) ) ;
#1832 = CARTESIAN_POINT ( 'NONE',  ( 1.710831578408852409E-19, 0.009271000000000001462, 0.001397000000000000021 ) ) ;
#1833 = DIRECTION ( 'NONE',  ( -1.000000000000000000, 9.509597446299629225E-16, 0.000000000000000000 ) ) ;
#1834 = CARTESIAN_POINT ( 'NONE',  ( -0.1302153043211952410, 0.005465768017309548081, 0.009328906191647740737 ) ) ;
#1835 = CARTESIAN_POINT ( 'NONE',  ( 0.000000000000000000, 0.01000000000000000021, 0.000000000000000000 ) ) ;
#1836 = ADVANCED_FACE ( 'NONE', ( #2691 ), #3301, .F. ) ;
#1837 = CARTESIAN_POINT ( 'NONE',  ( 0.01135335432757573690, 0.007897300996328876499, 0.003638257335193633476 ) ) ;
#1838 = CARTESIAN_POINT ( 'NONE',  ( -0.005514078477359837804, 0.003111569453148722332, 0.003089814788675797168 ) ) ;
#1839 = CARTESIAN_POINT ( 'NONE',  ( 0.002325712570083519632, 0.01114348909264952989, -0.0002572825464332784617 ) ) ;
#1840 = CARTESIAN_POINT ( 'NONE',  ( 0.004023265628399342805, 0.008950764875585395797, -0.0004343163662619966094 ) ) ;
#1841 = FACE_OUTER_BOUND ( 'NONE', #6690, .T. ) ;
#1842 = CARTESIAN_POINT ( 'NONE',  ( -0.003058784123836495034, 0.01188854690091854620, 0.0001802867540580506346 ) ) ;
#1843 = CARTESIAN_POINT ( 'NONE',  ( 0.002306946123977590603, 0.01107099332087920635, 0.0004511476912835551880 ) ) ;
#1844 = CARTESIAN_POINT ( 'NONE',  ( -0.004468076315110814691, 0.007927142571964499937, -0.004370250090426728608 ) ) ;
#1845 = CARTESIAN_POINT ( 'NONE',  ( 0.01131472836382599670, 0.007713102812136401858, 0.003714863367204406311 ) ) ;
#1846 = CARTESIAN_POINT ( 'NONE',  ( -0.002323978452039403720, 0.01015999999999832142, -0.001016000000007534097 ) ) ;
#1847 = CARTESIAN_POINT ( 'NONE',  ( 0.003054655926436987759, 0.01187786862372528125, 0.0002891739818857449020 ) ) ;
#1848 = CARTESIAN_POINT ( 'NONE',  ( 0.002297559191816004286, 0.01102491037094872027, -0.0005332691653146838778 ) ) ;
#1849 = EDGE_CURVE ( 'NONE', #4276, #5228, #3754, .T. ) ;
#1850 = CARTESIAN_POINT ( 'NONE',  ( -0.002279223990366031297, 0.01085944792331076242, 0.0007377190893356849700 ) ) ;
#1851 = CIRCLE ( 'NONE', #835, 0.005016500000000010534 ) ;
#1852 = CARTESIAN_POINT ( 'NONE',  ( 0.003017557764026571748, 0.01177240061400186555, -0.0007515607182131089610 ) ) ;
#1853 = ORIENTED_EDGE ( 'NONE', *, *, #4475, .T. ) ;
#1854 = PLANE ( 'NONE',  #5191 ) ;
#1855 = CARTESIAN_POINT ( 'NONE',  ( -0.08816107737497508312, 1.117971414033112204E-05, 0.02673392749572560748 ) ) ;
#1856 = CARTESIAN_POINT ( 'NONE',  ( 0.002626337266487839030, 0.009909085142535387775, -0.0009850278098841498426 ) ) ;
#1857 = CARTESIAN_POINT ( 'NONE',  ( 0.1298849213467059005, 0.005774832518196479358, -0.008885140006053266967 ) ) ;
#1858 = CARTESIAN_POINT ( 'NONE',  ( -0.006224183406328293380, 0.004561860872739606325, 0.0007586676838569993272 ) ) ;
#1859 = ORIENTED_EDGE ( 'NONE', *, *, #95, .F. ) ;
#1860 = CARTESIAN_POINT ( 'NONE',  ( -0.002322211489041341517, 0.01113117412114010205, 0.0003004439393393818413 ) ) ;
#1861 = CYLINDRICAL_SURFACE ( 'NONE', #1232, 0.005016500000000010534 ) ;
#1862 = CARTESIAN_POINT ( 'NONE',  ( 1.686279258222847794E-18, 0.01447799999999999782, 0.000000000000000000 ) ) ;
#1863 = EDGE_CURVE ( 'NONE', #365, #3254, #2958, .T. ) ;
#1864 = CARTESIAN_POINT ( 'NONE',  ( 0.001451138256679907184, 0.000000000000000000, 0.0002539999999999998856 ) ) ;
#1865 = VERTEX_POINT ( 'NONE', #1131 ) ;
#1866 = CARTESIAN_POINT ( 'NONE',  ( 0.03483317466731056938, 0.008995272045284262788, 0.003280131800232697747 ) ) ;
#1867 = CARTESIAN_POINT ( 'NONE',  ( 0.006160635740704056493, 0.006291962108117996229, 0.001509788339224766088 ) ) ;
#1868 = CARTESIAN_POINT ( 'NONE',  ( 0.1024885154807276544, 0.01047622363640320076, 0.002298089056678124121 ) ) ;
#1869 = CARTESIAN_POINT ( 'NONE',  ( -0.1299190293080931535, 0.005726080266079403014, 0.009003346971091397144 ) ) ;
#1870 = DIRECTION ( 'NONE',  ( -1.000000000000000000, 0.000000000000000000, 5.616463802763698759E-17 ) ) ;
#1871 = EDGE_CURVE ( 'NONE', #13, #620, #1801, .T. ) ;
#1872 = EDGE_CURVE ( 'NONE', #684, #6525, #1939, .T. ) ;
#1873 = CARTESIAN_POINT ( 'NONE',  ( -0.003004125246740111266, 0.01173453690071689370, 0.0008713463319648667845 ) ) ;
#1874 = CARTESIAN_POINT ( 'NONE',  ( -0.003132728447372241671, 0.01034534133302931862, 0.001819521145817741287 ) ) ;
#1875 = CARTESIAN_POINT ( 'NONE',  ( -0.002306610356709084316, 0.01056359251405123399, 0.0009363803222249037720 ) ) ;
#1876 = CARTESIAN_POINT ( 'NONE',  ( -0.006204482390774971289, 0.004703161598485129484, 0.001313241823140375237 ) ) ;
#1877 = CARTESIAN_POINT ( 'NONE',  ( 0.002283779814145799059, 0.01092680193773558697, 0.0006667599719423904529 ) ) ;
#1878 = CARTESIAN_POINT ( 'NONE',  ( 0.004705164914189722582, 0.007932383614030431851, 0.004253490230609704471 ) ) ;
#1879 = B_SPLINE_CURVE_WITH_KNOTS ( 'NONE', 3,
 ( #906, #6392, #1969, #1530, #2577, #4103, #3709, #6254, #4138, #3073 ),
 .UNSPECIFIED., .F., .F.,
 ( 4, 3, 3, 4 ),
 ( 0.01291021206184761114, 0.01361370798805195889, 0.01652461958139217479, 0.01849840678158934729 ),
 .UNSPECIFIED. ) ;
#1880 = CARTESIAN_POINT ( 'NONE',  ( 0.002860305296915306196, 0.009610134299329496296, 0.0008544030394520536016 ) ) ;
#1881 = CARTESIAN_POINT ( 'NONE',  ( -0.002933472827854268546, 0.01131523242439700337, 0.001475464265581863691 ) ) ;
#1882 = CARTESIAN_POINT ( 'NONE',  ( 0.002286162550278584855, 0.01094932465655906219, -0.0006399401884008604257 ) ) ;
#1883 = ORIENTED_EDGE ( 'NONE', *, *, #576, .F. ) ;
#1884 = CIRCLE ( 'NONE', #5954, 0.005918200000000010605 ) ;
#1885 = CARTESIAN_POINT ( 'NONE',  ( 0.1176990062136979015, 0.008559591814644464808, -0.002630795105902379756 ) ) ;
#1886 = DIRECTION ( 'NONE',  ( -0.000000000000000000, 1.000000000000000000, -0.000000000000000000 ) ) ;
#1887 = CARTESIAN_POINT ( 'NONE',  ( 0.003047652162659780697, 0.01185937589071974982, -0.0004174096357141983925 ) ) ;
#1888 = CARTESIAN_POINT ( 'NONE',  ( 0.002299587459209150812, 0.01103553246519168446, -0.0005154721213679027076 ) ) ;
#1889 = CARTESIAN_POINT ( 'NONE',  ( -0.002318416592999977908, 0.01052576602264832482, 0.0009480299556192959068 ) ) ;
#1890 = EDGE_CURVE ( 'NONE', #6857, #3955, #694, .T. ) ;
#1891 = CARTESIAN_POINT ( 'NONE',  ( 0.003004115126445059628, 0.01172863472550510905, -0.0008672088005478304547 ) ) ;
#1892 = VERTEX_POINT ( 'NONE', #1758 ) ;
#1893 = B_SPLINE_CURVE_WITH_KNOTS ( 'NONE', 3,
 ( #5878, #1015, #6799, #5237, #375, #1128, #1687, #6544, #1053, #7006, #1649, #2758, #1197, #2002, #6957, #2100, #4272, #6424 ),
 .UNSPECIFIED., .F., .F.,
 ( 4, 2, 2, 2, 2, 2, 2, 2, 4 ),
 ( 1.147296980814635286E-16, 0.0003986177633690609788, 0.0007972355267380073574, 0.001195853290106953844, 0.001594471053475900440, 0.001993088816844847035, 0.002391706580213794064, 0.002790324343582739793, 0.003188942106951686388 ),
 .UNSPECIFIED. ) ;
#1894 = CARTESIAN_POINT ( 'NONE',  ( -0.003806189264308616413, 0.009233918930647493778, -0.001106483314956907462 ) ) ;
#1895 = CARTESIAN_POINT ( 'NONE',  ( 0.002956314486189399755, 0.009500347949454122226, -0.0007728906228045541666 ) ) ;
#1896 = CARTESIAN_POINT ( 'NONE',  ( 0.1298672116918623831, 0.005799187937022437858, -0.008826366150846221351 ) ) ;
#1897 = CARTESIAN_POINT ( 'NONE',  ( -0.001870016549695528198, 0.0008553227605295269905, 0.005972024278985182434 ) ) ;
#1898 = ORIENTED_EDGE ( 'NONE', *, *, #6932, .F. ) ;
#1899 = CARTESIAN_POINT ( 'NONE',  ( -0.003243206777598101141, 0.009198006247181986575, 0.0003272725288385308347 ) ) ;
#1900 = B_SPLINE_CURVE_WITH_KNOTS ( 'NONE', 3,
 ( #1080, #5938, #3256, #3327, #4837, #619, #6502, #5371, #87, #583, #5408, #2680, #3857, #3294 ),
 .UNSPECIFIED., .F., .F.,
 ( 4, 1, 1, 1, 1, 1, 1, 1, 1, 1, 1, 4 ),
 ( 0.03385201378401996725, 0.09375000000000000000, 0.1536846834549344121, 0.1562500000000000000, 0.2187500000000000000, 0.3125000000000000000, 0.3750000000000000000, 0.3846922576685049000, 0.4062500000000000000, 0.4375000000000000000, 0.6250000000000000000, 1.000000000000000000 ),
 .UNSPECIFIED. ) ;
#1901 = VERTEX_POINT ( 'NONE', #1690 ) ;
#1902 = DIRECTION ( 'NONE',  ( 1.000000000000000000, -0.000000000000000000, -5.616463802763698759E-17 ) ) ;
#1903 = ORIENTED_EDGE ( 'NONE', *, *, #6157, .F. ) ;
#1904 = CARTESIAN_POINT ( 'NONE',  ( 0.03078469325211089305, 0.008642138891158912886, 0.003103772438261869372 ) ) ;
#1905 = CARTESIAN_POINT ( 'NONE',  ( 0.006357889971774750328, 0.005212086520591230170, -6.309335135592434966E-05 ) ) ;
#1906 = ADVANCED_BREP_SHAPE_REPRESENTATION ( '', ( #4882, #989 ), #1793 ) ;
#1907 = CARTESIAN_POINT ( 'NONE',  ( -0.1302203562110395008, 0.005534363306409563130, 0.009108940848208398749 ) ) ;
#1908 = LINE ( 'NONE', #6863, #6913 ) ;
#1909 = DIRECTION ( 'NONE',  ( 9.484135310589723205E-16, 1.000000000000000000, -0.000000000000000000 ) ) ;
#1910 = CARTESIAN_POINT ( 'NONE',  ( -0.002939209022302432823, 0.01105678756232067808, 0.001664942561562569000 ) ) ;
#1911 = DIRECTION ( 'NONE',  ( -0.000000000000000000, -1.000000000000000000, -0.000000000000000000 ) ) ;
#1912 = CARTESIAN_POINT ( 'NONE',  ( 0.002303432836020309626, 0.01105515130390703586, 0.0004818264943961042199 ) ) ;
#1913 = STYLED_ITEM ( 'NONE', ( #4993 ), #2440 ) ;
#1914 = EDGE_CURVE ( 'NONE', #5361, #3137, #5352, .T. ) ;
#1915 = CARTESIAN_POINT ( 'NONE',  ( -0.03534134799799430737, 0.008846846009890010909, -0.003359298275741840530 ) ) ;
#1916 = AXIS2_PLACEMENT_3D ( 'NONE', #195, #4529, #3309 ) ;
#1917 = CARTESIAN_POINT ( 'NONE',  ( 0.002905044095723204826, 0.009558177803488531951, 0.0008190490098397227572 ) ) ;
#1918 = CARTESIAN_POINT ( 'NONE',  ( -0.002931371684694994602, 0.01123766349313243262, -0.001542077087364792471 ) ) ;
#1919 = CARTESIAN_POINT ( 'NONE',  ( 0.002334663284312536898, 0.01117290163158848534, 8.646704013715736186E-05 ) ) ;
#1920 = CARTESIAN_POINT ( 'NONE',  ( 0.002286162550278584855, 0.01094932465655906219, -0.0006399401884008604257 ) ) ;
#1921 = CARTESIAN_POINT ( 'NONE',  ( 0.1227641748414156353, 0.007908075249559415321, -0.004210612949420346023 ) ) ;
#1922 = CARTESIAN_POINT ( 'NONE',  ( -0.002750418597259913969, 0.009743773238057530997, -0.0009269002378554844733 ) ) ;
#1923 = CARTESIAN_POINT ( 'NONE',  ( 0.003007746832880606007, 0.01174113757204994259, 0.0008381021175177967835 ) ) ;
#1924 = CARTESIAN_POINT ( 'NONE',  ( 0.002286871097238484408, 0.01095569506308169752, -0.0006322887898150749428 ) ) ;
#1925 = CARTESIAN_POINT ( 'NONE',  ( -0.002898463004431469075, 0.009565711414695466513, 0.0008246467272536214246 ) ) ;
#1926 = CARTESIAN_POINT ( 'NONE',  ( 0.003056059672711211681, 0.01188151480986386101, 0.0002573086633413968231 ) ) ;
#1927 = ORIENTED_EDGE ( 'NONE', *, *, #6327, .F. ) ;
#1928 = CARTESIAN_POINT ( 'NONE',  ( -0.002931945553696786808, 0.01127461209679984054, 0.001511551364526611237 ) ) ;
#1929 = CARTESIAN_POINT ( 'NONE',  ( 0.0002539999999999996688, 0.005080000000000001181, 0.002884438135928730530 ) ) ;
#1930 = SURFACE_STYLE_FILL_AREA ( #5689 ) ;
#1931 = CARTESIAN_POINT ( 'NONE',  ( 0.1299964115454237956, 0.005929730811004225825, -0.008915639436292482553 ) ) ;
#1932 = CARTESIAN_POINT ( 'NONE',  ( -0.005992349260666800757, 0.006371928147879809753, -0.001797101262696503389 ) ) ;
#1933 = ORIENTED_EDGE ( 'NONE', *, *, #845, .T. ) ;
#1934 = CARTESIAN_POINT ( 'NONE',  ( -0.002743062462558733174, 0.009752854450792654978, 0.0009313728463546772866 ) ) ;
#1935 = CARTESIAN_POINT ( 'NONE',  ( 0.005918200000000001064, 0.001397000000000000238, 7.247704686713880736E-19 ) ) ;
#1936 = ORIENTED_EDGE ( 'NONE', *, *, #203, .T. ) ;
#1937 = CARTESIAN_POINT ( 'NONE',  ( 0.03079827374687844899, 0.008455943269848486057, 0.003173443414298317625 ) ) ;
#1938 = CARTESIAN_POINT ( 'NONE',  ( 0.02292398139508837820, 0.003448409073906997212, -0.002519888445188855908 ) ) ;
#1939 = CIRCLE ( 'NONE', #349, 0.0001000000000000002623 ) ;
#1940 = CARTESIAN_POINT ( 'NONE',  ( -0.004565310033023426382, 0.007767916786574822346, -0.004330962473151526472 ) ) ;
#1941 = CARTESIAN_POINT ( 'NONE',  ( 0.000000000000000000, 0.02225040000000000351, 0.000000000000000000 ) ) ;
#1942 = CARTESIAN_POINT ( 'NONE',  ( -0.003954250593981114593, 0.000000000000000000, -0.0002540000000000005361 ) ) ;
#1943 = CARTESIAN_POINT ( 'NONE',  ( -0.005691637160600283331, 0.003064726613209781386, 0.002632939815355422441 ) ) ;
#1944 = FACE_OUTER_BOUND ( 'NONE', #3179, .T. ) ;
#1945 = CARTESIAN_POINT ( 'NONE',  ( 0.002293255652245144733, 0.01063306628899800092, 0.0009020294559691398794 ) ) ;
#1946 = CARTESIAN_POINT ( 'NONE',  ( 0.002311870291072464032, 0.01055162128800039151, 0.0009376497525002247101 ) ) ;
#1947 = CARTESIAN_POINT ( 'NONE',  ( -0.1240034718593563817, 0.007888360571251981992, 0.004749811599103752335 ) ) ;
#1948 = CARTESIAN_POINT ( 'NONE',  ( -0.07407145929770339587, 0.01032469741284758151, -0.003237900183530640925 ) ) ;
#1949 = CARTESIAN_POINT ( 'NONE',  ( 0.003086844871994780248, 0.009358680704415088189, -0.0006263125782154909662 ) ) ;
#1950 = CARTESIAN_POINT ( 'NONE',  ( -0.003396697001137236310, 0.009838770817116124917, -0.001668185981984765835 ) ) ;
#1951 = CARTESIAN_POINT ( 'NONE',  ( 0.002330178993673394025, 0.01115840712821562254, 0.0001890466062473792621 ) ) ;
#1952 = EDGE_CURVE ( 'NONE', #1045, #5293, #4575, .T. ) ;
#1953 = CARTESIAN_POINT ( 'NONE',  ( 0.03400957205336408579, 0.008731416467546009377, 0.003295902338240440724 ) ) ;
#1954 = FACE_BOUND ( 'NONE', #902, .T. ) ;
#1955 = CARTESIAN_POINT ( 'NONE',  ( 0.003007536393742716273, 0.01174012328528786092, -0.0008388157908502277783 ) ) ;
#1956 = CARTESIAN_POINT ( 'NONE',  ( 0.002327159499706818110, 0.01114833519325286043, -0.0002368208138944010658 ) ) ;
#1957 = CARTESIAN_POINT ( 'NONE',  ( -0.003225884606864657961, 0.009215436203017627476, 0.0003746146287327697878 ) ) ;
#1958 = ADVANCED_FACE ( 'NONE', ( #3582 ), #4642, .F. ) ;
#1959 = CARTESIAN_POINT ( 'NONE',  ( 0.002948554260950724502, 0.01097979143893471239, -0.001703871615079399771 ) ) ;
#1960 = ORIENTED_EDGE ( 'NONE', *, *, #3373, .F. ) ;
#1961 = CARTESIAN_POINT ( 'NONE',  ( -0.002986998858779638805, 0.01077642804085626911, 0.001779638116112826438 ) ) ;
#1962 = CARTESIAN_POINT ( 'NONE',  ( 0.003296983993932194219, 0.01001201031947843156, -0.001744742781338049680 ) ) ;
#1963 = CARTESIAN_POINT ( 'NONE',  ( 0.1298820801862290431, 0.005778877316678939120, -0.008875275372610149510 ) ) ;
#1964 = CARTESIAN_POINT ( 'NONE',  ( 0.0002540000000000000482, 0.000000000000000000, -0.0002540000000000000482 ) ) ;
#1965 = ORIENTED_EDGE ( 'NONE', *, *, #6811, .F. ) ;
#1966 = CARTESIAN_POINT ( 'NONE',  ( -0.002455741101695713049, 0.01018355810415810803, 0.001016239183790094850 ) ) ;
#1967 = AXIS2_PLACEMENT_3D ( 'NONE', #4555, #1738, #6066 ) ;
#1968 = VERTEX_POINT ( 'NONE', #5738 ) ;
#1969 = CARTESIAN_POINT ( 'NONE',  ( 0.0002539999999999998314, 0.0004689809571372346758, 0.001447224898745791757 ) ) ;
#1970 = AXIS2_PLACEMENT_3D ( 'NONE', #4038, #4504, #6589 ) ;
#1971 = ORIENTED_EDGE ( 'NONE', *, *, #6633, .F. ) ;
#1972 = CARTESIAN_POINT ( 'NONE',  ( -0.002323978452039403720, 0.01015999999999832142, 0.001016000000007534097 ) ) ;
#1973 = CARTESIAN_POINT ( 'NONE',  ( -0.004517968730502489039, 0.007815043025042732461, -0.004356320653224296166 ) ) ;
#1974 = FACE_OUTER_BOUND ( 'NONE', #3288, .T. ) ;
#1975 = CARTESIAN_POINT ( 'NONE',  ( 0.06592568720316641095, 0.01046068014278374661, 0.003615454069307724207 ) ) ;
#1976 = CARTESIAN_POINT ( 'NONE',  ( -0.003351536542780287741, 0.001147596802656100081, 0.005284103246913317981 ) ) ;
#1977 = DIRECTION ( 'NONE',  ( -0.000000000000000000, 1.000000000000000000, 0.000000000000000000 ) ) ;
#1978 = DIRECTION ( 'NONE',  ( 9.484135310589723205E-16, 1.000000000000000000, -0.000000000000000000 ) ) ;
#1979 = ORIENTED_EDGE ( 'NONE', *, *, #2293, .T. ) ;
#1980 = CARTESIAN_POINT ( 'NONE',  ( -0.1239869227383973149, 0.007694288733834354910, 0.004706278961647242243 ) ) ;
#1981 = CARTESIAN_POINT ( 'NONE',  ( -0.04200338183724663943, 0.009378937312061933970, -0.003687307408354393180 ) ) ;
#1982 = CARTESIAN_POINT ( 'NONE',  ( -0.005890742759700487441, 0.007415508093252000214, -0.002106731029914904896 ) ) ;
#1983 = CARTESIAN_POINT ( 'NONE',  ( -0.002960652799300908262, 0.01090024968116606006, -0.001739162641908065373 ) ) ;
#1984 = CARTESIAN_POINT ( 'NONE',  ( 0.002523837008011811829, 0.01006493674112080017, -0.001011670559053357531 ) ) ;
#1985 = CARTESIAN_POINT ( 'NONE',  ( 0.006254984096633188322, 0.005968460940156842219, 4.046692583764891198E-05 ) ) ;
#1986 = CARTESIAN_POINT ( 'NONE',  ( -0.002491204646778162612, 0.01011911226730588184, -0.001016000000000000193 ) ) ;
#1987 = CARTESIAN_POINT ( 'NONE',  ( 0.003156909399857251320, 0.009285750200637975585, -0.0005178927787680605039 ) ) ;
#1988 = CARTESIAN_POINT ( 'NONE',  ( 0.000000000000000000, 0.000000000000000000, -0.006032499999999996199 ) ) ;
#1989 = CARTESIAN_POINT ( 'NONE',  ( -0.002698437149855809764, 0.009810825424398726680, 0.0009542414049167947422 ) ) ;
#1990 = CARTESIAN_POINT ( 'NONE',  ( 0.002932636884197496654, 0.01116107344397750285, -0.001598977111349732944 ) ) ;
#1991 = ORIENTED_EDGE ( 'NONE', *, *, #2510, .T. ) ;
#1992 = CARTESIAN_POINT ( 'NONE',  ( -0.002961645300713910967, 0.01155256221251819461, 0.001197305797169304813 ) ) ;
#1993 = CARTESIAN_POINT ( 'NONE',  ( 0.003078217446714489464, 0.01047875866622466692, -0.001825102751743374252 ) ) ;
#1994 = CARTESIAN_POINT ( 'NONE',  ( 0.0002539999999999999940, 0.005588000000000000085, 0.0002539999999999998856 ) ) ;
#1995 = CARTESIAN_POINT ( 'NONE',  ( 0.1299190293080924596, 0.005726080266079624191, -0.009003346971090914891 ) ) ;
#1996 = CARTESIAN_POINT ( 'NONE',  ( -0.004367450575492498425, 0.001700694958484126476, 0.004671536954816680152 ) ) ;
#1997 = TOROIDAL_SURFACE ( 'NONE', #2909, 0.006150000000000000085, 0.0001000000000000000048 ) ;
#1998 = ORIENTED_EDGE ( 'NONE', *, *, #2535, .F. ) ;
#1999 = CARTESIAN_POINT ( 'NONE',  ( -0.003284468170049752948, 0.009156829141219548218, 0.0001611819941858257468 ) ) ;
#2000 = DIRECTION ( 'NONE',  ( 0.000000000000000000, -0.000000000000000000, 1.000000000000000000 ) ) ;
#2001 = ORIENTED_EDGE ( 'NONE', *, *, #5685, .T. ) ;
#2002 = CARTESIAN_POINT ( 'NONE',  ( 0.002423389084788795528, 0.009530282977552553825, 0.0008079907265821661445 ) ) ;
#2003 = CARTESIAN_POINT ( 'NONE',  ( -1.204485184444895089E-17, 0.01046305122213599982, 0.000000000000000000 ) ) ;
#2004 = ORIENTED_EDGE ( 'NONE', *, *, #1668, .T. ) ;
#2005 = CARTESIAN_POINT ( 'NONE',  ( 0.09293689007689272252, 0.004333397402129251022, -0.01689187782047943398 ) ) ;
#2006 = CARTESIAN_POINT ( 'NONE',  ( -0.03972349952376758031, -0.001159164714647765732, 0.01494512854273180417 ) ) ;
#2007 = DIRECTION ( 'NONE',  ( -0.000000000000000000, 1.000000000000000000, -0.000000000000000000 ) ) ;
#2008 = ADVANCED_FACE ( 'NONE', ( #1974 ), #2973, .T. ) ;
#2009 = CARTESIAN_POINT ( 'NONE',  ( -0.0002540000000000002109, 0.000000000000000000, 0.003954250593981114593 ) ) ;
#2010 = CARTESIAN_POINT ( 'NONE',  ( -1.204485184444895089E-17, 0.01046305122213599982, 0.000000000000000000 ) ) ;
#2011 = CARTESIAN_POINT ( 'NONE',  ( -0.1039859275716083359, 0.009800779504984353727, -0.001044906562223148205 ) ) ;
#2012 = CARTESIAN_POINT ( 'NONE',  ( -0.01131472836382723009, 0.007713102812136391449, -0.003714863367204219394 ) ) ;
#2013 = CARTESIAN_POINT ( 'NONE',  ( -0.006201079792064947450, 0.004660633075223324928, 0.001363143571109197731 ) ) ;
#2014 = CARTESIAN_POINT ( 'NONE',  ( 0.002713662598496399941, 0.009790869080295401192, -0.0009466992945842700197 ) ) ;
#2015 = CARTESIAN_POINT ( 'NONE',  ( 0.001473200000000000030, 0.000000000000000000, 0.000000000000000000 ) ) ;
#2016 = CARTESIAN_POINT ( 'NONE',  ( -0.005263018588936606464, 0.002935482064655332412, 0.003380000340772219662 ) ) ;
#2017 = AXIS2_PLACEMENT_3D ( 'NONE', #4487, #119, #3323 ) ;
#2018 = CARTESIAN_POINT ( 'NONE',  ( 0.005390283357879511669, 0.007904578225276509898, 0.003179150472573917877 ) ) ;
#2019 = CARTESIAN_POINT ( 'NONE',  ( -0.002913674661711259349, 0.009548429649185369295, -0.0008113956460411783644 ) ) ;
#2020 = CARTESIAN_POINT ( 'NONE',  ( 0.003356375921406337063, 0.009907229369926336127, -0.001701295159176639555 ) ) ;
#2021 = CARTESIAN_POINT ( 'NONE',  ( 0.004475864339697467609, 0.007825589811774410695, 0.004362406688114754509 ) ) ;
#2022 = CARTESIAN_POINT ( 'NONE',  ( -0.003206431045799850495, 0.009235116477371208346, 0.0004208623759548019952 ) ) ;
#2023 = VECTOR ( 'NONE', #1113, 1.000000000000000000 ) ;
#2024 = CARTESIAN_POINT ( 'NONE',  ( 0.003306940053391334289, 0.009993784509153688309, -0.001738291061236448736 ) ) ;
#2025 = ORIENTED_EDGE ( 'NONE', *, *, #4525, .F. ) ;
#2026 = CARTESIAN_POINT ( 'NONE',  ( -0.002995989130276701003, 0.01170014385122308473, -0.0009327809181004975605 ) ) ;
#2027 = LINE ( 'NONE', #3768, #1676 ) ;
#2028 = CARTESIAN_POINT ( 'NONE',  ( -0.003853344299770996521, 0.009171146603358756866, -0.0009998916379108588326 ) ) ;
#2029 = CARTESIAN_POINT ( 'NONE',  ( 0.003889046688987923741, 0.009124088196172891116, -0.0009090159383989556514 ) ) ;
#2030 = CARTESIAN_POINT ( 'NONE',  ( -9.635881475559170419E-19, 0.01168400000000000168, 0.000000000000000000 ) ) ;
#2031 = CARTESIAN_POINT ( 'NONE',  ( 0.004207103968099463673, 0.001718856176434893981, -0.004676920944817987078 ) ) ;
#2032 = EDGE_LOOP ( 'NONE', ( #4454, #3097, #5755, #4868 ) ) ;
#2033 = CARTESIAN_POINT ( 'NONE',  ( -0.002438811803330256846, 0.01021607102261332112, 0.001014980145648311733 ) ) ;
#2034 = CARTESIAN_POINT ( 'NONE',  ( 0.003860302969660634256, 0.009161979179699701950, -0.0009820793623404669437 ) ) ;
#2035 = EDGE_LOOP ( 'NONE', ( #202, #4896, #5973, #504 ) ) ;
#2036 = ORIENTED_EDGE ( 'NONE', *, *, #6861, .F. ) ;
#2037 = CARTESIAN_POINT ( 'NONE',  ( 0.1159967602845374951, 0.009039026347739825135, -0.001006704846608196717 ) ) ;
#2038 = DIRECTION ( 'NONE',  ( -1.000000000000000000, 0.000000000000000000, 0.000000000000000000 ) ) ;
#2039 = CARTESIAN_POINT ( 'NONE',  ( -0.1300000000000001155, 0.0007819545719724323770, 0.01823623011988654771 ) ) ;
#2040 = CARTESIAN_POINT ( 'NONE',  ( 0.1300000000000002265, 0.001072457435249923310, -0.01786584610186176328 ) ) ;
#2041 = EDGE_CURVE ( 'NONE', #4162, #2671, #4319, .T. ) ;
#2042 = CARTESIAN_POINT ( 'NONE',  ( -0.001437170998174991648, 0.001673741513759882150, 0.0002539999999999999398 ) ) ;
#2043 = AXIS2_PLACEMENT_3D ( 'NONE', #1616, #1651, #3266 ) ;
#2044 = CARTESIAN_POINT ( 'NONE',  ( 0.000000000000000000, 0.000000000000000000, 0.000000000000000000 ) ) ;
#2045 = CARTESIAN_POINT ( 'NONE',  ( -0.1063862723283475198, 0.009467121308099873955, 0.0002235783149298298201 ) ) ;
#2046 = CARTESIAN_POINT ( 'NONE',  ( 0.002987956263062286743, 0.009465310648105386415, -0.0007415609992138343359 ) ) ;
#2047 = CARTESIAN_POINT ( 'NONE',  ( 0.005122462726429789087, 0.007930803866272616298, 0.003779571733035998887 ) ) ;
#2048 = CARTESIAN_POINT ( 'NONE',  ( -0.002720754182953834949, 0.009781730980983109613, -0.0009429593705422614205 ) ) ;
#2049 = CARTESIAN_POINT ( 'NONE',  ( 0.002948554260950724502, 0.01097979143893471239, -0.001703871615079399771 ) ) ;
#2050 = DIRECTION ( 'NONE',  ( 0.000000000000000000, 1.000000000000000000, 0.000000000000000000 ) ) ;
#2051 = CARTESIAN_POINT ( 'NONE',  ( -0.003284468170049752948, 0.009156829141219548218, 0.0001611819941858257468 ) ) ;
#2052 = CARTESIAN_POINT ( 'NONE',  ( 0.003131931476120231039, 0.009311597866442004531, -0.0005592252776213725053 ) ) ;
#2053 = EDGE_LOOP ( 'NONE', ( #3999, #2599, #3883, #5856, #5192 ) ) ;
#2054 = CARTESIAN_POINT ( 'NONE',  ( -0.003975390129903669939, 0.009012126409850634845, 0.0006290936901169984349 ) ) ;
#2055 = EDGE_CURVE ( 'NONE', #2852, #6894, #1908, .T. ) ;
#2056 = CARTESIAN_POINT ( 'NONE',  ( 0.003964524861216826672, 0.009026038392584485870, -0.0006734956322367849271 ) ) ;
#2057 =( NAMED_UNIT ( * ) PLANE_ANGLE_UNIT ( ) SI_UNIT ( $, .RADIAN. ) );
#2058 = CARTESIAN_POINT ( 'NONE',  ( -0.004643745105021955880, 0.007741020651064457053, -0.004287909438225857850 ) ) ;
#2059 = ORIENTED_EDGE ( 'NONE', *, *, #177, .F. ) ;
#2060 = CARTESIAN_POINT ( 'NONE',  ( -0.003740242449129157869, 0.007737708745414826478, -0.004354394990952744487 ) ) ;
#2061 = APPLICATION_PROTOCOL_DEFINITION ( 'draft international standard', 'automotive_design', 1998, #2850 ) ;
#2062 = EDGE_CURVE ( 'NONE', #1715, #5819, #6343, .T. ) ;
#2063 = CARTESIAN_POINT ( 'NONE',  ( -1.204485184444895089E-17, 0.01046305122213599982, 0.000000000000000000 ) ) ;
#2064 = ORIENTED_EDGE ( 'NONE', *, *, #3121, .F. ) ;
#2065 = CARTESIAN_POINT ( 'NONE',  ( -0.003964986004566021377, 0.009025406485267974815, 0.0006761222368497465506 ) ) ;
#2066 = CARTESIAN_POINT ( 'NONE',  ( 0.002032000000000005156, 0.01117600000000000884, 0.0001095815266610157491 ) ) ;
#2067 = ORIENTED_EDGE ( 'NONE', *, *, #2610, .T. ) ;
#2068 = CARTESIAN_POINT ( 'NONE',  ( 0.05105145931771143397, 0.01007538999008774500, 0.003886164270738571430 ) ) ;
#2069 = CARTESIAN_POINT ( 'NONE',  ( -1.071991814155956250E-17, 0.001397000000000005876, 0.000000000000000000 ) ) ;
#2070 = CARTESIAN_POINT ( 'NONE',  ( -0.002990396284644857797, 0.009462543319621454646, -0.0007394490235212214163 ) ) ;
#2071 = VECTOR ( 'NONE', #6031, 1.000000000000000000 ) ;
#2072 = CARTESIAN_POINT ( 'NONE',  ( -0.08735636879288864731, -0.0009599655827698891104, 0.02850185535244218957 ) ) ;
#2073 = CARTESIAN_POINT ( 'NONE',  ( 0.04667586987686346556, -0.001184229939884803851, -0.01870726707077384129 ) ) ;
#2074 = CARTESIAN_POINT ( 'NONE',  ( -0.001449181636525680595, 0.0002344904790593441547, 0.0002539999999999999398 ) ) ;
#2075 = DIRECTION ( 'NONE',  ( 1.000000000000000000, -0.000000000000000000, 1.224646799147353207E-16 ) ) ;
#2076 = DIRECTION ( 'NONE',  ( 0.000000000000000000, 1.000000000000000000, 0.000000000000000000 ) ) ;
#2077 = EDGE_CURVE ( 'NONE', #1075, #6357, #201, .T. ) ;
#2078 = CARTESIAN_POINT ( 'NONE',  ( -0.1214920397705151756, 0.008284948335903999372, 0.003815831348560163368 ) ) ;
#2079 = CARTESIAN_POINT ( 'NONE',  ( 0.000000000000000000, 0.000000000000000000, 0.000000000000000000 ) ) ;
#2080 = EDGE_CURVE ( 'NONE', #3955, #6857, #4095, .T. ) ;
#2081 = CARTESIAN_POINT ( 'NONE',  ( 0.002945650702634665906, 0.009512272067560122862, -0.0007829081687390335078 ) ) ;
#2082 = CARTESIAN_POINT ( 'NONE',  ( 0.006038248334945309735, 0.007001995014304276087, 0.001636887531847383472 ) ) ;
#2083 = CARTESIAN_POINT ( 'NONE',  ( 0.002976570749727304975, 0.009477848195055628422, -0.0007531625394578313074 ) ) ;
#2084 = CARTESIAN_POINT ( 'NONE',  ( 0.003534155378421893843, 0.009621162473987608654, -0.001528053892140210368 ) ) ;
#2085 = DIRECTION ( 'NONE',  ( 0.000000000000000000, 0.000000000000000000, 1.000000000000000000 ) ) ;
#2086 = CARTESIAN_POINT ( 'NONE',  ( 0.005691637160600304148, 0.003064726613209781386, -0.002632939815355381241 ) ) ;
#2087 = CARTESIAN_POINT ( 'NONE',  ( 0.003730506583952771307, 0.009337577526758532309, -0.001246928682829073027 ) ) ;
#2088 = ORIENTED_EDGE ( 'NONE', *, *, #5338, .T. ) ;
#2089 = CARTESIAN_POINT ( 'NONE',  ( -0.003026411892659106474, 0.01063155813434482101, 0.001810972462207171294 ) ) ;
#2090 = CARTESIAN_POINT ( 'NONE',  ( -0.1290661053719423801, 0.006556589164669330942, 0.007667457141582262325 ) ) ;
#2091 = CARTESIAN_POINT ( 'NONE',  ( 0.1303273149902955674, 0.005430226088462828879, -0.009790658352151362584 ) ) ;
#2092 = DIRECTION ( 'NONE',  ( 6.217248937900877415E-15, 0.000000000000000000, 1.000000000000000000 ) ) ;
#2093 = ORIENTED_EDGE ( 'NONE', *, *, #2122, .F. ) ;
#2094 = CARTESIAN_POINT ( 'NONE',  ( -0.003241643978088121561, 0.009199576010174839377, -0.0003318574085030673282 ) ) ;
#2095 = APPLICATION_PROTOCOL_DEFINITION ( 'draft international standard', 'automotive_design', 1998, #4667 ) ;
#2096 = ADVANCED_FACE ( 'NONE', ( #6796 ), #3007, .T. ) ;
#2097 = B_SPLINE_CURVE_WITH_KNOTS ( 'NONE', 3,
 ( #4035, #6129, #5166, #308, #1837, #5670, #805, #3973, #208, #2974, #5740, #2477, #4109, #6263, #1405, #1271, #740, #4005, #5058, #6163, #3480, #5633, #769, #5091, #3623, #5269, #1975, #2655, #3684, #1474, #6968, #5804, #944, #5303, #3116, #5913, #3080, #979, #4775, #5772, #4713, #1577, #6399, #410, #1051, #3717, #2548, #4143, #445, #5204, #5877, #6865, #6297, #2619, #913, #2584 ),
 .UNSPECIFIED., .F., .F.,
 ( 4, 2, 2, 2, 2, 2, 2, 2, 2, 2, 2, 2, 2, 2, 2, 2, 2, 2, 2, 2, 2, 2, 2, 2, 2, 2, 2, 4 ),
 ( 0.0001366266326025212185, 0.004142625603538663964, 0.008148624574474804677, 0.01215462354541094539, 0.01616062251634708263, 0.02016662148728321641, 0.02417262045821935018, 0.02817861942915548742, 0.03218461840009161773, 0.04019661634196389222, 0.04420261531290002599, 0.04820861428383615976, 0.05622061222570843425, 0.06423261016758069486, 0.08025660605132521608, 0.08826860399319744199, 0.09628060193506966791, 0.1042925998769418938, 0.1123045978188141197, 0.1163105967897502119, 0.1203165957606863179, 0.1223195952461543640, 0.1243225947316223962, 0.1263255942170904422, 0.1273270939598244722, 0.1278278438311914733, 0.1280782187668749184, 0.1283285937025583912 ),
 .UNSPECIFIED. ) ;
#2098 = DIRECTION ( 'NONE',  ( 0.000000000000000000, -1.000000000000000000, 0.000000000000000000 ) ) ;
#2099 = ORIENTED_EDGE ( 'NONE', *, *, #3479, .F. ) ;
#2100 = CARTESIAN_POINT ( 'NONE',  ( 0.002355176800340288892, 0.009882448935201617810, 0.0009861466933910945695 ) ) ;
#2101 = CARTESIAN_POINT ( 'NONE',  ( -0.004987832740086546070, 0.007468801637794627614, -0.003814851806374536334 ) ) ;
#2102 = CONICAL_SURFACE ( 'NONE', #970, 0.003809999999999999585, 0.1090546584432373345 ) ;
#2103 = PLANE ( 'NONE',  #5598 ) ;
#2104 = CARTESIAN_POINT ( 'NONE',  ( 0.01071729298038543061, 0.008055482459802318709, 0.004402007667147621317 ) ) ;
#2105 = ORIENTED_EDGE ( 'NONE', *, *, #131, .F. ) ;
#2106 = CARTESIAN_POINT ( 'NONE',  ( 0.07948911634318468755, 0.01030063536299275287, 0.002877317083957995833 ) ) ;
#2107 = CARTESIAN_POINT ( 'NONE',  ( 0.02297305825785938421, -6.618838861039471537E-05, -0.006358794152084215959 ) ) ;
#2108 = VERTEX_POINT ( 'NONE', #3115 ) ;
#2109 = CARTESIAN_POINT ( 'NONE',  ( -0.003872672032660730637, 0.009145651123737124147, -0.0009511028107664540841 ) ) ;
#2110 = CARTESIAN_POINT ( 'NONE',  ( -0.01756029996261012846, 0.007414369570261522546, -0.001088935588566118228 ) ) ;
#2111 = CARTESIAN_POINT ( 'NONE',  ( 0.01084006560096536544, 0.007882900136151864065, 0.002081882532557643561 ) ) ;
#2112 = COLOUR_RGB ( '',0.8980392156862745390, 0.9176470588235293713, 0.9294117647058823817 ) ;
#2113 = CARTESIAN_POINT ( 'NONE',  ( 0.000000000000000000, 0.005587999999999999218, 0.000000000000000000 ) ) ;
#2114 = CARTESIAN_POINT ( 'NONE',  ( -0.004041003362132971656, 0.008928722959713928167, -0.0002313569717782052403 ) ) ;
#2115 = CARTESIAN_POINT ( 'NONE',  ( 0.000000000000000000, 0.005588000000000000085, -0.001427271232876712410 ) ) ;
#2116 = CARTESIAN_POINT ( 'NONE',  ( -0.1275508927642132195, 0.006892857936296958865, 0.006502203002560703188 ) ) ;
#2117 = CARTESIAN_POINT ( 'NONE',  ( 0.002533700486691936159, 0.01004893260558321552, -0.001010037549443621547 ) ) ;
#2118 = CARTESIAN_POINT ( 'NONE',  ( -0.006252000403080822805, 0.005785701839150421757, 0.0001831040602936256023 ) ) ;
#2119 = CARTESIAN_POINT ( 'NONE',  ( 0.005787684964575955972, 0.007562515936034278421, 0.002377426793789822693 ) ) ;
#2120 = EDGE_CURVE ( 'NONE', #6652, #2852, #2151, .T. ) ;
#2121 = CARTESIAN_POINT ( 'NONE',  ( 0.002963961311041342622, 0.009491815110643076966, -0.0007656083238056918738 ) ) ;
#2122 = EDGE_CURVE ( 'NONE', #1901, #4936, #4108, .T. ) ;
#2123 = CARTESIAN_POINT ( 'NONE',  ( 0.003029449666979110427, 0.01062307485150461653, -0.001811456914058970141 ) ) ;
#2124 = CARTESIAN_POINT ( 'NONE',  ( -0.1300000000000000877, 0.001072457435249923310, 0.01786584610186266880 ) ) ;
#2125 = CARTESIAN_POINT ( 'NONE',  ( 0.1300000000000001155, 0.005685526541830304356, -0.009065125217019633433 ) ) ;
#2126 =( GEOMETRIC_REPRESENTATION_CONTEXT ( 3 ) GLOBAL_UNCERTAINTY_ASSIGNED_CONTEXT ( ( #112 ) ) GLOBAL_UNIT_ASSIGNED_CONTEXT ( ( #6892, #4635, #6822 ) ) REPRESENTATION_CONTEXT ( 'NONE', 'WORKASPACE' ) );
#2127 = CARTESIAN_POINT ( 'NONE',  ( 0.003234545996157402355, 0.009206699248990882212, -0.0003529992978815911378 ) ) ;
#2128 = VECTOR ( 'NONE', #1504, 1.000000000000000000 ) ;
#2129 = CARTESIAN_POINT ( 'NONE',  ( -0.004020637408968782099, 0.008954466345868286603, 0.0004013710577905277646 ) ) ;
#2130 = CARTESIAN_POINT ( 'NONE',  ( -0.1212319154225758727, 0.008327047617934582591, 0.003716927430139552527 ) ) ;
#2131 = FACE_OUTER_BOUND ( 'NONE', #5296, .T. ) ;
#2132 = ORIENTED_EDGE ( 'NONE', *, *, #3098, .T. ) ;
#2133 = CARTESIAN_POINT ( 'NONE',  ( 0.004656927020564341838, 0.007927773440890574855, 0.004280820475874187563 ) ) ;
#2134 = CARTESIAN_POINT ( 'NONE',  ( -0.002285665120672937881, 0.01094496101059767856, -0.0006452832938095973874 ) ) ;
#2135 = CIRCLE ( 'NONE', #5763, 0.002981341975184092965 ) ;
#2136 = CARTESIAN_POINT ( 'NONE',  ( 0.004041328173635672961, 0.008928313858622435525, 0.0002260492162571461731 ) ) ;
#2137 = ORIENTED_EDGE ( 'NONE', *, *, #3038, .T. ) ;
#2138 = CARTESIAN_POINT ( 'NONE',  ( -0.005697401048637915251, 0.006839591628196369823, -0.002584797084944462277 ) ) ;
#2139 = CARTESIAN_POINT ( 'NONE',  ( 0.1300000000000001987, 0.001072457435249923310, -0.01786584610186175981 ) ) ;
#2140 = CARTESIAN_POINT ( 'NONE',  ( 0.004821575087538038269, 0.002234888871299925851, -0.004071072993544507315 ) ) ;
#2141 = ORIENTED_EDGE ( 'NONE', *, *, #4074, .T. ) ;
#2142 = CARTESIAN_POINT ( 'NONE',  ( 0.08758287028375640049, 0.01016837676093535793, 0.002166265980469036373 ) ) ;
#2143 = DIRECTION ( 'NONE',  ( -1.000000000000000000, 8.537024980200825762E-16, 0.000000000000000000 ) ) ;
#2144 = ORIENTED_EDGE ( 'NONE', *, *, #4774, .F. ) ;
#2145 = CARTESIAN_POINT ( 'NONE',  ( -0.002860522849845315539, 0.009609856219277896142, -0.0008543066276550484754 ) ) ;
#2146 = CARTESIAN_POINT ( 'NONE',  ( -0.02292398139508836433, 0.003626584589718851847, 0.002965428689144131505 ) ) ;
#2147 = CARTESIAN_POINT ( 'NONE',  ( 0.05048530208196806007, -0.0008611759169457999363, -0.01995830801063335630 ) ) ;
#2148 = CARTESIAN_POINT ( 'NONE',  ( -0.006053963348864572526, 0.007096067732119477195, -0.001577559401092231989 ) ) ;
#2149 = CARTESIAN_POINT ( 'NONE',  ( -0.003346855716561899802, 0.009923657102535595256, -0.001708727553858117084 ) ) ;
#2150 = CARTESIAN_POINT ( 'NONE',  ( -0.004044641360540165292, 0.008924132973257743046, 0.0001920529212162155441 ) ) ;
#2151 = B_SPLINE_CURVE_WITH_KNOTS ( 'NONE', 3,
 ( #3403, #2965, #3998, #5521, #796, #656, #2824, #3506, #5661, #1829, #124, #1231, #5560, #733, #1297, #3474, #5623, #6045, #5119, #763, #4495, #1752, #2898, #6654, #3365, #263, #160, #3965, #6618, #4428, #1791, #2930, #6577, #6119, #2396, #5051, #1263, #1717, #2291, #5084, #200, #2861, #3437, #2325, #3896, #234, #4569, #6722, #4461, #5015, #4028, #3929, #6081, #2361, #1328, #4535, #693 ),
 .UNSPECIFIED., .F., .F.,
 ( 4, 2, 2, 2, 2, 2, 2, 2, 2, 2, 2, 2, 2, 2, 2, 1, 1, 2, 2, 1, 2, 2, 2, 2, 2, 2, 2, 2, 2, 4 ),
 ( 0.9966729680437044214, 1.018255005312767469, 1.039837042581830628, 1.083001117119956946, 1.104583154389020105, 1.126165191658083264, 1.147747228927146423, 1.158538247561677892, 1.169329266196209360, 1.190911303465272075, 1.201702322099803322, 1.212493340734334346, 1.223284359368865593, 1.234075378003396839, 1.239470887320662351, 1.244866396637927863, 1.247564151296560730, 1.248913028625877386, 1.250261905955194042, 1.255657415272461108, 1.261052924589728175, 1.266448433906995241, 1.277239452541529374, 1.282634961858796885, 1.288030471176064173, 1.298821489810599195, 1.309612508445133994, 1.320403527079669015, 1.331194545714204036, 1.341985564348738835 ),
 .UNSPECIFIED. ) ;
#2152 = CARTESIAN_POINT ( 'NONE',  ( -0.004379991594527829490, 0.001699275456554631865, 0.004671122133219541943 ) ) ;
#2153 = CARTESIAN_POINT ( 'NONE',  ( -0.1291371486141829061, 0.006520558916949900641, 0.007740838023057592179 ) ) ;
#2154 = CARTESIAN_POINT ( 'NONE',  ( 0.004459002585585125633, 0.007771920954210839554, 0.004379479656950674774 ) ) ;
#2155 = DIRECTION ( 'NONE',  ( 0.000000000000000000, 1.000000000000000000, 0.000000000000000000 ) ) ;
#2156 = CARTESIAN_POINT ( 'NONE',  ( 0.003321994628573457595, 0.001196019714921286222, -0.005343798432004628549 ) ) ;
#2157 = CARTESIAN_POINT ( 'NONE',  ( -0.002938753934190723154, 0.01105104436477870669, -0.001670140483524476180 ) ) ;
#2158 = LINE ( 'NONE', #2764, #4692 ) ;
#2159 = CARTESIAN_POINT ( 'NONE',  ( 0.002647211874161932085, 0.009879815904443443875, 0.0009771100896459028982 ) ) ;
#2160 = DIRECTION ( 'NONE',  ( -0.000000000000000000, -1.000000000000000000, -0.000000000000000000 ) ) ;
#2161 = CARTESIAN_POINT ( 'NONE',  ( 0.1300000000000001155, 0.005612429250701393181, -0.009265824011768650920 ) ) ;
#2162 = AXIS2_PLACEMENT_3D ( 'NONE', #4322, #1057, #5308 ) ;
#2163 = ADVANCED_FACE ( 'NONE', ( #5202 ), #5139, .T. ) ;
#2164 = CARTESIAN_POINT ( 'NONE',  ( 0.005904729493971209477, 0.004142388549291560473, -0.002062580139110182197 ) ) ;
#2165 = CARTESIAN_POINT ( 'NONE',  ( 0.003293847003791342161, 0.009147532679869452288, -8.638553419384216306E-05 ) ) ;
#2166 = CARTESIAN_POINT ( 'NONE',  ( -0.003339210027021243324, 0.009936961206975682484, 0.001714562652665486313 ) ) ;
#2167 = CARTESIAN_POINT ( 'NONE',  ( -0.002317188062973297991, 0.01111254155407584952, 0.0003535964964239473262 ) ) ;
#2168 = CARTESIAN_POINT ( 'NONE',  ( 0.003916095958502468014, 0.009088723192324104500, -0.0008330164711285354979 ) ) ;
#2169 = CARTESIAN_POINT ( 'NONE',  ( 0.1300547680495736380, 0.005538539161956147587, -0.009428108469590365873 ) ) ;
#2170 = VERTEX_POINT ( 'NONE', #4757 ) ;
#2171 = CARTESIAN_POINT ( 'NONE',  ( -0.003142680561733312769, 0.009300459540263412636, -0.0005417067454590216401 ) ) ;
#2172 = ITEM_DEFINED_TRANSFORMATION ( 'NONE', 'NONE', #4632,  #989 ) ;
#2173 = CARTESIAN_POINT ( 'NONE',  ( 0.004022396171868176072, 0.008952238212006488269, 0.0003896755667906377243 ) ) ;
#2174 = ORIENTED_EDGE ( 'NONE', *, *, #4409, .F. ) ;
#2175 = CARTESIAN_POINT ( 'NONE',  ( 3.010099615331329263E-18, 0.01447799999999999608, 0.000000000000000000 ) ) ;
#2176 = CARTESIAN_POINT ( 'NONE',  ( -0.003743767853720605769, 0.009318173558698229081, 0.001235278313092291920 ) ) ;
#2177 = CARTESIAN_POINT ( 'NONE',  ( 0.005793699832475073495, 0.007560750960394650722, 0.002647854150702006696 ) ) ;
#2178 = ORIENTED_EDGE ( 'NONE', *, *, #5647, .T. ) ;
#2179 = CARTESIAN_POINT ( 'NONE',  ( 0.1039859275712252118, 0.009800779505062237607, 0.001044906562359569895 ) ) ;
#2180 = CARTESIAN_POINT ( 'NONE',  ( -9.635881475559170419E-19, 0.01168400000000000168, 0.000000000000000000 ) ) ;
#2181 = ORIENTED_EDGE ( 'NONE', *, *, #3121, .T. ) ;
#2182 = CARTESIAN_POINT ( 'NONE',  ( -0.002694082179719513130, 0.009816588233466131200, -0.0009563274703761336397 ) ) ;
#2183 = CARTESIAN_POINT ( 'NONE',  ( -0.05048707696088445412, -0.0005425209098756299210, 0.01946833671770490867 ) ) ;
#2184 = CARTESIAN_POINT ( 'NONE',  ( 0.04666285610165247372, -0.0008791424137591352097, -0.01825543902424209969 ) ) ;
#2185 = CARTESIAN_POINT ( 'NONE',  ( -0.005983190497908276451, 0.007327751183391175913, -0.002188445291192598913 ) ) ;
#2186 = CARTESIAN_POINT ( 'NONE',  ( -0.003032428501397171818, 0.01061361187834861108, -0.001812755247026967987 ) ) ;
#2187 = CARTESIAN_POINT ( 'NONE',  ( -0.004762829001416133377, 0.001974708257575198949, 0.004276036357638082763 ) ) ;
#2188 = CARTESIAN_POINT ( 'NONE',  ( -0.1298351093498411879, 0.005840060076969795337, 0.008729978058555350889 ) ) ;
#2189 = EDGE_CURVE ( 'NONE', #2816, #4276, #2027, .T. ) ;
#2190 = PRESENTATION_LAYER_ASSIGNMENT (  '', '', ( #5021 ) ) ;
#2191 = B_SPLINE_CURVE_WITH_KNOTS ( 'NONE', 3,
 ( #527, #4258, #6483, #6946, #3836, #3764, #2699, #5316, #5353, #6411, #6979, #2125, #1099, #2161 ),
 .UNSPECIFIED., .F., .F.,
 ( 4, 2, 2, 2, 2, 2, 4 ),
 ( 0.000000000000000000, 8.028964265895846932E-05, 0.0001204344639884376972, 0.0001605792853179169386, 0.0002408689279768774815, 0.0003211585706358379973, 0.0006423171412716800061 ),
 .UNSPECIFIED. ) ;
#2192 = CARTESIAN_POINT ( 'NONE',  ( -0.004573808175507311329, 0.007649285579370039383, -0.004259434090775731860 ) ) ;
#2193 = CARTESIAN_POINT ( 'NONE',  ( 0.003993412512825572809, 0.001518689689732299203, -0.004910165948799631933 ) ) ;
#2194 = CARTESIAN_POINT ( 'NONE',  ( 0.003549173904745230642, 0.001347322492278845698, -0.005152622016670257987 ) ) ;
#2195 = CARTESIAN_POINT ( 'NONE',  ( -0.003011518332033784502, 0.01175602430731402526, -0.0008245439840112743285 ) ) ;
#2196 = CARTESIAN_POINT ( 'NONE',  ( -0.1300000000000000877, 0.001072457435249923310, 0.01786584610186266880 ) ) ;
#2197 = CARTESIAN_POINT ( 'NONE',  ( 0.003293003523656149335, 0.009148367928058518186, 9.451484728120756627E-05 ) ) ;
#2198 = CARTESIAN_POINT ( 'NONE',  ( 0.004521972061098178571, 0.007924381701344627646, 0.004314732393332758667 ) ) ;
#2199 = CARTESIAN_POINT ( 'NONE',  ( 2.955072726342565266E-19, 0.006985000000000001624, -0.002413000000000001515 ) ) ;
#2200 = CARTESIAN_POINT ( 'NONE',  ( 0.002724714210648814840, 0.009776606228290652192, 0.0009409060054999298641 ) ) ;
#2201 = CARTESIAN_POINT ( 'NONE',  ( 0.002349933813401513041, 0.01042222562470247922, 0.0009821529215184516323 ) ) ;
#2202 = CARTESIAN_POINT ( 'NONE',  ( -0.003998722054705420442, 0.008982311470994692668, -0.0005248941447750930973 ) ) ;
#2203 = CARTESIAN_POINT ( 'NONE',  ( -0.002323618054385281819, 0.01113611522177288156, -0.0002827583765573804162 ) ) ;
#2204 = FACE_OUTER_BOUND ( 'NONE', #3465, .T. ) ;
#2205 = CARTESIAN_POINT ( 'NONE',  ( 0.003608635693326430784, 0.009510618215095269917, 0.001433697197500557845 ) ) ;
#2206 = CARTESIAN_POINT ( 'NONE',  ( 0.002022901828520353145, 0.01115813478680136896, -0.0002185839475357740768 ) ) ;
#2207 = VERTEX_POINT ( 'NONE', #3241 ) ;
#2208 = CARTESIAN_POINT ( 'NONE',  ( -0.05781324457431961938, 0.01024362227020398849, -0.004487696636615500986 ) ) ;
#2209 =( NAMED_UNIT ( * ) SI_UNIT ( $, .STERADIAN. ) SOLID_ANGLE_UNIT ( ) );
#2210 = CARTESIAN_POINT ( 'NONE',  ( 0.003706351006946356341, 0.009371067612193901761, 0.001288527972283776309 ) ) ;
#2211 = ORIENTED_EDGE ( 'NONE', *, *, #1048, .T. ) ;
#2212 = CARTESIAN_POINT ( 'NONE',  ( -0.005388599250740349483, 0.007905412027584896723, -0.003181917087735654064 ) ) ;
#2213 = CARTESIAN_POINT ( 'NONE',  ( 0.006445504718980603689, 0.007745090864001690119, 0.004149858404691103737 ) ) ;
#2214 = CARTESIAN_POINT ( 'NONE',  ( -3.386556920630767177E-17, 0.002200000000000026587, 0.004849742261192878726 ) ) ;
#2215 = CARTESIAN_POINT ( 'NONE',  ( 0.002381192823446066833, 0.01034138734349134003, -0.0009998180896523840150 ) ) ;
#2216 = CARTESIAN_POINT ( 'NONE',  ( 0.1221115285913427079, 0.007998468399307304133, -0.003993668658625433403 ) ) ;
#2217 = CARTESIAN_POINT ( 'NONE',  ( -0.001989965966649217925, 0.01108956718775915007, 0.0004240478564630402870 ) ) ;
#2218 = EDGE_LOOP ( 'NONE', ( #4310, #879, #6713, #3317, #3730, #179, #1517, #4797, #4209, #1486, #2141, #1121 ) ) ;
#2219 = CARTESIAN_POINT ( 'NONE',  ( -0.003958878011040965761, 0.009033332825958135040, -0.0006927232688659650970 ) ) ;
#2220 = PRODUCT_DEFINITION ( 'UNKNOWN', '', #2358, #951 ) ;
#2221 = CARTESIAN_POINT ( 'NONE',  ( 3.386556920630763480E-17, 0.007799999999999968417, -0.004849742261192872654 ) ) ;
#2222 = CARTESIAN_POINT ( 'NONE',  ( -0.005089969498353762514, 0.002701879548086760785, 0.003636295239926681713 ) ) ;
#2223 = B_SPLINE_CURVE_WITH_KNOTS ( 'NONE', 3,
 ( #3191, #6400, #5270, #6904 ),
 .UNSPECIFIED., .F., .F.,
 ( 4, 4 ),
 ( 0.0002130951894643120560, 0.0002333964204212974117 ),
 .UNSPECIFIED. ) ;
#2224 = CARTESIAN_POINT ( 'NONE',  ( -0.003119939789320748478, 0.01037546651940603193, -0.001821734198160926453 ) ) ;
#2225 = CARTESIAN_POINT ( 'NONE',  ( -0.004024970458256898684, 0.008948979342460141109, 0.0003719263761566563497 ) ) ;
#2226 = CARTESIAN_POINT ( 'NONE',  ( -0.1269877842082494102, 0.007049151396803134649, 0.006160808820000848729 ) ) ;
#2227 = AXIS2_PLACEMENT_3D ( 'NONE', #5020, #1235, #1797 ) ;
#2228 = DIRECTION ( 'NONE',  ( 0.000000000000000000, 0.000000000000000000, 1.000000000000000000 ) ) ;
#2229 = CARTESIAN_POINT ( 'NONE',  ( 0.003578091310021090220, 0.001319028046334444612, -0.005176634800538312993 ) ) ;
#2230 = CARTESIAN_POINT ( 'NONE',  ( 0.002901646705372335541, 0.009562181623521768398, -0.0008215597479770680046 ) ) ;
#2231 = CARTESIAN_POINT ( 'NONE',  ( 0.003264653786694002215, 0.009176544819493454019, 0.0002556609858173384620 ) ) ;
#2232 = CARTESIAN_POINT ( 'NONE',  ( -0.002031999999999914517, 0.01117599999999981976, -0.0001091107083966958130 ) ) ;
#2233 = CARTESIAN_POINT ( 'NONE',  ( -0.003805014920781833385, 0.009235756651826732694, 0.001106741149844622882 ) ) ;
#2234 = CARTESIAN_POINT ( 'NONE',  ( 1.686279258222847794E-18, 0.01447799999999999782, 0.000000000000000000 ) ) ;
#2235 = CARTESIAN_POINT ( 'NONE',  ( -0.0002540000000000002109, 0.005587999999999999218, 0.002884438135928730530 ) ) ;
#2236 = CARTESIAN_POINT ( 'NONE',  ( 0.002410881416328584156, 0.01027398422916417711, 0.001009722439853594960 ) ) ;
#2237 = UNCERTAINTY_MEASURE_WITH_UNIT (LENGTH_MEASURE( 1.000000000000000082E-05 ), #966, 'distance_accuracy_value', 'NONE');
#2238 = CARTESIAN_POINT ( 'NONE',  ( -0.002278849226184136417, 0.01079728872829637497, -0.0007920390631065471389 ) ) ;
#2239 = CARTESIAN_POINT ( 'NONE',  ( -0.002330187342489034152, 0.01115844763916076093, 0.0001893723918260816603 ) ) ;
#2240 = CARTESIAN_POINT ( 'NONE',  ( 0.06650994533263808461, 0.01047777061362243148, 0.004315580539924817813 ) ) ;
#2241 = CARTESIAN_POINT ( 'NONE',  ( 0.003558032068204259983, 0.009585376740737444959, 0.001498891282744545901 ) ) ;
#2242 =( NAMED_UNIT ( * ) SI_UNIT ( $, .STERADIAN. ) SOLID_ANGLE_UNIT ( ) );
#2243 = VERTEX_POINT ( 'NONE', #4697 ) ;
#2244 = CARTESIAN_POINT ( 'NONE',  ( -0.02539280272806911098, 0.008039501668778639351, -0.003086656947363372334 ) ) ;
#2245 = CARTESIAN_POINT ( 'NONE',  ( 0.002955564268332880589, 0.01093271748953920063, 0.001725072122518320813 ) ) ;
#2246 = EDGE_LOOP ( 'NONE', ( #2681, #1531 ) ) ;
#2247 = DIRECTION ( 'NONE',  ( 0.000000000000000000, 0.000000000000000000, -1.000000000000000000 ) ) ;
#2248 = CARTESIAN_POINT ( 'NONE',  ( 1.686279258222847794E-18, 0.01447799999999999782, 0.000000000000000000 ) ) ;
#2249 = CARTESIAN_POINT ( 'NONE',  ( 0.009426804989848583741, 0.008009062445214754772, 0.004437045084812983597 ) ) ;
#2250 = DIRECTION ( 'NONE',  ( -0.000000000000000000, 1.000000000000000000, -0.000000000000000000 ) ) ;
#2251 = COLOUR_RGB ( '',0.8980392156862745390, 0.9176470588235293713, 0.9294117647058823817 ) ;
#2252 = CARTESIAN_POINT ( 'NONE',  ( 0.1156622250992327544, 0.008963331777378060958, -0.002140194702501471702 ) ) ;
#2253 = AXIS2_PLACEMENT_3D ( 'NONE', #4180, #5236, #6934 ) ;
#2254 = CARTESIAN_POINT ( 'NONE',  ( -0.002884438135928730530, 0.02225040000000000351, 0.0002539999999999998856 ) ) ;
#2255 = VERTEX_POINT ( 'NONE', #6316 ) ;
#2256 = CARTESIAN_POINT ( 'NONE',  ( -0.002328703737168199422, 0.01115351280096412573, -0.0002132920759456731887 ) ) ;
#2257 = CARTESIAN_POINT ( 'NONE',  ( -0.04664984232644136392, -0.0005740548876334664605, 0.01780361097771068421 ) ) ;
#2258 = CARTESIAN_POINT ( 'NONE',  ( 0.04618643467053176049, 0.01031807738083266243, -0.001729601550672347013 ) ) ;
#2259 = CIRCLE ( 'NONE', #1348, 0.003962399999999999603 ) ;
#2260 = CARTESIAN_POINT ( 'NONE',  ( -0.003295710488973298356, 0.001224379751373252945, 0.005319268151234389855 ) ) ;
#2261 = CARTESIAN_POINT ( 'NONE',  ( -0.002962365704314931687, 0.01155638246770107451, -0.001191609110145879554 ) ) ;
#2262 = CARTESIAN_POINT ( 'NONE',  ( -0.003994509648430161382, 0.008987682254972531246, 0.0005452975101050846173 ) ) ;
#2263 = CARTESIAN_POINT ( 'NONE',  ( 0.004081447384341963837, 0.001515191405415289598, -0.004946289555424859298 ) ) ;
#2264 = CARTESIAN_POINT ( 'NONE',  ( -0.1299719785925077808, 0.005960217256117144279, 0.008859428710758912584 ) ) ;
#2265 = CARTESIAN_POINT ( 'NONE',  ( 0.003898902940294721956, 0.009111057363256173935, 0.0008862095520859042267 ) ) ;
#2266 = ADVANCED_FACE ( 'NONE', ( #3640 ), #5649, .T. ) ;
#2267 = CARTESIAN_POINT ( 'NONE',  ( 0.004068075500231493370, 0.001557671485010839489, -0.004859531769131387319 ) ) ;
#2268 = CARTESIAN_POINT ( 'NONE',  ( 0.001571070071745806493, 0.0008101827865275197660, -0.006057626943804427823 ) ) ;
#2269 = CARTESIAN_POINT ( 'NONE',  ( -0.004705720962754559276, 0.008031864869415107286, -0.004263647525381561790 ) ) ;
#2270 = CARTESIAN_POINT ( 'NONE',  ( 0.003297866387687759492, 0.009143555708359717496, 1.681429625010644224E-05 ) ) ;
#2271 = DIRECTION ( 'NONE',  ( 0.000000000000000000, 0.000000000000000000, -1.000000000000000000 ) ) ;
#2272 = CARTESIAN_POINT ( 'NONE',  ( -0.003846547490428062384, 0.009180157786127064040, 0.001015736236118026329 ) ) ;
#2273 = CARTESIAN_POINT ( 'NONE',  ( 0.004050874503431636971, 0.008916285344713710190, -0.0002164505355400350099 ) ) ;
#2274 = CARTESIAN_POINT ( 'NONE',  ( 0.004631615120819066074, 0.008031864869414852282, 0.004196503469866334941 ) ) ;
#2275 = CARTESIAN_POINT ( 'NONE',  ( -0.003048689488528078060, 0.01186210571997283261, -0.0003978620385676520221 ) ) ;
#2276 = CARTESIAN_POINT ( 'NONE',  ( 0.003149068016748991176, 0.009293800566151725825, 0.0005319851450289262698 ) ) ;
#2277 = CARTESIAN_POINT ( 'NONE',  ( -0.003935358556472585805, 0.009063702429170776911, -0.0007734472561024730193 ) ) ;
#2278 = CARTESIAN_POINT ( 'NONE',  ( -0.002325279983772305780, 0.01114189375328438446, -0.0002620840526732219514 ) ) ;
#2279 = CARTESIAN_POINT ( 'NONE',  ( 0.004041328173635672961, 0.008928313858622435525, 0.0002260492162571461731 ) ) ;
#2280 = CARTESIAN_POINT ( 'NONE',  ( -0.002884438135928730530, 0.005080000000000001181, -0.0002540000000000004277 ) ) ;
#2281 = AXIS2_PLACEMENT_3D ( 'NONE', #3086, #2553, #6768 ) ;
#2282 = CARTESIAN_POINT ( 'NONE',  ( -0.04159626715539747194, 0.009341790277693598141, -0.003659387467682365981 ) ) ;
#2283 = CARTESIAN_POINT ( 'NONE',  ( -0.002311412589176848036, 0.01108975180811546529, -0.0004100174722079900371 ) ) ;
#2284 = CARTESIAN_POINT ( 'NONE',  ( 0.003956700324351088149, 0.009036138208909572783, 0.0007006498132295811351 ) ) ;
#2285 = ORIENTED_EDGE ( 'NONE', *, *, #5945, .T. ) ;
#2286 = CARTESIAN_POINT ( 'NONE',  ( -0.001651000000000000124, 0.01168400000000000341, 0.000000000000000000 ) ) ;
#2287 = CARTESIAN_POINT ( 'NONE',  ( 0.005858281533158216266, 0.006830912978881664710, 0.002407688958922146825 ) ) ;
#2288 = CARTESIAN_POINT ( 'NONE',  ( -0.006063339356349287806, 0.006207515844713983044, -0.001538744540078124026 ) ) ;
#2289 = ORIENTED_EDGE ( 'NONE', *, *, #566, .T. ) ;
#2290 = CARTESIAN_POINT ( 'NONE',  ( -0.002298932352424001065, 0.01103230488051556296, 0.0005211923024877099762 ) ) ;
#2291 = CARTESIAN_POINT ( 'NONE',  ( -0.002792490817402387866, 0.009691395162715594688, 0.0009015770748035739027 ) ) ;
#2292 = CARTESIAN_POINT ( 'NONE',  ( -0.001883392732335216783, 0.0008389909913771822396, 0.005967951965067788689 ) ) ;
#2293 = EDGE_CURVE ( 'NONE', #578, #3254, #5255, .T. ) ;
#2294 = CARTESIAN_POINT ( 'NONE',  ( -0.003789631356622708263, 0.009256535976721136025, -0.001137997609227374462 ) ) ;
#2295 = CYLINDRICAL_SURFACE ( 'NONE', #2227, 0.001015999999999999976 ) ;
#2296 = CARTESIAN_POINT ( 'NONE',  ( 0.005082285053107909317, 0.002458100207894662811, -0.003648238857015037757 ) ) ;
#2297 = CARTESIAN_POINT ( 'NONE',  ( -0.1300371496509874214, 0.005875295683318824264, 0.009029195469663405665 ) ) ;
#2298 = CARTESIAN_POINT ( 'NONE',  ( 0.004275715405045845199, 0.001663186944896656669, -0.004722568015157973739 ) ) ;
#2299 = CARTESIAN_POINT ( 'NONE',  ( 0.005308569522336120498, 0.002821902596991122166, -0.003411499237321414819 ) ) ;
#2300 = CARTESIAN_POINT ( 'NONE',  ( -0.006039097190402558518, 0.007229116620973058405, -0.002018317388207377210 ) ) ;
#2301 = CARTESIAN_POINT ( 'NONE',  ( 0.003289134432085352722, 0.009152201024052326536, 0.0001291244324850944415 ) ) ;
#2302 = CIRCLE ( 'NONE', #5921, 0.005016500000000010534 ) ;
#2303 = DIRECTION ( 'NONE',  ( 0.000000000000000000, 0.000000000000000000, 1.000000000000000000 ) ) ;
#2304 = ADVANCED_FACE ( 'NONE', ( #4334 ), #5543, .T. ) ;
#2305 = CARTESIAN_POINT ( 'NONE',  ( 0.002660445728644402624, 0.009861893431246637406, 0.0009713595516372371726 ) ) ;
#2306 = CARTESIAN_POINT ( 'NONE',  ( -0.003055209233201195904, 0.01187931040215905662, 0.0002770633558325990902 ) ) ;
#2307 = CARTESIAN_POINT ( 'NONE',  ( 0.002647211874161932085, 0.009879815904443443875, 0.0009771100896459028982 ) ) ;
#2308 = CIRCLE ( 'NONE', #4126, 0.02781451190476182805 ) ;
#2309 = CARTESIAN_POINT ( 'NONE',  ( -0.002948262058911034142, 0.009509261670082948953, -0.0007808779854521842893 ) ) ;
#2310 = CARTESIAN_POINT ( 'NONE',  ( -0.002303831231398793897, 0.01105647429362885750, 0.0004782984229311787873 ) ) ;
#2311 = CARTESIAN_POINT ( 'NONE',  ( -0.002342384831631291915, 0.01001527709505117651, 0.001014649008101703182 ) ) ;
#2312 = CARTESIAN_POINT ( 'NONE',  ( 0.004022396171868176072, 0.008952238212006488269, 0.0003896755667906377243 ) ) ;
#2313 = CARTESIAN_POINT ( 'NONE',  ( -0.05503235384657262363, 0.01016951923577397339, -0.004538067004978324839 ) ) ;
#2314 = CARTESIAN_POINT ( 'NONE',  ( -0.002300054845834466431, 0.01060415797651127930, 0.0009144215389336624597 ) ) ;
#2315 = CARTESIAN_POINT ( 'NONE',  ( 0.002972743368678491295, 0.01083789649466550091, 0.001761782056206823849 ) ) ;
#2316 = ORIENTED_EDGE ( 'NONE', *, *, #6548, .F. ) ;
#2317 = CYLINDRICAL_SURFACE ( 'NONE', #3515, 0.005016500000000010534 ) ;
#2318 = DIRECTION ( 'NONE',  ( -0.000000000000000000, -1.000000000000000000, -0.000000000000000000 ) ) ;
#2319 = CARTESIAN_POINT ( 'NONE',  ( -0.05375896055050212452, 0.01011414554320247058, -0.004513732244032800378 ) ) ;
#2320 = CARTESIAN_POINT ( 'NONE',  ( 0.002417950199928866305, 0.01025899429547350201, -0.001011300756118061741 ) ) ;
#2321 = CARTESIAN_POINT ( 'NONE',  ( 0.1186838344174951793, 0.008794122077952827923, -0.001609821697139896153 ) ) ;
#2322 = CARTESIAN_POINT ( 'NONE',  ( -0.006215081297392297324, 0.005763423686348006364, -0.0007099300902985166035 ) ) ;
#2323 = VERTEX_POINT ( 'NONE', #676 ) ;
#2324 = CARTESIAN_POINT ( 'NONE',  ( -0.002297238256086859675, 0.01102328475599034276, 0.0005359994567564274962 ) ) ;
#2325 = CARTESIAN_POINT ( 'NONE',  ( -0.002709184290474414385, 0.009796742596902136002, 0.0009489124508516029021 ) ) ;
#2326 = CARTESIAN_POINT ( 'NONE',  ( -0.0002540000000000001566, 0.005588000000000000085, 0.001404488224300015587 ) ) ;
#2327 = CARTESIAN_POINT ( 'NONE',  ( -0.003058224090901234902, 0.01188714133374594965, -0.0002058955702562566780 ) ) ;
#2328 = DIRECTION ( 'NONE',  ( -0.000000000000000000, 1.000000000000000000, -0.000000000000000000 ) ) ;
#2329 = CARTESIAN_POINT ( 'NONE',  ( 0.002461900661624604001, 0.0009212413750607479192, -0.005753353892923325670 ) ) ;
#2330 = CARTESIAN_POINT ( 'NONE',  ( -1.925929944387235853E-33, 0.01270000000000000122, 0.000000000000000000 ) ) ;
#2331 = DIRECTION ( 'NONE',  ( 0.000000000000000000, 0.000000000000000000, -1.000000000000000000 ) ) ;
#2332 = CARTESIAN_POINT ( 'NONE',  ( -0.002282318018094419386, 0.01091076495816321705, 0.0006849207966290428917 ) ) ;
#2333 = PLANE ( 'NONE',  #1970 ) ;
#2334 = VECTOR ( 'NONE', #3712, 1.000000000000000000 ) ;
#2335 = CARTESIAN_POINT ( 'NONE',  ( 0.002335795393299804068, 0.01117644471752775141, -1.702473551884709659E-05 ) ) ;
#2336 = DIRECTION ( 'NONE',  ( 0.000000000000000000, -1.000000000000000000, 0.000000000000000000 ) ) ;
#2337 = CARTESIAN_POINT ( 'NONE',  ( -0.004019813836287429616, 0.008955497057262288424, -0.0004099051101662089594 ) ) ;
#2338 = AXIS2_PLACEMENT_3D ( 'NONE', #5794, #4791, #1071 ) ;
#2339 = FACE_OUTER_BOUND ( 'NONE', #4387, .T. ) ;
#2340 = CARTESIAN_POINT ( 'NONE',  ( -0.002961645300713910967, 0.01155256221251819461, 0.001197305797169304813 ) ) ;
#2341 = CARTESIAN_POINT ( 'NONE',  ( 0.003282763959744812877, 0.009158519794411505710, 0.0001720142363162778358 ) ) ;
#2342 = EDGE_CURVE ( 'NONE', #2889, #3435, #3505, .T. ) ;
#2343 = CARTESIAN_POINT ( 'NONE',  ( -0.002860522849845315539, 0.009609856219277896142, -0.0008543066276550484754 ) ) ;
#2344 = CARTESIAN_POINT ( 'NONE',  ( 0.1059590897870646281, 0.009491331469550771949, -0.0001531208350810048051 ) ) ;
#2345 = FACE_OUTER_BOUND ( 'NONE', #5939, .T. ) ;
#2346 = CARTESIAN_POINT ( 'NONE',  ( 0.003898649647252074978, 0.009111460307960353444, 0.0008842531518466554673 ) ) ;
#2347 = FACE_OUTER_BOUND ( 'NONE', #2246, .T. ) ;
#2348 = B_SPLINE_CURVE_WITH_KNOTS ( 'NONE', 3,
 ( #2326, #1792, #1298, #3967, #5053, #3475, #764 ),
 .UNSPECIFIED., .F., .F.,
 ( 4, 3, 4 ),
 ( 0.008729009194748192646, 0.01361370798839668661, 0.01431720391460388278 ),
 .UNSPECIFIED. ) ;
#2349 = CARTESIAN_POINT ( 'NONE',  ( -0.04693699941531228464, 0.009861446068620129818, -0.004559220000570882864 ) ) ;
#2350 = CARTESIAN_POINT ( 'NONE',  ( -0.002334242742220049571, 0.01117154988379873669, 9.656071243416318797E-05 ) ) ;
#2351 = CARTESIAN_POINT ( 'NONE',  ( 0.003786576161737313043, 0.009260756426154193727, 0.001143120066158731345 ) ) ;
#2352 = EDGE_LOOP ( 'NONE', ( #5615, #6814, #5558, #653 ) ) ;
#2353 = DIRECTION ( 'NONE',  ( 0.000000000000000000, 0.000000000000000000, -1.000000000000000000 ) ) ;
#2354 = CARTESIAN_POINT ( 'NONE',  ( -0.004578735805018276442, 0.007948239442424034212, -0.004254418601753800697 ) ) ;
#2355 = CARTESIAN_POINT ( 'NONE',  ( -0.02282582766954642517, 0.008377499798608800674, -0.003943434724946907194 ) ) ;
#2356 = CARTESIAN_POINT ( 'NONE',  ( -0.003452957942434773872, 0.001265715187916218116, 0.005252063797436591110 ) ) ;
#2357 = CARTESIAN_POINT ( 'NONE',  ( -0.003277893785155379120, 0.001122114802363754441, 0.005330201903286728091 ) ) ;
#2358 = PRODUCT_DEFINITION_FORMATION_WITH_SPECIFIED_SOURCE ( 'ANY', '', #5257, .NOT_KNOWN. ) ;
#2359 = ORIENTED_EDGE ( 'NONE', *, *, #4799, .T. ) ;
#2360 = CARTESIAN_POINT ( 'NONE',  ( -0.002279595665322030253, 0.01078045839948021598, 0.0008047270713102455588 ) ) ;
#2361 = CARTESIAN_POINT ( 'NONE',  ( -0.002520296771696946356, 0.01007061013469278191, 0.001012314539196354285 ) ) ;
#2362 = ORIENTED_EDGE ( 'NONE', *, *, #3957, .F. ) ;
#2363 = AXIS2_PLACEMENT_3D ( 'NONE', #5688, #2389, #4021 ) ;
#2364 = AXIS2_PLACEMENT_3D ( 'NONE', #3516, #4075, #273 ) ;
#2365 = CARTESIAN_POINT ( 'NONE',  ( 0.001785667394348154505, 0.01046305122213599635, -0.0009697504610784583087 ) ) ;
#2366 = DIRECTION ( 'NONE',  ( -0.000000000000000000, -1.000000000000000000, -0.000000000000000000 ) ) ;
#2367 = CARTESIAN_POINT ( 'NONE',  ( -0.1302151272294644613, 0.005492717507648057530, 0.009236563483383654002 ) ) ;
#2368 = VECTOR ( 'NONE', #3374, 1.000000000000000000 ) ;
#2369 = CARTESIAN_POINT ( 'NONE',  ( -0.003024295141406433199, 0.01179442391265277806, 0.0007066815376303336093 ) ) ;
#2370 = EDGE_CURVE ( 'NONE', #684, #1526, #1342, .T. ) ;
#2371 = DIRECTION ( 'NONE',  ( 0.000000000000000000, -0.000000000000000000, 1.000000000000000000 ) ) ;
#2372 = DIRECTION ( 'NONE',  ( 0.7410584193547569143, 0.000000000000000000, 0.6714405551524491589 ) ) ;
#2373 = CARTESIAN_POINT ( 'NONE',  ( 0.002318524516110699943, 0.01111760665926016418, 0.0003399188124433678783 ) ) ;
#2374 = CARTESIAN_POINT ( 'NONE',  ( -0.1298871850427479602, 0.005773530768025441663, 0.008887030568784296328 ) ) ;
#2375 = CARTESIAN_POINT ( 'NONE',  ( 0.002946594071780064827, 0.009511232320694906067, 0.0007819637842942827244 ) ) ;
#2376 = CARTESIAN_POINT ( 'NONE',  ( -0.002938792441094059682, 0.01139363593031395352, 0.001398616433646911877 ) ) ;
#2377 = CARTESIAN_POINT ( 'NONE',  ( 0.002296605074138616427, 0.01101980384816982420, 0.0005415700679674342053 ) ) ;
#2378 = ORIENTED_EDGE ( 'NONE', *, *, #2370, .T. ) ;
#2379 = CARTESIAN_POINT ( 'NONE',  ( 0.1280502379732716411, 0.006738925866139232161, -0.006834337143306902160 ) ) ;
#2380 = CARTESIAN_POINT ( 'NONE',  ( 0.004573808175507339951, 0.007649285579370074077, 0.004259434090775700635 ) ) ;
#2381 = CARTESIAN_POINT ( 'NONE',  ( 0.003038097166436734206, 0.01183310390015271558, 0.0005413971359078862842 ) ) ;
#2382 = CARTESIAN_POINT ( 'NONE',  ( 0.002311388433485423062, 0.01108960398855144726, 0.0004101284002588267345 ) ) ;
#2383 = CARTESIAN_POINT ( 'NONE',  ( -0.002307621396636076131, 0.01107369057005749662, 0.0004446676669157456001 ) ) ;
#2384 = EDGE_CURVE ( 'NONE', #1865, #1715, #5449, .T. ) ;
#2385 = CARTESIAN_POINT ( 'NONE',  ( 0.003043207979239264359, 0.01184741162072351639, -0.0004796967261130604082 ) ) ;
#2386 = ORIENTED_EDGE ( 'NONE', *, *, #2055, .F. ) ;
#2387 = APPLICATION_CONTEXT ( 'automotive_design' ) ;
#2388 = VECTOR ( 'NONE', #1276, 1.000000000000000000 ) ;
#2389 = DIRECTION ( 'NONE',  ( -0.000000000000000000, -1.000000000000000000, -0.000000000000000000 ) ) ;
#2390 = CARTESIAN_POINT ( 'NONE',  ( -0.06293829927198624219, -0.0004111327656885649948, 0.02381863383957465857 ) ) ;
#2391 = CARTESIAN_POINT ( 'NONE',  ( 0.002913436652106977942, 0.009548586652657120588, -0.0008120301267590303990 ) ) ;
#2392 = CARTESIAN_POINT ( 'NONE',  ( 0.1303093447118917891, 0.005745994793401798181, -0.008474878031633178641 ) ) ;
#2393 = CARTESIAN_POINT ( 'NONE',  ( -0.003229058120564650206, 0.001312614030624728373, 0.005359603201769130160 ) ) ;
#2394 = ORIENTED_EDGE ( 'NONE', *, *, #5609, .T. ) ;
#2395 = CARTESIAN_POINT ( 'NONE',  ( -0.002309354965902051492, 0.01108114728783054365, 0.0004290026014835594619 ) ) ;
#2396 = CARTESIAN_POINT ( 'NONE',  ( -0.002841402719195674186, 0.009632464444654454186, 0.0008683107216775050406 ) ) ;
#2397 = B_SPLINE_CURVE_WITH_KNOTS ( 'NONE', 3,
 ( #841, #6832, #1040, #2713, #4869, #5705 ),
 .UNSPECIFIED., .F., .F.,
 ( 4, 2, 4 ),
 ( -9.823271168223723481E-06, 0.001156098661275245651, 0.002322020593718714977 ),
 .UNSPECIFIED. ) ;
#2398 = ADVANCED_FACE ( 'NONE', ( #5311 ), #6406, .F. ) ;
#2399 = ORIENTED_EDGE ( 'NONE', *, *, #5291, .F. ) ;
#2400 = CARTESIAN_POINT ( 'NONE',  ( -0.1300000000000000600, 0.005612429250701393181, 0.009265824011769558180 ) ) ;
#2401 = CARTESIAN_POINT ( 'NONE',  ( 0.006224183406328323738, 0.004561860872740984563, -0.0007586676838563116178 ) ) ;
#2402 = CARTESIAN_POINT ( 'NONE',  ( -0.1301262072165761674, 0.005755844196995223497, 0.009247630928325034638 ) ) ;
#2403 = CARTESIAN_POINT ( 'NONE',  ( 0.002927115764163555449, 0.01128200044381236916, 0.001517661014291603284 ) ) ;
#2404 = ADVANCED_BREP_SHAPE_REPRESENTATION ( '', ( #92, #989 ), #3951 ) ;
#2405 = CARTESIAN_POINT ( 'NONE',  ( 0.000000000000000000, 0.009271000000000001462, -0.001397000000000000021 ) ) ;
#2406 = DIRECTION ( 'NONE',  ( -0.000000000000000000, -1.000000000000000000, -0.000000000000000000 ) ) ;
#2407 = CARTESIAN_POINT ( 'NONE',  ( 0.002793618957848687835, 0.009690039300632839053, -0.0009008295614053848715 ) ) ;
#2408 = CARTESIAN_POINT ( 'NONE',  ( 0.002316954058228625456, 0.01111169255993072792, 0.0003561383004808158317 ) ) ;
#2409 = ADVANCED_FACE ( 'NONE', ( #4749 ), #999, .F. ) ;
#2410 = CARTESIAN_POINT ( 'NONE',  ( -0.1292768947031388282, 0.006246072257621843211, 0.007870588289441923097 ) ) ;
#2411 = CARTESIAN_POINT ( 'NONE',  ( 0.003244033295037086675, 0.009197157843289350751, -0.0003283726140195780815 ) ) ;
#2412 = CARTESIAN_POINT ( 'NONE',  ( -0.002950188498995124156, 0.01148461320057287544, 0.001290947613800367709 ) ) ;
#2413 = ADVANCED_FACE ( 'NONE', ( #385 ), #6344, .F. ) ;
#2414 = CARTESIAN_POINT ( 'NONE',  ( 0.002320076089559583183, 0.01112335867846722844, -0.0003232568059403213801 ) ) ;
#2415 = ORIENTED_EDGE ( 'NONE', *, *, #2783, .F. ) ;
#2416 = CARTESIAN_POINT ( 'NONE',  ( 0.002299931763505448819, 0.01103748117613487928, -0.0005124252614094464446 ) ) ;
#2417 = CARTESIAN_POINT ( 'NONE',  ( 0.06337957611814908077, 0.01022865781327606492, 0.003718901603759127046 ) ) ;
#2418 = CARTESIAN_POINT ( 'NONE',  ( -0.002541949055656420389, 0.009170193112560922483, -0.0002651302037200580527 ) ) ;
#2419 = CARTESIAN_POINT ( 'NONE',  ( 0.003000849218461929414, 0.01171791421373451388, 0.0008944066714572447736 ) ) ;
#2420 = CARTESIAN_POINT ( 'NONE',  ( 0.002419511253505529126, 0.01025436675252428161, -0.001012631724979145241 ) ) ;
#2421 = CARTESIAN_POINT ( 'NONE',  ( -0.002334717099215981827, 0.01117305001923537232, 7.927989448824643661E-05 ) ) ;
#2422 = AXIS2_PLACEMENT_3D ( 'NONE', #6439, #6474, #5343 ) ;
#2423 = CARTESIAN_POINT ( 'NONE',  ( 0.003023897020303455314, 0.01179185972840860255, -0.0006922897079817448562 ) ) ;
#2424 = ORIENTED_EDGE ( 'NONE', *, *, #1112, .F. ) ;
#2425 = CARTESIAN_POINT ( 'NONE',  ( 0.003005376375326630160, 0.01070439119059082150, -0.001797478626854714327 ) ) ;
#2426 = B_SPLINE_SURFACE_WITH_KNOTS ( 'NONE', 1, 3, ( 
 ( #5978, #1127, #6541, #2294, #126, #6620, #2827, #3299, #5414, #6508, #5453, #3826, #1754, #4430, #2757, #6083, #1719, #552, #2149, #5487, #5944, #4915, #58, #4318, #4392, #4843, #6580, #4356, #2224, #5379, #3263, #6472, #2186, #1647, #1685, #3862, #4982, #3899, #2725, #7005, #514, #6012, #1613, #1162, #2792, #3791, #1087, #4463, #4951, #3331, #623, #4879, #2687, #3227, #3931, #6047, #93, #2261, #1196, #3368, #5523, #735, #2026, #4198, #4129, #4695, #5561, #6281, #1265, #697, #2530, #929, #6781, #2495, #1423, #2863, #6121, #2327, #4728, #2900, #3066, #5151, #5019, #3405, #3604, #163, #291, #897, #1796, #4497, #3099, #5223, #5723, #6815, #3968, #6655, #1234, #6882, #4163, #6247, #361, #1992, #6850, #3440, #2459, #5592, #4627, #5756, #6315, #1928, #1458, #4094, #1390, #3639, #5254, #3568, #4660, #5791, #858, #3029, #5186, #328, #1961, #392, #2564, #2089, #6414, #6448, #3168, #1518, #5319, #3240, #6917, #2705, #1557, #3131, #2166, #2668, #992, #5285, #3767, #3203, #423, #4333, #4297, #5857, #3731, #5357, #2600, #6380, #6981, #4893, #1591, #4824, #5922, #5891, #1029, #4756, #3698, #1487, #492, #5958, #2054, #5394, #3668, #460, #5820, #2129, #959, #1102, #4262, #1068, #530, #4858, #5431, #3281, #2740, #568, #3272, #2635, #4789, #6487, #6949, #39, #1627, #3806, #2202, #6347, #4229, #3312, #6635, #74, #2277, #1736, #5467, #5542 ),
 ( #4514, #4998, #6026, #180, #1246, #5034, #603, #2309, #3914, #1811, #6561, #2343, #6671, #3945, #1771, #4447, #6101, #3982, #6598, #6138, #1281, #3419, #5576, #3878, #2808, #748, #3456, #141, #5503, #5606, #713, #2915, #2772, #4478, #2880, #5066, #3385, #675, #1701, #2842, #6064, #5994, #219, #1214, #4370, #639, #6521, #1661, #3840, #4931, #2238, #4410, #4966, #1108, #498, #3319, #6986, #2134, #646, #4865, #5474, #6420, #3739, #1036, #3208, #1597, #2283, #5582, #6711, #116, #5108, #3950, #4018, #6211, #5612, #5005, #1220, #720, #4484, #149, #1286, #2421, #2350, #4558, #5684, #6176, #6071, #3462, #1317, #225, #4452, #3391, #2887, #6641, #2383, #2954, #187, #5071, #6606, #1742, #3427, #753, #786, #253, #3920, #1850, #4590, #2849, #5549, #1251, #3495, #6743, #2921, #1777, #681, #2314, #5648, #1889, #6106, #4521, #5040, #4052, #1355, #6677, #3530, #1818, #3988, #2989, #6144, #5853, #3025, #926, #4725, #3563, #4657, #3695, #2561, #1989, #4091, #3127, #3095, #6812, #5220, #4160, #1925, #5183, #5786, #988, #389, #3636, #6878, #358, #4691, #6243, #323, #287, #6846, #4753, #1386, #2022, #2455, #1957, #4623, #5251, #6777, #6912, #3063, #893, #2527, #1455, #4226, #2051, #1515, #6377, #6312, #2492, #1420, #4195, #5753, #5148, #6342, #1484, #5720, #3665, #4124, #855, #5817, #6278, #956, #5282, #3600, #420, #2596, #4365, #4295, #3238 ) ),
 .UNSPECIFIED., .F., .T., .F.,
 ( 2, 2 ),
 ( 4, 2, 2, 2, 2, 2, 2, 2, 2, 2, 2, 2, 2, 2, 2, 2, 2, 2, 2, 2, 2, 2, 2, 2, 2, 2, 2, 2, 2, 2, 2, 2, 2, 2, 2, 2, 2, 2, 2, 2, 2, 2, 2, 2, 2, 2, 2, 2, 2, 2, 2, 2, 2, 2, 2, 2, 2, 2, 2, 2, 2, 2, 2, 2, 2, 2, 2, 2, 2, 2, 2, 2, 2, 2, 2, 2, 2, 2, 2, 2, 2, 2, 2, 2, 2, 2, 2, 2, 2, 2, 2, 2, 2, 2, 2, 2, 2, 4 ),
 ( 0.000000000000000000, 1.000000000000000000 ),
 ( 0.009287196798643565510, 0.009434807279141484149, 0.009582417759639402788, 0.009730028240137321427, 0.009877638720635238331, 0.009951443960884195916, 0.01002524920113315524, 0.01017285968163107387, 0.01032047016212899251, 0.01039427540237795183, 0.01046808064262691115, 0.01054188588287587047, 0.01061569112312482979, 0.01076330160362274670, 0.01091091208412066360, 0.01105852256461858224, 0.01113232780486754156, 0.01120613304511650088, 0.01127993828536546020, 0.01135374352561441952, 0.01150135400611233816, 0.01157515924636129748, 0.01164896448661025506, 0.01172276972685921265, 0.01179657496710817197, 0.01194418544760609061, 0.01201799068785504992, 0.01209179592810400924, 0.01216560116835296856, 0.01223940640860192788, 0.01238701688909984652, 0.01246082212934880584, 0.01253462736959776343, 0.01260843260984672101, 0.01268223785009568033, 0.01275604309034463965, 0.01282984833059359897, 0.01290365357084255829, 0.01297745881109151761, 0.01312506929158943625, 0.01327267977208735489, 0.01334648501233631421, 0.01342029025258527179, 0.01349409549283422938, 0.01356790073308318870, 0.01371551121358110734, 0.01378931645383006666, 0.01386312169407902598, 0.01393692693432798529, 0.01401073217457694461, 0.01415834265507486325, 0.01423214789532382257, 0.01430595313557278016, 0.01445356361607069706, 0.01452736885631965638, 0.01460117409656861570, 0.01467497933681757502, 0.01474878457706653434, 0.01489639505756445298, 0.01497020029781341230, 0.01504400553806237162, 0.01511781077831133094, 0.01519161601856028852, 0.01533922649905820543, 0.01548683697955612407, 0.01563444746005404271, 0.01578205794055196134, 0.01592966842104987651, 0.01600347366129883583, 0.01607727890154779515, 0.01622488938204571379, 0.01637249986254363243, 0.01652011034304155107, 0.01659391558329051039, 0.01666772082353946971, 0.01681533130403738835, 0.01696294178453530699, 0.01711055226503322563, 0.01718435750528218495, 0.01725816274553114427, 0.01733196798578010359, 0.01740577322602906291, 0.01747957846627801876, 0.01755338370652697808, 0.01762718894677593739, 0.01766409156690041532, 0.01770099418702489324, 0.01784860466752281188, 0.01792240990777177120, 0.01799621514802073052, 0.01807002038826968984, 0.01814382562851864916, 0.01829143610901656780, 0.01836524134926552712, 0.01843904658951448644, 0.01851285182976344576, 0.01858665707001240508, 0.01873426755051032372 ),
 .UNSPECIFIED. ) ;
#2427 = DIRECTION ( 'NONE',  ( -1.123292760552739875E-17, 0.000000000000000000, 1.000000000000000000 ) ) ;
#2428 = CARTESIAN_POINT ( 'NONE',  ( -0.001348694731337144381, 0.0008508732707223348865, 0.006102747129093867053 ) ) ;
#2429 = CARTESIAN_POINT ( 'NONE',  ( 0.1302214705903549374, 0.005602867160156749932, -0.008944368703731548145 ) ) ;
#2430 = CARTESIAN_POINT ( 'NONE',  ( -0.002742988533663323191, 0.0009749806312816717592, 0.005624202512423716327 ) ) ;
#2431 = ORIENTED_EDGE ( 'NONE', *, *, #3128, .F. ) ;
#2432 = CARTESIAN_POINT ( 'NONE',  ( -0.002392488842665253888, 0.01031408400320800271, 0.001004802645777635745 ) ) ;
#2433 = VERTEX_POINT ( 'NONE', #134 ) ;
#2434 = ADVANCED_FACE ( 'NONE', ( #3905 ), #4637, .F. ) ;
#2435 = FACE_BOUND ( 'NONE', #4526, .T. ) ;
#2436 = ORIENTED_EDGE ( 'NONE', *, *, #3835, .F. ) ;
#2437 = CARTESIAN_POINT ( 'NONE',  ( 0.006254931681979827678, 0.005211539447124335228, -6.850080460931405602E-05 ) ) ;
#2438 = CARTESIAN_POINT ( 'NONE',  ( -0.004705164914189752072, 0.007932383614030431851, -0.004253490230609671512 ) ) ;
#2439 = CARTESIAN_POINT ( 'NONE',  ( -0.0002540000000000002109, 0.001693388050948601989, 0.003597906215379685115 ) ) ;
#2440 = MANIFOLD_SOLID_BREP ( 'Revolve1', #6935 ) ;
#2441 = CARTESIAN_POINT ( 'NONE',  ( -0.003452957942434773872, 0.001265715187916218116, 0.005252063797436591110 ) ) ;
#2442 = CARTESIAN_POINT ( 'NONE',  ( -0.002981387071025747189, 0.01080038746764883095, 0.001772775423132336332 ) ) ;
#2443 = DIRECTION ( 'NONE',  ( 0.000000000000000000, 0.000000000000000000, -1.000000000000000000 ) ) ;
#2444 = CARTESIAN_POINT ( 'NONE',  ( 0.002368460107897980664, 0.01037304223401097625, 0.0009935559193488677828 ) ) ;
#2445 = CARTESIAN_POINT ( 'NONE',  ( -0.1263826577367505033, 0.007204543075755485103, 0.005818019479081126995 ) ) ;
#2446 = CARTESIAN_POINT ( 'NONE',  ( 0.002924796389976913949, 0.009535749830272896924, 0.0008018797741748494691 ) ) ;
#2447 = CARTESIAN_POINT ( 'NONE',  ( -0.003322180356682347385, 0.009966930633826443300, -0.001727104044105704905 ) ) ;
#2448 = CARTESIAN_POINT ( 'NONE',  ( 0.002292816168224906699, 0.01064482126106792818, 0.0008935249729611063549 ) ) ;
#2449 = ORIENTED_EDGE ( 'NONE', *, *, #6914, .F. ) ;
#2450 = CIRCLE ( 'NONE', #6864, 0.002552700000000011470 ) ;
#2451 = CARTESIAN_POINT ( 'NONE',  ( 0.05535507364204889785, 0.01004233498335369359, 0.003901532181211889334 ) ) ;
#2452 = DIRECTION ( 'NONE',  ( 0.000000000000000000, -1.000000000000000000, 0.000000000000000000 ) ) ;
#2453 = CARTESIAN_POINT ( 'NONE',  ( 0.003029837992353962527, 0.01180946967019846049, 0.0006329094046391120065 ) ) ;
#2454 = CARTESIAN_POINT ( 'NONE',  ( 0.002291609958428593441, 0.01098952470617332346, -0.0005866616948460773090 ) ) ;
#2455 = CARTESIAN_POINT ( 'NONE',  ( -0.003213151457615026196, 0.009228305882015407774, 0.0004055649893833238799 ) ) ;
#2456 = PRESENTATION_LAYER_ASSIGNMENT (  '', '', ( #867 ) ) ;
#2457 = CARTESIAN_POINT ( 'NONE',  ( 0.002979959938947846030, 0.01163807896237228912, 0.001056760502104231794 ) ) ;
#2458 = ORIENTED_EDGE ( 'NONE', *, *, #4125, .F. ) ;
#2459 = CARTESIAN_POINT ( 'NONE',  ( -0.002950188498995124156, 0.01148461320057287544, 0.001290947613800367709 ) ) ;
#2460 = CARTESIAN_POINT ( 'NONE',  ( 0.003050319586797964940, 0.01055595678789155757, -0.001821141852869742140 ) ) ;
#2461 = CARTESIAN_POINT ( 'NONE',  ( -0.01534281402510853827, 0.007858758728377449043, -0.003286431644049720054 ) ) ;
#2462 = CARTESIAN_POINT ( 'NONE',  ( 0.1294255926849188776, 0.006158858212187639548, -0.008050421900622014779 ) ) ;
#2463 = CARTESIAN_POINT ( 'NONE',  ( -0.005811759464068039747, 0.006685452077468680490, -0.002315442623347614866 ) ) ;
#2464 = ORIENTED_EDGE ( 'NONE', *, *, #5211, .T. ) ;
#2465 = CARTESIAN_POINT ( 'NONE',  ( -0.002632874532014933301, 0.009899876944562725073, 0.0009826294927504737250 ) ) ;
#2466 =( NAMED_UNIT ( * ) SI_UNIT ( $, .STERADIAN. ) SOLID_ANGLE_UNIT ( ) );
#2467 = ORIENTED_EDGE ( 'NONE', *, *, #6861, .T. ) ;
#2468 = CARTESIAN_POINT ( 'NONE',  ( 6.127887653573426787E-19, 0.006959600000000000682, 0.005003799999999891668 ) ) ;
#2469 = ORIENTED_EDGE ( 'NONE', *, *, #4508, .F. ) ;
#2470 = CARTESIAN_POINT ( 'NONE',  ( 0.04159626715539756214, 0.009341790277693110683, 0.003659387467681091827 ) ) ;
#2471 = CARTESIAN_POINT ( 'NONE',  ( 0.01075406328422114435, 0.003686528871476170855, -0.001575394876830107363 ) ) ;
#2472 = CARTESIAN_POINT ( 'NONE',  ( 0.005317755342543727289, 0.007242777360198703919, 0.003332230979103708527 ) ) ;
#2473 = CARTESIAN_POINT ( 'NONE',  ( 0.01760140311889669615, 0.008151381810670958392, 0.003997515822972782899 ) ) ;
#2474 = CARTESIAN_POINT ( 'NONE',  ( -0.004523087787975445598, 0.007860825946913984827, -0.004353659783844815619 ) ) ;
#2475 = DIRECTION ( 'NONE',  ( 9.484135310589723205E-16, 1.000000000000000000, -0.000000000000000000 ) ) ;
#2476 = AXIS2_PLACEMENT_3D ( 'NONE', #1277, #5639, #4043 ) ;
#2477 = CARTESIAN_POINT ( 'NONE',  ( 0.02600702722991126564, 0.008262457563746310879, 0.003004543918101499917 ) ) ;
#2478 = CARTESIAN_POINT ( 'NONE',  ( 0.0002540000000000000482, 0.003959823862167014333, -0.001418087575392719532 ) ) ;
#2479 = CARTESIAN_POINT ( 'NONE',  ( 0.002349933813401513041, 0.01042222562470247922, 0.0009821529215184516323 ) ) ;
#2480 = ADVANCED_FACE ( 'NONE', ( #29, #4611 ), #3937, .T. ) ;
#2481 = CARTESIAN_POINT ( 'NONE',  ( -0.09027822847051274191, 0.01010803770352137164, -0.001900324748574598252 ) ) ;
#2482 = CARTESIAN_POINT ( 'NONE',  ( -0.007313759297555529233, 0.007743516891045161034, -0.004077424194064998945 ) ) ;
#2483 = CARTESIAN_POINT ( 'NONE',  ( 0.002874453898845180481, 0.009593608694910948226, 0.0008435019567933603338 ) ) ;
#2484 = B_SPLINE_SURFACE_WITH_KNOTS ( 'NONE', 1, 3, ( 
 ( #2642, #1038, #537, #4867, #2034, #4305, #2711, #6922, #5829, #4270, #3775, #6495, #499, #3705, #968, #3139, #5401, #1600, #6388, #6422, #1564, #7, #4831, #3741, #5965, #5901, #6988, #4208, #2136, #5931, #1074, #3249, #2173, #4341, #1110, #3287, #577, #6356, #3921, #2284, #5475, #1149, #722, #2815, #3954, #5583, #6678, #6035, #3321, #2351, #755, #683, #1252, #2210, #2851, #46, #4378, #1186, #4524, #3357, #6073, #5006, #6528, #2779, #6001, #1288, #6566, #6643, #611, #647, #4970, #151, #1708, #82, #3885, #1778, #4939, #3428, #117, #1670, #2888, #1221, #5511, #3849, #2315, #1743, #2245, #5042, #4485, #4419, #4453, #3393, #6608, #5551, #6107, #3464, #189, #1819, #3989, #6145, #5614, #4900, #5109, #5074, #2457, #2528, #4019, #6813, #226, #4592, #820, #6712, #5651, #6279, #2991, #5686, #5149, #6245, #895, #6178, #1926, #289, #4625, #254, #6214, #6779, #4693, #856, #2385, #1456, #5789, #1421, #2423, #1852, #4092, #6313, #1891, #3637, #1319, #1388, #4559, #4127, #4053, #3566, #3496, #2956, #788, #6744, #1356, #5721, #3027, #6848, #3602, #3532, #1990, #5184, #326, #2493, #4658, #1959, #5754, #2922, #3064, #5221, #359, #4161, #990, #1027, #4754, #3129, #6915, #4822, #1485, #4296, #3166, #4726, #3766, #4260, #2598, #6879, #5354, #4786, #2024, #5920, #5889, #421, #5317, #6947, #4196, #957, #1555, #6485, #3201, #6412, #490, #458, #2633, #6345, #5283, #3096, #2087, #529, #3666, #6980 ),
 ( #4227, #2703, #1516, #5818, #2052, #6378, #927, #3696, #3729, #2666, #5855, #3239, #2127, #6447, #1590, #1067, #5393, #4857, #6421, #1626, #2165, #4332, #3805, #5252, #390, #2562, #2840, #5541, #5465, #4407, #2341, #6099, #6597, #601, #1769, #4997, #6632, #36, #3912, #140, #6063, #4965, #110, #3311, #2276, #6025, #567, #6670, #1700, #5501, #1140, #1810, #1174, #3384, #5033, #3349, #3944, #1734, #638, #1101, #1659, #674, #1213, #3418, #6559, #2806, #3876, #3279, #2307, #4476, #1245, #2770, #5575, #711, #4446, #2878, #5430, #2739, #2236, #178, #4511, #5956, #4892, #2201, #4368, #3839, #6520, #73, #5993, #4929, #2448, #5641, #747, #218, #2486, #5714, #3488, #6205, #4551, #4652, #4616, #248, #5748, #4584, #6703, #2377, #2948, #3981, #1843, #6771, #3556, #4013, #6272, #5064, #5141, #281, #6169, #6806, #1951, #850, #2520, #1919, #3018, #779, #1349, #3592, #1414, #5177, #317, #5101, #2414, #352, #4118, #4084, #6738, #884, #3056, #5214, #1310, #6236, #4685, #1380, #2982, #6841, #1882, #6137, #4045, #5605, #1279, #3525, #5677, #814, #3454, #2914, #6405, #1058, #6370, #6972, #2624, #3689, #4152, #4719, #1546, #4780, #6441, #415, #1508, #6906, #6305, #4252, #483, #2660, #1446, #2589, #3723, #1984, #2117, #5810, #5883, #3231, #450, #6873, #3089, #4748, #6337, #2014, #3156, #4290, #4221, #1019, #520, #3196, #921, #5310, #5346, #2081, #3631, #5244, #2046, #983, #5845, #2556, #383, #4815 ) ),
 .UNSPECIFIED., .F., .T., .F.,
 ( 2, 2 ),
 ( 4, 2, 2, 2, 2, 2, 2, 2, 2, 2, 2, 2, 2, 2, 2, 2, 2, 2, 2, 2, 2, 2, 2, 2, 2, 2, 2, 2, 2, 2, 2, 2, 2, 2, 2, 2, 2, 2, 2, 2, 2, 2, 2, 2, 2, 2, 2, 2, 2, 2, 2, 2, 2, 2, 2, 2, 2, 2, 2, 2, 2, 2, 2, 2, 2, 2, 2, 2, 2, 2, 2, 2, 2, 2, 2, 2, 2, 2, 2, 2, 2, 2, 2, 2, 2, 2, 2, 2, 2, 2, 2, 2, 2, 2, 2, 2, 2, 2, 2, 2, 2, 4 ),
 ( 0.000000000000000000, 1.000000000000000000 ),
 ( 0.0007095175029722192162, 0.0008566319699084754252, 0.0009301892033766035297, 0.001003746436844731634, 0.001077303670312859847, 0.001150860903780987843, 0.001297975370717244052, 0.001445089837653500261, 0.001518647071121628257, 0.001592204304589756470, 0.001665761538057884466, 0.001739318771526012462, 0.001886433238462268671, 0.001923211855196332778, 0.001959990471930396667, 0.002033547705398524880, 0.002107104938866653093, 0.002180662172334780873, 0.002254219405802909085, 0.002327776639271037298, 0.002401333872739165078, 0.002474891106207293291, 0.002622005573143549283, 0.002695562806611677496, 0.002769120040079805709, 0.002842677273547933921, 0.002916234507016062134, 0.003063348973952318127, 0.003136906207420446339, 0.003210463440888574119, 0.003284020674356702332, 0.003357577907824830545, 0.003504692374761086537, 0.003651806841697342529, 0.003798921308633598955, 0.003946035775569855381, 0.004093150242506110939, 0.004240264709442367365, 0.004313821942910495144, 0.004387379176378623791, 0.004460936409846751570, 0.004534493643314879349, 0.004681608110251135775, 0.004755165343719263554, 0.004828722577187392201, 0.004975837044123648627, 0.005122951511059905053, 0.005196508744528032832, 0.005270065977996160611, 0.005417180444932417037, 0.005490737678400544816, 0.005564294911868673463, 0.005637852145336801242, 0.005711409378804929021, 0.005858523845741185447, 0.005932081079209313226, 0.006005638312677441873, 0.006079195546145569652, 0.006152752779613697431, 0.006226310013081826078, 0.006299867246549953857, 0.006446981713486210283, 0.006594096180422465842, 0.006741210647358722267, 0.006888325114294978693, 0.006961882347763106473, 0.007035439581231234252, 0.007108996814699362898, 0.007182554048167490678, 0.007256111281635618457, 0.007329668515103747103, 0.007403225748571874883, 0.007476782982040002662, 0.007550340215508131309, 0.007623897448976259088, 0.007771011915912515514, 0.007918126382848771072, 0.007991683616316899719, 0.008065240849785028365, 0.008138798083253157012, 0.008212355316721283924, 0.008359469783657539482, 0.008433027017125668129, 0.008506584250593796775, 0.008580141484061925422, 0.008653698717530052334, 0.008800813184466307892, 0.008874370417934436539, 0.008947927651402565186, 0.009021484884870693832, 0.009095042118338822479, 0.009242156585275078037, 0.009315713818743204949, 0.009389271052211333596, 0.009462828285679462242, 0.009536385519147590889, 0.009683499986083846447, 0.009830614453020102006, 0.009904171686488230653, 0.009977728919956359299, 0.01005128615342448795, 0.01012484338689261486 ),
 .UNSPECIFIED. ) ;
#2485 = CARTESIAN_POINT ( 'NONE',  ( -0.003574241690112685884, 0.009561217580954324904, -0.001478701500457607013 ) ) ;
#2486 = CARTESIAN_POINT ( 'NONE',  ( 0.002279312095702081160, 0.01078873997236683493, 0.0007982785207955451741 ) ) ;
#2487 = CARTESIAN_POINT ( 'NONE',  ( 0.002288628895217028128, 0.01067529750272464516, -0.0008757988370351192826 ) ) ;
#2488 = CARTESIAN_POINT ( 'NONE',  ( 0.1299071842509432750, 0.005742636662572498350, -0.008964242036096845001 ) ) ;
#2489 = CARTESIAN_POINT ( 'NONE',  ( -0.002971799453534318403, 0.009483111419674932624, -0.0007580029600270610192 ) ) ;
#2490 = CARTESIAN_POINT ( 'NONE',  ( 0.003056059672711211681, 0.01188151480986386101, 0.0002573086633413968231 ) ) ;
#2491 = CARTESIAN_POINT ( 'NONE',  ( 0.002315355938099286897, 0.01110560452761323938, -0.0003723681123089234287 ) ) ;
#2492 = CARTESIAN_POINT ( 'NONE',  ( -0.003297287727521060630, 0.009144128020666107345, 2.361381739498950576E-05 ) ) ;
#2493 = CARTESIAN_POINT ( 'NONE',  ( 0.002940398426528213240, 0.01104874920269012691, -0.001668516033787606273 ) ) ;
#2494 = ORIENTED_EDGE ( 'NONE', *, *, #1733, .F. ) ;
#2495 = CARTESIAN_POINT ( 'NONE',  ( -0.003046615533742745661, 0.01185654178562653253, -0.0004294154034090712788 ) ) ;
#2496 = CARTESIAN_POINT ( 'NONE',  ( 0.003278499106950927104, 0.01004595988246591645, -0.001756617298924868830 ) ) ;
#2497 = CARTESIAN_POINT ( 'NONE',  ( -0.03967421650238070474, -0.0006114436324195257448, 0.01421244208435700797 ) ) ;
#2498 = CARTESIAN_POINT ( 'NONE',  ( 0.1303679005252206258, 0.006016975711394714765, -0.007761062747400135700 ) ) ;
#2499 = CARTESIAN_POINT ( 'NONE',  ( -0.005016500000000020942, 0.001651000000000009665, 0.000000000000000000 ) ) ;
#2500 = ORIENTED_EDGE ( 'NONE', *, *, #6288, .T. ) ;
#2501 = CARTESIAN_POINT ( 'NONE',  ( -0.003297170326835446169, 0.009144244199652458785, -2.818808980698974108E-05 ) ) ;
#2502 =( BOUNDED_SURFACE ( )  B_SPLINE_SURFACE ( 3, 2, ( 
 ( #1191, #3362, #5518 ),
 ( #652, #4458, #1749 ),
 ( #1897, #729, #3470 ),
 ( #5048, #197, #5081 ),
 ( #2430, #5155, #6614 ),
 ( #2357, #2393, #6115 ),
 ( #1260, #6183, #2858 ),
 ( #5620, #1325, #4566 ),
 ( #3399, #4532, #1787 ),
 ( #5116, #6685, #6719 ),
 ( #3926, #5588, #760 ),
 ( #1825, #2927, #6651 ),
 ( #3995, #6152, #6078 ),
 ( #1228, #1294, #4060 ),
 ( #3502, #5557, #3962 ),
 ( #690, #5012, #5658 ),
 ( #1858, #4025, #260 ),
 ( #156, #6750, #6221 ),
 ( #4492, #2895, #1361 ),
 ( #3538, #2322, #827 ),
 ( #5692, #3434, #2996 ),
 ( #2288, #5861, #1394 ),
 ( #1932, #1491, #1427 ),
 ( #2463, #332, #3572 ),
 ( #4134, #1462, #6321 ),
 ( #963, #6819, #4099 ),
 ( #3103, #6251, #6285 ),
 ( #862, #5727, #2058 ) ),
 .UNSPECIFIED., .F., .F., .T. ) 
 B_SPLINE_SURFACE_WITH_KNOTS ( ( 4, 2, 2, 2, 2, 2, 2, 2, 2, 2, 2, 2, 2, 4 ),
 ( 3, 3 ),
 ( 0.008394450842092561829, 0.009343922446036323493, 0.01029339404998008342, 0.01124286565392384335, 0.01219233725786760328, 0.01314180886181136321, 0.01409128046575512487, 0.01599022367364264646, 0.01788916688153016632, 0.01883863848547392625, 0.01978811008941768618, 0.02073758169336144611, 0.02168705329730520603, 0.02358599650519272936 ),
 ( 0.000000000000000000, 1.000000000000000000 ),
 .UNSPECIFIED. ) 
 GEOMETRIC_REPRESENTATION_ITEM ( )  RATIONAL_B_SPLINE_SURFACE ( (
 ( 1.000000000000000000, 0.4403025848981768076, 1.000000000000000000),
 ( 1.000000000000000000, 0.4377136035618820475, 1.000000000000000000),
 ( 1.000000000000000000, 0.4367058249127266922, 1.000000000000000000),
 ( 1.000000000000000000, 0.4384327919690730324, 1.000000000000000000),
 ( 1.000000000000000000, 0.4411333166671816408, 1.000000000000000000),
 ( 1.000000000000000000, 0.4498916861734070793, 1.000000000000000000),
 ( 1.000000000000000000, 0.4560241275029219277, 1.000000000000000000),
 ( 1.000000000000000000, 0.4707499061439854304, 1.000000000000000000),
 ( 1.000000000000000000, 0.4792707045166433866, 1.000000000000000000),
 ( 1.000000000000000000, 0.4981522278918532609, 1.000000000000000000),
 ( 1.000000000000000000, 0.5085835830241343114, 1.000000000000000000),
 ( 1.000000000000000000, 0.5301279116944610514, 1.000000000000000000),
 ( 1.000000000000000000, 0.5413106192767326297, 1.000000000000000000),
 ( 1.000000000000000000, 0.5754429542090551131, 1.000000000000000000),
 ( 1.000000000000000000, 0.5991587726677461978, 1.000000000000000000),
 ( 1.000000000000000000, 0.6445646486211004111, 1.000000000000000000),
 ( 1.000000000000000000, 0.6664656430001062448, 1.000000000000000000),
 ( 1.000000000000000000, 0.6973730369347385105, 1.000000000000000000),
 ( 1.000000000000000000, 0.7074019860231797185, 1.000000000000000000),
 ( 1.000000000000000000, 0.7262790604161983854, 1.000000000000000000),
 ( 1.000000000000000000, 0.7351461651344520787, 1.000000000000000000),
 ( 1.000000000000000000, 0.7515815245182825288, 1.000000000000000000),
 ( 1.000000000000000000, 0.7591488391061808061, 1.000000000000000000),
 ( 1.000000000000000000, 0.7728041469717127354, 1.000000000000000000),
 ( 1.000000000000000000, 0.7788805870030964806, 1.000000000000000000),
 ( 1.000000000000000000, 0.7942069350162473951, 1.000000000000000000),
 ( 1.000000000000000000, 0.8007761933254445852, 1.000000000000000000),
 ( 1.000000000000000000, 0.8044043929966001594, 1.000000000000000000) ) ) 
 REPRESENTATION_ITEM ( '' )  SURFACE ( )  );
#2503 = CARTESIAN_POINT ( 'NONE',  ( 0.002954701211680996198, 0.01151283244804325243, 0.001253280565379846084 ) ) ;
#2504 = ORIENTED_EDGE ( 'NONE', *, *, #3587, .T. ) ;
#2505 = CARTESIAN_POINT ( 'NONE',  ( 0.02943472185887607145, 0.008527127158515687352, 0.003062210252500582180 ) ) ;
#2506 = CARTESIAN_POINT ( 'NONE',  ( 0.1132709726663813921, 0.0006486805838273644945, -0.02138733699392448423 ) ) ;
#2507 = CIRCLE ( 'NONE', #5900, 0.001473200000000000030 ) ;
#2508 = CARTESIAN_POINT ( 'NONE',  ( -0.06273769577148827215, -0.001455131271292819722, 0.02556509721400697030 ) ) ;
#2509 = CARTESIAN_POINT ( 'NONE',  ( -0.0002540000000000001566, 0.000000000000000000, -0.0002540000000000001024 ) ) ;
#2510 = EDGE_CURVE ( 'NONE', #4486, #4147, #6764, .T. ) ;
#2511 = CARTESIAN_POINT ( 'NONE',  ( 0.000000000000000000, 0.000000000000000000, 0.000000000000000000 ) ) ;
#2512 = CARTESIAN_POINT ( 'NONE',  ( -9.896207414363052682E-31, 0.01149665802481590268, 0.000000000000000000 ) ) ;
#2513 = DIRECTION ( 'NONE',  ( 0.000000000000000000, 1.000000000000000000, 0.000000000000000000 ) ) ;
#2514 = CARTESIAN_POINT ( 'NONE',  ( 0.002450358485594274129, 0.01019369303749343043, 0.001015999999999944899 ) ) ;
#2515 = ORIENTED_EDGE ( 'NONE', *, *, #2384, .F. ) ;
#2516 = CARTESIAN_POINT ( 'NONE',  ( -0.1103714546350972742, 0.009200790161541025705, 0.0009627541772545925329 ) ) ;
#2517 = CARTESIAN_POINT ( 'NONE',  ( -0.1059590897870649334, 0.009491331469550763275, 0.0001531208350817523354 ) ) ;
#2518 = CARTESIAN_POINT ( 'NONE',  ( -0.006101906734001594571, 0.006833382870104440579, -0.001379367767547006688 ) ) ;
#2519 = CARTESIAN_POINT ( 'NONE',  ( -0.002980181310871337936, 0.01080570456660322545, -0.001771175997730062681 ) ) ;
#2520 = CARTESIAN_POINT ( 'NONE',  ( 0.002332742671192395995, 0.01116675288138320628, 0.0001378481489333439143 ) ) ;
#2521 = UNCERTAINTY_MEASURE_WITH_UNIT (LENGTH_MEASURE( 1.000000000000000082E-05 ), #5654, 'distance_accuracy_value', 'NONE');
#2522 = DIRECTION ( 'NONE',  ( 1.000000000000000000, 0.000000000000000000, -1.123292760552739567E-17 ) ) ;
#2523 = PLANE ( 'NONE',  #4009 ) ;
#2524 = CARTESIAN_POINT ( 'NONE',  ( 0.002986835865823338990, 0.01166580092942262094, -0.001004141018738058909 ) ) ;
#2525 = CARTESIAN_POINT ( 'NONE',  ( 0.004523037382382861203, 0.007802071375435448188, 0.004353619276715106103 ) ) ;
#2526 = ADVANCED_FACE ( 'NONE', ( #5634 ), #242, .F. ) ;
#2527 = CARTESIAN_POINT ( 'NONE',  ( -0.003274938174305999563, 0.009166298164591121789, 0.0002123962718920055504 ) ) ;
#2528 = CARTESIAN_POINT ( 'NONE',  ( 0.002986904467302882882, 0.01166609716097508770, 0.001003570356424015372 ) ) ;
#2529 = ORIENTED_EDGE ( 'NONE', *, *, #4393, .T. ) ;
#2530 = CARTESIAN_POINT ( 'NONE',  ( -0.003034389027361370731, 0.01182261055250980603, -0.0005840186336435724580 ) ) ;
#2531 = CARTESIAN_POINT ( 'NONE',  ( -0.002295601128247076565, 0.01101390091596106055, 0.0005505535629898901254 ) ) ;
#2532 =( NAMED_UNIT ( * ) SI_UNIT ( $, .STERADIAN. ) SOLID_ANGLE_UNIT ( ) );
#2533 = CARTESIAN_POINT ( 'NONE',  ( 0.1299074058732702652, 0.005742441775798868761, -0.008964162134162614523 ) ) ;
#2534 = CARTESIAN_POINT ( 'NONE',  ( 4.665904304751414786E-19, 0.006959600000000000682, -0.003809999999999999585 ) ) ;
#2535 = EDGE_CURVE ( 'NONE', #2999, #3065, #3421, .T. ) ;
#2536 = ORIENTED_EDGE ( 'NONE', *, *, #4537, .F. ) ;
#2537 = CARTESIAN_POINT ( 'NONE',  ( -0.002491575561246204672, 0.01011883870894245141, 0.001015684566701296121 ) ) ;
#2538 = SHAPE_REPRESENTATION_RELATIONSHIP ( 'NONE' , 'NONE' ,  #5173, #6292 ) ;
#2539 = AXIS2_PLACEMENT_3D ( 'NONE', #5887, #2050, #2085 ) ;
#2540 = VERTEX_POINT ( 'NONE', #2976 ) ;
#2541 = CARTESIAN_POINT ( 'NONE',  ( 0.001989778309690543815, 0.01108917320368797178, 0.0004251000116070786125 ) ) ;
#2542 = AXIS2_PLACEMENT_3D ( 'NONE', #1638, #4211, #4308 ) ;
#2543 = EDGE_LOOP ( 'NONE', ( #905, #3167, #2394, #1072 ) ) ;
#2544 = CARTESIAN_POINT ( 'NONE',  ( 0.1300000000000002265, 0.003099894575924692659, -0.01497419879809444056 ) ) ;
#2545 = CARTESIAN_POINT ( 'NONE',  ( -0.004621520227347739214, 0.007745589727365699562, -0.004300290904384618425 ) ) ;
#2546 = PRODUCT_DEFINITION_SHAPE ( 'NONE', 'NONE',  #1692 ) ;
#2547 = CARTESIAN_POINT ( 'NONE',  ( 0.04668888365207445046, -0.001489317466010472600, -0.01915909511730558290 ) ) ;
#2548 = CARTESIAN_POINT ( 'NONE',  ( 0.1283350963148041646, 0.006856083814307920368, -0.007044389919994478895 ) ) ;
#2549 = CARTESIAN_POINT ( 'NONE',  ( 0.000000000000000000, 0.02413508000000001361, 0.002412999999999997612 ) ) ;
#2550 = DIRECTION ( 'NONE',  ( 9.484135310589723205E-16, 1.000000000000000000, -0.000000000000000000 ) ) ;
#2551 = VERTEX_POINT ( 'NONE', #6090 ) ;
#2552 = CARTESIAN_POINT ( 'NONE',  ( -0.09028166116987090817, 0.01030566165856765075, -0.001886193647959098036 ) ) ;
#2553 = DIRECTION ( 'NONE',  ( -0.000000000000000000, -1.000000000000000000, -0.000000000000000000 ) ) ;
#2554 = CARTESIAN_POINT ( 'NONE',  ( -0.005787684964575950768, 0.007562515936033999131, -0.002377426793789825295 ) ) ;
#2555 = CARTESIAN_POINT ( 'NONE',  ( -0.002935457931298512090, 0.01110778941617771021, -0.001633903717015559691 ) ) ;
#2556 = CARTESIAN_POINT ( 'NONE',  ( 0.003039162312812466668, 0.009409635159856570216, -0.0006851712005972985815 ) ) ;
#2557 = CARTESIAN_POINT ( 'NONE',  ( -1.204485184444895089E-17, 0.01015018309780834661, 0.000000000000000000 ) ) ;
#2558 = CARTESIAN_POINT ( 'NONE',  ( -0.002775391105533419125, 0.009712401796372649096, -0.0009123831000650101065 ) ) ;
#2559 = CARTESIAN_POINT ( 'NONE',  ( 0.003212757884034182342, 0.01017336681926123837, -0.001791987285765120428 ) ) ;
#2560 = DIRECTION ( 'NONE',  ( -1.123292760552739567E-17, 0.000000000000000000, 1.000000000000000000 ) ) ;
#2561 = CARTESIAN_POINT ( 'NONE',  ( -0.002676360484146426966, 0.009840258634274071797, 0.0009645017940127353223 ) ) ;
#2562 = CARTESIAN_POINT ( 'NONE',  ( 0.003293003523656149335, 0.009148367928058518186, 9.451484728120756627E-05 ) ) ;
#2563 = VERTEX_POINT ( 'NONE', #2941 ) ;
#2564 = CARTESIAN_POINT ( 'NONE',  ( -0.003005693975896508389, 0.01070388724685575332, 0.001797253008676117725 ) ) ;
#2565 = CARTESIAN_POINT ( 'NONE',  ( 0.000000000000000000, 9.999999999999939493E-05, 0.000000000000000000 ) ) ;
#2566 = CARTESIAN_POINT ( 'NONE',  ( -0.003789631356622708263, 0.009256535976721136025, -0.001137997609227374462 ) ) ;
#2567 = CARTESIAN_POINT ( 'NONE',  ( -0.1187030139834247267, 0.008646095503253455744, 0.002939340287473859309 ) ) ;
#2568 = CARTESIAN_POINT ( 'NONE',  ( 0.1300805666241428016, 0.005818104855427377528, -0.009139891571779122995 ) ) ;
#2569 = CARTESIAN_POINT ( 'NONE',  ( -0.004068075500231452604, 0.001557671485010841657, 0.004859531769131410738 ) ) ;
#2570 = AXIS2_PLACEMENT_3D ( 'NONE', #5996, #1142, #3314 ) ;
#2571 = ORIENTED_EDGE ( 'NONE', *, *, #2573, .F. ) ;
#2572 = CARTESIAN_POINT ( 'NONE',  ( -0.003277849037835900859, 0.009163400132342968546, -0.0002005828728192991881 ) ) ;
#2573 = EDGE_CURVE ( 'NONE', #1401, #4486, #4848, .T. ) ;
#2574 = CARTESIAN_POINT ( 'NONE',  ( 0.000000000000000000, 0.000000000000000000, 0.000000000000000000 ) ) ;
#2575 = B_SPLINE_CURVE_WITH_KNOTS ( 'NONE', 3,
 ( #705, #6164, #5168, #741, #310, #2870, #1875, #170, #6230, #2907, #1303, #2332, #6131, #4503, #5599, #3481, #6198, #770, #5707, #1373 ),
 .UNSPECIFIED., .F., .F.,
 ( 4, 2, 2, 2, 2, 2, 2, 2, 2, 4 ),
 ( 0.3419855643487388352, 0.3613875246702405453, 0.3807894849917421998, 0.4195934056347455088, 0.4583973262777488178, 0.4680983064384994785, 0.4777992865992501392, 0.4826497766796254973, 0.4875002667600007999, 0.4972012469207513496 ),
 .UNSPECIFIED. ) ;
#2576 = ORIENTED_EDGE ( 'NONE', *, *, #2120, .T. ) ;
#2577 = CARTESIAN_POINT ( 'NONE',  ( 0.0002539999999999998314, 0.001673741513759882150, 0.001437170998174991648 ) ) ;
#2578 = ORIENTED_EDGE ( 'NONE', *, *, #5635, .T. ) ;
#2579 = CARTESIAN_POINT ( 'NONE',  ( 0.04564962136303660906, 0.009606158565818524037, 0.003808425358304572909 ) ) ;
#2580 = ADVANCED_FACE ( 'NONE', ( #5094 ), #5418, .T. ) ;
#2581 = CARTESIAN_POINT ( 'NONE',  ( -0.06280456360498759549, -0.001107131769424734777, 0.02498294275586286639 ) ) ;
#2582 = CARTESIAN_POINT ( 'NONE',  ( 0.01065840023094432112, 0.0005703461745046483657, -0.004718154834515587287 ) ) ;
#2583 = B_SPLINE_CURVE_WITH_KNOTS ( 'NONE', 3,
 ( #605, #2774, #5545, #144 ),
 .UNSPECIFIED., .F., .F.,
 ( 4, 4 ),
 ( 0.0002333882348401966687, 0.0008528694979534311160 ),
 .UNSPECIFIED. ) ;
#2584 = CARTESIAN_POINT ( 'NONE',  ( 0.1300000000000001155, 0.005925007879322497124, -0.008924140516987017976 ) ) ;
#2585 = B_SPLINE_CURVE_WITH_KNOTS ( 'NONE', 3,
 ( #4973, #6680, #3396, #1673, #2818, #2287, #3991, #5076, #6569, #5554, #4455, #3324, #5478, #6611, #1746, #1711, #615, #3924, #6647, #1290, #1224, #686, #1255, #2891, #6147, #5514, #2782, #3466 ),
 .UNSPECIFIED., .F., .F.,
 ( 4, 2, 2, 2, 2, 2, 2, 2, 2, 2, 2, 2, 2, 4 ),
 ( 7.009012762833653670E-17, 0.001449727588185702231, 0.002174591382278520061, 0.002899455176371337241, 0.004349182764556972468, 0.005798910352742607695, 0.007248637940928242054, 0.007973501735021060535, 0.008698365529113877281, 0.01014809311729950904, 0.01087295691139232752, 0.01123538880843873329, 0.01141660475696193791, 0.01159782070548514253 ),
 .UNSPECIFIED. ) ;
#2586 = DIRECTION ( 'NONE',  ( 0.000000000000000000, 0.000000000000000000, -1.000000000000000000 ) ) ;
#2587 = CARTESIAN_POINT ( 'NONE',  ( -0.07408325903391550782, 0.01032527103799710418, -0.003238121984477325670 ) ) ;
#2588 = ADVANCED_FACE ( 'NONE', ( #6732 ), #4006, .F. ) ;
#2589 = CARTESIAN_POINT ( 'NONE',  ( 0.002495212895965901855, 0.01011300978019521839, -0.001015040889188480048 ) ) ;
#2590 = MECHANICAL_DESIGN_GEOMETRIC_PRESENTATION_REPRESENTATION (  '', ( #1913 ), #3960 ) ;
#2591 = AXIS2_PLACEMENT_3D ( 'NONE', #2511, #4743, #6364 ) ;
#2592 = CARTESIAN_POINT ( 'NONE',  ( 0.005822761522428147700, 0.003844523336504874610, -0.002285254207831228374 ) ) ;
#2593 = CARTESIAN_POINT ( 'NONE',  ( -0.002822717085925249315, 0.009654731904936470974, -0.0008815302642091954813 ) ) ;
#2594 = CARTESIAN_POINT ( 'NONE',  ( 0.002995036603655392565, 0.01074403120482762125, -0.001788082592036491746 ) ) ;
#2595 = CARTESIAN_POINT ( 'NONE',  ( -0.0002540000000000001024, 0.005588000000000000085, -0.005080000000000001181 ) ) ;
#2596 = CARTESIAN_POINT ( 'NONE',  ( -0.003197138939060347688, 0.009244557521545250164, -0.0004410191919543820366 ) ) ;
#2597 = VECTOR ( 'NONE', #2853, 1.000000000000000000 ) ;
#2598 = CARTESIAN_POINT ( 'NONE',  ( 0.003212757884034182342, 0.01017336681926123837, -0.001791987285765120428 ) ) ;
#2599 = ORIENTED_EDGE ( 'NONE', *, *, #3829, .F. ) ;
#2600 = CARTESIAN_POINT ( 'NONE',  ( -0.003678874064691927109, 0.009409791656073225943, 0.001331768663168182362 ) ) ;
#2601 = CARTESIAN_POINT ( 'NONE',  ( -0.1298658826965219670, 0.006070563175639855265, 0.008645698670407637662 ) ) ;
#2602 = CARTESIAN_POINT ( 'NONE',  ( 0.1302215123864046697, 0.005560247451935245236, -0.009046753102923733164 ) ) ;
#2603 = DIRECTION ( 'NONE',  ( -0.000000000000000000, -1.000000000000000000, -0.000000000000000000 ) ) ;
#2604 = EDGE_CURVE ( 'NONE', #2852, #2889, #2575, .T. ) ;
#2605 = ORIENTED_EDGE ( 'NONE', *, *, #3564, .T. ) ;
#2606 = CARTESIAN_POINT ( 'NONE',  ( 0.004611240966313185675, 0.007916671910172173865, 0.004306145400727177941 ) ) ;
#2607 = DIRECTION ( 'NONE',  ( 0.000000000000000000, 0.000000000000000000, 1.000000000000000000 ) ) ;
#2608 = CARTESIAN_POINT ( 'NONE',  ( -0.004459002585585157726, 0.007771920954210835217, -0.004379479656950646151 ) ) ;
#2609 = ORIENTED_EDGE ( 'NONE', *, *, #4591, .F. ) ;
#2610 = EDGE_CURVE ( 'NONE', #3579, #2816, #99, .T. ) ;
#2611 = CARTESIAN_POINT ( 'NONE',  ( -0.003091433392166506935, 0.01044633949897171184, 0.001823806539823999385 ) ) ;
#2612 = SURFACE_SIDE_STYLE ('',( #437 ) ) ;
#2613 = EDGE_LOOP ( 'NONE', ( #5936, #4787, #5678, #4302 ) ) ;
#2614 = CARTESIAN_POINT ( 'NONE',  ( 0.07408294234088234897, 0.01052268279954913024, 0.003230358201831628247 ) ) ;
#2615 = CARTESIAN_POINT ( 'NONE',  ( -1.204485184444895089E-17, 3.732723443801142422E-20, 0.000000000000000000 ) ) ;
#2616 = CARTESIAN_POINT ( 'NONE',  ( -0.002445228830612217706, 0.01020360670910386985, -0.001015571442872046379 ) ) ;
#2617 = CARTESIAN_POINT ( 'NONE',  ( -0.01065840023094428816, 0.0005703461745046483657, 0.004718154834515661880 ) ) ;
#2618 = CARTESIAN_POINT ( 'NONE',  ( 0.004107415362522360766, 0.008618816613600569290, 0.002898724015767660707 ) ) ;
#2619 = CARTESIAN_POINT ( 'NONE',  ( 0.1299378531396864489, 0.006000034796222112991, -0.008783747139792847172 ) ) ;
#2620 = AXIS2_PLACEMENT_3D ( 'NONE', #4961, #1242, #2803 ) ;
#2621 = DIRECTION ( 'NONE',  ( -0.000000000000000000, -1.000000000000000000, -0.000000000000000000 ) ) ;
#2622 = DIRECTION ( 'NONE',  ( -0.000000000000000000, 1.000000000000000000, -0.000000000000000000 ) ) ;
#2623 = CARTESIAN_POINT ( 'NONE',  ( -0.06599788692442422333, 0.01038740722636934122, -0.004232838275929235242 ) ) ;
#2624 = CARTESIAN_POINT ( 'NONE',  ( 0.002304693305692757151, 0.01058306183002017710, -0.0009238879248803772261 ) ) ;
#2625 = CARTESIAN_POINT ( 'NONE',  ( -0.004636165199740290531, 0.002196377059367276077, 0.004200196892038587752 ) ) ;
#2626 = CARTESIAN_POINT ( 'NONE',  ( 0.005538133692860632354, 0.007805973285639036634, 0.002911791649313218155 ) ) ;
#2627 = EDGE_CURVE ( 'NONE', #4823, #2255, #3519, .T. ) ;
#2628 = CARTESIAN_POINT ( 'NONE',  ( -0.1300000000000000600, 0.005612429250701393181, 0.009265824011769558180 ) ) ;
#2629 = CARTESIAN_POINT ( 'NONE',  ( 0.004107415362522386787, 0.006351090971974351906, 0.0009556366808564720552 ) ) ;
#2630 = CARTESIAN_POINT ( 'NONE',  ( 0.003394107675243073635, 0.009843408211449996073, -0.001669965267518803151 ) ) ;
#2631 = CARTESIAN_POINT ( 'NONE',  ( -0.0002540000000000001566, 0.000000000000000000, -0.001451138256679908051 ) ) ;
#2632 = CYLINDRICAL_SURFACE ( 'NONE', #212, 0.002552700000000011037 ) ;
#2633 = CARTESIAN_POINT ( 'NONE',  ( 0.003658528070406648694, 0.009438674427166119513, -0.001362776483007178746 ) ) ;
#2634 = ORIENTED_EDGE ( 'NONE', *, *, #81, .F. ) ;
#2635 = CARTESIAN_POINT ( 'NONE',  ( -0.004047361965605063110, 0.008920710591436245562, -0.0001402223337147733039 ) ) ;
#2636 = CARTESIAN_POINT ( 'NONE',  ( 0.004040113310162848220, 0.008929845475427499943, -0.0002413133302804866607 ) ) ;
#2637 = CARTESIAN_POINT ( 'NONE',  ( 0.1302151272294655715, 0.005492717507648209319, -0.009236563483379331072 ) ) ;
#2638 = DIRECTION ( 'NONE',  ( 0.000000000000000000, 1.000000000000000000, 0.000000000000000000 ) ) ;
#2639 = ORIENTED_EDGE ( 'NONE', *, *, #265, .T. ) ;
#2640 = CARTESIAN_POINT ( 'NONE',  ( 0.004552545869363725829, 0.007775218811736067659, 0.004337839599161004249 ) ) ;
#2641 = CARTESIAN_POINT ( 'NONE',  ( 0.0002539999999999998856, 0.000000000000000000, 0.0002539999999999999940 ) ) ;
#2642 = CARTESIAN_POINT ( 'NONE',  ( 0.003776134118509498656, 0.009274974657528838734, -0.001163206936511627975 ) ) ;
#2643 = EDGE_LOOP ( 'NONE', ( #1332, #1556, #3783, #1146 ) ) ;
#2644 = CARTESIAN_POINT ( 'NONE',  ( -0.006254948057275900794, 0.005152010159650418156, -2.377455367976893691E-05 ) ) ;
#2645 = DIRECTION ( 'NONE',  ( -6.982962677686266711E-15, 0.000000000000000000, 1.000000000000000000 ) ) ;
#2646 = ORIENTED_EDGE ( 'NONE', *, *, #3132, .T. ) ;
#2647 = CARTESIAN_POINT ( 'NONE',  ( 0.05782565131640624023, 0.01030956561330101037, 0.003854077908362189744 ) ) ;
#2648 = CARTESIAN_POINT ( 'NONE',  ( 0.05303068498432572664, -0.0005186699241482085106, -0.02047947723571105078 ) ) ;
#2649 = CARTESIAN_POINT ( 'NONE',  ( -0.002283388753738973924, 0.01092257438670909964, -0.0006715911094964233498 ) ) ;
#2650 = AXIS2_PLACEMENT_3D ( 'NONE', #5534, #2160, #4329 ) ;
#2651 = CARTESIAN_POINT ( 'NONE',  ( -0.1300000000000001155, 0.0009272060036111778435, 0.01805103811087460999 ) ) ;
#2652 = CARTESIAN_POINT ( 'NONE',  ( 0.05301705031603168305, -0.0008450581136781297204, -0.02099197204913816686 ) ) ;
#2653 = EDGE_CURVE ( 'NONE', #6466, #648, #6714, .T. ) ;
#2654 = AXIS2_PLACEMENT_3D ( 'NONE', #5934, #3708, #3744 ) ;
#2655 = CARTESIAN_POINT ( 'NONE',  ( 0.07391909463680892967, 0.01052206334426139880, 0.003239116058662272306 ) ) ;
#2656 = CARTESIAN_POINT ( 'NONE',  ( -0.004049858754310665075, 0.008917567470591969414, -7.960907708004508134E-05 ) ) ;
#2657 = DIRECTION ( 'NONE',  ( 0.000000000000000000, -1.000000000000000000, 0.000000000000000000 ) ) ;
#2658 = CARTESIAN_POINT ( 'NONE',  ( 0.001445268041901130772, 0.0007034714342214828811, -0.0002540000000000001024 ) ) ;
#2659 = CARTESIAN_POINT ( 'NONE',  ( -0.1252098120415304494, 0.007458868568770087026, 0.005245031904516076447 ) ) ;
#2660 = CARTESIAN_POINT ( 'NONE',  ( 0.002450360099324067151, 0.01019371271935037675, -0.001015966471353915409 ) ) ;
#2661 = CARTESIAN_POINT ( 'NONE',  ( 0.006251339335714854208, 0.005766299280284443128, -0.0002066804510769351558 ) ) ;
#2662 = CARTESIAN_POINT ( 'NONE',  ( 0.002820133611354169820, 0.009657879835635091795, -0.0008832551440596662137 ) ) ;
#2663 = CARTESIAN_POINT ( 'NONE',  ( 0.002951861604087790709, 0.01095661476203474080, -0.001714591486736884423 ) ) ;
#2664 = CARTESIAN_POINT ( 'NONE',  ( 0.002304025047075520909, 0.01105769133114639126, 0.0004766442627588064924 ) ) ;
#2665 = CARTESIAN_POINT ( 'NONE',  ( 0.003351536542780326772, 0.001147596802656098780, -0.005284103246913295429 ) ) ;
#2666 = CARTESIAN_POINT ( 'NONE',  ( 0.003195210741913849777, 0.009246519917045729203, -0.0004450714650875559324 ) ) ;
#2667 = VERTEX_POINT ( 'NONE', #2549 ) ;
#2668 = CARTESIAN_POINT ( 'NONE',  ( -0.003364204509163198561, 0.009893814050902843479, 0.001695038307418603651 ) ) ;
#2669 = CARTESIAN_POINT ( 'NONE',  ( -0.06592568720316643871, 0.01046068014278374488, -0.003615454069307271010 ) ) ;
#2670 = CARTESIAN_POINT ( 'NONE',  ( 0.1299962451754292092, 0.005617505187206749302, -0.009254833219561130198 ) ) ;
#2671 = VERTEX_POINT ( 'NONE', #5741 ) ;
#2672 = CARTESIAN_POINT ( 'NONE',  ( 0.004578308944749285431, 0.007761894533542923469, 0.004323902369617249261 ) ) ;
#2673 = CARTESIAN_POINT ( 'NONE',  ( -0.004560711996908704303, 0.008014229101700262245, -0.004273701634054271302 ) ) ;
#2674 = ORIENTED_EDGE ( 'NONE', *, *, #6177, .T. ) ;
#2675 = CARTESIAN_POINT ( 'NONE',  ( -0.005169191506873442588, 0.002365039221621652223, 0.003523254054268676327 ) ) ;
#2676 = DIRECTION ( 'NONE',  ( 0.000000000000000000, 0.000000000000000000, -1.000000000000000000 ) ) ;
#2677 = CARTESIAN_POINT ( 'NONE',  ( 0.01468944882575601817, 0.008207627080776285292, 0.004289512601192067148 ) ) ;
#2678 = ORIENTED_EDGE ( 'NONE', *, *, #5858, .F. ) ;
#2679 = CARTESIAN_POINT ( 'NONE',  ( 0.04556976906598323579, 0.009795794915323103799, 0.004544452687926218634 ) ) ;
#2680 = CARTESIAN_POINT ( 'NONE',  ( 0.08816107737497526353, 1.117971414033112204E-05, -0.02673392749572499338 ) ) ;
#2681 = ORIENTED_EDGE ( 'NONE', *, *, #3794, .T. ) ;
#2682 = CARTESIAN_POINT ( 'NONE',  ( -0.002849394440885682448, 0.009622955344594844723, -0.0008626002101913235898 ) ) ;
#2683 = CARTESIAN_POINT ( 'NONE',  ( -0.05375896055050212452, 0.01011414554320247058, -0.004513732244032800378 ) ) ;
#2684 = CARTESIAN_POINT ( 'NONE',  ( 0.02287490453231739648, 0.007380753439362286450, 0.0003950528631176082129 ) ) ;
#2685 = AXIS2_PLACEMENT_3D ( 'NONE', #2030, #6351, #4301 ) ;
#2686 = CARTESIAN_POINT ( 'NONE',  ( -0.006293020460775458451, 0.005077513256912228982, 0.0008858252039268097074 ) ) ;
#2687 = CARTESIAN_POINT ( 'NONE',  ( -0.002941494499465179078, 0.01141687517060494851, -0.001372087188885728372 ) ) ;
#2688 = CARTESIAN_POINT ( 'NONE',  ( -0.004538405647514034275, 0.001805713433888002590, 0.004515748454225738603 ) ) ;
#2689 = CARTESIAN_POINT ( 'NONE',  ( -0.1298672116918629937, 0.005799187937022283468, 0.008826366150846828504 ) ) ;
#2690 = ADVANCED_FACE ( 'NONE', ( #5840 ), #6098, .F. ) ;
#2691 = FACE_OUTER_BOUND ( 'NONE', #1006, .T. ) ;
#2692 = DIRECTION ( 'NONE',  ( 0.000000000000000000, 0.000000000000000000, -1.000000000000000000 ) ) ;
#2693 = ADVANCED_FACE ( 'NONE', ( #6332 ), #6298, .T. ) ;
#2694 = CARTESIAN_POINT ( 'NONE',  ( 0.005089969498353772055, 0.002701879548086834511, -0.003636295239926666534 ) ) ;
#2695 = CARTESIAN_POINT ( 'NONE',  ( -0.003318913668774191132, 0.009971309143970723612, -0.001731048232030236609 ) ) ;
#2696 = CARTESIAN_POINT ( 'NONE',  ( 0.000000000000000000, 0.000000000000000000, 0.000000000000000000 ) ) ;
#2697 = CARTESIAN_POINT ( 'NONE',  ( 0.002734981547142662818, 0.009763181124050160017, 0.0009358077471299393844 ) ) ;
#2698 = CARTESIAN_POINT ( 'NONE',  ( 0.004610064635948474959, 0.007947936832916649777, 0.004220366257251116811 ) ) ;
#2699 = CARTESIAN_POINT ( 'NONE',  ( 0.1300000000000000877, 0.005851294516029443941, -0.008842224288007051458 ) ) ;
#2700 = ADVANCED_FACE ( 'NONE', ( #1944 ), #5805, .F. ) ;
#2701 = AXIS2_PLACEMENT_3D ( 'NONE', #3100, #6715, #3498 ) ;
#2702 = CIRCLE ( 'NONE', #3050, 0.02781451190476182805 ) ;
#2703 = CARTESIAN_POINT ( 'NONE',  ( 0.003078115731349158075, 0.009367996807980016188, -0.0006371779800283507373 ) ) ;
#2704 = AXIS2_PLACEMENT_3D ( 'NONE', #3796, #1093, #4920 ) ;
#2705 = CARTESIAN_POINT ( 'NONE',  ( -0.003266161417297533398, 0.01006877901273041213, 0.001764359131792811539 ) ) ;
#2706 = CARTESIAN_POINT ( 'NONE',  ( -0.002319846361478045821, 0.01112249568492034227, -0.0003255726422637804547 ) ) ;
#2707 = CARTESIAN_POINT ( 'NONE',  ( -0.1283350963148040813, 0.006856083814307923838, 0.007044389919995456412 ) ) ;
#2708 = VERTEX_POINT ( 'NONE', #1440 ) ;
#2709 = VECTOR ( 'NONE', #579, 1.000000000000000000 ) ;
#2710 = APPLICATION_PROTOCOL_DEFINITION ( 'draft international standard', 'automotive_design', 1998, #5787 ) ;
#2711 = CARTESIAN_POINT ( 'NONE',  ( 0.003889046688987923741, 0.009124088196172891116, -0.0009090159383989556514 ) ) ;
#2712 = EDGE_LOOP ( 'NONE', ( #1222, #5502, #5446, #4871 ) ) ;
#2713 = CARTESIAN_POINT ( 'NONE',  ( 0.002804026330693495852, 0.001030296347911776851, -0.005609931362794681742 ) ) ;
#2714 = DIRECTION ( 'NONE',  ( -0.000000000000000000, -1.000000000000000000, -0.000000000000000000 ) ) ;
#2715 =( REPRESENTATION_RELATIONSHIP ('NONE','NONE', #1770, #5173 ) REPRESENTATION_RELATIONSHIP_WITH_TRANSFORMATION ( #430 )SHAPE_REPRESENTATION_RELATIONSHIP( ) );
#2716 = ORIENTED_EDGE ( 'NONE', *, *, #81, .T. ) ;
#2717 = CARTESIAN_POINT ( 'NONE',  ( 0.1119656913265213993, 0.009343943171420052152, -0.0002237126229818633505 ) ) ;
#2718 = CARTESIAN_POINT ( 'NONE',  ( -0.002032000000004162421, 0.01117600000000831817, -1.059639207150322950E-15 ) ) ;
#2719 = EDGE_CURVE ( 'NONE', #4600, #6215, #3507, .T. ) ;
#2720 = ORIENTED_EDGE ( 'NONE', *, *, #2535, .T. ) ;
#2721 = CARTESIAN_POINT ( 'NONE',  ( -0.003142680561733312769, 0.009300459540263412636, -0.0005417067454590216401 ) ) ;
#2722 = CARTESIAN_POINT ( 'NONE',  ( -0.01760140311889672390, 0.008151381810670958392, -0.003997515822972659734 ) ) ;
#2723 = CARTESIAN_POINT ( 'NONE',  ( 0.04664984232644148882, -0.0005740548876334664605, -0.01780361097771035808 ) ) ;
#2724 = CARTESIAN_POINT ( 'NONE',  ( -0.005890604501089949721, 0.003824870745802954296, 0.002299544753434108225 ) ) ;
#2725 = CARTESIAN_POINT ( 'NONE',  ( -0.002974967323375316344, 0.01082941783259516212, -0.001763747030635426675 ) ) ;
#2726 = CARTESIAN_POINT ( 'NONE',  ( 0.003061340060767294910, 0.01189507105402040459, 1.243432941813064297E-15 ) ) ;
#2727 = CARTESIAN_POINT ( 'NONE',  ( -0.1283883552671418182, 0.006824909044601108060, 0.007107108334208968661 ) ) ;
#2728 = DIRECTION ( 'NONE',  ( 0.000000000000000000, 1.000000000000000000, 0.000000000000000000 ) ) ;
#2729 = FACE_OUTER_BOUND ( 'NONE', #3749, .T. ) ;
#2730 = CARTESIAN_POINT ( 'NONE',  ( 0.000000000000000000, 0.005080000000000001181, 0.000000000000000000 ) ) ;
#2731 = DIRECTION ( 'NONE',  ( -0.000000000000000000, -1.000000000000000000, -0.000000000000000000 ) ) ;
#2732 = CARTESIAN_POINT ( 'NONE',  ( -0.003872672032660730637, 0.009145651123737124147, -0.0009511028107664540841 ) ) ;
#2733 = CIRCLE ( 'NONE', #4210, 0.002413000000000001515 ) ;
#2734 = CARTESIAN_POINT ( 'NONE',  ( -0.1300000000000000600, 0.005925007879322497124, 0.008924140516987925237 ) ) ;
#2735 = CARTESIAN_POINT ( 'NONE',  ( 0.002523469016626391209, 0.01006514095996713549, 0.001012058519479625907 ) ) ;
#2736 = CARTESIAN_POINT ( 'NONE',  ( -0.005676003447319452090, 0.007049010092407453736, -0.002804525509250772614 ) ) ;
#2737 = CARTESIAN_POINT ( 'NONE',  ( 0.004849712202230388632, 0.002040227300300786334, -0.003951474600853567380 ) ) ;
#2738 = DIRECTION ( 'NONE',  ( 9.484135310589723205E-16, 1.000000000000000000, -0.000000000000000000 ) ) ;
#2739 = CARTESIAN_POINT ( 'NONE',  ( 0.002418625434111376388, 0.01025758620000642198, 0.001011434936478646006 ) ) ;
#2740 = CARTESIAN_POINT ( 'NONE',  ( -0.004051020690784171846, 0.008916105595832619912, 1.113130248699508283E-05 ) ) ;
#2741 = PRODUCT_DEFINITION ( 'UNKNOWN', '', #1788, #5985 ) ;
#2742 = CARTESIAN_POINT ( 'NONE',  ( -0.002366393932666378212, 0.01037683941351098642, -0.0009935443421269483672 ) ) ;
#2743 = CARTESIAN_POINT ( 'NONE',  ( 0.004013121271743879705, 0.008964000266788946583, 0.0004477753070320720499 ) ) ;
#2744 = EDGE_LOOP ( 'NONE', ( #2634, #2449 ) ) ;
#2745 = CARTESIAN_POINT ( 'NONE',  ( 0.004517378394203302658, 0.007848648513975670787, 0.004356673159259278651 ) ) ;
#2746 = DIRECTION ( 'NONE',  ( -0.000000000000000000, -1.000000000000000000, -0.000000000000000000 ) ) ;
#2747 = ORIENTED_EDGE ( 'NONE', *, *, #412, .T. ) ;
#2748 = CARTESIAN_POINT ( 'NONE',  ( 0.006032499999999996199, 0.000000000000000000, 0.000000000000000000 ) ) ;
#2749 = CARTESIAN_POINT ( 'NONE',  ( -0.005918200000000022748, 1.081707138744364207E-17, 0.000000000000000000 ) ) ;
#2750 = CARTESIAN_POINT ( 'NONE',  ( -0.004074865919910039200, 0.004043452574872088631, 0.001857588484872001785 ) ) ;
#2751 = CARTESIAN_POINT ( 'NONE',  ( 0.1278528672151743040, 0.007002196611482948939, -0.006728971590123102552 ) ) ;
#2752 = CARTESIAN_POINT ( 'NONE',  ( 0.000000000000000000, 0.02225040000000000351, 0.002895600000000001645 ) ) ;
#2753 = ORIENTED_EDGE ( 'NONE', *, *, #2955, .F. ) ;
#2754 = CARTESIAN_POINT ( 'NONE',  ( -0.002405664156919543398, 0.01028528575671054830, -0.001008382249743305188 ) ) ;
#2755 = CARTESIAN_POINT ( 'NONE',  ( -0.05303068498432558092, -0.0005186699241482085106, 0.02047947723571142201 ) ) ;
#2756 = CARTESIAN_POINT ( 'NONE',  ( -0.005570362312030577301, 0.003214144096516765008, 0.002975979028118340679 ) ) ;
#2757 = CARTESIAN_POINT ( 'NONE',  ( -0.003472512988068766210, 0.009716298603287945590, -0.001595876565800931910 ) ) ;
#2758 = CARTESIAN_POINT ( 'NONE',  ( 0.002504049794147722354, 0.009272037137915868296, 0.0005114036125271640906 ) ) ;
#2759 = LINE ( 'NONE', #4916, #3338 ) ;
#2760 = CARTESIAN_POINT ( 'NONE',  ( -0.1297716224061411516, 0.006152917463763622058, 0.008482838032052346378 ) ) ;
#2761 = VECTOR ( 'NONE', #632, 1.000000000000000000 ) ;
#2762 = CARTESIAN_POINT ( 'NONE',  ( -0.004539914991296170078, 0.007664060448957879003, -0.004295828813580484032 ) ) ;
#2763 = DIRECTION ( 'NONE',  ( -0.000000000000000000, -1.000000000000000000, -0.000000000000000000 ) ) ;
#2764 = CARTESIAN_POINT ( 'NONE',  ( 0.0002540000000000000482, 0.005588000000000000085, -0.0002540000000000000482 ) ) ;
#2765 = CARTESIAN_POINT ( 'NONE',  ( 0.003202294619808969834, 0.009239316910672683986, -0.0004299770692428940859 ) ) ;
#2766 = CARTESIAN_POINT ( 'NONE',  ( -0.005574213317224106096, 0.007151258726582017389, -0.002999516931064021702 ) ) ;
#2767 = CARTESIAN_POINT ( 'NONE',  ( -0.003326822452781586208, 0.009958706645786755129, 0.001723746675943185497 ) ) ;
#2768 = CARTESIAN_POINT ( 'NONE',  ( 0.005807373984698402034, 0.006691711838402410358, 0.002326231560353606617 ) ) ;
#2769 = CARTESIAN_POINT ( 'NONE',  ( 0.005624838970525502906, 0.003526541534156863930, -0.002735454833135323761 ) ) ;
#2770 = CARTESIAN_POINT ( 'NONE',  ( 0.002542950667004827657, 0.01003380642222333370, 0.001008622607919398449 ) ) ;
#2771 = VERTEX_POINT ( 'NONE', #446 ) ;
#2772 = CARTESIAN_POINT ( 'NONE',  ( -0.002398191214603316926, 0.01030184180768088653, -0.001006189448670147040 ) ) ;
#2773 = CARTESIAN_POINT ( 'NONE',  ( -0.002295601128247076565, 0.01101390091596106055, 0.0005505535629898901254 ) ) ;
#2774 = CARTESIAN_POINT ( 'NONE',  ( 0.002142560847799784320, 0.01025987896634354864, 0.001016000000000057005 ) ) ;
#2775 = CARTESIAN_POINT ( 'NONE',  ( 0.003030058718413258106, 0.01062113675028787153, 0.001811725691934608059 ) ) ;
#2776 = CARTESIAN_POINT ( 'NONE',  ( 0.005016500000000012269, 0.01447799999999999261, 6.143440667922709938E-19 ) ) ;
#2777 = ORIENTED_EDGE ( 'NONE', *, *, #2807, .F. ) ;
#2778 = CARTESIAN_POINT ( 'NONE',  ( -0.03483317466732484963, 0.008995272045287066101, -0.003280131800243634745 ) ) ;
#2779 = CARTESIAN_POINT ( 'NONE',  ( 0.003481646947427951763, 0.009701999042826625272, 0.001586375468225998233 ) ) ;
#2780 = ORIENTED_EDGE ( 'NONE', *, *, #3678, .F. ) ;
#2781 = LINE ( 'NONE', #5477, #2023 ) ;
#2782 = CARTESIAN_POINT ( 'NONE',  ( 0.004419709703218734076, 0.001724782000075419496, -0.004633430087619920881 ) ) ;
#2783 = EDGE_CURVE ( 'NONE', #542, #4046, #3842, .T. ) ;
#2784 = CARTESIAN_POINT ( 'NONE',  ( 7.402477515746541799E-18, 0.006469389508408842672, -0.001060076912540405727 ) ) ;
#2785 = CARTESIAN_POINT ( 'NONE',  ( -0.001886350045970806551, 0.01084905678043581248, 0.0007764030044546836378 ) ) ;
#2786 = VERTEX_POINT ( 'NONE', #945 ) ;
#2787 = CARTESIAN_POINT ( 'NONE',  ( -0.002347815251253731420, 0.01042925240944474023, 0.0009798191148751782091 ) ) ;
#2788 = B_SPLINE_CURVE_WITH_KNOTS ( 'NONE', 3,
 ( #4609, #2906, #2940, #4576 ),
 .UNSPECIFIED., .F., .F.,
 ( 4, 4 ),
 ( 0.0002130875460711332593, 0.0002333882348401966687 ),
 .UNSPECIFIED. ) ;
#2789 = CARTESIAN_POINT ( 'NONE',  ( -0.06650994533263811237, 0.01047777061362243148, -0.004315580539924353774 ) ) ;
#2790 = AXIS2_PLACEMENT_3D ( 'NONE', #3509, #5663, #128 ) ;
#2791 = CARTESIAN_POINT ( 'NONE',  ( -0.004533478676578580994, 0.007790342500444988848, -0.004348065225591777813 ) ) ;
#2792 = CARTESIAN_POINT ( 'NONE',  ( -0.002935457931298512090, 0.01110778941617771021, -0.001633903717015559691 ) ) ;
#2793 = CARTESIAN_POINT ( 'NONE',  ( 0.001870016549695568747, 0.0008553227605294572763, -0.005972024278985169424 ) ) ;
#2794 = CARTESIAN_POINT ( 'NONE',  ( -0.1298842144897086881, 0.005775843247328644667, 0.008882671684980738766 ) ) ;
#2795 = PRESENTATION_LAYER_ASSIGNMENT (  '', '', ( #4942 ) ) ;
#2796 = CARTESIAN_POINT ( 'NONE',  ( 0.004050874245518626578, 0.008916286297827105689, 9.370712988718136235E-05 ) ) ;
#2797 = DIRECTION ( 'NONE',  ( 0.000000000000000000, 0.000000000000000000, -1.000000000000000000 ) ) ;
#2798 = CARTESIAN_POINT ( 'NONE',  ( 0.001878279215515794289, 0.0008813317064717897690, -0.005969465255237797231 ) ) ;
#2799 = CARTESIAN_POINT ( 'NONE',  ( 0.002687450021483002958, 0.009825443942327306140, -0.0009593861951062849754 ) ) ;
#2800 = CARTESIAN_POINT ( 'NONE',  ( 0.003288080152557949429, 0.009153245829851349921, -0.0001378413581891806106 ) ) ;
#2801 = CARTESIAN_POINT ( 'NONE',  ( 0.004630846614589157438, 0.007923578971032550072, 0.004295400837000135433 ) ) ;
#2802 = CARTESIAN_POINT ( 'NONE',  ( -0.003491092854130535290, 0.009687235042533975243, 0.001576308157580617614 ) ) ;
#2803 = DIRECTION ( 'NONE',  ( -1.000000000000000000, 8.793502125528728518E-16, 0.000000000000000000 ) ) ;
#2804 = CARTESIAN_POINT ( 'NONE',  ( 0.004810489703319623285, 0.002375791263673959763, -0.003998506336938861122 ) ) ;
#2805 = CARTESIAN_POINT ( 'NONE',  ( -0.002953602712307566280, 0.01150664724053125990, -0.001262051093753503586 ) ) ;
#2806 = CARTESIAN_POINT ( 'NONE',  ( 0.002734981547142662818, 0.009763181124050160017, 0.0009358077471299393844 ) ) ;
#2807 = EDGE_CURVE ( 'NONE', #2786, #365, #428, .T. ) ;
#2808 = CARTESIAN_POINT ( 'NONE',  ( -0.002586582398323541282, 0.009967143380570402805, -0.0009976519531898382642 ) ) ;
#2809 = CARTESIAN_POINT ( 'NONE',  ( -0.002298713264932075381, 0.01103096604132560929, -0.0005232267971312558677 ) ) ;
#2810 = CARTESIAN_POINT ( 'NONE',  ( 0.003971271928541160803, 0.009017405695926485748, 0.0006456119724665793048 ) ) ;
#2811 = CARTESIAN_POINT ( 'NONE',  ( 0.000000000000000000, 0.02225040000000000351, 0.000000000000000000 ) ) ;
#2812 = ORIENTED_EDGE ( 'NONE', *, *, #2062, .T. ) ;
#2813 = CARTESIAN_POINT ( 'NONE',  ( -0.03889567777269236498, 0.009139389460902010501, -0.003534641712893889579 ) ) ;
#2814 = EDGE_CURVE ( 'NONE', #6994, #5827, #2223, .T. ) ;
#2815 = CARTESIAN_POINT ( 'NONE',  ( 0.003898649647252074978, 0.009111460307960353444, 0.0008842531518466554673 ) ) ;
#2816 = VERTEX_POINT ( 'NONE', #6936 ) ;
#2817 = LINE ( 'NONE', #1254, #2597 ) ;
#2818 = CARTESIAN_POINT ( 'NONE',  ( 0.005676003447319430406, 0.007049010092407454603, 0.002804525509250812079 ) ) ;
#2819 = CARTESIAN_POINT ( 'NONE',  ( -0.04595473084257695184, 0.009802317967478013996, -0.004513307731656016411 ) ) ;
#2820 = CARTESIAN_POINT ( 'NONE',  ( 0.1214920397705383515, 0.008284948335906327371, -0.003815831348526446849 ) ) ;
#2821 = CARTESIAN_POINT ( 'NONE',  ( -0.003241398377801033882, 0.003386741698954053026, 0.0002539999999999998856 ) ) ;
#2822 = EDGE_LOOP ( 'NONE', ( #3813, #6289, #2812, #3963, #4426 ) ) ;
#2823 = CARTESIAN_POINT ( 'NONE',  ( -0.002334242742220049571, 0.01117154988379873669, 9.656071243416318797E-05 ) ) ;
#2824 = CARTESIAN_POINT ( 'NONE',  ( -0.003296417641477038425, 0.009144973545249219724, -0.0001055170132753401502 ) ) ;
#2825 = B_SPLINE_CURVE_WITH_KNOTS ( 'NONE', 3,
 ( #2944, #3381, #634, #6628 ),
 .UNSPECIFIED., .F., .F.,
 ( 4, 4 ),
 ( 0.000000000000000000, 0.9047166302141091965 ),
 .UNSPECIFIED. ) ;
#2826 = ADVANCED_FACE ( 'NONE', ( #5773 ), #4219, .F. ) ;
#2827 = CARTESIAN_POINT ( 'NONE',  ( -0.003697627707818909159, 0.009383255318256086483, -0.001302709460550573574 ) ) ;
#2828 = CARTESIAN_POINT ( 'NONE',  ( -0.003988414019031912353, 0.008995461312794914704, 0.0005734366876461090843 ) ) ;
#2829 = ADVANCED_FACE ( 'NONE', ( #914 ), #894, .T. ) ;
#2830 = CARTESIAN_POINT ( 'NONE',  ( 0.004623098171457453234, 0.001846112000121975794, -0.004215409351786043694 ) ) ;
#2831 = CARTESIAN_POINT ( 'NONE',  ( -0.1302215123864031154, 0.005560247451935337176, 0.009046753102925339518 ) ) ;
#2832 = CARTESIAN_POINT ( 'NONE',  ( -0.004560173142116482475, 0.007722098576673131279, -0.004274305770853797405 ) ) ;
#2833 = CARTESIAN_POINT ( 'NONE',  ( 0.004335360148126118918, 0.001689094039691062862, -0.004687844135899181704 ) ) ;
#2834 = SURFACE_STYLE_FILL_AREA ( #667 ) ;
#2835 = CARTESIAN_POINT ( 'NONE',  ( 0.003123282727022970700, 0.009320598770671409752, 0.0005726476016877314525 ) ) ;
#2836 = CARTESIAN_POINT ( 'NONE',  ( 0.004561176248147592004, 0.008014431762437044734, 0.004273205278112122280 ) ) ;
#2837 = DIRECTION ( 'NONE',  ( -0.000000000000000000, -1.000000000000000000, -0.000000000000000000 ) ) ;
#2838 = CARTESIAN_POINT ( 'NONE',  ( 0.005123233739383686695, 0.002744781113247679854, -0.003589058395167874990 ) ) ;
#2839 = CARTESIAN_POINT ( 'NONE',  ( -0.002975152356587898537, 0.01161845903260176095, -0.001093103597755685228 ) ) ;
#2840 = CARTESIAN_POINT ( 'NONE',  ( 0.003292149416556563405, 0.009149213728331506007, 0.0001031632025679777740 ) ) ;
#2841 = ADVANCED_FACE ( 'NONE', ( #5206 ), #3152, .F. ) ;
#2842 = CARTESIAN_POINT ( 'NONE',  ( -0.002325930216644457940, 0.01049737429177684950, -0.0009589447992598473108 ) ) ;
#2843 = CARTESIAN_POINT ( 'NONE',  ( -0.002317747781596804415, 0.01111466734861992975, -0.0003478587965825951224 ) ) ;
#2844 = DIRECTION ( 'NONE',  ( 0.000000000000000000, 1.000000000000000000, 0.000000000000000000 ) ) ;
#2845 = CARTESIAN_POINT ( 'NONE',  ( 0.1299999999999998934, 0.008306382705677337053, -0.003074156660425666175 ) ) ;
#2846 = CARTESIAN_POINT ( 'NONE',  ( 0.003996945766211892556, 0.008984576217179605223, 0.0005336016481677808166 ) ) ;
#2847 = AXIS2_PLACEMENT_3D ( 'NONE', #6060, #4443, #3941 ) ;
#2848 = CARTESIAN_POINT ( 'NONE',  ( -0.04149051722872530712, 0.009580515162088082057, -0.004474104547171533358 ) ) ;
#2849 = CARTESIAN_POINT ( 'NONE',  ( -0.002279164603028865747, 0.01079403649285994894, 0.0007940727562037429039 ) ) ;
#2850 = APPLICATION_CONTEXT ( 'automotive_design' ) ;
#2851 = CARTESIAN_POINT ( 'NONE',  ( 0.003682445176985234530, 0.009404607500759854313, 0.001326866133071383453 ) ) ;
#2852 = VERTEX_POINT ( 'NONE', #4679 ) ;
#2853 = DIRECTION ( 'NONE',  ( 9.484135310589723205E-16, 1.000000000000000000, -0.000000000000000000 ) ) ;
#2854 = CARTESIAN_POINT ( 'NONE',  ( 0.003058805664911332968, 0.01188872343138558212, -0.0002017800893519040048 ) ) ;
#2855 = CARTESIAN_POINT ( 'NONE',  ( -0.02978125322163856573, 0.003458093517846090852, 0.003973318349971200446 ) ) ;
#2856 = CARTESIAN_POINT ( 'NONE',  ( 0.002825514472010093661, 0.009651219544012547627, -0.0008799706655941367649 ) ) ;
#2857 = CARTESIAN_POINT ( 'NONE',  ( 0.1219751266313807148, 0.008422974929367556610, -0.002489138944855750612 ) ) ;
#2858 = CARTESIAN_POINT ( 'NONE',  ( -0.003602521546831019290, 0.001293906774779274207, 0.005308525682841752462 ) ) ;
#2859 = ORIENTED_EDGE ( 'NONE', *, *, #1176, .T. ) ;
#2860 = CARTESIAN_POINT ( 'NONE',  ( -0.002333932420118681097, 0.01117059106386719333, -0.0001102754782786050992 ) ) ;
#2861 = CARTESIAN_POINT ( 'NONE',  ( -0.002735127171951430049, 0.009763149310375701315, 0.0009354820412654452294 ) ) ;
#2862 = CARTESIAN_POINT ( 'NONE',  ( -0.002471061739089126796, 0.0009894106455971953071, 0.005749461029221745664 ) ) ;
#2863 = CARTESIAN_POINT ( 'NONE',  ( -0.003052414416928076520, 0.01187199557083553486, -0.0003340216840388472589 ) ) ;
#2864 = CARTESIAN_POINT ( 'NONE',  ( -0.004631615120819095564, 0.008031864869414852282, -0.004196503469866302849 ) ) ;
#2865 = CARTESIAN_POINT ( 'NONE',  ( 0.004222891234194850463, 0.001564976691729447200, -0.004616264976170537764 ) ) ;
#2866 = CARTESIAN_POINT ( 'NONE',  ( -0.1301721375793858937, 0.005689196144096197311, 0.009353608659498103065 ) ) ;
#2867 = EDGE_CURVE ( 'NONE', #3083, #6857, #1117, .T. ) ;
#2868 = CARTESIAN_POINT ( 'NONE',  ( -0.004587934170951102342, 0.007720170938121243172, -0.004244265504510268301 ) ) ;
#2869 = FACE_OUTER_BOUND ( 'NONE', #6960, .T. ) ;
#2870 = CARTESIAN_POINT ( 'NONE',  ( -0.002327309658425404538, 0.01048499011666140061, 0.0009662791677612833901 ) ) ;
#2871 = DIRECTION ( 'NONE',  ( -0.6697111860861968413, 0.07172577225402826384, 0.7391497418152717103 ) ) ;
#2872 = CARTESIAN_POINT ( 'NONE',  ( 0.002312042311909561377, 0.01109234522641490764, 0.0004040855043976991092 ) ) ;
#2873 = CIRCLE ( 'NONE', #4689, 0.001473200000000000030 ) ;
#2874 = CYLINDRICAL_SURFACE ( 'NONE', #2620, 0.005918200000000010605 ) ;
#2875 = CARTESIAN_POINT ( 'NONE',  ( -0.004004334578558422543, 0.008975167081319151974, -0.0004963424577522683673 ) ) ;
#2876 = CARTESIAN_POINT ( 'NONE',  ( 0.003186305555577791191, 0.009255601109972170712, -0.0004631171582343570725 ) ) ;
#2877 = CARTESIAN_POINT ( 'NONE',  ( -0.003022085625774449495, 0.01178635892478539261, 0.0007096388746892191238 ) ) ;
#2878 = CARTESIAN_POINT ( 'NONE',  ( 0.002442848319322718509, 0.01020874786455291429, 0.001014958193084692815 ) ) ;
#2879 = CIRCLE ( 'NONE', #6268, 0.0001000000000000002216 ) ;
#2880 = CARTESIAN_POINT ( 'NONE',  ( -0.002377113466108625364, 0.01035132102300484642, -0.0009979640466859774055 ) ) ;
#2881 = CARTESIAN_POINT ( 'NONE',  ( 0.05001039601564255532, 0.009832822273990578232, 0.003894538152647702544 ) ) ;
#2882 = CARTESIAN_POINT ( 'NONE',  ( -1.204485184444894781E-17, 5.204170427930421283E-18, 0.000000000000000000 ) ) ;
#2883 = CARTESIAN_POINT ( 'NONE',  ( -6.773113841261526959E-17, 0.007799999999999969284, 0.004849742261192872654 ) ) ;
#2884 = CARTESIAN_POINT ( 'NONE',  ( 0.003257905222913232320, 0.01008443792746602924, 0.001769186230005808085 ) ) ;
#2885 = LINE ( 'NONE', #2776, #5594 ) ;
#2886 = CARTESIAN_POINT ( 'NONE',  ( -0.04970651879834975251, 0.009819058347917500665, -0.003891372714342201423 ) ) ;
#2887 = CARTESIAN_POINT ( 'NONE',  ( -0.002312752116796750607, 0.01109522496189562987, 0.0003973787090787171184 ) ) ;
#2888 = CARTESIAN_POINT ( 'NONE',  ( 0.003022557651106498513, 0.01064548704627098566, 0.001808079577054050573 ) ) ;
#2889 = VERTEX_POINT ( 'NONE', #1541 ) ;
#2890 = DIRECTION ( 'NONE',  ( -1.000000000000000000, 1.037410630505414223E-15, 0.000000000000000000 ) ) ;
#2891 = CARTESIAN_POINT ( 'NONE',  ( 0.004576796194362417816, 0.001833166616986718666, -0.004476314444888899492 ) ) ;
#2892 = CARTESIAN_POINT ( 'NONE',  ( -0.1244236575554603375, 0.006586940915285195187, 0.009982979922870699463 ) ) ;
#2893 = CARTESIAN_POINT ( 'NONE',  ( 0.002847703506163210344, 0.009624833766616415487, -0.0008641758744784481085 ) ) ;
#2894 = CARTESIAN_POINT ( 'NONE',  ( 0.1182796432028500461, 0.008693107875092682610, -0.002822208827634512668 ) ) ;
#2895 = CARTESIAN_POINT ( 'NONE',  ( -0.006252905932430921979, 0.005399538671557744911, -0.0001910796958090471846 ) ) ;
#2896 = VERTEX_POINT ( 'NONE', #3719 ) ;
#2897 = CARTESIAN_POINT ( 'NONE',  ( -0.002292323896799035830, 0.01099513338796142235, 0.0005796615396155468860 ) ) ;
#2898 = CARTESIAN_POINT ( 'NONE',  ( -0.003012136396414171347, 0.009438841846091505783, 0.0007160084894071585366 ) ) ;
#2899 = CARTESIAN_POINT ( 'NONE',  ( -0.001259950427023957559, 0.0008491904402841708764, 0.006121684810690767621 ) ) ;
#2900 = CARTESIAN_POINT ( 'NONE',  ( -0.003061662496963372514, 0.01189589244068543598, -1.302866838296184927E-05 ) ) ;
#2901 = FACE_OUTER_BOUND ( 'NONE', #6286, .T. ) ;
#2902 = CARTESIAN_POINT ( 'NONE',  ( 0.005372668406875970998, 0.002572478235779831861, -0.003472277508324862413 ) ) ;
#2903 = B_SPLINE_CURVE_WITH_KNOTS ( 'NONE', 3,
 ( #6524, #5003, #3882, #2280 ),
 .UNSPECIFIED., .F., .F.,
 ( 4, 4 ),
 ( 0.005486497244110623978, 0.01067792281924099737 ),
 .UNSPECIFIED. ) ;
#2904 = CARTESIAN_POINT ( 'NONE',  ( -0.1302218975038050286, 0.005586274091212289905, 0.008984262440767609714 ) ) ;
#2905 = EDGE_CURVE ( 'NONE', #403, #1401, #1893, .T. ) ;
#2906 = CARTESIAN_POINT ( 'NONE',  ( 0.002335870549133394879, 0.01015345462986199342, 0.001015984183957139176 ) ) ;
#2907 = CARTESIAN_POINT ( 'NONE',  ( -0.002279550751316865038, 0.01086401650544896284, 0.0007328463357005060184 ) ) ;
#2908 = CARTESIAN_POINT ( 'NONE',  ( 0.002488773034741722200, 0.01012415872151122519, -0.001015535190157773561 ) ) ;
#2909 = AXIS2_PLACEMENT_3D ( 'NONE', #5835, #909, #4709 ) ;
#2910 = CARTESIAN_POINT ( 'NONE',  ( 0.002279312095702081160, 0.01078873997236683493, 0.0007982785207955451741 ) ) ;
#2911 = CARTESIAN_POINT ( 'NONE',  ( -0.0002540000000000001024, 0.02225040000000000351, -0.002884438135928730530 ) ) ;
#2912 = LINE ( 'NONE', #5062, #2933 ) ;
#2913 = CARTESIAN_POINT ( 'NONE',  ( -0.002988221802096170405, 0.01167119994363450750, 0.0009934116559821841875 ) ) ;
#2914 = CARTESIAN_POINT ( 'NONE',  ( 0.002286753490854169686, 0.01069013961626395781, -0.0008668948656510378284 ) ) ;
#2915 = CARTESIAN_POINT ( 'NONE',  ( -0.002405664156919543398, 0.01028528575671054830, -0.001008382249743305188 ) ) ;
#2916 = CARTESIAN_POINT ( 'NONE',  ( 0.09005652260071177195, 0.01011330131121741110, 0.001922765353148623516 ) ) ;
#2917 = DIRECTION ( 'NONE',  ( 0.000000000000000000, 1.000000000000000000, 0.000000000000000000 ) ) ;
#2918 = CARTESIAN_POINT ( 'NONE',  ( 0.002938471294662384561, 0.01138653692602110794, 0.001405067347367898629 ) ) ;
#2919 = CARTESIAN_POINT ( 'NONE',  ( 0.002279284662911303019, 0.01085714513000708530, -0.0007394807925979934643 ) ) ;
#2920 = EDGE_CURVE ( 'NONE', #3533, #6389, #782, .T. ) ;
#2921 = CARTESIAN_POINT ( 'NONE',  ( -0.002286162098990021912, 0.01069511746813359317, 0.0008638341485175596432 ) ) ;
#2922 = CARTESIAN_POINT ( 'NONE',  ( 0.002963120499670539830, 0.01088667919933024308, -0.001744422977665389431 ) ) ;
#2923 = ORIENTED_EDGE ( 'NONE', *, *, #1576, .T. ) ;
#2924 = CARTESIAN_POINT ( 'NONE',  ( 7.387681815856407387E-19, 0.001015999999999999976, 0.006032499999999999668 ) ) ;
#2925 = CARTESIAN_POINT ( 'NONE',  ( 0.002747220700061769709, 0.009747776550232236173, -0.0009287467817423272721 ) ) ;
#2926 = CARTESIAN_POINT ( 'NONE',  ( 0.1298923666867248250, 0.006045937103637924991, -0.008694068886346578706 ) ) ;
#2927 = CARTESIAN_POINT ( 'NONE',  ( -0.005082285053106764400, 0.002458100207895678926, 0.003648238857014357746 ) ) ;
#2928 = VERTEX_POINT ( 'NONE', #1406 ) ;
#2929 = CARTESIAN_POINT ( 'NONE',  ( -0.002284568792844665630, 0.01070979631141726583, 0.0008545643755641858016 ) ) ;
#2930 = CARTESIAN_POINT ( 'NONE',  ( -0.002854690153522691093, 0.009616741955014117965, 0.0008585953414548431074 ) ) ;
#2931 = ORIENTED_EDGE ( 'NONE', *, *, #1225, .F. ) ;
#2932 = VECTOR ( 'NONE', #343, 1.000000000000000000 ) ;
#2933 = VECTOR ( 'NONE', #6203, 1.000000000000000000 ) ;
#2934 = EDGE_CURVE ( 'NONE', #896, #3854, #1602, .T. ) ;
#2935 = LINE ( 'NONE', #6723, #3252 ) ;
#2936 = CARTESIAN_POINT ( 'NONE',  ( 0.02287490453231737914, 0.006963006536424388299, 0.001319017261706505011 ) ) ;
#2937 = CARTESIAN_POINT ( 'NONE',  ( 0.006144673881738912588, 0.004176208948247404906, -0.001246833060054095086 ) ) ;
#2938 = CARTESIAN_POINT ( 'NONE',  ( -0.1299906823146099732, 0.005625812137497397149, 0.009235587188331629768 ) ) ;
#2939 = AXIS2_PLACEMENT_3D ( 'NONE', #1582, #4188, #6940 ) ;
#2940 = CARTESIAN_POINT ( 'NONE',  ( 0.002329923591208246225, 0.01015672691987406714, 0.001015999999999998024 ) ) ;
#2941 = CARTESIAN_POINT ( 'NONE',  ( 0.002737011426054730689, 0.01267867681766160666, 4.747656475035185122E-19 ) ) ;
#2942 = CARTESIAN_POINT ( 'NONE',  ( -0.006218617174786245441, 0.006851705668766450673, -0.001400127713392139124 ) ) ;
#2943 = CARTESIAN_POINT ( 'NONE',  ( 0.002278816189135238202, 0.01082909938888515500, 0.0007647659135991910235 ) ) ;
#2944 = CARTESIAN_POINT ( 'NONE',  ( 0.1300000000000001987, 0.001072457435249923310, -0.01786584610186175981 ) ) ;
#2945 = EDGE_CURVE ( 'NONE', #4197, #1187, #2397, .T. ) ;
#2946 = CARTESIAN_POINT ( 'NONE',  ( 0.003058739815433263003, 0.009388678591500707049, -0.0006613012057985512586 ) ) ;
#2947 = CARTESIAN_POINT ( 'NONE',  ( -0.003058224090901234902, 0.01188714133374594965, -0.0002058955702562566780 ) ) ;
#2948 = CARTESIAN_POINT ( 'NONE',  ( 0.002298296600400658030, 0.01102895893219230962, 0.0005267537956975027087 ) ) ;
#2949 = CARTESIAN_POINT ( 'NONE',  ( 0.1299769297856852024, 0.005645701306970138909, -0.009190704317116325447 ) ) ;
#2950 = CARTESIAN_POINT ( 'NONE',  ( 0.000000000000000000, 0.000000000000000000, 0.000000000000000000 ) ) ;
#2951 = CARTESIAN_POINT ( 'NONE',  ( 0.03835802678916631209, 0.009378482947929952032, 0.004352954126074100837 ) ) ;
#2952 = CARTESIAN_POINT ( 'NONE',  ( 0.002979959938947846030, 0.01163807896237228912, 0.001056760502104231794 ) ) ;
#2953 = FACE_OUTER_BOUND ( 'NONE', #3104, .T. ) ;
#2954 = CARTESIAN_POINT ( 'NONE',  ( -0.002304126141956621462, 0.01105789706436188617, 0.0004757530210410324521 ) ) ;
#2955 = EDGE_CURVE ( 'NONE', #5909, #2992, #2135, .T. ) ;
#2956 = CARTESIAN_POINT ( 'NONE',  ( 0.002957555013358233956, 0.01153008359787654515, -0.001229809224206425237 ) ) ;
#2957 = VERTEX_POINT ( 'NONE', #6390 ) ;
#2958 = CIRCLE ( 'NONE', #3302, 0.002895600000000001645 ) ;
#2959 = CARTESIAN_POINT ( 'NONE',  ( 0.000000000000000000, 0.006985000000000001624, 0.002895600000000001645 ) ) ;
#2960 = DIRECTION ( 'NONE',  ( -0.000000000000000000, 1.000000000000000000, -0.000000000000000000 ) ) ;
#2961 = DIRECTION ( 'NONE',  ( 0.000000000000000000, 0.000000000000000000, -1.000000000000000000 ) ) ;
#2962 = CARTESIAN_POINT ( 'NONE',  ( 0.1302174298128020435, 0.005680423134795701927, -0.008751028971311058599 ) ) ;
#2963 = ORIENTED_EDGE ( 'NONE', *, *, #3587, .F. ) ;
#2964 = CARTESIAN_POINT ( 'NONE',  ( -0.003161657778857558318, 0.009280859477181208420, 0.0005095444033668624934 ) ) ;
#2965 = CARTESIAN_POINT ( 'NONE',  ( -0.003164683896697085674, 0.009277681959032241937, -0.0005055648815351314719 ) ) ;
#2966 = CARTESIAN_POINT ( 'NONE',  ( -0.001348694731337144381, 0.0008508732707223348865, 0.006102747129093867053 ) ) ;
#2967 = CARTESIAN_POINT ( 'NONE',  ( 0.002323978452039379434, 0.01015999999999832142, -0.001016000000007534097 ) ) ;
#2968 = ORIENTED_EDGE ( 'NONE', *, *, #4393, .F. ) ;
#2969 = CARTESIAN_POINT ( 'NONE',  ( 2.646309169056112535E-17, 0.004334694754204434196, -0.001894832674326236066 ) ) ;
#2970 = CARTESIAN_POINT ( 'NONE',  ( 0.005826981893088781055, 0.006756530831315623285, 0.002277191182883943257 ) ) ;
#2971 = CARTESIAN_POINT ( 'NONE',  ( 0.01092606791770959866, 0.007944354947990329291, 0.004200375897603744052 ) ) ;
#2972 = CARTESIAN_POINT ( 'NONE',  ( -0.1299426701823918340, 0.005693055672184144100, 0.009081255629559525921 ) ) ;
#2973 = PLANE ( 'NONE',  #1589 ) ;
#2974 = CARTESIAN_POINT ( 'NONE',  ( 0.02201138876983874462, 0.008019039151232089727, 0.003015813601982814725 ) ) ;
#2975 = CARTESIAN_POINT ( 'NONE',  ( -0.003219660559766173141, 0.01015896818955057575, 0.001789278389373057066 ) ) ;
#2976 = CARTESIAN_POINT ( 'NONE',  ( 0.000000000000000000, 0.006985000000000001624, 0.002413000000000001515 ) ) ;
#2977 = CARTESIAN_POINT ( 'NONE',  ( 0.002321524728190195799, 0.01112862447981521376, 0.0003071187435427551941 ) ) ;
#2978 = CARTESIAN_POINT ( 'NONE',  ( -0.05803027018031492457, 0.01011731872975734497, -0.003860441263229785237 ) ) ;
#2979 = VECTOR ( 'NONE', #2250, 1.000000000000000000 ) ;
#2980 = CARTESIAN_POINT ( 'NONE',  ( -0.004848150851063090516, 0.008055426792899021693, -0.003957516377493508139 ) ) ;
#2981 = CARTESIAN_POINT ( 'NONE',  ( -0.002932204166578406771, 0.01117375959029129513, -0.001590114021223669200 ) ) ;
#2982 = CARTESIAN_POINT ( 'NONE',  ( 0.002290285478154121309, 0.01098091486633037163, -0.0005988761575136121017 ) ) ;
#2983 = CARTESIAN_POINT ( 'NONE',  ( 0.002278763417591097608, 0.01084204607446353358, -0.0007538357070249483618 ) ) ;
#2984 = CARTESIAN_POINT ( 'NONE',  ( 0.1215150188153792804, 0.008090782354324473763, -0.003775849374221549974 ) ) ;
#2985 = CARTESIAN_POINT ( 'NONE',  ( 0.000000000000000000, 0.002044699999999995219, 0.000000000000000000 ) ) ;
#2986 = CARTESIAN_POINT ( 'NONE',  ( 0.002945526172376278142, 0.01100298930002124517, 0.001692565386554956489 ) ) ;
#2987 = AXIS2_PLACEMENT_3D ( 'NONE', #4588, #3529, #1285 ) ;
#2988 = CARTESIAN_POINT ( 'NONE',  ( 0.002289501290175052599, 0.01097508468282694383, -0.0006065760001987033053 ) ) ;
#2989 = CARTESIAN_POINT ( 'NONE',  ( -0.002438811803330256846, 0.01021607102261332112, 0.001014980145648311733 ) ) ;
#2990 = CIRCLE ( 'NONE', #6944, 0.001650999999999999256 ) ;
#2991 = CARTESIAN_POINT ( 'NONE',  ( 0.003038097166436734206, 0.01183310390015271558, 0.0005413971359078862842 ) ) ;
#2992 = VERTEX_POINT ( 'NONE', #2175 ) ;
#2993 = CARTESIAN_POINT ( 'NONE',  ( 0.002951881816329373839, 0.01151153042072182789, -0.001271026891195522080 ) ) ;
#2994 = DIRECTION ( 'NONE',  ( 8.659560562354951347E-17, -0.7071067811865460184, 0.7071067811865490160 ) ) ;
#2995 = CARTESIAN_POINT ( 'NONE',  ( 0.1302783968375228196, 0.006207246745811042729, -0.007335390089431380496 ) ) ;
#2996 = CARTESIAN_POINT ( 'NONE',  ( -0.006271100950131730176, 0.005948481997931524129, -0.0009841113066238358839 ) ) ;
#2997 = VERTEX_POINT ( 'NONE', #4343 ) ;
#2998 = CARTESIAN_POINT ( 'NONE',  ( -0.003064991122414890273, 0.009381933151580543542, 0.0006541115454553151102 ) ) ;
#2999 = VERTEX_POINT ( 'NONE', #1527 ) ;
#3000 = EDGE_CURVE ( 'NONE', #4046, #6652, #3332, .T. ) ;
#3001 = CARTESIAN_POINT ( 'NONE',  ( 1.747903146857562262E-19, 0.005588000000000000085, 0.001427271232876712410 ) ) ;
#3002 = ORIENTED_EDGE ( 'NONE', *, *, #1267, .T. ) ;
#3003 = CARTESIAN_POINT ( 'NONE',  ( 0.03877261192863976774, 0.009424354372975439834, 0.004409552107766640840 ) ) ;
#3004 = CARTESIAN_POINT ( 'NONE',  ( 0.05351620202844326740, 0.008721237902784624574, -0.002423009713666663366 ) ) ;
#3005 = CARTESIAN_POINT ( 'NONE',  ( 0.005717427596489828637, 0.006905606279857176392, 0.002541098545048468046 ) ) ;
#3006 = CARTESIAN_POINT ( 'NONE',  ( -0.1126445758760196564, 0.0002523962886764733512, 0.02207343113203141804 ) ) ;
#3007 = CYLINDRICAL_SURFACE ( 'NONE', #3076, 0.002895600000000001645 ) ;
#3008 = CARTESIAN_POINT ( 'NONE',  ( -0.003726672250197230873, 0.001396773076337020280, 0.005073883581718269427 ) ) ;
#3009 = DIRECTION ( 'NONE',  ( 0.000000000000000000, 0.000000000000000000, 1.000000000000000000 ) ) ;
#3010 = CARTESIAN_POINT ( 'NONE',  ( -0.002966381409367923813, 0.01087164021939731468, 0.001749196694202615702 ) ) ;
#3011 = CARTESIAN_POINT ( 'NONE',  ( 0.0002539999999999999398, 0.005588000000000000085, -0.001404488224300015371 ) ) ;
#3012 = CARTESIAN_POINT ( 'NONE',  ( -2.022319465497210922E-20, 0.01267867681766160839, 0.000000000000000000 ) ) ;
#3013 = CARTESIAN_POINT ( 'NONE',  ( 0.002284913582704437181, 0.01093802078084117960, 0.0006536346421965395954 ) ) ;
#3014 = CARTESIAN_POINT ( 'NONE',  ( -0.05105968224433021785, 0.009878338711043512660, -0.003902519746315468753 ) ) ;
#3015 = CARTESIAN_POINT ( 'NONE',  ( -0.1251978103266440379, 0.007465001036336256675, 0.005232242981285041734 ) ) ;
#3016 = CARTESIAN_POINT ( 'NONE',  ( 0.002979443679063565383, 0.009474697873406878745, 0.0007501627961540773080 ) ) ;
#3017 = CARTESIAN_POINT ( 'NONE',  ( -0.003238147838367260410, 0.01012296592663045579, -0.001779511926489966240 ) ) ;
#3018 = CARTESIAN_POINT ( 'NONE',  ( 0.002335415816976767894, 0.01117525309621956141, 5.206747534373747685E-05 ) ) ;
#3019 = CIRCLE ( 'NONE', #3815, 0.005003799999999891668 ) ;
#3020 = CARTESIAN_POINT ( 'NONE',  ( 0.002301448367630593711, 0.01059867453915427742, -0.0009165810253048320942 ) ) ;
#3021 = CARTESIAN_POINT ( 'NONE',  ( 0.03534134799799329429, 0.008846846009889925908, 0.003359298275742044794 ) ) ;
#3022 = CARTESIAN_POINT ( 'NONE',  ( -0.002720034179648867043, 0.009782661668623446327, -0.0009433346416764182632 ) ) ;
#3023 = CARTESIAN_POINT ( 'NONE',  ( 0.003060923872197749470, 0.01189402561033782446, -9.654526018059876374E-05 ) ) ;
#3024 = CARTESIAN_POINT ( 'NONE',  ( 0.002331610021094891044, 0.01116310363475273709, -0.0001631790858010509200 ) ) ;
#3025 = CARTESIAN_POINT ( 'NONE',  ( -0.002510618701166411875, 0.01008641981901332862, 0.001013837325864956835 ) ) ;
#3026 = VECTOR ( 'NONE', #4767, 1.000000000000000000 ) ;
#3027 = CARTESIAN_POINT ( 'NONE',  ( 0.002936491667490558760, 0.01136737453793745974, -0.001425996149608676046 ) ) ;
#3028 = ORIENTED_EDGE ( 'NONE', *, *, #5933, .F. ) ;
#3029 = CARTESIAN_POINT ( 'NONE',  ( -0.002966381409367923813, 0.01087164021939731468, 0.001749196694202615702 ) ) ;
#3030 = CARTESIAN_POINT ( 'NONE',  ( -0.02733716150035101281, 0.008360962945328035897, -0.003019110956383469577 ) ) ;
#3031 = CARTESIAN_POINT ( 'NONE',  ( 0.1300218788205001197, 0.006461964225653290053, -0.006791061682864318189 ) ) ;
#3032 = CARTESIAN_POINT ( 'NONE',  ( -0.1300000000000000877, 0.003412172131807015164, 0.01488276731026897878 ) ) ;
#3033 = ORIENTED_EDGE ( 'NONE', *, *, #1871, .F. ) ;
#3034 = CARTESIAN_POINT ( 'NONE',  ( -0.003231899909131461836, 0.009209374488890078800, 0.0003589574262433802444 ) ) ;
#3035 =( NAMED_UNIT ( * ) PLANE_ANGLE_UNIT ( ) SI_UNIT ( $, .RADIAN. ) );
#3036 = AXIS2_PLACEMENT_3D ( 'NONE', #6158, #4601, #834 ) ;
#3037 = ORIENTED_EDGE ( 'NONE', *, *, #3177, .F. ) ;
#3038 = EDGE_CURVE ( 'NONE', #2551, #5909, #2702, .T. ) ;
#3039 = DIRECTION ( 'NONE',  ( 0.000000000000000000, 0.000000000000000000, -1.000000000000000000 ) ) ;
#3040 = ORIENTED_EDGE ( 'NONE', *, *, #2189, .F. ) ;
#3041 = DIRECTION ( 'NONE',  ( -0.000000000000000000, -1.000000000000000000, -0.000000000000000000 ) ) ;
#3042 = CARTESIAN_POINT ( 'NONE',  ( -0.004515813541788882453, 0.007843742461550543346, -0.004357495902373310914 ) ) ;
#3043 = DIRECTION ( 'NONE',  ( 0.000000000000000000, 0.000000000000000000, 1.000000000000000000 ) ) ;
#3044 = CONICAL_SURFACE ( 'NONE', #1795, 0.002412999999999997612, 0.7853981633974582710 ) ;
#3045 = EDGE_CURVE ( 'NONE', #6745, #3083, #887, .T. ) ;
#3046 = DIRECTION ( 'NONE',  ( -0.000000000000000000, -1.000000000000000000, -0.000000000000000000 ) ) ;
#3047 = CARTESIAN_POINT ( 'NONE',  ( -0.002823982109146715158, 0.0009933644470167799813, 0.005583875837520993826 ) ) ;
#3048 = DIRECTION ( 'NONE',  ( 0.000000000000000000, 0.000000000000000000, -1.000000000000000000 ) ) ;
#3049 = ORIENTED_EDGE ( 'NONE', *, *, #6366, .F. ) ;
#3050 = AXIS2_PLACEMENT_3D ( 'NONE', #3180, #3549, #3584 ) ;
#3051 = CARTESIAN_POINT ( 'NONE',  ( -0.1143460425076138071, 0.009083004842313871854, 0.001830495544047590958 ) ) ;
#3052 = CARTESIAN_POINT ( 'NONE',  ( -0.03933763198723751880, 0.009178626029075901901, -0.003554677181208746803 ) ) ;
#3053 = CARTESIAN_POINT ( 'NONE',  ( -0.004591035247673234607, 0.002152777602615893633, 0.004249649757502787367 ) ) ;
#3054 = B_SPLINE_SURFACE_WITH_KNOTS ( 'NONE', 3, 3, ( 
 ( #3147, #6329, #839, #6930, #5234, #442, #6862, #5201, #5769, #4772, #2508, #2072, #3112, #872 ),
 ( #4675, #6828, #2617, #4244, #3651, #371, #2006, #1472, #5802, #406, #2581, #6900, #3006, #2039 ),
 ( #4215, #6362, #1501, #5836, #5300, #5339, #1159, #5975, #3787, #4876, #5411, #5941, #6965, #2651 ),
 ( #4315, #5448, #56, #3330, #510, #4808, #3860, #2257, #2183, #2755, #3714, #4352, #1535, #5874 ),
 ( #6009, #4840, #548, #6505, #2146, #6468, #1644, #6537, #1682, #6397, #1010, #3823, #1610, #622 ),
 ( #7000, #3222, #3297, #2110, #4913, #3751, #475, #1123, #5374, #1049, #3187, #587, #3259, #4281 ),
 ( #2221, #5911, #1083, #2722, #6435, #1573, #4389, #18, #5486, #2683, #2789, #4949, #90, #1194 ) ),
 .UNSPECIFIED., .F., .F., .F.,
 ( 4, 3, 4 ),
 ( 4, 1, 1, 1, 1, 1, 1, 1, 1, 1, 1, 4 ),
 ( -0.05616555982631284832, 0.000000000000000000, 1.000000000000000000 ),
 ( 0.000000000000000000, 0.09375000000000000000, 0.1536846834549344121, 0.1562500000000000000, 0.2187500000000000000, 0.3125000000000000000, 0.3750000000000000000, 0.3846922576685049000, 0.4062500000000000000, 0.4375000000000000000, 0.6250000000000000000, 1.000000000000000000 ),
 .UNSPECIFIED. ) ;
#3055 = CARTESIAN_POINT ( 'NONE',  ( -0.003139910584573341219, 0.01032888928883236163, -0.001817941453531866794 ) ) ;
#3056 = CARTESIAN_POINT ( 'NONE',  ( 0.002305111702041018947, 0.01106246439476214934, -0.0004670255017329298154 ) ) ;
#3057 = CARTESIAN_POINT ( 'NONE',  ( -0.004513737439939025618, 0.007841619508283794587, -0.004358596495676953647 ) ) ;
#3058 = CARTESIAN_POINT ( 'NONE',  ( 0.002278559410488175448, 0.01081602759826134040, -0.0007765759649193440224 ) ) ;
#3059 = CARTESIAN_POINT ( 'NONE',  ( 0.006208020339597572143, 0.005097475776261552183, -0.0008684542454156253793 ) ) ;
#3060 = CARTESIAN_POINT ( 'NONE',  ( -0.002839807222923497985, 0.009634348357156072989, -0.0008694632270731980335 ) ) ;
#3061 = CARTESIAN_POINT ( 'NONE',  ( 0.003014253084265035645, 0.01176199290631813055, -0.0007810395218170685869 ) ) ;
#3062 = CARTESIAN_POINT ( 'NONE',  ( 0.002329336918127019283, 0.01048430353208059697, -0.0009640247009627596906 ) ) ;
#3063 = CARTESIAN_POINT ( 'NONE',  ( -0.003262874106545906889, 0.009178320873670245753, 0.0002624022121030073710 ) ) ;
#3064 = CARTESIAN_POINT ( 'NONE',  ( 0.002972412079418871450, 0.01083950841994542509, -0.001761212315299901920 ) ) ;
#3065 = VERTEX_POINT ( 'NONE', #5167 ) ;
#3066 = CARTESIAN_POINT ( 'NONE',  ( -0.003061461253750153398, 0.01189538552720019633, 5.139087042563522233E-05 ) ) ;
#3067 = CARTESIAN_POINT ( 'NONE',  ( 0.1302150670666561150, 0.005679800487600871611, -0.008755662515821469732 ) ) ;
#3068 = CARTESIAN_POINT ( 'NONE',  ( -1.204485184444895089E-17, 3.732723443801142422E-20, 0.000000000000000000 ) ) ;
#3069 = ORIENTED_EDGE ( 'NONE', *, *, #307, .T. ) ;
#3070 = CARTESIAN_POINT ( 'NONE',  ( -0.003083865514015733927, 0.009361925814305390586, 0.0006295646436630680408 ) ) ;
#3071 = CARTESIAN_POINT ( 'NONE',  ( -0.001970006541162899489, 0.0008935267844074872706, 0.005939687273879545697 ) ) ;
#3072 = ORIENTED_EDGE ( 'NONE', *, *, #1354, .T. ) ;
#3073 = CARTESIAN_POINT ( 'NONE',  ( 0.0002539999999999998856, 0.005588000000000000085, 0.001404488224300015587 ) ) ;
#3074 = ORIENTED_EDGE ( 'NONE', *, *, #6330, .F. ) ;
#3075 = CARTESIAN_POINT ( 'NONE',  ( 0.03338862291464660820, 0.009097306040935015242, 0.004256489617969392257 ) ) ;
#3076 = AXIS2_PLACEMENT_3D ( 'NONE', #1941, #2007, #5164 ) ;
#3077 = CARTESIAN_POINT ( 'NONE',  ( -0.004534035258214817211, 0.007873401054975977253, -0.004347847215045607359 ) ) ;
#3078 = DIRECTION ( 'NONE',  ( 1.000000000000000000, -0.000000000000000000, 1.235622036608013801E-16 ) ) ;
#3079 = APPLICATION_CONTEXT ( 'automotive_design' ) ;
#3080 = CARTESIAN_POINT ( 'NONE',  ( 0.1135495965072629981, 0.009165935277078263166, -0.001621507450086740777 ) ) ;
#3081 = CARTESIAN_POINT ( 'NONE',  ( 0.000000000000000000, 0.000000000000000000, 0.000000000000000000 ) ) ;
#3082 = CARTESIAN_POINT ( 'NONE',  ( 0.002278589675755439588, 0.01081102588626786827, 0.0007808955949112428643 ) ) ;
#3083 = VERTEX_POINT ( 'NONE', #309 ) ;
#3084 = CARTESIAN_POINT ( 'NONE',  ( -0.06324402229499699601, 0.01035093253232036853, -0.004335696081043778453 ) ) ;
#3085 = ADVANCED_FACE ( 'NONE', ( #6110 ), #543, .T. ) ;
#3086 = CARTESIAN_POINT ( 'NONE',  ( -1.204485184444895089E-17, 0.01015018309780834661, 0.000000000000000000 ) ) ;
#3087 = B_SPLINE_CURVE_WITH_KNOTS ( 'NONE', 3,
 ( #6992, #5904, #3213, #2139 ),
 .UNSPECIFIED., .F., .F.,
 ( 4, 4 ),
 ( 0.1075172629733298080, 1.000000000000000000 ),
 .UNSPECIFIED. ) ;
#3088 = CARTESIAN_POINT ( 'NONE',  ( -0.006253545843920980084, 0.005695921623703553704, 0.0001441295021822620306 ) ) ;
#3089 = CARTESIAN_POINT ( 'NONE',  ( 0.002647809361168621586, 0.009879021146824325250, -0.0009768685973031913765 ) ) ;
#3090 = CARTESIAN_POINT ( 'NONE',  ( -0.004475864339697489293, 0.007825589811774421103, -0.004362406688114755376 ) ) ;
#3091 = CARTESIAN_POINT ( 'NONE',  ( 0.004856480319019447836, 0.007953711690248966085, 0.003947786512332975527 ) ) ;
#3092 = CARTESIAN_POINT ( 'NONE',  ( -0.002516386262464457950, 0.01007633493793473958, -0.001013532761234415712 ) ) ;
#3093 = CARTESIAN_POINT ( 'NONE',  ( 0.002989039872044425578, 0.01076800903439076133, -0.001781922746682076215 ) ) ;
#3094 = CARTESIAN_POINT ( 'NONE',  ( 0.002293021354410340173, 0.01099853860888437736, 0.0005737030096728286789 ) ) ;
#3095 = CARTESIAN_POINT ( 'NONE',  ( -0.002765400311556779397, 0.009724746726198180841, 0.0009185636229733552555 ) ) ;
#3096 = CARTESIAN_POINT ( 'NONE',  ( 0.003718702081091504116, 0.009353954015087694376, -0.001267151766715020247 ) ) ;
#3097 = ORIENTED_EDGE ( 'NONE', *, *, #5092, .T. ) ;
#3098 = EDGE_CURVE ( 'NONE', #2563, #2992, #5982, .T. ) ;
#3099 = CARTESIAN_POINT ( 'NONE',  ( -0.003031184670049004697, 0.01181362318448175852, 0.0006204532298651762407 ) ) ;
#3100 = CARTESIAN_POINT ( 'NONE',  ( 0.000000000000000000, 0.000000000000000000, 0.000000000000000000 ) ) ;
#3101 = CARTESIAN_POINT ( 'NONE',  ( -0.08720380133110401666, 0.01037348771249844634, -0.002189504347999192066 ) ) ;
#3102 = CARTESIAN_POINT ( 'NONE',  ( 0.001451138256679907184, 0.000000000000000000, 0.0002539999999999998856 ) ) ;
#3103 = CARTESIAN_POINT ( 'NONE',  ( -0.004989444952011083678, 0.007468098833459774558, -0.003813120602669077975 ) ) ;
#3104 = EDGE_LOOP ( 'NONE', ( #194, #5409, #5687 ) ) ;
#3105 = CARTESIAN_POINT ( 'NONE',  ( -0.003288852561936506970, 0.009152480095939902888, -0.0001321560971190971609 ) ) ;
#3106 = AXIS2_PLACEMENT_3D ( 'NONE', #2950, #1886, #5105 ) ;
#3107 = FACE_OUTER_BOUND ( 'NONE', #1561, .T. ) ;
#3108 = ORIENTED_EDGE ( 'NONE', *, *, #4774, .T. ) ;
#3109 = SURFACE_STYLE_USAGE ( .BOTH. , #5765 ) ;
#3110 = ORIENTED_EDGE ( 'NONE', *, *, #2604, .F. ) ;
#3111 = CARTESIAN_POINT ( 'NONE',  ( -0.0002540000000000001024, 0.003386741698954053026, -0.003241398377801033882 ) ) ;
#3112 = CARTESIAN_POINT ( 'NONE',  ( -0.1123313774808388649, 5.425414110102775244E-05, 0.02241647820108448944 ) ) ;
#3113 = EDGE_CURVE ( 'NONE', #866, #723, #1055, .T. ) ;
#3114 = PRODUCT_DEFINITION_SHAPE ( 'NONE', 'NONE',  #6933 ) ;
#3115 = CARTESIAN_POINT ( 'NONE',  ( -0.001404488224300015587, 0.005588000000000000085, 0.0002539999999999999398 ) ) ;
#3116 = CARTESIAN_POINT ( 'NONE',  ( 0.1057122080684927135, 0.009702818056394202015, -0.0001360247276181548797 ) ) ;
#3117 = CARTESIAN_POINT ( 'NONE',  ( -0.004033914357269798370, 0.008937526551090401936, -0.0003421168902405547787 ) ) ;
#3118 = CARTESIAN_POINT ( 'NONE',  ( -0.06325061847656293645, 0.01022676776096653230, -0.003723534282151190998 ) ) ;
#3119 = DIRECTION ( 'NONE',  ( 0.000000000000000000, 0.000000000000000000, -1.000000000000000000 ) ) ;
#3120 = CARTESIAN_POINT ( 'NONE',  ( -0.003954250593981114593, 0.000000000000000000, 0.0002539999999999998856 ) ) ;
#3121 = EDGE_CURVE ( 'NONE', #6246, #3579, #3395, .T. ) ;
#3122 = CARTESIAN_POINT ( 'NONE',  ( 0.006351342296482372779, 0.005890185846136139491, 0.0001032539414316165105 ) ) ;
#3123 = CARTESIAN_POINT ( 'NONE',  ( -0.003041851853664284157, 0.009406726647375421302, -0.0006821095783389292348 ) ) ;
#3124 = CARTESIAN_POINT ( 'NONE',  ( 0.003037132619091726347, 0.01059893632697661396, -0.001814613167507295654 ) ) ;
#3125 = CARTESIAN_POINT ( 'NONE',  ( 0.004450109270081772754, 0.007850815219563767045, 0.004388519162196349681 ) ) ;
#3126 = B_SPLINE_CURVE_WITH_KNOTS ( 'NONE', 3,
 ( #666, #4398, #5026, #2833, #6512, #3269, #2298, #27, #6017, #2267, #2193, #4468, #4360, #1759 ),
 .UNSPECIFIED., .F., .F.,
 ( 4, 2, 2, 2, 2, 2, 4 ),
 ( 3.744651315850495769E-15, 3.691269871932094919E-05, 7.382539743489724025E-05, 0.0001476507948660498359, 0.0002953015897283539702, 0.0005906031794529631061, 0.001181206358902181378 ),
 .UNSPECIFIED. ) ;
#3127 = CARTESIAN_POINT ( 'NONE',  ( -0.002743062462558733174, 0.009752854450792654978, 0.0009313728463546772866 ) ) ;
#3128 = EDGE_CURVE ( 'NONE', #5664, #3567, #2817, .T. ) ;
#3129 = CARTESIAN_POINT ( 'NONE',  ( 0.003053224385868980213, 0.01055080023448485421, -0.001819466854304202736 ) ) ;
#3130 = ORIENTED_EDGE ( 'NONE', *, *, #4608, .T. ) ;
#3131 = CARTESIAN_POINT ( 'NONE',  ( -0.003326822452781586208, 0.009958706645786755129, 0.001723746675943185497 ) ) ;
#3132 = EDGE_CURVE ( 'NONE', #13, #723, #4183, .T. ) ;
#3133 = CARTESIAN_POINT ( 'NONE',  ( -0.08985630470273509030, 0.01031579584713636540, -0.001929537871832627191 ) ) ;
#3134 = SURFACE_STYLE_FILL_AREA ( #5259 ) ;
#3135 = CARTESIAN_POINT ( 'NONE',  ( -0.004180590213687593315, 0.001615867326921774805, 0.004784155009159025106 ) ) ;
#3136 = AXIS2_PLACEMENT_3D ( 'NONE', #3476, #3441, #6757 ) ;
#3137 = VERTEX_POINT ( 'NONE', #6003 ) ;
#3138 = CARTESIAN_POINT ( 'NONE',  ( 0.004533541918270530234, 0.007791191780405488758, 0.004348020920100077041 ) ) ;
#3139 = CARTESIAN_POINT ( 'NONE',  ( 0.004026487109669303621, 0.008947059058870773102, -0.0003610108771436727868 ) ) ;
#3140 = ORIENTED_EDGE ( 'NONE', *, *, #519, .T. ) ;
#3141 = CARTESIAN_POINT ( 'NONE',  ( -0.002978951824452452570, 0.01080504017135101684, 0.001774008212864877513 ) ) ;
#3142 = DIRECTION ( 'NONE',  ( 9.484135310589723205E-16, 1.000000000000000000, -0.000000000000000000 ) ) ;
#3143 = ORIENTED_EDGE ( 'NONE', *, *, #3957, .T. ) ;
#3144 = CARTESIAN_POINT ( 'NONE',  ( 0.07949009254138374170, 0.01049815788849487938, 0.002868051045844572430 ) ) ;
#3145 = CARTESIAN_POINT ( 'NONE',  ( -0.001404488224300015587, 0.005588000000000000085, -0.0002540000000000002109 ) ) ;
#3146 = CARTESIAN_POINT ( 'NONE',  ( -0.002317165074988043923, 0.01052930761335685132, -0.0009471254197695784137 ) ) ;
#3147 = CARTESIAN_POINT ( 'NONE',  ( -3.834725718156863276E-17, 0.001612307931948846976, 0.005491545487434081399 ) ) ;
#3148 = CARTESIAN_POINT ( 'NONE',  ( 0.03923548659797596733, 0.004264507786225816069, -0.007689882168275002754 ) ) ;
#3149 = PRODUCT_DEFINITION_FORMATION_WITH_SPECIFIED_SOURCE ( 'ANY', '', #443, .NOT_KNOWN. ) ;
#3150 = EDGE_CURVE ( 'NONE', #6357, #333, #6610, .T. ) ;
#3151 = CARTESIAN_POINT ( 'NONE',  ( -0.001420970690457919921, 0.003614281620921026839, 0.0002539999999999999398 ) ) ;
#3152 = CYLINDRICAL_SURFACE ( 'NONE', #5196, 0.002552700000000011037 ) ;
#3153 = DIRECTION ( 'NONE',  ( 0.000000000000000000, 0.000000000000000000, 1.000000000000000000 ) ) ;
#3154 = EDGE_CURVE ( 'NONE', #333, #5013, #4380, .T. ) ;
#3155 = CARTESIAN_POINT ( 'NONE',  ( -0.09585627183378891969, 0.01011112659056326649, -0.002047711247376683610 ) ) ;
#3156 = CARTESIAN_POINT ( 'NONE',  ( 0.002724797897740151471, 0.009776440640170294336, -0.0009409467011444104479 ) ) ;
#3157 = CARTESIAN_POINT ( 'NONE',  ( -0.006254734568612954973, 0.005985956068741834016, -6.222433282062208801E-05 ) ) ;
#3158 = VECTOR ( 'NONE', #843, 1.000000000000000000 ) ;
#3159 = AXIS2_PLACEMENT_3D ( 'NONE', #3189, #5341, #478 ) ;
#3160 = CARTESIAN_POINT ( 'NONE',  ( 0.006124252160418409627, 0.004682944615452436059, -0.001344672010775886141 ) ) ;
#3161 = DIRECTION ( 'NONE',  ( 0.000000000000000000, -0.000000000000000000, 1.000000000000000000 ) ) ;
#3162 = CARTESIAN_POINT ( 'NONE',  ( 0.003053224385868980213, 0.01055080023448485421, -0.001819466854304202736 ) ) ;
#3163 = CARTESIAN_POINT ( 'NONE',  ( 0.004560173142116395739, 0.007722098576672956072, 0.004274305770853842508 ) ) ;
#3164 = FACE_OUTER_BOUND ( 'NONE', #730, .T. ) ;
#3165 = AXIS2_PLACEMENT_3D ( 'NONE', #5384, #1479, #2692 ) ;
#3166 = CARTESIAN_POINT ( 'NONE',  ( 0.003147095710188464821, 0.01031324708887658079, -0.001815645929083589856 ) ) ;
#3167 = ORIENTED_EDGE ( 'NONE', *, *, #1086, .F. ) ;
#3168 = CARTESIAN_POINT ( 'NONE',  ( -0.003093680671378893580, 0.01044021572355649345, 0.001824057035460136585 ) ) ;
#3169 = CARTESIAN_POINT ( 'NONE',  ( 0.1299999999999998934, 0.008306382705677337053, -0.003074156660425666175 ) ) ;
#3170 = CARTESIAN_POINT ( 'NONE',  ( -0.04194768125836120798, 0.009571322893900181469, -0.003652085931406136906 ) ) ;
#3171 = CARTESIAN_POINT ( 'NONE',  ( 0.1301865631005337531, 0.005371750919599360859, -0.009817534599947967330 ) ) ;
#3172 = CARTESIAN_POINT ( 'NONE',  ( -0.1300000000000000877, 0.002881910083708866775, 0.01528510080168061711 ) ) ;
#3173 = ORIENTED_EDGE ( 'NONE', *, *, #6335, .F. ) ;
#3174 = CARTESIAN_POINT ( 'NONE',  ( -0.01049532593336473252, 0.007908096777485584469, -0.003722981591117276428 ) ) ;
#3175 = CARTESIAN_POINT ( 'NONE',  ( 0.04595473084257691715, 0.009802317967478013996, 0.004513307731656337335 ) ) ;
#3176 = CARTESIAN_POINT ( 'NONE',  ( 0.000000000000000000, 0.000000000000000000, 0.000000000000000000 ) ) ;
#3177 = EDGE_CURVE ( 'NONE', #5228, #4276, #5656, .T. ) ;
#3178 = CARTESIAN_POINT ( 'NONE',  ( -0.004539182273777645632, 0.007664379899271478273, -0.004296615610442498789 ) ) ;
#3179 = EDGE_LOOP ( 'NONE', ( #1043, #5472, #1492, #2093 ) ) ;
#3180 = CARTESIAN_POINT ( 'NONE',  ( 0.02279801190476180364, 0.001650999999999957406, 0.000000000000000000 ) ) ;
#3181 = CARTESIAN_POINT ( 'NONE',  ( -0.003938719099518611481, 0.009059217445655349046, 0.0007673029589154024659 ) ) ;
#3182 = CARTESIAN_POINT ( 'NONE',  ( 0.006357620918458245680, 0.005970696829463308965, 0.0001998089945213798492 ) ) ;
#3183 = ORIENTED_EDGE ( 'NONE', *, *, #4890, .F. ) ;
#3184 = CARTESIAN_POINT ( 'NONE',  ( 0.09858045858138475559, 0.01002040086841103975, 0.001736145732536555422 ) ) ;
#3185 = CARTESIAN_POINT ( 'NONE',  ( -0.0002540000000000001024, 0.005080000000000001181, -0.002884438135928730530 ) ) ;
#3186 = CARTESIAN_POINT ( 'NONE',  ( -0.002279773941403985277, 0.01076995843281699713, -0.0008132626711905220325 ) ) ;
#3187 = CARTESIAN_POINT ( 'NONE',  ( -0.06531939664575414639, 0.01189511719174943423, 0.003042805606070296803 ) ) ;
#3188 = CARTESIAN_POINT ( 'NONE',  ( 0.004042316477297718501, 0.001735814177769827958, -0.004670813650600418379 ) ) ;
#3189 = CARTESIAN_POINT ( 'NONE',  ( 0.000000000000000000, 0.02476499999999999882, 0.000000000000000000 ) ) ;
#3190 = AXIS2_PLACEMENT_3D ( 'NONE', #1336, #1404, #1870 ) ;
#3191 = CARTESIAN_POINT ( 'NONE',  ( -0.002341819305917676799, 0.01015018309780834661, -0.001015952571939930400 ) ) ;
#3192 = CARTESIAN_POINT ( 'NONE',  ( -0.004576796194362386591, 0.001833166616986720400, 0.004476314444888929850 ) ) ;
#3193 = CARTESIAN_POINT ( 'NONE',  ( -0.06595790132501766490, 0.01046124022253365309, -0.003614448341093344681 ) ) ;
#3194 = CARTESIAN_POINT ( 'NONE',  ( 0.000000000000000000, 0.000000000000000000, 0.000000000000000000 ) ) ;
#3195 = B_SPLINE_CURVE_WITH_KNOTS ( 'NONE', 3,
 ( #5077, #293, #6319, #1460, #1392, #4165, #2461, #5725, #4629, #6783, #6249, #860, #3030, #5188, #5617, #5258, #4335, #6381, #3170, #5824, #5320, #931, #3641, #2, #6449, #1519, #2669, #4300, #4825, #3101, #3133, #6489, #5793, #6415, #6982, #395, #1558, #3670, #2567, #2130, #1070, #4861, #1489, #1593, #424, #494, #2707, #2090, #961, #4730, #4230, #5286, #2601, #4790, #5925, #5859 ),
 .UNSPECIFIED., .F., .F.,
 ( 4, 2, 2, 2, 2, 2, 2, 2, 2, 2, 2, 2, 2, 2, 2, 2, 2, 2, 2, 2, 2, 2, 2, 2, 2, 2, 2, 4 ),
 ( 0.0001366266326025212185, 0.004142625603538651821, 0.008148624574474778656, 0.01215462354541090549, 0.01616062251634703059, 0.02016662148728316090, 0.02417262045821928426, 0.02817861942915541110, 0.03218461840009153446, 0.04019661634196380201, 0.04420261531289991497, 0.04820861428383602793, 0.05622061222570826078, 0.06423261016758050057, 0.08025660605132500791, 0.08826860399319723383, 0.09628060193506947362, 0.1042925998769417134, 0.1123045978188139393, 0.1163105967897500731, 0.1203165957606862069, 0.1223195952461542529, 0.1243225947316222990, 0.1263255942170903590, 0.1273270939598243889, 0.1278278438311913900, 0.1280782187668748906, 0.1283285937025583912 ),
 .UNSPECIFIED. ) ;
#3196 = CARTESIAN_POINT ( 'NONE',  ( 0.002825514472010093661, 0.009651219544012547627, -0.0008799706655941367649 ) ) ;
#3197 = CARTESIAN_POINT ( 'NONE',  ( 0.005983190497907838433, 0.007327751183391225352, 0.002188445291192701696 ) ) ;
#3198 = CARTESIAN_POINT ( 'NONE',  ( -0.01214347421701063995, 0.0008365766189408139738, 0.004523400128172681139 ) ) ;
#3199 = CARTESIAN_POINT ( 'NONE',  ( 0.003753635288385170302, 0.009305695424637879659, -0.001205724215125340100 ) ) ;
#3200 = LINE ( 'NONE', #6517, #6094 ) ;
#3201 = CARTESIAN_POINT ( 'NONE',  ( 0.003534155378421893843, 0.009621162473987608654, -0.001528053892140210368 ) ) ;
#3202 = ORIENTED_EDGE ( 'NONE', *, *, #3356, .T. ) ;
#3203 = CARTESIAN_POINT ( 'NONE',  ( -0.003491092854130535290, 0.009687235042533975243, 0.001576308157580617614 ) ) ;
#3204 = CARTESIAN_POINT ( 'NONE',  ( 0.003879644428855535086, 0.009136444777843066509, -0.0009336884146709180550 ) ) ;
#3205 = CARTESIAN_POINT ( 'NONE',  ( 0.1303801669854831591, 0.005357410619555410397, -0.009939845850161669466 ) ) ;
#3206 = VERTEX_POINT ( 'NONE', #685 ) ;
#3207 = CARTESIAN_POINT ( 'NONE',  ( 0.004521221146526354165, 0.007808110265003707397, 0.004354587839719453735 ) ) ;
#3208 = CARTESIAN_POINT ( 'NONE',  ( -0.002306259360189522045, 0.01106764313931491404, -0.0004568792965425572616 ) ) ;
#3209 = CLOSED_SHELL ( 'NONE', ( #609, #4989, #111, #1510, #4921, #2700, #528, #2829, #6074, #5445, #696, #2826, #3445, #2096, #5811, #5065, #3346, #325, #6767, #2526, #4066, #806, #654, #5158, #2398, #91, #1958, #4381, #2580, #626, #3692 ) ) ;
#3210 = CARTESIAN_POINT ( 'NONE',  ( 0.000000000000000000, 0.000000000000000000, 0.000000000000000000 ) ) ;
#3211 = EDGE_LOOP ( 'NONE', ( #6503, #3246, #2529, #268, #1936 ) ) ;
#3212 = CARTESIAN_POINT ( 'NONE',  ( -0.002546635265042369346, 0.0009358446056099598790, 0.005716223802871376464 ) ) ;
#3213 = CARTESIAN_POINT ( 'NONE',  ( 0.1300000000000001987, 0.002881910083708866775, -0.01528510080167970984 ) ) ;
#3214 =( REPRESENTATION_RELATIONSHIP ('NONE','NONE', #1770, #1464 ) REPRESENTATION_RELATIONSHIP_WITH_TRANSFORMATION ( #4898 )SHAPE_REPRESENTATION_RELATIONSHIP( ) );
#3215 = CARTESIAN_POINT ( 'NONE',  ( 0.009148798754823092572, 0.007734717347843277947, 0.003917432790865027319 ) ) ;
#3216 = EDGE_LOOP ( 'NONE', ( #6567, #491, #5870, #2720, #157, #991 ) ) ;
#3217 = CARTESIAN_POINT ( 'NONE',  ( 0.04285042925939485520, 0.009655837466645543835, 0.004502380054738687812 ) ) ;
#3218 = SPHERICAL_SURFACE ( 'NONE', #6971, 0.002981341975184092965 ) ;
#3219 = VERTEX_POINT ( 'NONE', #2286 ) ;
#3220 = CARTESIAN_POINT ( 'NONE',  ( -0.003125884612871563176, 0.009317851504669448851, -0.0005693031510472171134 ) ) ;
#3221 = AXIS2_PLACEMENT_3D ( 'NONE', #6637, #2844, #5578 ) ;
#3222 = CARTESIAN_POINT ( 'NONE',  ( -0.004107415362522380715, 0.008618816613600569290, -0.002898724015767632084 ) ) ;
#3223 = CARTESIAN_POINT ( 'NONE',  ( 0.05303068498432572664, -0.0005186699241482085106, -0.02047947723571105078 ) ) ;
#3224 = ADVANCED_FACE ( 'NONE', ( #5008 ), #2317, .T. ) ;
#3225 = CARTESIAN_POINT ( 'NONE',  ( -0.005122462726429949549, 0.007930803866272644054, -0.003779571733036084756 ) ) ;
#3226 = CIRCLE ( 'NONE', #4355, 0.002449999999999999921 ) ;
#3227 = CARTESIAN_POINT ( 'NONE',  ( -0.002945900570677907702, 0.01145383308889713452, -0.001329179628902086435 ) ) ;
#3228 = CARTESIAN_POINT ( 'NONE',  ( -0.006138229036930826707, 0.003946936019942955988, 0.001720256714491008327 ) ) ;
#3229 = CARTESIAN_POINT ( 'NONE',  ( -0.1284483004431786757, 0.007197205272248504912, 0.005223477959976296180 ) ) ;
#3230 = PRODUCT_DEFINITION_SHAPE ( 'NONE', 'NONE',  #7018 ) ;
#3231 = CARTESIAN_POINT ( 'NONE',  ( 0.002584401885374340308, 0.009970395056698734201, -0.0009982762949246476187 ) ) ;
#3232 = CARTESIAN_POINT ( 'NONE',  ( 0.003241398377801033882, 0.003386741698954053026, 0.0002539999999999999398 ) ) ;
#3233 = CARTESIAN_POINT ( 'NONE',  ( 0.004045786605637127255, 0.001595437709060324675, -0.004824129129814524498 ) ) ;
#3234 = CARTESIAN_POINT ( 'NONE',  ( -0.002985584828640937011, 0.01167332261672929597, -0.001011371779666452118 ) ) ;
#3235 = CARTESIAN_POINT ( 'NONE',  ( 0.003036100263318931240, 0.009412919093696597850, -0.0006888285262430868120 ) ) ;
#3236 = CARTESIAN_POINT ( 'NONE',  ( 0.003584439525778824586, 0.009545936938645947084, -0.001466238856866944502 ) ) ;
#3237 = CARTESIAN_POINT ( 'NONE',  ( 0.004643745105021973227, 0.007741020651064433634, 0.004287909438225970607 ) ) ;
#3238 = CARTESIAN_POINT ( 'NONE',  ( -0.003142680561733312769, 0.009300459540263412636, -0.0005417067454590216401 ) ) ;
#3239 = CARTESIAN_POINT ( 'NONE',  ( 0.003222466931897592732, 0.009218864669565588962, -0.0003842280635719064956 ) ) ;
#3240 = CARTESIAN_POINT ( 'NONE',  ( -0.003197088229404414575, 0.01020477095628782860, 0.001799354800895956079 ) ) ;
#3241 = CARTESIAN_POINT ( 'NONE',  ( -0.004643745105021958482, 0.007741020651064428430, -0.004287909438225783257 ) ) ;
#3242 = CARTESIAN_POINT ( 'NONE',  ( -0.004636094515483800069, 0.007939092956793292188, -0.004191559632166623819 ) ) ;
#3243 = B_SPLINE_CURVE_WITH_KNOTS ( 'NONE', 3,
 ( #2631, #3635, #6341, #4257, #5250, #5785, #4294, #1551, #4225, #987 ),
 .UNSPECIFIED., .F., .F.,
 ( 4, 3, 3, 4 ),
 ( 0.01291021206184760767, 0.01361370798805195542, 0.01652461958139217132, 0.01849840678158934382 ),
 .UNSPECIFIED. ) ;
#3244 = CARTESIAN_POINT ( 'NONE',  ( 0.003941295174106101973, 0.009056020037180447652, -0.0007540037283005738720 ) ) ;
#3245 = CARTESIAN_POINT ( 'NONE',  ( 0.000000000000000000, -0.001498506304391711633, 0.000000000000000000 ) ) ;
#3246 = ORIENTED_EDGE ( 'NONE', *, *, #5466, .F. ) ;
#3247 = CARTESIAN_POINT ( 'NONE',  ( 0.004526300773495120847, 0.007798900303865384347, 0.004351881723514025753 ) ) ;
#3248 =( NAMED_UNIT ( * ) PLANE_ANGLE_UNIT ( ) SI_UNIT ( $, .RADIAN. ) );
#3249 = CARTESIAN_POINT ( 'NONE',  ( 0.004026575849956268681, 0.008946947584119112687, 0.0003603580860214893782 ) ) ;
#3250 = EDGE_LOOP ( 'NONE', ( #4736, #190, #3110, #4910, #1157, #2415 ) ) ;
#3251 = CARTESIAN_POINT ( 'NONE',  ( -0.001348694731337144381, 0.0008508732707223348865, 0.006102747129093867053 ) ) ;
#3252 = VECTOR ( 'NONE', #1902, 1.000000000000000000 ) ;
#3253 = CARTESIAN_POINT ( 'NONE',  ( 0.005016500000000000126, 0.001396999999999999371, 6.143440667922709938E-19 ) ) ;
#3254 = VERTEX_POINT ( 'NONE', #191 ) ;
#3255 = CARTESIAN_POINT ( 'NONE',  ( 0.05105968224433020397, 0.009878338711044524004, 0.003902519746320288248 ) ) ;
#3256 = CARTESIAN_POINT ( 'NONE',  ( 0.01214347421701067117, 0.0008365766189408139738, -0.004523400128172596138 ) ) ;
#3257 = ORIENTED_EDGE ( 'NONE', *, *, #4712, .T. ) ;
#3258 = CARTESIAN_POINT ( 'NONE',  ( -0.002377113466108625364, 0.01035132102300484642, -0.0009979640466859774055 ) ) ;
#3259 = CARTESIAN_POINT ( 'NONE',  ( -0.1244236575554603375, 0.007704326363489603056, 0.009171770368615548771 ) ) ;
#3260 = CARTESIAN_POINT ( 'NONE',  ( 0.03972349952376768439, -0.001159164714647765732, -0.01494512854273152662 ) ) ;
#3261 = EDGE_CURVE ( 'NONE', #2540, #2667, #2781, .T. ) ;
#3262 = CARTESIAN_POINT ( 'NONE',  ( -0.005804436806098632780, 0.003897675582919098592, 0.002330483324042877981 ) ) ;
#3263 = CARTESIAN_POINT ( 'NONE',  ( -0.003064693821842326242, 0.01051717330069334988, -0.001822430946636155631 ) ) ;
#3264 = CARTESIAN_POINT ( 'NONE',  ( 0.003036228930652823226, 0.01182869901441592833, 0.0005706746725533340609 ) ) ;
#3265 = CARTESIAN_POINT ( 'NONE',  ( -0.1278257825849460905, 0.006810435974011769776, 0.006680621794355389061 ) ) ;
#3266 = DIRECTION ( 'NONE',  ( 0.000000000000000000, 0.000000000000000000, -1.000000000000000000 ) ) ;
#3267 = PRODUCT_RELATED_PRODUCT_CATEGORY ( 'part', '', ( #5257 ) ) ;
#3268 = CARTESIAN_POINT ( 'NONE',  ( 0.000000000000000000, 0.001015999999999999976, -0.006032499999999999668 ) ) ;
#3269 = CARTESIAN_POINT ( 'NONE',  ( 0.004295078063444307016, 0.001672325100882784878, -0.004710555130529370249 ) ) ;
#3270 = CARTESIAN_POINT ( 'NONE',  ( 0.002471061739089252564, 0.0009894106455971259182, -0.005749461029221702296 ) ) ;
#3271 = CARTESIAN_POINT ( 'NONE',  ( -0.003360274334937685126, 0.009899502665552353808, -0.001699801371952520349 ) ) ;
#3272 = CARTESIAN_POINT ( 'NONE',  ( -0.004049858754310665075, 0.008917567470591969414, -7.960907708004508134E-05 ) ) ;
#3273 = CARTESIAN_POINT ( 'NONE',  ( 0.003058739815433263003, 0.009388678591500707049, -0.0006613012057985512586 ) ) ;
#3274 = CARTESIAN_POINT ( 'NONE',  ( 0.003250613114700566172, 0.009190580884007920962, 0.0003045816007658209371 ) ) ;
#3275 = CARTESIAN_POINT ( 'NONE',  ( -0.004965556143773036321, 0.007602246546930377727, -0.003940733629627496924 ) ) ;
#3276 = CARTESIAN_POINT ( 'NONE',  ( 0.001658302879699160908, 0.0008459704318904031402, -0.006034324356587984599 ) ) ;
#3277 = PLANE ( 'NONE',  #1119 ) ;
#3278 = AXIS2_PLACEMENT_3D ( 'NONE', #4077, #2406, #4545 ) ;
#3279 = CARTESIAN_POINT ( 'NONE',  ( 0.002668962376913858615, 0.009850034691014341801, 0.0009680570934294732829 ) ) ;
#3280 = AXIS2_PLACEMENT_3D ( 'NONE', #3753, #589, #659 ) ;
#3281 = CARTESIAN_POINT ( 'NONE',  ( -0.004050723559133197205, 0.008916479364914764796, 4.133238679373506524E-05 ) ) ;
#3282 = CARTESIAN_POINT ( 'NONE',  ( -0.002288142014999933107, 0.01096508849794577273, -0.0006198439885456748103 ) ) ;
#3283 = CARTESIAN_POINT ( 'NONE',  ( 0.003924661131660235093, 0.009077580268169993180, 0.0008071467643686975821 ) ) ;
#3284 = ORIENTED_EDGE ( 'NONE', *, *, #1451, .T. ) ;
#3285 = CARTESIAN_POINT ( 'NONE',  ( -0.006649209781458796653, 0.007933216998307171183, -0.004542413213204983535 ) ) ;
#3286 = AXIS2_PLACEMENT_3D ( 'NONE', #4171, #3647, #937 ) ;
#3287 = CARTESIAN_POINT ( 'NONE',  ( 0.003996945766211892556, 0.008984576217179605223, 0.0005336016481677808166 ) ) ;
#3288 = EDGE_LOOP ( 'NONE', ( #4768, #3072, #958 ) ) ;
#3289 = DIRECTION ( 'NONE',  ( -0.000000000000000000, 1.000000000000000000, -0.000000000000000000 ) ) ;
#3290 = CARTESIAN_POINT ( 'NONE',  ( -0.004050872458840626585, 0.008916292899401528221, 0.0001993786716026938149 ) ) ;
#3291 = CARTESIAN_POINT ( 'NONE',  ( 0.005039989247872585232, 0.007938433581473619202, 0.003879908773904642682 ) ) ;
#3292 = ORIENTED_EDGE ( 'NONE', *, *, #5313, .T. ) ;
#3293 = CARTESIAN_POINT ( 'NONE',  ( 0.1143460425076327780, 0.009083004842310773638, -0.001830495544076015703 ) ) ;
#3294 = CARTESIAN_POINT ( 'NONE',  ( 0.1300000000000001987, 0.001072457435249923310, -0.01786584610186175981 ) ) ;
#3295 = VERTEX_POINT ( 'NONE', #6037 ) ;
#3296 = CARTESIAN_POINT ( 'NONE',  ( -0.002341152660057356418, 0.01044905572679238719, -0.0009741601063735455621 ) ) ;
#3297 = CARTESIAN_POINT ( 'NONE',  ( -0.01084006560096537931, 0.007882900136151864065, -0.002081882532557567667 ) ) ;
#3298 = CARTESIAN_POINT ( 'NONE',  ( -0.005490196261313865650, 0.003286017191097397906, 0.002997130189976407628 ) ) ;
#3299 = CARTESIAN_POINT ( 'NONE',  ( -0.003649289105995176617, 0.009451741357236665211, -0.001377116157819969827 ) ) ;
#3300 = CARTESIAN_POINT ( 'NONE',  ( -0.1289777630398941666, 0.006385356709037589076, 0.007580806078496561511 ) ) ;
#3301 = CYLINDRICAL_SURFACE ( 'NONE', #2043, 0.001015999999999999976 ) ;
#3302 = AXIS2_PLACEMENT_3D ( 'NONE', #5981, #2728, #25 ) ;
#3303 = PLANE ( 'NONE',  #2364 ) ;
#3304 =( NAMED_UNIT ( * ) PLANE_ANGLE_UNIT ( ) SI_UNIT ( $, .RADIAN. ) );
#3305 = FACE_OUTER_BOUND ( 'NONE', #255, .T. ) ;
#3306 = CARTESIAN_POINT ( 'NONE',  ( 0.003279641354377383147, 0.009161621775963520870, -0.0001892058142312201693 ) ) ;
#3307 = CARTESIAN_POINT ( 'NONE',  ( -0.001966124720180008594, 0.01103874707698938862, -0.0005209381755663954928 ) ) ;
#3308 = CARTESIAN_POINT ( 'NONE',  ( 0.006227847829022527607, 0.004587644788906193073, -0.0007253779242769808292 ) ) ;
#3309 = DIRECTION ( 'NONE',  ( 0.000000000000000000, 0.000000000000000000, 1.000000000000000000 ) ) ;
#3310 = EDGE_CURVE ( 'NONE', #6926, #6252, #5513, .T. ) ;
#3311 = CARTESIAN_POINT ( 'NONE',  ( 0.003165253495816675294, 0.009277135976252025990, 0.0005038793181368049229 ) ) ;
#3312 = CARTESIAN_POINT ( 'NONE',  ( -0.003966263648891978598, 0.009023836900612191084, -0.0006651043714127600516 ) ) ;
#3313 = CARTESIAN_POINT ( 'NONE',  ( -0.002413878116497767973, 0.01026741897510838157, -0.001010550134638586988 ) ) ;
#3314 = DIRECTION ( 'NONE',  ( -1.000000000000000000, 8.537024980200801111E-16, 0.000000000000000000 ) ) ;
#3315 = CARTESIAN_POINT ( 'NONE',  ( 0.004037218488056221709, 0.008933497912699492685, 0.0002713046687857166833 ) ) ;
#3316 = FILL_AREA_STYLE ('',( #679 ) ) ;
#3317 = ORIENTED_EDGE ( 'NONE', *, *, #5291, .T. ) ;
#3318 = CARTESIAN_POINT ( 'NONE',  ( -0.01860826746514448668, 0.007893015119042307015, -0.003104025356326250897 ) ) ;
#3319 = CARTESIAN_POINT ( 'NONE',  ( -0.002282386663871798210, 0.01091103369040377115, -0.0006844741384294326502 ) ) ;
#3320 = CONTEXT_DEPENDENT_SHAPE_REPRESENTATION ( #3214, #3230 ) ;
#3321 = CARTESIAN_POINT ( 'NONE',  ( 0.003808520602133034973, 0.009231101778707184041, 0.001098503761649305497 ) ) ;
#3322 = ORIENTED_EDGE ( 'NONE', *, *, #512, .F. ) ;
#3323 = DIRECTION ( 'NONE',  ( 0.000000000000000000, 0.000000000000000000, 1.000000000000000000 ) ) ;
#3324 = CARTESIAN_POINT ( 'NONE',  ( 0.006325399581473542705, 0.004680832296500041755, -0.0007765379671763403139 ) ) ;
#3325 = CARTESIAN_POINT ( 'NONE',  ( 0.01454817041233198369, 0.007861534352297441103, 0.003346659274231643128 ) ) ;
#3326 = CARTESIAN_POINT ( 'NONE',  ( -0.01092606791770962815, 0.007944354947990329291, -0.004200375897603667724 ) ) ;
#3327 = CARTESIAN_POINT ( 'NONE',  ( 0.01747809365003695492, 0.0003435990175735472601, -0.005100186359730571328 ) ) ;
#3328 = EDGE_LOOP ( 'NONE', ( #4337, #8, #4802, #5722 ) ) ;
#3329 = CARTESIAN_POINT ( 'NONE',  ( -0.002331638798992262136, 0.01116318375790659005, -0.0001618097939724984062 ) ) ;
#3330 = CARTESIAN_POINT ( 'NONE',  ( -0.01747809365003692023, 0.0003435990175735472601, 0.005100186359730693626 ) ) ;
#3331 = CARTESIAN_POINT ( 'NONE',  ( -0.002932410020672311397, 0.01129984016163597220, -0.001490486783555690017 ) ) ;
#3332 = B_SPLINE_CURVE_WITH_KNOTS ( 'NONE', 1,
 ( #3707, #6497 ),
 .UNSPECIFIED., .F., .F.,
 ( 2, 2 ),
 ( 0.000000000000000000, 1.000000000000000000 ),
 .UNSPECIFIED. ) ;
#3333 = CARTESIAN_POINT ( 'NONE',  ( -0.003921252684257168358, 0.009082010500807681519, 0.0008175564754672232006 ) ) ;
#3334 = ADVANCED_FACE ( 'NONE', ( #649, #5439 ), #5044, .T. ) ;
#3335 = CARTESIAN_POINT ( 'NONE',  ( 0.006125472862149894740, 0.004256873634044365182, -0.001334810716416785998 ) ) ;
#3336 = CARTESIAN_POINT ( 'NONE',  ( -0.1303334609867776994, 0.005783176745089478946, 0.008362736118509130415 ) ) ;
#3337 = EDGE_CURVE ( 'NONE', #4567, #3533, #5537, .T. ) ;
#3338 = VECTOR ( 'NONE', #1542, 1.000000000000000000 ) ;
#3339 = CARTESIAN_POINT ( 'NONE',  ( -0.0002540000000000001566, 0.000000000000000000, 0.0002539999999999999398 ) ) ;
#3340 = CARTESIAN_POINT ( 'NONE',  ( 0.0002540000000000000482, 0.000000000000000000, -0.001451138256679906750 ) ) ;
#3341 = CARTESIAN_POINT ( 'NONE',  ( 0.004836531445668424724, 0.002261280267981028488, -0.004042228583238109858 ) ) ;
#3342 = CARTESIAN_POINT ( 'NONE',  ( -0.1300000000000000322, 0.005927442345092179439, 0.008868187992637612330 ) ) ;
#3343 = CARTESIAN_POINT ( 'NONE',  ( 0.003114432250569356807, 0.009329836262650817100, 0.0005859567645918710432 ) ) ;
#3344 = LINE ( 'NONE', #1208, #2761 ) ;
#3345 = CARTESIAN_POINT ( 'NONE',  ( -1.204485184444895089E-17, 1.142350046887600466E-32, 0.000000000000000000 ) ) ;
#3346 = ADVANCED_FACE ( 'NONE', ( #5121 ), #4599, .F. ) ;
#3347 = CARTESIAN_POINT ( 'NONE',  ( 0.001662517406688879262, 0.0008592333467938833690, -0.006033392954675719823 ) ) ;
#3348 = CARTESIAN_POINT ( 'NONE',  ( -0.003002165313322880877, 0.01172193931856708136, 0.0008832186610947267719 ) ) ;
#3349 = CARTESIAN_POINT ( 'NONE',  ( 0.002945249107597691218, 0.009512724164460924225, 0.0007832836943168746801 ) ) ;
#3350 = CARTESIAN_POINT ( 'NONE',  ( -0.002316447021565659972, 0.01110969781786314350, -0.0003611146179589261622 ) ) ;
#3351 = CARTESIAN_POINT ( 'NONE',  ( 0.1024885154807276544, 0.01047622363640320076, 0.002298089056678124121 ) ) ;
#3352 = CARTESIAN_POINT ( 'NONE',  ( 0.003819265968916197782, 0.009216664481266918091, 0.001075720082030200836 ) ) ;
#3353 = CARTESIAN_POINT ( 'NONE',  ( 0.001966611070348589854, 0.01103985458166952850, -0.0005192214108155117575 ) ) ;
#3354 = ORIENTED_EDGE ( 'NONE', *, *, #4885, .T. ) ;
#3355 = CARTESIAN_POINT ( 'NONE',  ( -0.04158380764570741850, 0.009537034372199233029, -0.003624750512941526427 ) ) ;
#3356 = EDGE_CURVE ( 'NONE', #3544, #6855, #435, .T. ) ;
#3357 = CARTESIAN_POINT ( 'NONE',  ( 0.003570789821857208151, 0.009566348508526702210, 0.001483058592282204607 ) ) ;
#3358 = ADVANCED_FACE ( 'NONE', ( #3107 ), #400, .F. ) ;
#3359 = EDGE_LOOP ( 'NONE', ( #2174, #2004, #4104, #6888, #3539, #5110, #4342, #5761, #6496, #2678, #3257, #6786 ) ) ;
#3360 = CARTESIAN_POINT ( 'NONE',  ( 0.000000000000000000, 0.005080000000000001181, 0.000000000000000000 ) ) ;
#3361 = CARTESIAN_POINT ( 'NONE',  ( -0.1300000000000000600, 0.005905080481937456140, 0.007984259463643861646 ) ) ;
#3362 = CARTESIAN_POINT ( 'NONE',  ( -0.001266773327692794892, 0.001056636272944682384, 0.006120279069854506898 ) ) ;
#3363 = ORIENTED_EDGE ( 'NONE', *, *, #477, .T. ) ;
#3364 = CARTESIAN_POINT ( 'NONE',  ( -0.002330741034838825290, 0.01116025924922591991, -0.0001790050205016936703 ) ) ;
#3365 = CARTESIAN_POINT ( 'NONE',  ( -0.002968614213553151786, 0.009486641336240577566, 0.0007611074022270880243 ) ) ;
#3366 = CARTESIAN_POINT ( 'NONE',  ( -0.001266933274037270124, 0.0007769961536783431214, 0.006151702624259345817 ) ) ;
#3367 = VECTOR ( 'NONE', #4425, 1.000000000000000000 ) ;
#3368 = CARTESIAN_POINT ( 'NONE',  ( -0.002975152356587898537, 0.01161845903260176095, -0.001093103597755685228 ) ) ;
#3369 = CARTESIAN_POINT ( 'NONE',  ( 0.001564586398021989688, 0.001049741728792909787, -0.006058630228153324970 ) ) ;
#3370 = CARTESIAN_POINT ( 'NONE',  ( -0.1298870223295431892, 0.005771803182335893609, 0.008892557442537491613 ) ) ;
#3371 = TOROIDAL_SURFACE ( 'NONE', #4266, -0.02279801190476181752, 0.02781451190476182805 ) ;
#3372 = CARTESIAN_POINT ( 'NONE',  ( 0.003102451870574965409, 0.01041660151025232406, 0.001824755843055256201 ) ) ;
#3373 = EDGE_CURVE ( 'NONE', #4971, #5198, #6895, .T. ) ;
#3374 = DIRECTION ( 'NONE',  ( 1.000000000000000000, -0.000000000000000000, -5.616463802763698759E-17 ) ) ;
#3375 = DIRECTION ( 'NONE',  ( 0.000000000000000000, -0.000000000000000000, 1.000000000000000000 ) ) ;
#3376 = CARTESIAN_POINT ( 'NONE',  ( 0.003532839608008731761, 0.001389800777083055735, -0.005163759021282057250 ) ) ;
#3377 = CARTESIAN_POINT ( 'NONE',  ( 0.000000000000000000, 0.02413508000000001361, -0.002412999999999997612 ) ) ;
#3378 = CARTESIAN_POINT ( 'NONE',  ( 0.003058126858157895426, 0.009389312884792529526, 0.0006622316207556669171 ) ) ;
#3379 = DIRECTION ( 'NONE',  ( -0.000000000000000000, 1.000000000000000000, -0.000000000000000000 ) ) ;
#3380 = CARTESIAN_POINT ( 'NONE',  ( -0.003629580813605165317, 0.009480210954738790829, 0.001404769707185429079 ) ) ;
#3381 = CARTESIAN_POINT ( 'NONE',  ( 0.1300000000000001987, 0.003412172131807015164, -0.01488276731026807152 ) ) ;
#3382 = CARTESIAN_POINT ( 'NONE',  ( 0.001348694731337187099, 0.0008508732707223348865, -0.006102747129093857512 ) ) ;
#3383 = CARTESIAN_POINT ( 'NONE',  ( -0.003018922339492966130, 0.01177665956917924549, 0.0007390712356286598117 ) ) ;
#3384 = CARTESIAN_POINT ( 'NONE',  ( 0.002997994573717569465, 0.009454229369337043346, 0.0007315317059637416750 ) ) ;
#3385 = CARTESIAN_POINT ( 'NONE',  ( -0.002358099515829447518, 0.01040039118401030888, -0.0009872942501146231287 ) ) ;
#3386 = DIRECTION ( 'NONE',  ( 0.000000000000000000, 0.000000000000000000, -1.000000000000000000 ) ) ;
#3387 = CARTESIAN_POINT ( 'NONE',  ( 0.005066454628630688052, 0.007558736237521802501, 0.003831882436806374921 ) ) ;
#3388 = CARTESIAN_POINT ( 'NONE',  ( 0.003532574332362035593, 0.009623752089949226193, 0.001529342892305888624 ) ) ;
#3389 = CARTESIAN_POINT ( 'NONE',  ( 0.002032000000000023371, 0.01117600000000004527, 3.184181620198244007E-18 ) ) ;
#3390 = CARTESIAN_POINT ( 'NONE',  ( -0.03742656576612503339, 0.009343809236034492094, -0.004372927901869940251 ) ) ;
#3391 = CARTESIAN_POINT ( 'NONE',  ( -0.002314414787190942086, 0.01110184146215096278, 0.0003814286618648463035 ) ) ;
#3392 = AXIS2_PLACEMENT_3D ( 'NONE', #1133, #3411, #704 ) ;
#3393 = CARTESIAN_POINT ( 'NONE',  ( 0.002931130423585095058, 0.01120333548624212298, 0.001569560205682938572 ) ) ;
#3394 = ORIENTED_EDGE ( 'NONE', *, *, #4063, .F. ) ;
#3395 = LINE ( 'NONE', #1710, #2709 ) ;
#3396 = CARTESIAN_POINT ( 'NONE',  ( 0.005235469797980262137, 0.007437922454965198785, 0.003573155749914945847 ) ) ;
#3397 = CARTESIAN_POINT ( 'NONE',  ( -0.01751919680632351914, 0.003515337008628383053, 0.001851233438261071186 ) ) ;
#3398 = AXIS2_PLACEMENT_3D ( 'NONE', #6660, #3447, #1339 ) ;
#3399 = CARTESIAN_POINT ( 'NONE',  ( -0.004222891234194817503, 0.001564976691729412506, 0.004616264976170566386 ) ) ;
#3400 = ORIENTED_EDGE ( 'NONE', *, *, #1827, .T. ) ;
#3401 = EDGE_CURVE ( 'NONE', #573, #1901, #2259, .T. ) ;
#3402 = CARTESIAN_POINT ( 'NONE',  ( -0.002325110902749821535, 0.01114128822966220338, -0.0002638745836311629715 ) ) ;
#3403 = CARTESIAN_POINT ( 'NONE',  ( -0.003142679679265038099, 0.009300459297902293615, -0.0005417063608978237585 ) ) ;
#3404 = CARTESIAN_POINT ( 'NONE',  ( 0.05351620202844326740, 0.01107995536383967264, -0.002217331489127900845 ) ) ;
#3405 = CARTESIAN_POINT ( 'NONE',  ( -0.003056570728386340599, 0.01188283930779337159, 0.0002447263788170019245 ) ) ;
#3406 = CARTESIAN_POINT ( 'NONE',  ( 0.002142560847799786488, 0.01025987896634354690, -0.001016000000000057005 ) ) ;
#3407 = CARTESIAN_POINT ( 'NONE',  ( 0.04618643467053174662, 0.008446402498957863297, -0.001480331404952642043 ) ) ;
#3408 = LINE ( 'NONE', #4540, #482 ) ;
#3409 = DIRECTION ( 'NONE',  ( -1.000000000000000000, 1.050710766793948317E-15, 0.000000000000000000 ) ) ;
#3410 = CARTESIAN_POINT ( 'NONE',  ( -0.004528824379571829567, 0.007734001704217351864, -0.004307480449913602717 ) ) ;
#3411 = DIRECTION ( 'NONE',  ( 9.484135310589723205E-16, 1.000000000000000000, -0.000000000000000000 ) ) ;
#3412 = CARTESIAN_POINT ( 'NONE',  ( -1.173223625603060539E-17, 1.142350046887600466E-32, 0.002552700000000011037 ) ) ;
#3413 = CARTESIAN_POINT ( 'NONE',  ( 0.002521597148248742263, 0.01006856966100948964, -0.001012058916511853314 ) ) ;
#3414 = CARTESIAN_POINT ( 'NONE',  ( 0.003293847003791342161, 0.009147532679869452288, -8.638553419384216306E-05 ) ) ;
#3415 = CARTESIAN_POINT ( 'NONE',  ( 0.000000000000000000, 0.006985000000000001624, 0.000000000000000000 ) ) ;
#3416 = CARTESIAN_POINT ( 'NONE',  ( 0.004847718678485483934, 0.008055379778527441831, 0.003957993359595305717 ) ) ;
#3417 = CARTESIAN_POINT ( 'NONE',  ( -0.002995989130276701003, 0.01170014385122308473, -0.0009327809181004975605 ) ) ;
#3418 = CARTESIAN_POINT ( 'NONE',  ( 0.002801717586652521710, 0.009679977139040642914, 0.0008959830733683287092 ) ) ;
#3419 = CARTESIAN_POINT ( 'NONE',  ( -0.002628845264250661597, 0.009905820901628554012, -0.0009838164473366796219 ) ) ;
#3420 = DIRECTION ( 'NONE',  ( 1.123292760552739721E-17, -0.000000000000000000, -1.000000000000000000 ) ) ;
#3421 = B_SPLINE_CURVE_WITH_KNOTS ( 'NONE', 1,
 ( #5132, #3974 ),
 .UNSPECIFIED., .F., .F.,
 ( 2, 2 ),
 ( 0.000000000000000000, 1.000000000000000000 ),
 .UNSPECIFIED. ) ;
#3422 = CARTESIAN_POINT ( 'NONE',  ( 0.004643745105021925522, 0.007741020651064457921, 0.004287909438225890810 ) ) ;
#3423 = CARTESIAN_POINT ( 'NONE',  ( 0.003405662098901983230, 0.009823970630100162596, 0.001660274849624139700 ) ) ;
#3424 = CYLINDRICAL_SURFACE ( 'NONE', #5703, 0.002413000000000001515 ) ;
#3425 = CIRCLE ( 'NONE', #2847, 0.005016500000000010534 ) ;
#3426 = CARTESIAN_POINT ( 'NONE',  ( -0.03471720932105636787, 0.009179358355831272742, -0.004296070944807716362 ) ) ;
#3427 = CARTESIAN_POINT ( 'NONE',  ( -0.002289266738347702727, 0.01097489180290836010, 0.0006077887586816685438 ) ) ;
#3428 = CARTESIAN_POINT ( 'NONE',  ( 0.003053941231828111516, 0.01054873605884353027, 0.001819626719940412810 ) ) ;
#3429 = ORIENTED_EDGE ( 'NONE', *, *, #3613, .F. ) ;
#3430 = CARTESIAN_POINT ( 'NONE',  ( -0.0002540000000000001566, 0.005588000000000000085, 0.0002539999999999999398 ) ) ;
#3431 = LINE ( 'NONE', #687, #2979 ) ;
#3432 = CARTESIAN_POINT ( 'NONE',  ( 0.002713662598496399941, 0.009790869080295401192, -0.0009466992945842700197 ) ) ;
#3433 = CARTESIAN_POINT ( 'NONE',  ( 0.1275508927642087786, 0.006892857936301628741, -0.006502203002546377841 ) ) ;
#3434 = CARTESIAN_POINT ( 'NONE',  ( -0.006180296061369079143, 0.005940348166624590670, -0.0009701746072303301174 ) ) ;
#3435 = VERTEX_POINT ( 'NONE', #4236 ) ;
#3436 = CARTESIAN_POINT ( 'NONE',  ( -0.002323781591865771261, 0.01113665665328177415, -0.0002805268902690393330 ) ) ;
#3437 = CARTESIAN_POINT ( 'NONE',  ( -0.002714678272757118423, 0.009789594022451150734, 0.0009461213937135339600 ) ) ;
#3438 = LINE ( 'NONE', #4847, #1233 ) ;
#3439 = EDGE_CURVE ( 'NONE', #6389, #4567, #5880, .T. ) ;
#3440 = CARTESIAN_POINT ( 'NONE',  ( -0.002952877010670972371, 0.01150208319282149637, 0.001268152336245514109 ) ) ;
#3441 = DIRECTION ( 'NONE',  ( -0.000000000000000000, 1.000000000000000000, -0.000000000000000000 ) ) ;
#3442 = CARTESIAN_POINT ( 'NONE',  ( 0.005279791458494796641, 0.002496049930864099528, -0.003354662856940776594 ) ) ;
#3443 = CARTESIAN_POINT ( 'NONE',  ( -0.1300068151761482049, 0.005915768049141789664, 0.008944156369098675216 ) ) ;
#3444 = CARTESIAN_POINT ( 'NONE',  ( 0.003029602462059179276, 0.01062119132915574811, 0.001812531800332726345 ) ) ;
#3445 = ADVANCED_FACE ( 'NONE', ( #1494 ), #217, .T. ) ;
#3446 = LINE ( 'NONE', #1371, #318 ) ;
#3447 = DIRECTION ( 'NONE',  ( -0.000000000000000000, -1.000000000000000000, -0.000000000000000000 ) ) ;
#3448 = CARTESIAN_POINT ( 'NONE',  ( 0.002729966410948298731, 0.009769767241436789346, -0.0009382454325448654712 ) ) ;
#3449 = CARTESIAN_POINT ( 'NONE',  ( 0.002332049331221769297, 0.01116456674713946912, -0.0001558732407374554185 ) ) ;
#3450 = AXIS2_PLACEMENT_3D ( 'NONE', #2882, #5681, #182 ) ;
#3451 = DIRECTION ( 'NONE',  ( 0.000000000000000000, 0.000000000000000000, 1.000000000000000000 ) ) ;
#3452 = CARTESIAN_POINT ( 'NONE',  ( 0.002844897502287210399, 0.009628245417180865059, 0.0008659588283211306584 ) ) ;
#3453 = CARTESIAN_POINT ( 'NONE',  ( -0.002952877010670972371, 0.01150208319282149637, 0.001268152336245514109 ) ) ;
#3454 = CARTESIAN_POINT ( 'NONE',  ( 0.002282080741152333215, 0.01073382425081880615, -0.0008391482403004594994 ) ) ;
#3455 = VECTOR ( 'NONE', #2318, 1.000000000000000000 ) ;
#3456 = CARTESIAN_POINT ( 'NONE',  ( -0.002536116043786082550, 0.01004466865262014681, -0.001009926804137689996 ) ) ;
#3457 = CARTESIAN_POINT ( 'NONE',  ( 0.04734000402459465767, 0.009701178476204531942, 0.003851816990105364977 ) ) ;
#3458 = CARTESIAN_POINT ( 'NONE',  ( -0.002323978452039403720, 0.01015999999999832142, 0.001016000000007534097 ) ) ;
#3459 = CARTESIAN_POINT ( 'NONE',  ( 0.04595473084257691715, 0.009802317967478013996, 0.004513307731656337335 ) ) ;
#3460 = CARTESIAN_POINT ( 'NONE',  ( 0.002936814042234496980, 0.01136714548872699675, 0.001425165659997782927 ) ) ;
#3461 = CARTESIAN_POINT ( 'NONE',  ( 0.002326579561407746306, 0.01114666753316530257, 0.0002478653542285556128 ) ) ;
#3462 = CARTESIAN_POINT ( 'NONE',  ( -0.002327331638278147541, 0.01114889640927021856, 0.0002337515366291035993 ) ) ;
#3463 = ADVANCED_FACE ( 'NONE', ( #4796 ), #2484, .T. ) ;
#3464 = CARTESIAN_POINT ( 'NONE',  ( 0.002936814042234496980, 0.01136714548872699675, 0.001425165659997782927 ) ) ;
#3465 = EDGE_LOOP ( 'NONE', ( #4168, #4828, #996, #6780, #4863, #3697, #907 ) ) ;
#3466 = CARTESIAN_POINT ( 'NONE',  ( 0.004379991594527862450, 0.001699275456554631865, -0.004671122133219511585 ) ) ;
#3467 = CARTESIAN_POINT ( 'NONE',  ( -0.1300000000000001155, 0.003099894575924692659, 0.01497419879809534782 ) ) ;
#3468 = CARTESIAN_POINT ( 'NONE',  ( 0.002680532727605699876, 0.009834647396860929716, -0.0009626229722167551272 ) ) ;
#3469 = CARTESIAN_POINT ( 'NONE',  ( 0.1299924094828837640, 0.005934914976449768599, -0.008906236191572729569 ) ) ;
#3470 = CARTESIAN_POINT ( 'NONE',  ( -0.001914036185932100698, 0.0009338410343640204513, 0.006127878846520633770 ) ) ;
#3471 = ORIENTED_EDGE ( 'NONE', *, *, #4340, .F. ) ;
#3472 = SHAPE_REPRESENTATION ( 'BLDCMotorPropThread', ( #989 ), #1793 ) ;
#3473 = CARTESIAN_POINT ( 'NONE',  ( -0.002306558695742685038, 0.01057308195393562474, 0.0009288582809860147999 ) ) ;
#3474 = CARTESIAN_POINT ( 'NONE',  ( -0.003174918703976840895, 0.009267235299144097049, 0.0004854838073246231013 ) ) ;
#3475 = CARTESIAN_POINT ( 'NONE',  ( -0.0002540000000000001566, 0.0002344904790593442089, 0.001449181636525680595 ) ) ;
#3476 = CARTESIAN_POINT ( 'NONE',  ( 0.000000000000000000, 0.000000000000000000, 0.000000000000000000 ) ) ;
#3477 = CARTESIAN_POINT ( 'NONE',  ( 0.005767879112009649013, 0.003103479383756190587, -0.002786868167281324714 ) ) ;
#3478 = CARTESIAN_POINT ( 'NONE',  ( -0.1298904955855949561, 0.005766757798330894406, 0.008904937458317312843 ) ) ;
#3479 = EDGE_CURVE ( 'NONE', #3083, #6745, #6669, .T. ) ;
#3480 = CARTESIAN_POINT ( 'NONE',  ( 0.04726770333210666974, 0.009894519865397006717, 0.003828405232883055724 ) ) ;
#3481 = CARTESIAN_POINT ( 'NONE',  ( -0.002288201204174139525, 0.01096558638311631237, 0.0006192079950654780229 ) ) ;
#3482 = CARTESIAN_POINT ( 'NONE',  ( -0.006357620918458253487, 0.005970696829463308965, -0.0001998089945213355595 ) ) ;
#3483 = CIRCLE ( 'NONE', #71, 0.02781451190476182805 ) ;
#3484 = CARTESIAN_POINT ( 'NONE',  ( 0.002320078451593773818, 0.01051952249122421919, 0.0009504199027117301093 ) ) ;
#3485 = DIRECTION ( 'NONE',  ( 0.000000000000000000, 0.000000000000000000, 1.000000000000000000 ) ) ;
#3486 = CARTESIAN_POINT ( 'NONE',  ( 0.002739115634655852911, 0.009758136919991900957, 0.0009331573690275634953 ) ) ;
#3487 = CARTESIAN_POINT ( 'NONE',  ( -0.002992471226451655190, 0.01168727846368335793, -0.0009604074825730309420 ) ) ;
#3488 = CARTESIAN_POINT ( 'NONE',  ( 0.002278816189135238202, 0.01082909938888515500, 0.0007647659135991910235 ) ) ;
#3489 = VERTEX_POINT ( 'NONE', #3120 ) ;
#3490 = CARTESIAN_POINT ( 'NONE',  ( 0.002283804911359130479, 0.01092702100653915147, -0.0006665100314527075583 ) ) ;
#3491 = CARTESIAN_POINT ( 'NONE',  ( 0.09802786006887109771, 0.009865117706011507573, 0.001005178402199164399 ) ) ;
#3492 = DIRECTION ( 'NONE',  ( 0.000000000000000000, 0.000000000000000000, 1.000000000000000000 ) ) ;
#3493 = CARTESIAN_POINT ( 'NONE',  ( 0.003023897020303455314, 0.01179185972840860255, -0.0006922897079817448562 ) ) ;
#3494 = CARTESIAN_POINT ( 'NONE',  ( 0.002360161321004776522, 0.01039286040497948080, -0.0009900971855222487177 ) ) ;
#3495 = CARTESIAN_POINT ( 'NONE',  ( -0.002281991673644560847, 0.01073861748825456590, 0.0008353191401582092061 ) ) ;
#3496 = CARTESIAN_POINT ( 'NONE',  ( 0.002963598691664322184, 0.01156277928660503183, -0.001181977138022333217 ) ) ;
#3497 = ORIENTED_EDGE ( 'NONE', *, *, #4890, .T. ) ;
#3498 = DIRECTION ( 'NONE',  ( 0.000000000000000000, 0.000000000000000000, -1.000000000000000000 ) ) ;
#3499 = SURFACE_SIDE_STYLE ('',( #1930 ) ) ;
#3500 = CARTESIAN_POINT ( 'NONE',  ( 0.002792053503226296206, 0.009691928877338605239, -0.0009018885796149349278 ) ) ;
#3501 = CARTESIAN_POINT ( 'NONE',  ( 0.1299995059124099961, 0.005925679847024367848, -0.008922679851909762552 ) ) ;
#3502 = CARTESIAN_POINT ( 'NONE',  ( -0.005868922852183219331, 0.003409846301967050120, 0.002206208137889446256 ) ) ;
#3503 = EDGE_LOOP ( 'NONE', ( #2609, #1463 ) ) ;
#3504 = CARTESIAN_POINT ( 'NONE',  ( -0.002510618701166411875, 0.01008641981901332862, 0.001013837325864956835 ) ) ;
#3505 = B_SPLINE_CURVE_WITH_KNOTS ( 'NONE', 3,
 ( #2773, #640, #7016, #2310, #5468, #4894, #5995, #4932, #75, #2167, #4479, #6636, #5577, #1215, #40, #1628, #2239, #6102, #1662, #1247, #3807, #142, #6599, #2278, #2203, #1141, #2706, #2843, #3350, #4371, #4999, #3915, #1772, #5959, #2809, #6065, #4967, #1702, #3879, #6522, #6027, #3282, #1103, #3946, #4448, #4411, #1179, #5504, #6562, #5432, #569, #4859, #113, #6488, #2742, #3841, #3313, #3983, #5179, #3596, #3526 ),
 .UNSPECIFIED., .F., .F.,
 ( 4, 2, 2, 2, 2, 2, 2, 2, 2, 2, 2, 2, 2, 2, 2, 2, 2, 2, 2, 2, 2, 2, 1, 2, 2, 2, 2, 2, 2, 2, 4 ),
 ( 0.4972012469207513496, 0.5075032751389311203, 0.5126542892480211444, 0.5178053033571111685, 0.5281073315752915498, 0.5332583456843817959, 0.5384093597934720421, 0.5487113880116524234, 0.5590134162298328047, 0.5796174726661936782, 0.6002215291025546628, 0.6208255855389155364, 0.6311276137570960287, 0.6362786278661862749, 0.6414296419752765210, 0.6517316701934569023, 0.6620336984116372836, 0.6671847125207273077, 0.6697602195752724308, 0.6723357266298174428, 0.6826377548479979351, 0.6877887689570880703, 0.6929397830661783164, 0.6980907971752685626, 0.7032418112843588087, 0.7238458677207185721, 0.7444499241570783354, 0.7856580370297987503, 0.8062620934661591798, 0.8165641216843394501, 0.8268661499025196093 ),
 .UNSPECIFIED. ) ;
#3506 = CARTESIAN_POINT ( 'NONE',  ( -0.003297833366034412864, 0.009143584583552659059, 3.801101408528458710E-05 ) ) ;
#3507 = CIRCLE ( 'NONE', #4178, 0.002032000000000005156 ) ;
#3508 = CIRCLE ( 'NONE', #429, 0.002895600000000001645 ) ;
#3509 = CARTESIAN_POINT ( 'NONE',  ( -0.004646989106315413745, 0.007649285579370054128, -0.004327585036228190699 ) ) ;
#3510 = ORIENTED_EDGE ( 'NONE', *, *, #3658, .F. ) ;
#3511 = CARTESIAN_POINT ( 'NONE',  ( 0.02538098234136658415, 0.008218918572432745706, 0.003000758610424033874 ) ) ;
#3512 = CARTESIAN_POINT ( 'NONE',  ( 0.005701559423251872927, 0.006834566609421991422, 0.002575784625786954173 ) ) ;
#3513 = CARTESIAN_POINT ( 'NONE',  ( -0.1299727169105846791, 0.005651184030282887377, 0.009177852336641293199 ) ) ;
#3514 = DIRECTION ( 'NONE',  ( 1.000000000000000000, -0.000000000000000000, -0.000000000000000000 ) ) ;
#3515 = AXIS2_PLACEMENT_3D ( 'NONE', #3923, #4941, #2890 ) ;
#3516 = CARTESIAN_POINT ( 'NONE',  ( -0.005080000000000000314, 0.005588000000000000085, 0.0002539999999999998856 ) ) ;
#3517 = B_SPLINE_CURVE_WITH_KNOTS ( 'NONE', 3,
 ( #1641, #2821, #4312, #4945 ),
 .UNSPECIFIED., .F., .F.,
 ( 4, 4 ),
 ( 0.007917244418264276010, 0.01310866743548944925 ),
 .UNSPECIFIED. ) ;
#3518 = CARTESIAN_POINT ( 'NONE',  ( -0.002957900452063979418, 0.01091857426902339417, 0.001730981929894620432 ) ) ;
#3519 = LINE ( 'NONE', #808, #3158 ) ;
#3520 = CARTESIAN_POINT ( 'NONE',  ( 0.002746454335702964728, 0.009748754545562475504, -0.0009291691190473695986 ) ) ;
#3521 = CARTESIAN_POINT ( 'NONE',  ( 0.002316985863297929809, 0.01111180270346635336, -0.0003558461915131551009 ) ) ;
#3522 = CARTESIAN_POINT ( 'NONE',  ( -0.07940713201936286381, 0.01030073888644644428, -0.002882307079808564022 ) ) ;
#3523 = CARTESIAN_POINT ( 'NONE',  ( 0.003001926956860346413, 0.009449969846000771945, 0.0007270640152001186466 ) ) ;
#3524 = CARTESIAN_POINT ( 'NONE',  ( -0.003032428501397171818, 0.01061361187834861108, -0.001812755247026967987 ) ) ;
#3525 = CARTESIAN_POINT ( 'NONE',  ( 0.002278763417591097608, 0.01084204607446353358, -0.0007538357070249483618 ) ) ;
#3526 = CARTESIAN_POINT ( 'NONE',  ( -0.002468810975813930629, 0.01015999999996525065, -0.001016000088663737352 ) ) ;
#3527 = CARTESIAN_POINT ( 'NONE',  ( -0.002395721687853003250, 0.009640712759295282097, -0.0008830971951592791504 ) ) ;
#3528 = CARTESIAN_POINT ( 'NONE',  ( 0.002940011462836093856, 0.01140551591830336886, -0.001385780552177038336 ) ) ;
#3529 = DIRECTION ( 'NONE',  ( 0.000000000000000000, 0.000000000000000000, -1.000000000000000000 ) ) ;
#3530 = CARTESIAN_POINT ( 'NONE',  ( -0.002372245750350697197, 0.01036342393982630887, 0.0009955689223756249411 ) ) ;
#3531 = ADVANCED_FACE ( 'NONE', ( #3758 ), #5915, .F. ) ;
#3532 = CARTESIAN_POINT ( 'NONE',  ( 0.002931945260041330954, 0.01118283100939237128, -0.001583646352819262706 ) ) ;
#3533 = VERTEX_POINT ( 'NONE', #4846 ) ;
#3534 = AXIS2_PLACEMENT_3D ( 'NONE', #1018, #4918, #1091 ) ;
#3535 = CARTESIAN_POINT ( 'NONE',  ( 0.003015785606232799197, 0.01066763919607622083, -0.001804666982150190946 ) ) ;
#3536 = CARTESIAN_POINT ( 'NONE',  ( 0.002563856023001971195, 0.01000152479027832837, -0.001003688791452116711 ) ) ;
#3537 = CARTESIAN_POINT ( 'NONE',  ( 0.1298863258922764163, 0.005772812358083181591, -0.008890082459403949450 ) ) ;
#3538 = CARTESIAN_POINT ( 'NONE',  ( -0.006208190314586720104, 0.005687642129357654494, -0.0007663168322057448134 ) ) ;
#3539 = ORIENTED_EDGE ( 'NONE', *, *, #2653, .T. ) ;
#3540 = CARTESIAN_POINT ( 'NONE',  ( -0.003295184709018054384, 0.009146208502703749577, 7.531944377903815010E-05 ) ) ;
#3541 =( NAMED_UNIT ( * ) SI_UNIT ( $, .STERADIAN. ) SOLID_ANGLE_UNIT ( ) );
#3542 = EDGE_LOOP ( 'NONE', ( #6644, #613, #6346, #6564 ) ) ;
#3543 = CARTESIAN_POINT ( 'NONE',  ( 0.000000000000000000, 0.005588000000000000085, 0.000000000000000000 ) ) ;
#3544 = VERTEX_POINT ( 'NONE', #5780 ) ;
#3545 = CARTESIAN_POINT ( 'NONE',  ( 0.03484695721135192686, 0.008804562457676617243, 0.003335753849377097197 ) ) ;
#3546 = CARTESIAN_POINT ( 'NONE',  ( 0.004074865919910052210, 0.004043452574872088631, -0.001857588484871973379 ) ) ;
#3547 = CARTESIAN_POINT ( 'NONE',  ( 0.006063339356349275663, 0.006207515844713841664, 0.001538744540078163490 ) ) ;
#3548 = CARTESIAN_POINT ( 'NONE',  ( -0.004544287887418555459, 0.007883826236072524404, -0.004342391572900057388 ) ) ;
#3549 = DIRECTION ( 'NONE',  ( -0.000000000000000000, 0.000000000000000000, -1.000000000000000000 ) ) ;
#3550 = DIRECTION ( 'NONE',  ( 0.000000000000000000, 1.000000000000000000, 0.000000000000000000 ) ) ;
#3551 = CARTESIAN_POINT ( 'NONE',  ( 0.002322954739532910075, 0.01113372895592587390, 0.0002905335472760419671 ) ) ;
#3552 = CARTESIAN_POINT ( 'NONE',  ( -0.03888248095640599311, 0.009333263697021084576, -0.003492285605772338895 ) ) ;
#3553 = CARTESIAN_POINT ( 'NONE',  ( -0.09802786006887143078, 0.009865117706011500634, -0.001005178402198444922 ) ) ;
#3554 = CARTESIAN_POINT ( 'NONE',  ( 0.003090426576268212253, 0.009355010335093576559, 0.0006203782539543542789 ) ) ;
#3555 = CARTESIAN_POINT ( 'NONE',  ( -0.003586925800568853320, 0.009542457545342445530, -0.001462456907333217456 ) ) ;
#3556 = CARTESIAN_POINT ( 'NONE',  ( 0.002313712980006270466, 0.01109906185557595938, 0.0003882216529301736954 ) ) ;
#3557 = CARTESIAN_POINT ( 'NONE',  ( -0.004476519446416996235, 0.007845793933467183970, -0.004361736743078095321 ) ) ;
#3558 = CARTESIAN_POINT ( 'NONE',  ( 0.1277829005037060817, 0.006823243920131664975, -0.006652876452884480193 ) ) ;
#3559 = CARTESIAN_POINT ( 'NONE',  ( -0.002849867511923195526, 0.009622435903674602525, -0.0008621571604622759594 ) ) ;
#3560 = CARTESIAN_POINT ( 'NONE',  ( 0.002955564268332880589, 0.01093271748953920063, 0.001725072122518320813 ) ) ;
#3561 = VECTOR ( 'NONE', #2366, 1.000000000000000000 ) ;
#3562 = CARTESIAN_POINT ( 'NONE',  ( 0.002319621017550527013, 0.01112165120809588577, -0.0003280225344822944398 ) ) ;
#3563 = CARTESIAN_POINT ( 'NONE',  ( -0.002611589237301999329, 0.009930179303343611430, 0.0009901629249196861396 ) ) ;
#3564 = EDGE_CURVE ( 'NONE', #2997, #4240, #1683, .T. ) ;
#3565 = AXIS2_PLACEMENT_3D ( 'NONE', #5294, #1077, #6358 ) ;
#3566 = CARTESIAN_POINT ( 'NONE',  ( 0.002966756657222328723, 0.01157857650067246197, -0.001157561235147938324 ) ) ;
#3567 = VERTEX_POINT ( 'NONE', #4323 ) ;
#3568 = CARTESIAN_POINT ( 'NONE',  ( -0.002939209022302432823, 0.01105678756232067808, 0.001664942561562569000 ) ) ;
#3569 = CARTESIAN_POINT ( 'NONE',  ( 0.002930465394950789674, 0.01120571621170035094, -0.001569608256209453290 ) ) ;
#3570 = DIRECTION ( 'NONE',  ( 0.000000000000000000, 0.000000000000000000, 1.000000000000000000 ) ) ;
#3571 = CARTESIAN_POINT ( 'NONE',  ( 0.1298046593411758542, 0.005873238624636442640, -0.008655479942578064856 ) ) ;
#3572 = CARTESIAN_POINT ( 'NONE',  ( -0.005903863196993309331, 0.006772007081313727479, -0.002302394725587865974 ) ) ;
#3573 = VERTEX_POINT ( 'NONE', #132 ) ;
#3574 = CARTESIAN_POINT ( 'NONE',  ( -0.003271177453148439458, 0.009170041171954504758, 0.0002291949572005017510 ) ) ;
#3575 = DIRECTION ( 'NONE',  ( 0.000000000000000000, 0.000000000000000000, 1.000000000000000000 ) ) ;
#3576 = ADVANCED_FACE ( 'NONE', ( #100 ), #6551, .F. ) ;
#3577 = ORIENTED_EDGE ( 'NONE', *, *, #3113, .F. ) ;
#3578 = CARTESIAN_POINT ( 'NONE',  ( 0.004631615120819066074, 0.008031864869414852282, 0.004196503469866334941 ) ) ;
#3579 = VERTEX_POINT ( 'NONE', #3268 ) ;
#3580 = CARTESIAN_POINT ( 'NONE',  ( 0.01066806096747691980, 0.0009729210562361313838, -0.004363876462262933700 ) ) ;
#3581 = CARTESIAN_POINT ( 'NONE',  ( -0.004556464493725175847, 0.007891827227598912503, -0.004335870770839198377 ) ) ;
#3582 = FACE_OUTER_BOUND ( 'NONE', #4313, .T. ) ;
#3583 = APPLICATION_CONTEXT ( 'automotive_design' ) ;
#3584 = DIRECTION ( 'NONE',  ( -1.000000000000000000, 0.000000000000000000, 0.000000000000000000 ) ) ;
#3585 = CARTESIAN_POINT ( 'NONE',  ( 0.001473200000000000030, 0.000000000000000000, 0.000000000000000000 ) ) ;
#3586 = CARTESIAN_POINT ( 'NONE',  ( 0.002305111702041018947, 0.01106246439476214934, -0.0004670255017329298154 ) ) ;
#3587 = EDGE_CURVE ( 'NONE', #1075, #5766, #3903, .T. ) ;
#3588 = CARTESIAN_POINT ( 'NONE',  ( -0.1116962107606740695, 0.009103487403184479243, 0.001226220570242928486 ) ) ;
#3589 = CARTESIAN_POINT ( 'NONE',  ( -0.05535507364204971664, 0.01004233498335372309, -0.003901532181211515068 ) ) ;
#3590 = CARTESIAN_POINT ( 'NONE',  ( 0.002341819305917475138, 0.01015018309780762670, -0.001015952571943354310 ) ) ;
#3591 = CARTESIAN_POINT ( 'NONE',  ( -0.003359270673714205655, 0.009902261951195458212, -0.001698994498597018602 ) ) ;
#3592 = CARTESIAN_POINT ( 'NONE',  ( 0.002333542113244790363, 0.01116932440896879590, -0.0001214286181772172640 ) ) ;
#3593 = AXIS2_PLACEMENT_3D ( 'NONE', #3543, #5697, #4984 ) ;
#3594 = CARTESIAN_POINT ( 'NONE',  ( -0.004484779464370327283, 0.007789140975763508140, -0.004353233294785205550 ) ) ;
#3595 = CARTESIAN_POINT ( 'NONE',  ( 0.002294934316231283990, 0.01101029609522132316, -0.0005563713726492355285 ) ) ;
#3596 = CARTESIAN_POINT ( 'NONE',  ( -0.002457942143545166491, 0.01017984497822188236, -0.001015999999999999976 ) ) ;
#3597 = DIRECTION ( 'NONE',  ( 0.000000000000000000, 1.000000000000000000, 0.000000000000000000 ) ) ;
#3598 = CARTESIAN_POINT ( 'NONE',  ( 0.003043207979239264359, 0.01184741162072351639, -0.0004796967261130604082 ) ) ;
#3599 = CARTESIAN_POINT ( 'NONE',  ( 0.002309325039591403599, 0.01108096772494375666, -0.0004291717096538006228 ) ) ;
#3600 = CARTESIAN_POINT ( 'NONE',  ( -0.003217563162982503902, 0.009223840631106355187, -0.0003951521869711014843 ) ) ;
#3601 = COLOUR_RGB ( '',0.8980392156862745390, 0.9176470588235293713, 0.9294117647058823817 ) ;
#3602 = CARTESIAN_POINT ( 'NONE',  ( 0.002931049439826370010, 0.01124686981973989884, -0.001535656029870756736 ) ) ;
#3603 = ORIENTED_EDGE ( 'NONE', *, *, #1156, .T. ) ;
#3604 = CARTESIAN_POINT ( 'NONE',  ( -0.003055209233201195904, 0.01187931040215905662, 0.0002770633558325990902 ) ) ;
#3605 = DIRECTION ( 'NONE',  ( -1.000000000000000000, 0.000000000000000000, -1.123292760552739875E-17 ) ) ;
#3606 = PRESENTATION_STYLE_ASSIGNMENT (( #6817 ) ) ;
#3607 = CARTESIAN_POINT ( 'NONE',  ( 0.1299802672275474913, 0.005950258856193240374, -0.008878092836019957010 ) ) ;
#3608 = CARTESIAN_POINT ( 'NONE',  ( -1.173223625603060539E-17, 3.732723443801142422E-20, 0.002552700000000011470 ) ) ;
#3609 = EDGE_LOOP ( 'NONE', ( #1642, #973, #6325, #4626, #6184, #2144, #1495, #651, #3818, #6790 ) ) ;
#3610 = CARTESIAN_POINT ( 'NONE',  ( -0.002941884710084368554, 0.009516499747838642886, 0.0007863907638089033710 ) ) ;
#3611 = CARTESIAN_POINT ( 'NONE',  ( -0.003352888644605111525, 0.001299935087976457609, 0.005283084524184387260 ) ) ;
#3612 = PRODUCT_DEFINITION_FORMATION_WITH_SPECIFIED_SOURCE ( 'ANY', '', #493, .NOT_KNOWN. ) ;
#3613 = EDGE_CURVE ( 'NONE', #4672, #1002, #6053, .T. ) ;
#3614 = CARTESIAN_POINT ( 'NONE',  ( 0.002022872197825916884, 0.01115807667514769237, 0.0002188968086707564968 ) ) ;
#3615 = ORIENTED_EDGE ( 'NONE', *, *, #832, .F. ) ;
#3616 = CARTESIAN_POINT ( 'NONE',  ( 0.02268502100787911022, 0.007877469635421801772, 0.003100059698414269187 ) ) ;
#3617 = CARTESIAN_POINT ( 'NONE',  ( 0.1188473151109208786, 0.003617810749556280275, -0.01568515845839715470 ) ) ;
#3618 = CARTESIAN_POINT ( 'NONE',  ( -0.004611240966313216033, 0.007916671910172173865, -0.004306145400727145849 ) ) ;
#3619 = CARTESIAN_POINT ( 'NONE',  ( 0.1300000000000001432, 0.004585931413959958014, -0.01292123918107765043 ) ) ;
#3620 = CIRCLE ( 'NONE', #540, 0.002449999999999999921 ) ;
#3621 = AXIS2_PLACEMENT_3D ( 'NONE', #3831, #2731, #1204 ) ;
#3622 = CIRCLE ( 'NONE', #3159, 0.001783079999999999821 ) ;
#3623 = CARTESIAN_POINT ( 'NONE',  ( 0.05792551874866843503, 0.01031194606181323227, 0.003851947696812469801 ) ) ;
#3624 = CARTESIAN_POINT ( 'NONE',  ( -0.003926234243541775089, 0.009075004853701676422, -0.0008158875655332199208 ) ) ;
#3625 = ORIENTED_EDGE ( 'NONE', *, *, #2814, .F. ) ;
#3626 = AXIS2_PLACEMENT_3D ( 'NONE', #1745, #725, #2247 ) ;
#3627 = CARTESIAN_POINT ( 'NONE',  ( -0.1249236993234537629, 0.007713326128796461727, 0.005151369818282422984 ) ) ;
#3628 = CARTESIAN_POINT ( 'NONE',  ( -0.05134619753704042916, 0.009890228948039305953, -0.003903868458529228484 ) ) ;
#3629 = CARTESIAN_POINT ( 'NONE',  ( -0.006198681410896685756, 0.005152975784619527946, 0.0009363172339842184893 ) ) ;
#3630 = CARTESIAN_POINT ( 'NONE',  ( -0.003346855716561899802, 0.009923657102535595256, -0.001708727553858117084 ) ) ;
#3631 = CARTESIAN_POINT ( 'NONE',  ( 0.002956314486189399755, 0.009500347949454122226, -0.0007728906228045541666 ) ) ;
#3632 = CARTESIAN_POINT ( 'NONE',  ( 0.005890604501090381667, 0.003824870745802965571, -0.002299544753434007612 ) ) ;
#3633 = CARTESIAN_POINT ( 'NONE',  ( -0.002558340603176890039, 0.01000991183181075203, -0.001005100824268916667 ) ) ;
#3634 = CARTESIAN_POINT ( 'NONE',  ( 0.003646299416538464726, 0.009456154402577927193, -0.001380806280119722387 ) ) ;
#3635 = CARTESIAN_POINT ( 'NONE',  ( -0.0002540000000000001566, 0.0002344904790593441547, -0.001449181636525680595 ) ) ;
#3636 = CARTESIAN_POINT ( 'NONE',  ( -0.003005481770588703042, 0.009446036528508778077, 0.0007235321792234270443 ) ) ;
#3637 = CARTESIAN_POINT ( 'NONE',  ( 0.002997223671224783035, 0.01170457950002424738, -0.0009229790522014124504 ) ) ;
#3638 = ORIENTED_EDGE ( 'NONE', *, *, #1451, .F. ) ;
#3639 = CARTESIAN_POINT ( 'NONE',  ( -0.002933266849605165646, 0.01114619513709258491, 0.001609103664443582802 ) ) ;
#3640 = FACE_OUTER_BOUND ( 'NONE', #5284, .T. ) ;
#3641 = CARTESIAN_POINT ( 'NONE',  ( -0.05126161183249176162, 0.01008410848932666040, -0.003887389023398180737 ) ) ;
#3642 = CARTESIAN_POINT ( 'NONE',  ( 0.1302460699065432492, 0.005308357926584342766, -0.009971509585180431817 ) ) ;
#3643 = LINE ( 'NONE', #1964, #5627 ) ;
#3644 = ORIENTED_EDGE ( 'NONE', *, *, #4814, .T. ) ;
#3645 = CARTESIAN_POINT ( 'NONE',  ( -0.002407192651261643845, 0.01028131976660789232, 0.001009262060190574016 ) ) ;
#3646 =( NAMED_UNIT ( * ) PLANE_ANGLE_UNIT ( ) SI_UNIT ( $, .RADIAN. ) );
#3647 = DIRECTION ( 'NONE',  ( -0.000000000000000000, -1.000000000000000000, -0.000000000000000000 ) ) ;
#3648 = VERTEX_POINT ( 'NONE', #5492 ) ;
#3649 = CARTESIAN_POINT ( 'NONE',  ( -0.001650999999999998389, 0.01270000000000000295, 0.000000000000000000 ) ) ;
#3650 = CARTESIAN_POINT ( 'NONE',  ( 0.06412884795887029143, 0.004294815170139605967, -0.01382219028603763958 ) ) ;
#3651 = CARTESIAN_POINT ( 'NONE',  ( -0.02297857111680344164, -0.0004810017118890802350, 0.006739974693927004538 ) ) ;
#3652 = CARTESIAN_POINT ( 'NONE',  ( 0.06273769577148845256, -0.001455131271292819722, -0.02556509721400653315 ) ) ;
#3653 = ADVANCED_FACE ( 'NONE', ( #2729 ), #1726, .F. ) ;
#3654 = DIRECTION ( 'NONE',  ( 1.123292760552739721E-17, -0.000000000000000000, -1.000000000000000000 ) ) ;
#3655 = DIRECTION ( 'NONE',  ( 0.000000000000000000, 0.000000000000000000, -1.000000000000000000 ) ) ;
#3656 = CARTESIAN_POINT ( 'NONE',  ( -0.08772060685089193288, 0.01031004758734538167, -0.002850356545653187634 ) ) ;
#3657 = CARTESIAN_POINT ( 'NONE',  ( -0.03001296985280423740, 0.008389190466556985248, -0.003150570552540810088 ) ) ;
#3658 = EDGE_CURVE ( 'NONE', #5890, #2243, #570, .T. ) ;
#3659 = CARTESIAN_POINT ( 'NONE',  ( -0.006254425573157020198, 0.005895316056326593834, -0.0001040804629777220165 ) ) ;
#3660 = DIRECTION ( 'NONE',  ( -0.000000000000000000, -1.000000000000000000, -0.000000000000000000 ) ) ;
#3661 = CARTESIAN_POINT ( 'NONE',  ( 0.006231263216648291227, 0.006365062247840188800, 0.0005457310198869351264 ) ) ;
#3662 = CARTESIAN_POINT ( 'NONE',  ( -0.002658969098804508154, 0.009863918388997366601, -0.0009719698095488394675 ) ) ;
#3663 = CARTESIAN_POINT ( 'NONE',  ( 0.003764999550080872556, 0.009290133821019614171, -0.001184677287932901345 ) ) ;
#3664 = PLANE ( 'NONE',  #1397 ) ;
#3665 = CARTESIAN_POINT ( 'NONE',  ( -0.003277849037835900859, 0.009163400132342968546, -0.0002005828728192991881 ) ) ;
#3666 = CARTESIAN_POINT ( 'NONE',  ( 0.003764999550080872556, 0.009290133821019614171, -0.001184677287932901345 ) ) ;
#3667 = VERTEX_POINT ( 'NONE', #41 ) ;
#3668 = CARTESIAN_POINT ( 'NONE',  ( -0.003994509648430161382, 0.008987682254972531246, 0.0005452975101050846173 ) ) ;
#3669 = CARTESIAN_POINT ( 'NONE',  ( -0.003056697417545282784, 0.01054027265004532816, -0.001820623361152210514 ) ) ;
#3670 = CARTESIAN_POINT ( 'NONE',  ( -0.1174205100735679352, 0.008786260008799093996, 0.002589212012579507772 ) ) ;
#3671 = PLANE ( 'NONE',  #2338 ) ;
#3672 = CARTESIAN_POINT ( 'NONE',  ( -0.003452957942434773872, 0.001265715187916218116, 0.005252063797436591110 ) ) ;
#3673 = ORIENTED_EDGE ( 'NONE', *, *, #6811, .T. ) ;
#3674 = CARTESIAN_POINT ( 'NONE',  ( 0.004514681612743728575, 0.007830487271484436185, 0.004358079612984825171 ) ) ;
#3675 = ADVANCED_FACE ( 'NONE', ( #2204 ), #1663, .F. ) ;
#3676 = DIRECTION ( 'NONE',  ( 0.000000000000000000, 0.000000000000000000, 1.000000000000000000 ) ) ;
#3677 = ORIENTED_EDGE ( 'NONE', *, *, #5030, .T. ) ;
#3678 = EDGE_CURVE ( 'NONE', #2771, #4600, #2583, .T. ) ;
#3679 = FILL_AREA_STYLE_COLOUR ( '', #2112 ) ;
#3680 = ORIENTED_EDGE ( 'NONE', *, *, #5728, .F. ) ;
#3681 = CARTESIAN_POINT ( 'NONE',  ( -0.001451138256679907184, 0.000000000000000000, 0.0002539999999999999398 ) ) ;
#3682 = CARTESIAN_POINT ( 'NONE',  ( -0.004578308944749315788, 0.007761894533542923469, -0.004323902369617217169 ) ) ;
#3683 = CARTESIAN_POINT ( 'NONE',  ( 0.02978125322163860042, 0.003593040637191406879, -0.004575598783114291461 ) ) ;
#3684 = CARTESIAN_POINT ( 'NONE',  ( 0.07923882375245758225, 0.01049946846688018173, 0.002885200994485236873 ) ) ;
#3685 = DIRECTION ( 'NONE',  ( 0.000000000000000000, 0.000000000000000000, 1.000000000000000000 ) ) ;
#3686 = EDGE_CURVE ( 'NONE', #1435, #573, #5469, .T. ) ;
#3687 = CARTESIAN_POINT ( 'NONE',  ( 0.000000000000000000, 0.000000000000000000, 0.000000000000000000 ) ) ;
#3688 = CARTESIAN_POINT ( 'NONE',  ( -0.1156622250992045270, 0.008963331777383273802, 0.002140194702473598165 ) ) ;
#3689 = CARTESIAN_POINT ( 'NONE',  ( 0.002311870810098185739, 0.01055163439750913222, -0.0009376421062632329462 ) ) ;
#3690 = CARTESIAN_POINT ( 'NONE',  ( 0.006053963348864609822, 0.007096067732119342754, 0.001577559401092119666 ) ) ;
#3691 = CARTESIAN_POINT ( 'NONE',  ( -1.071991814155956250E-17, 0.001397000000000004141, 0.000000000000000000 ) ) ;
#3692 = ADVANCED_FACE ( 'NONE', ( #4517 ), #5505, .T. ) ;
#3693 = CARTESIAN_POINT ( 'NONE',  ( 0.002936417298284053033, 0.01109425155469759804, -0.001642212544079286280 ) ) ;
#3694 = CARTESIAN_POINT ( 'NONE',  ( 0.004572539461271079957, 0.007760941514271069673, 0.004327099396778915329 ) ) ;
#3695 = CARTESIAN_POINT ( 'NONE',  ( -0.002665403540881416695, 0.009855092475544486794, 0.0009692940046771212053 ) ) ;
#3696 = CARTESIAN_POINT ( 'NONE',  ( 0.003172745942114414946, 0.009269470967321920621, -0.0004893706793119337838 ) ) ;
#3697 = ORIENTED_EDGE ( 'NONE', *, *, #4696, .T. ) ;
#3698 = CARTESIAN_POINT ( 'NONE',  ( -0.003929804074428739497, 0.009070904646158317250, 0.0007911688481970778663 ) ) ;
#3699 = CARTESIAN_POINT ( 'NONE',  ( 0.003798403255366750858, 0.009244656330547287859, -0.001120266233669080583 ) ) ;
#3700 = CARTESIAN_POINT ( 'NONE',  ( 0.1301721375793860602, 0.005689196144095591892, -0.009353608659495991906 ) ) ;
#3701 = DIRECTION ( 'NONE',  ( 0.000000000000000000, 0.000000000000000000, -1.000000000000000000 ) ) ;
#3702 = ORIENTED_EDGE ( 'NONE', *, *, #868, .F. ) ;
#3703 = CARTESIAN_POINT ( 'NONE',  ( 0.004517968730502458681, 0.007815043025042732461, 0.004356320653224327391 ) ) ;
#3704 = DIRECTION ( 'NONE',  ( -0.2063769691475563772, -9.164978515998701605E-17, -0.9784725579215131086 ) ) ;
#3705 = CARTESIAN_POINT ( 'NONE',  ( 0.004002879986726607525, 0.008976998320787590857, -0.0005063861078629557089 ) ) ;
#3706 = ORIENTED_EDGE ( 'NONE', *, *, #6847, .F. ) ;
#3707 = CARTESIAN_POINT ( 'NONE',  ( -0.003872672137664107724, 0.009145650402728175421, -0.0009511032290580027264 ) ) ;
#3708 = DIRECTION ( 'NONE',  ( 0.6697111860862019483, 0.07172577225402826384, -0.7391497418152670473 ) ) ;
#3709 = CARTESIAN_POINT ( 'NONE',  ( 0.0002539999999999998314, 0.003614281620921026839, 0.001420970690457919921 ) ) ;
#3710 = EDGE_LOOP ( 'NONE', ( #6823, #1859 ) ) ;
#3711 = CARTESIAN_POINT ( 'NONE',  ( 0.09028166116987090817, 0.01030566165856700717, 0.001886193647979397770 ) ) ;
#3712 = DIRECTION ( 'NONE',  ( 1.000000000000000000, -0.000000000000000000, -0.000000000000000000 ) ) ;
#3713 = CARTESIAN_POINT ( 'NONE',  ( -0.003010987826996460153, 0.009440052606589527731, -0.0007175881264613434736 ) ) ;
#3714 = CARTESIAN_POINT ( 'NONE',  ( -0.06293829927198624219, -0.0004111327656885649948, 0.02381863383957465857 ) ) ;
#3715 = CARTESIAN_POINT ( 'NONE',  ( 0.01747347648647002913, -5.645543202543795366E-05, -0.005446237538216399873 ) ) ;
#3716 = B_SPLINE_CURVE_WITH_KNOTS ( 'NONE', 3,
 ( #734, #1059, #3232, #5385 ),
 .UNSPECIFIED., .F., .F.,
 ( 4, 4 ),
 ( 0.005486497244110623978, 0.01067792281924099737 ),
 .UNSPECIFIED. ) ;
#3717 = CARTESIAN_POINT ( 'NONE',  ( 0.1278010341773395397, 0.007024000923969976780, -0.006683500464296707189 ) ) ;
#3718 = CARTESIAN_POINT ( 'NONE',  ( -0.004047361965605063110, 0.008920710591436245562, -0.0001402223337147733039 ) ) ;
#3719 = CARTESIAN_POINT ( 'NONE',  ( -1.204485184444895089E-17, 0.01015018309780834661, -0.002552700000000010169 ) ) ;
#3720 = CARTESIAN_POINT ( 'NONE',  ( 0.001449181636525680595, 0.0002344904790593441547, -0.0002540000000000001024 ) ) ;
#3721 = CARTESIAN_POINT ( 'NONE',  ( -0.1233659151103067703, 0.007800556308491381902, 0.004459105622055231644 ) ) ;
#3722 = FACE_OUTER_BOUND ( 'NONE', #3821, .T. ) ;
#3723 = CARTESIAN_POINT ( 'NONE',  ( 0.002504612284691814204, 0.01009694533957653309, -0.001014168211331739622 ) ) ;
#3724 = CARTESIAN_POINT ( 'NONE',  ( 0.004925076415982197059, 0.007954535719699071597, 0.004024492174760793683 ) ) ;
#3725 = CARTESIAN_POINT ( 'NONE',  ( -0.1300000000000000877, 0.005640083351840928516, 0.009162590314171418018 ) ) ;
#3726 = CARTESIAN_POINT ( 'NONE',  ( 0.003609374649228894866, 0.009509389203591765011, -0.001433322402467714215 ) ) ;
#3727 = CARTESIAN_POINT ( 'NONE',  ( 0.002289698477474709677, 0.01097662415865424505, 0.0006046090378107523431 ) ) ;
#3728 = CARTESIAN_POINT ( 'NONE',  ( 0.006249015828538262429, 0.005339625140071318013, 0.0002786567911913350056 ) ) ;
#3729 = CARTESIAN_POINT ( 'NONE',  ( 0.003180408254685334907, 0.009261625653963226346, -0.0004748239246962465796 ) ) ;
#3730 = ORIENTED_EDGE ( 'NONE', *, *, #49, .T. ) ;
#3731 = CARTESIAN_POINT ( 'NONE',  ( -0.003641981748911352502, 0.009462351904705292374, 0.001387079464704342327 ) ) ;
#3732 = PRODUCT_DEFINITION_SHAPE ( 'NONE', 'NONE',  #2741 ) ;
#3733 = CARTESIAN_POINT ( 'NONE',  ( 0.003776134118509498656, 0.009274974657528838734, -0.001163206936511627975 ) ) ;
#3734 = DIRECTION ( 'NONE',  ( 0.000000000000000000, 0.000000000000000000, 1.000000000000000000 ) ) ;
#3735 = CARTESIAN_POINT ( 'NONE',  ( 0.002335870549133663328, 0.01015345462986184596, -0.001015984183957138525 ) ) ;
#3736 = ORIENTED_EDGE ( 'NONE', *, *, #393, .T. ) ;
#3737 = CARTESIAN_POINT ( 'NONE',  ( 0.004568905278976588200, 0.007898434356497249439, 0.004329152322524796107 ) ) ;
#3738 = ADVANCED_FACE ( 'NONE', ( #222 ), #4131, .T. ) ;
#3739 = CARTESIAN_POINT ( 'NONE',  ( -0.002301036902294934308, 0.01104302909569164319, -0.0005028110339928659571 ) ) ;
#3740 = B_SPLINE_CURVE_WITH_KNOTS ( 'NONE', 3,
 ( #4191, #1986, #3092, #3633, #4157, #5180, #852, #417, #4687, #3662, #5279, #6373, #5750, #3022, #2048, #453, #386, #953, #1922, #2558, #6774, #2593, #4087, #3060, #6339, #4619, #3559, #4722, #1512, #6875, #2019, #320, #6909, #6843, #2489, #5217, #1481, #3123, #6309, #4750, #5312, #4223 ),
 .UNSPECIFIED., .F., .F.,
 ( 4, 2, 2, 2, 2, 2, 2, 2, 1, 1, 2, 2, 2, 2, 2, 2, 2, 2, 2, 2, 2, 4 ),
 ( 0.8268661499025196093, 0.8480920021701658928, 0.8587049283039893677, 0.8693178544378128425, 0.8746243175047246909, 0.8799307805716364284, 0.8905437067054600142, 0.8918703224721877820, 0.8931969382389154388, 0.8958501697723715296, 0.9011566328392836001, 0.9117695589731086292, 0.9170760220400208107, 0.9197292535734769015, 0.9223824851069328812, 0.9329954112407570221, 0.9383018743076693147, 0.9436083373745816072, 0.9542212635084061922, 0.9648341896422308883, 0.9754471157760554734, 0.9966729680437044214 ),
 .UNSPECIFIED. ) ;
#3741 = CARTESIAN_POINT ( 'NONE',  ( 0.004051390392908507145, 0.008915640392593687444, 2.943151801935632941E-05 ) ) ;
#3742 = VERTEX_POINT ( 'NONE', #3145 ) ;
#3743 = CARTESIAN_POINT ( 'NONE',  ( -0.005884951372869146394, 0.003445399779022308498, 0.002162004673775142372 ) ) ;
#3744 = DIRECTION ( 'NONE',  ( -0.7410584193547486986, 0.000000000000000000, -0.6714405551524582627 ) ) ;
#3745 = CARTESIAN_POINT ( 'NONE',  ( -9.635881475559170419E-19, 0.01168400000000000168, 0.000000000000000000 ) ) ;
#3746 = ORIENTED_EDGE ( 'NONE', *, *, #998, .F. ) ;
#3747 = CARTESIAN_POINT ( 'NONE',  ( 0.04700150496498519542, 0.009682947235459187646, 0.003844248156390333172 ) ) ;
#3748 = CARTESIAN_POINT ( 'NONE',  ( -0.001966410053409350760, 0.01103938227514089654, 0.0005198836717629573903 ) ) ;
#3749 = EDGE_LOOP ( 'NONE', ( #6328, #5123, #2968, #1898 ) ) ;
#3750 = CARTESIAN_POINT ( 'NONE',  ( -0.002398191214603316926, 0.01030184180768088653, -0.001006189448670147040 ) ) ;
#3751 = CARTESIAN_POINT ( 'NONE',  ( -0.02954458763929919407, 0.007785119534559170433, 0.0003634031287780225238 ) ) ;
#3752 = CARTESIAN_POINT ( 'NONE',  ( 0.06287143143848708537, -0.0007591322675566498316, -0.02440078829771832186 ) ) ;
#3753 = CARTESIAN_POINT ( 'NONE',  ( 0.000000000000000000, 9.999999999999939493E-05, 0.006150000000000000085 ) ) ;
#3754 = CIRCLE ( 'NONE', #6010, 0.006032499999999996199 ) ;
#3755 = CARTESIAN_POINT ( 'NONE',  ( 0.001415477532827728174, 0.004272187755612158119, -0.0002540000000000001024 ) ) ;
#3756 = CARTESIAN_POINT ( 'NONE',  ( -0.1265695812094414785, 0.007682054890917953786, 0.004165898926548985449 ) ) ;
#3757 = CYLINDRICAL_SURFACE ( 'NONE', #2162, 0.002449999999999999921 ) ;
#3758 = FACE_OUTER_BOUND ( 'NONE', #6686, .T. ) ;
#3759 = CARTESIAN_POINT ( 'NONE',  ( -0.005123233739383658072, 0.002744781113247676384, 0.003589058395167913588 ) ) ;
#3760 = SURFACE_SIDE_STYLE ('',( #2834 ) ) ;
#3761 = CARTESIAN_POINT ( 'NONE',  ( 0.002813882804852210675, 0.009665409640365442770, -0.0008875075278753387625 ) ) ;
#3762 = CARTESIAN_POINT ( 'NONE',  ( 0.003306940053391334289, 0.009993784509153688309, -0.001738291061236448736 ) ) ;
#3763 = CARTESIAN_POINT ( 'NONE',  ( 0.004494157283333926126, 0.007772813227457387938, 0.004343568646308466723 ) ) ;
#3764 = CARTESIAN_POINT ( 'NONE',  ( 0.1300000000000000877, 0.005863147835250297722, -0.008834698886271471346 ) ) ;
#3765 = EDGE_CURVE ( 'NONE', #6745, #3955, #1762, .T. ) ;
#3766 = CARTESIAN_POINT ( 'NONE',  ( 0.003179227998736996932, 0.01024286356849903913, -0.001805741178172188838 ) ) ;
#3767 = CARTESIAN_POINT ( 'NONE',  ( -0.003440260630039129481, 0.009767628322561842241, 0.001628128137161114451 ) ) ;
#3768 = CARTESIAN_POINT ( 'NONE',  ( 7.387681815856405461E-19, 0.000000000000000000, 0.006032499999999997933 ) ) ;
#3769 = CARTESIAN_POINT ( 'NONE',  ( 0.003978437549457085332, 0.009008204683540931013, -0.0006186106290775521092 ) ) ;
#3770 = SURFACE_SIDE_STYLE ('',( #3134 ) ) ;
#3771 = ADVANCED_FACE ( 'NONE', ( #1471 ), #1997, .T. ) ;
#3772 = ORIENTED_EDGE ( 'NONE', *, *, #5553, .T. ) ;
#3773 = CARTESIAN_POINT ( 'NONE',  ( 0.004519481613783855878, 0.007853134422010571783, 0.004355563095664410217 ) ) ;
#3774 = PRODUCT_CONTEXT ( 'NONE', #2387, 'mechanical' ) ;
#3775 = CARTESIAN_POINT ( 'NONE',  ( 0.003941295174106101973, 0.009056020037180447652, -0.0007540037283005738720 ) ) ;
#3776 = VERTEX_POINT ( 'NONE', #4674 ) ;
#3777 = CARTESIAN_POINT ( 'NONE',  ( -0.004066338275424635426, 0.001471830784719654634, 0.004755341815637034210 ) ) ;
#3778 = CARTESIAN_POINT ( 'NONE',  ( -0.002940589461639418062, 0.01145107430114691328, 0.001348842911251591815 ) ) ;
#3779 = CARTESIAN_POINT ( 'NONE',  ( 0.005464651874132783575, 0.007807260207960402265, 0.003271063437698120205 ) ) ;
#3780 = ORIENTED_EDGE ( 'NONE', *, *, #5030, .F. ) ;
#3781 = CARTESIAN_POINT ( 'NONE',  ( 0.04965549528868176687, 0.009978662698944788453, 0.004570687528943478788 ) ) ;
#3782 = FACE_OUTER_BOUND ( 'NONE', #5476, .T. ) ;
#3783 = ORIENTED_EDGE ( 'NONE', *, *, #3401, .T. ) ;
#3784 = CARTESIAN_POINT ( 'NONE',  ( -0.003108054218043024026, 0.009336460351802399263, -0.0005958933421455543016 ) ) ;
#3785 = VECTOR ( 'NONE', #6510, 1.000000000000000000 ) ;
#3786 = EDGE_CURVE ( 'NONE', #3435, #5827, #6860, .T. ) ;
#3787 = CARTESIAN_POINT ( 'NONE',  ( -0.05048530208196792129, -0.0008611759169457999363, 0.01995830801063371018 ) ) ;
#3788 = CARTESIAN_POINT ( 'NONE',  ( 7.370672237962994998E-17, 0.001808205287965906124, -0.005277611078687013263 ) ) ;
#3789 = CARTESIAN_POINT ( 'NONE',  ( -0.006300185418770153783, 0.006476807079710588180, -0.0008731977844575848635 ) ) ;
#3790 = CIRCLE ( 'NONE', #1622, 0.002737011426054730689 ) ;
#3791 = CARTESIAN_POINT ( 'NONE',  ( -0.002933005915215889867, 0.01115199936154070981, -0.001605182551861066096 ) ) ;
#3792 = CARTESIAN_POINT ( 'NONE',  ( 0.003061340624655018317, 0.01189506946772041739, 0.0001157271933132673154 ) ) ;
#3793 = CARTESIAN_POINT ( 'NONE',  ( -0.1295594547193376356, 0.006760933718734340493, 0.006156599668409390783 ) ) ;
#3794 = EDGE_CURVE ( 'NONE', #6897, #4832, #1884, .T. ) ;
#3795 = DIRECTION ( 'NONE',  ( -0.000000000000000000, 1.000000000000000000, -0.000000000000000000 ) ) ;
#3796 = CARTESIAN_POINT ( 'NONE',  ( 0.000000000000000000, 0.009271000000000001462, 0.000000000000000000 ) ) ;
#3797 = CARTESIAN_POINT ( 'NONE',  ( 0.005510981328897523665, 0.003236459228827592415, -0.002959377818045449970 ) ) ;
#3798 = CARTESIAN_POINT ( 'NONE',  ( -0.003061340797459990905, 0.01189506903150486065, -0.0001069962597987423507 ) ) ;
#3799 = CARTESIAN_POINT ( 'NONE',  ( -0.004379991594527829490, 0.001699275456554631865, 0.004671122133219541943 ) ) ;
#3800 = CARTESIAN_POINT ( 'NONE',  ( 0.003038419623088051743, 0.009410435734676066491, 0.0006860486690922286456 ) ) ;
#3801 = FACE_OUTER_BOUND ( 'NONE', #4666, .T. ) ;
#3802 = CARTESIAN_POINT ( 'NONE',  ( 0.003452957942434810735, 0.001265715187916218116, -0.005252063797436566824 ) ) ;
#3803 = CARTESIAN_POINT ( 'NONE',  ( 0.005388599250740327799, 0.007905412027584893253, 0.003181917087735693095 ) ) ;
#3804 = APPLICATION_CONTEXT ( 'automotive_design' ) ;
#3805 = CARTESIAN_POINT ( 'NONE',  ( 0.003296961072639812296, 0.009144451184526201232, -3.482792626121308571E-05 ) ) ;
#3806 = CARTESIAN_POINT ( 'NONE',  ( -0.004004334578558422543, 0.008975167081319151974, -0.0004963424577522683673 ) ) ;
#3807 = CARTESIAN_POINT ( 'NONE',  ( -0.002335417595140131843, 0.01117529101691817385, -5.925694176382939951E-05 ) ) ;
#3808 = CARTESIAN_POINT ( 'NONE',  ( 0.003008480451543160943, 0.01069384864008732922, 0.001799321750254022096 ) ) ;
#3809 = ORIENTED_EDGE ( 'NONE', *, *, #3261, .F. ) ;
#3810 = CARTESIAN_POINT ( 'NONE',  ( -0.005090461437369860065, 0.007935092060658484672, -0.004225249845998408846 ) ) ;
#3811 = CONTEXT_DEPENDENT_SHAPE_REPRESENTATION ( #4538, #4299 ) ;
#3812 = DIRECTION ( 'NONE',  ( 0.000000000000000000, 0.000000000000000000, -1.000000000000000000 ) ) ;
#3813 = ORIENTED_EDGE ( 'NONE', *, *, #702, .F. ) ;
#3814 = DIRECTION ( 'NONE',  ( 0.000000000000000000, 0.000000000000000000, 1.000000000000000000 ) ) ;
#3815 = AXIS2_PLACEMENT_3D ( 'NONE', #425, #2603, #3701 ) ;
#3816 = CARTESIAN_POINT ( 'NONE',  ( -0.003034319422627610157, 0.01060698602007464214, 0.001814023869742548492 ) ) ;
#3817 = CARTESIAN_POINT ( 'NONE',  ( 0.005995560721729911551, 0.004059294152451651747, -0.002040014384031531552 ) ) ;
#3818 = ORIENTED_EDGE ( 'NONE', *, *, #6457, .T. ) ;
#3819 = CARTESIAN_POINT ( 'NONE',  ( 0.1103799377194478182, 0.009397613896001221975, -0.0009913506238810603118 ) ) ;
#3820 = DIRECTION ( 'NONE',  ( 1.000000000000000000, -0.000000000000000000, -0.000000000000000000 ) ) ;
#3821 = EDGE_LOOP ( 'NONE', ( #5231, #3173, #5584, #5552 ) ) ;
#3822 = CARTESIAN_POINT ( 'NONE',  ( -0.002683118220028894371, 0.009831183123074240318, -0.0009614449178648375128 ) ) ;
#3823 = CARTESIAN_POINT ( 'NONE',  ( -0.09293689007689261150, 0.005774766865610635874, 0.01624156727721124197 ) ) ;
#3824 = CARTESIAN_POINT ( 'NONE',  ( 0.02954458763929919754, 0.007785119534559170433, -0.0003634031287778162001 ) ) ;
#3825 = CARTESIAN_POINT ( 'NONE',  ( -0.005768440709695204192, 0.007456299572229498594, -0.002423555088117008895 ) ) ;
#3826 = CARTESIAN_POINT ( 'NONE',  ( -0.003548818063029103229, 0.009599206371496851395, -0.001510090617477644927 ) ) ;
#3827 = FACE_BOUND ( 'NONE', #5355, .T. ) ;
#3828 = CARTESIAN_POINT ( 'NONE',  ( -0.1300218788204623444, 0.006461964225595164674, 0.006791061683079858448 ) ) ;
#3829 = EDGE_CURVE ( 'NONE', #5999, #1892, #6459, .T. ) ;
#3830 = FACE_OUTER_BOUND ( 'NONE', #964, .T. ) ;
#3831 = CARTESIAN_POINT ( 'NONE',  ( -1.204485184444895089E-17, 0.01015018309780834661, 0.000000000000000000 ) ) ;
#3832 = CARTESIAN_POINT ( 'NONE',  ( -0.04664984232644136392, -0.0005740548876334664605, 0.01780361097771068421 ) ) ;
#3833 = CARTESIAN_POINT ( 'NONE',  ( 0.002486123726406223172, 0.01012840820954337591, 0.001016003162883244134 ) ) ;
#3834 = CARTESIAN_POINT ( 'NONE',  ( 0.004476519446416927714, 0.007845793933467183970, 0.004361736743078177721 ) ) ;
#3835 = EDGE_CURVE ( 'NONE', #6894, #1968, #5203, .T. ) ;
#3836 = CARTESIAN_POINT ( 'NONE',  ( 0.1300000000000000877, 0.005889634130152004987, -0.008829315204187239072 ) ) ;
#3837 = CARTESIAN_POINT ( 'NONE',  ( 0.0002539999999999993435, 0.005588000000000000085, 0.005080000000000000314 ) ) ;
#3838 = AXIS2_PLACEMENT_3D ( 'NONE', #4578, #1911, #1239 ) ;
#3839 = CARTESIAN_POINT ( 'NONE',  ( 0.002324537646881467013, 0.01050337610139049152, 0.0009563700724418011537 ) ) ;
#3840 = CARTESIAN_POINT ( 'NONE',  ( -0.002282896450367831974, 0.01072754407460757044, -0.0008428802116240932023 ) ) ;
#3841 = CARTESIAN_POINT ( 'NONE',  ( -0.002383838677431306466, 0.01033358117615554468, -0.001002049509061335919 ) ) ;
#3842 = B_SPLINE_CURVE_WITH_KNOTS ( 'NONE', 3,
 ( #6365, #479, #3117, #980, #3624, #1475 ),
 .UNSPECIFIED., .F., .F.,
 ( 4, 2, 4 ),
 ( 0.9155502314134744690, 0.9593610412813077248, 1.003171851149140981 ),
 .UNSPECIFIED. ) ;
#3843 = CARTESIAN_POINT ( 'NONE',  ( 0.003840170800595781031, 0.009188715472854339095, 0.001029408643615455522 ) ) ;
#3844 = DIRECTION ( 'NONE',  ( 9.484135310589723205E-16, 1.000000000000000000, -0.000000000000000000 ) ) ;
#3845 = VERTEX_POINT ( 'NONE', #3681 ) ;
#3846 = CARTESIAN_POINT ( 'NONE',  ( -0.02943472185888075174, 0.008527127158511605548, -0.003062210252486638907 ) ) ;
#3847 = AXIS2_PLACEMENT_3D ( 'NONE', #2063, #2746, #6955 ) ;
#3848 = SHAPE_DEFINITION_REPRESENTATION ( #3114, #1464 ) ;
#3849 = CARTESIAN_POINT ( 'NONE',  ( 0.002983347247878525774, 0.01079008666189032288, 0.001776565500459226059 ) ) ;
#3850 = ORIENTED_EDGE ( 'NONE', *, *, #2867, .T. ) ;
#3851 = ADVANCED_FACE ( 'NONE', ( #6928 ), #2102, .F. ) ;
#3852 = CARTESIAN_POINT ( 'NONE',  ( 0.0002539999999999998856, 0.000000000000000000, -0.003954250593981113726 ) ) ;
#3853 = CARTESIAN_POINT ( 'NONE',  ( 0.005090461437369896494, 0.007935092060658977334, 0.004225249845995202209 ) ) ;
#3854 = VERTEX_POINT ( 'NONE', #6291 ) ;
#3855 = CARTESIAN_POINT ( 'NONE',  ( 0.002361661718077612271, 0.01039080849187338541, -0.0009895783342603581799 ) ) ;
#3856 = CARTESIAN_POINT ( 'NONE',  ( 0.1259192458654505575, 0.007813833027180546939, -0.003873765920754489514 ) ) ;
#3857 = CARTESIAN_POINT ( 'NONE',  ( 0.1132709726663813921, 0.0006486805838273644945, -0.02138733699392448423 ) ) ;
#3858 = ORIENTED_EDGE ( 'NONE', *, *, #3678, .T. ) ;
#3859 = CARTESIAN_POINT ( 'NONE',  ( -0.002285665120672937881, 0.01094496101059767856, -0.0006452832938095973874 ) ) ;
#3860 = CARTESIAN_POINT ( 'NONE',  ( -0.03967421650238070474, -0.0006114436324195257448, 0.01421244208435700797 ) ) ;
#3861 = CARTESIAN_POINT ( 'NONE',  ( -0.004769540043941645525, 0.002332095369177993038, 0.004047458503224242964 ) ) ;
#3862 = CARTESIAN_POINT ( 'NONE',  ( -0.002997585091939185525, 0.01073416629617417010, -0.001790466542578184311 ) ) ;
#3863 = CARTESIAN_POINT ( 'NONE',  ( -0.003946058288770523670, 0.009049862477351686488, 0.0007379587575625608980 ) ) ;
#3864 = FACE_OUTER_BOUND ( 'NONE', #2822, .T. ) ;
#3865 = CARTESIAN_POINT ( 'NONE',  ( -0.1302285874157838585, 0.005686698313847850066, 0.008720605644542588769 ) ) ;
#3866 = CARTESIAN_POINT ( 'NONE',  ( 7.592810154713589635E-19, 0.000000000000000000, -0.006150000000000000085 ) ) ;
#3867 = CARTESIAN_POINT ( 'NONE',  ( 0.003992535490773870509, 0.001665953679872599590, -0.004817159254238764267 ) ) ;
#3868 = EDGE_CURVE ( 'NONE', #6535, #4147, #4821, .T. ) ;
#3869 = CARTESIAN_POINT ( 'NONE',  ( 0.002852791091924244612, 0.009618913607448847936, -0.0008601498976112228112 ) ) ;
#3870 = CARTESIAN_POINT ( 'NONE',  ( 0.002945249107597691218, 0.009512724164460924225, 0.0007832836943168746801 ) ) ;
#3871 = CARTESIAN_POINT ( 'NONE',  ( -0.001886066887772022173, 0.01084829669852936142, -0.0007770274686977135742 ) ) ;
#3872 = CARTESIAN_POINT ( 'NONE',  ( -0.003714946293824595517, 0.009359057444650386443, 0.001274210092820289445 ) ) ;
#3873 = CARTESIAN_POINT ( 'NONE',  ( 0.005169191506873468608, 0.002365039221621653524, -0.003523254054268638597 ) ) ;
#3874 = EDGE_CURVE ( 'NONE', #297, #3742, #473, .T. ) ;
#3875 = CARTESIAN_POINT ( 'NONE',  ( 0.004050055813927298277, 0.001706163731720633210, -0.004768705363970563577 ) ) ;
#3876 = CARTESIAN_POINT ( 'NONE',  ( 0.002712853699151567249, 0.009791707486276947717, 0.0009474037717239816841 ) ) ;
#3877 = UNCERTAINTY_MEASURE_WITH_UNIT (LENGTH_MEASURE( 1.000000000000000082E-05 ), #6513, 'distance_accuracy_value', 'NONE');
#3878 = CARTESIAN_POINT ( 'NONE',  ( -0.002596990210633545303, 0.009951747528474936058, -0.0009945514417541141770 ) ) ;
#3879 = CARTESIAN_POINT ( 'NONE',  ( -0.002295896455609868804, 0.01101562329798579445, -0.0005479097886557459220 ) ) ;
#3880 = CARTESIAN_POINT ( 'NONE',  ( 0.01092606791770959866, 0.007944354947990329291, 0.004200375897603744052 ) ) ;
#3881 = CARTESIAN_POINT ( 'NONE',  ( 0.003519828026752709876, 0.009643167293125044434, 0.001544022371341972292 ) ) ;
#3882 = CARTESIAN_POINT ( 'NONE',  ( -0.003241398377801033449, 0.003386741698954053026, -0.0002540000000000004819 ) ) ;
#3883 = ORIENTED_EDGE ( 'NONE', *, *, #1648, .F. ) ;
#3884 = CARTESIAN_POINT ( 'NONE',  ( -0.05512079485258469802, 0.01003520842529889191, -0.003904289758847701713 ) ) ;
#3885 = CARTESIAN_POINT ( 'NONE',  ( 0.003107260045256662277, 0.01040618222761947702, 0.001823265887822054067 ) ) ;
#3886 = ORIENTED_EDGE ( 'NONE', *, *, #4435, .F. ) ;
#3887 = DIRECTION ( 'NONE',  ( -0.000000000000000000, 1.000000000000000000, -0.000000000000000000 ) ) ;
#3888 = DIRECTION ( 'NONE',  ( 9.484135310589723205E-16, 1.000000000000000000, -0.000000000000000000 ) ) ;
#3889 = CARTESIAN_POINT ( 'NONE',  ( 0.005856863807478984198, 0.003735333198110583029, -0.002399050758497773932 ) ) ;
#3890 = CARTESIAN_POINT ( 'NONE',  ( -0.06531939664575414639, 0.009000763105967776387, 0.003825746732501513966 ) ) ;
#3891 = CARTESIAN_POINT ( 'NONE',  ( 0.1252283567499175576, 0.007652411322177334746, -0.005290188279139270214 ) ) ;
#3892 = DIRECTION ( 'NONE',  ( -1.000000000000000000, 0.000000000000000000, -1.235622036608014047E-16 ) ) ;
#3893 = EDGE_CURVE ( 'NONE', #5833, #6357, #518, .T. ) ;
#3894 = ORIENTED_EDGE ( 'NONE', *, *, #3337, .T. ) ;
#3895 = CARTESIAN_POINT ( 'NONE',  ( -0.002314414787190942086, 0.01110184146215096278, 0.0003814286618648463035 ) ) ;
#3896 = CARTESIAN_POINT ( 'NONE',  ( -0.002692648927001507417, 0.009818520422081287308, 0.0009569652439618986936 ) ) ;
#3897 = AXIS2_PLACEMENT_3D ( 'NONE', #1994, #2427, #4663 ) ;
#3898 = CARTESIAN_POINT ( 'NONE',  ( -0.001571070071745392979, 0.0008101827865263038332, 0.006057626943802500545 ) ) ;
#3899 = CARTESIAN_POINT ( 'NONE',  ( -0.002980181310871337936, 0.01080570456660322545, -0.001771175997730062681 ) ) ;
#3900 = CARTESIAN_POINT ( 'NONE',  ( 0.002800133352412280570, 0.001052799477019334285, -0.005775579887503510222 ) ) ;
#3901 = CARTESIAN_POINT ( 'NONE',  ( -0.1290172266604825702, 0.006574798295511346917, 0.007629163512023228073 ) ) ;
#3902 = AXIS2_PLACEMENT_3D ( 'NONE', #2696, #6407, #5459 ) ;
#3903 = LINE ( 'NONE', #3339, #4530 ) ;
#3904 = CARTESIAN_POINT ( 'NONE',  ( -0.0002540000000000000482, 0.005588000000000000085, -0.001404488224300015371 ) ) ;
#3905 = FACE_OUTER_BOUND ( 'NONE', #6076, .T. ) ;
#3906 = CARTESIAN_POINT ( 'NONE',  ( 0.003195100990395717024, 0.009246632824250936022, 0.0004453026763308348289 ) ) ;
#3907 = CARTESIAN_POINT ( 'NONE',  ( 0.004497842606212244625, 0.007964873179938160644, 0.004339818429991385007 ) ) ;
#3908 = CARTESIAN_POINT ( 'NONE',  ( -0.003738282954768582227, 0.009326733736154000851, 0.001234109559827624956 ) ) ;
#3909 = CARTESIAN_POINT ( 'NONE',  ( 0.000000000000000000, 0.000000000000000000, 0.000000000000000000 ) ) ;
#3910 = CARTESIAN_POINT ( 'NONE',  ( 0.005785056722504711667, 0.007565643365687445970, 0.002383658603017633094 ) ) ;
#3911 = CARTESIAN_POINT ( 'NONE',  ( -0.003059643874716820155, 0.01189074600112210132, 0.0001480326878962498179 ) ) ;
#3912 = CARTESIAN_POINT ( 'NONE',  ( 0.003228324449996007334, 0.009212975800058888914, 0.0003683568940342838013 ) ) ;
#3913 = EDGE_CURVE ( 'NONE', #4173, #6032, #6518, .T. ) ;
#3914 = CARTESIAN_POINT ( 'NONE',  ( -0.002926719548893472276, 0.009533489039690595454, -0.0008004419134500502346 ) ) ;
#3915 = CARTESIAN_POINT ( 'NONE',  ( -0.002306954312637034699, 0.01107086035251463041, -0.0004508138718493675981 ) ) ;
#3916 = FACE_BOUND ( 'NONE', #3710, .T. ) ;
#3917 = CARTESIAN_POINT ( 'NONE',  ( 0.003706351006946356341, 0.009371067612193901761, 0.001288527972283776309 ) ) ;
#3918 = CARTESIAN_POINT ( 'NONE',  ( -0.0002540000000000001566, 0.005588000000000000085, 0.001404488224300015587 ) ) ;
#3919 = CARTESIAN_POINT ( 'NONE',  ( -0.04563874358433667178, 0.009802592158057132216, -0.003783316297935915631 ) ) ;
#3920 = CARTESIAN_POINT ( 'NONE',  ( -0.002281270158328758263, 0.01089600297733746281, 0.0007006136966735506582 ) ) ;
#3921 = CARTESIAN_POINT ( 'NONE',  ( 0.003971271928541160803, 0.009017405695926485748, 0.0006456119724665793048 ) ) ;
#3922 = EDGE_LOOP ( 'NONE', ( #1430, #1601, #2536, #337, #6379, #398, #5729, #227, #5289, #3677, #2646, #4228 ) ) ;
#3923 = CARTESIAN_POINT ( 'NONE',  ( 1.686279258222847794E-18, 0.01447799999999999782, 0.000000000000000000 ) ) ;
#3924 = CARTESIAN_POINT ( 'NONE',  ( 0.005648977350837653538, 0.002933797464292120516, -0.003005693065923637896 ) ) ;
#3925 = CARTESIAN_POINT ( 'NONE',  ( -0.01075406328422113394, 0.003686528871476170855, 0.001575394876830182389 ) ) ;
#3926 = CARTESIAN_POINT ( 'NONE',  ( -0.004806491964618989261, 0.002001076458561910302, 0.004004135688333102135 ) ) ;
#3927 = ORIENTED_EDGE ( 'NONE', *, *, #6288, .F. ) ;
#3928 = CARTESIAN_POINT ( 'NONE',  ( -0.002281991673644560847, 0.01073861748825456590, 0.0008353191401582092061 ) ) ;
#3929 = CARTESIAN_POINT ( 'NONE',  ( -0.002560682577844619265, 0.01000630352629855099, 0.001004546319513365026 ) ) ;
#3930 = AXIS2_PLACEMENT_3D ( 'NONE', #4539, #736, #5122 ) ;
#3931 = CARTESIAN_POINT ( 'NONE',  ( -0.002948339999257718145, 0.01147177985930318209, -0.001307174548824891055 ) ) ;
#3932 = CARTESIAN_POINT ( 'NONE',  ( -0.001418087575392719532, 0.003959823862167014333, -0.0002540000000000002651 ) ) ;
#3933 = CARTESIAN_POINT ( 'NONE',  ( 0.001404488224300015587, 0.005588000000000000085, -0.0002540000000000001024 ) ) ;
#3934 = CARTESIAN_POINT ( 'NONE',  ( -0.1302777883062465891, 0.005326091218766422324, 0.009751539626265529059 ) ) ;
#3935 = CARTESIAN_POINT ( 'NONE',  ( 0.004010912900129086009, 0.008966797691208304444, 0.0004618598215897618919 ) ) ;
#3936 = FACE_OUTER_BOUND ( 'NONE', #3359, .T. ) ;
#3937 = CYLINDRICAL_SURFACE ( 'NONE', #4964, 0.006250000000000000347 ) ;
#3938 = CARTESIAN_POINT ( 'NONE',  ( 0.002630448271912164300, 0.009903096536000579111, -0.0009837035607536152512 ) ) ;
#3939 = CARTESIAN_POINT ( 'NONE',  ( 0.002801717586652521710, 0.009679977139040642914, 0.0008959830733683287092 ) ) ;
#3940 = VECTOR ( 'NONE', #2994, 1.000000000000000000 ) ;
#3941 = DIRECTION ( 'NONE',  ( -1.000000000000000000, 9.509597446299629225E-16, 0.000000000000000000 ) ) ;
#3942 = CARTESIAN_POINT ( 'NONE',  ( 0.002581561767604571931, 0.009974516500166143856, 0.0009992124895170353873 ) ) ;
#3943 = CARTESIAN_POINT ( 'NONE',  ( -0.003025757579759360324, 0.01179742429875805208, -0.0006741759308306114308 ) ) ;
#3944 = CARTESIAN_POINT ( 'NONE',  ( 0.002934496517383687955, 0.009524812368285437425, 0.0007931174686750785399 ) ) ;
#3945 = CARTESIAN_POINT ( 'NONE',  ( -0.002816011348061053278, 0.009662661765234909633, -0.0008864885865642206436 ) ) ;
#3946 = CARTESIAN_POINT ( 'NONE',  ( -0.002285655320494849995, 0.01094459893316234757, -0.0006456075726729186082 ) ) ;
#3947 = CARTESIAN_POINT ( 'NONE',  ( -0.002342384968112365753, 0.01001524453752899481, -0.001014648693506298117 ) ) ;
#3948 = CARTESIAN_POINT ( 'NONE',  ( 0.003330827372616178110, 0.009951292265255862884, 0.001721302674050790953 ) ) ;
#3949 = CARTESIAN_POINT ( 'NONE',  ( -0.03078469325212023974, 0.008642138891161159353, -0.003103772438267848096 ) ) ;
#3950 = CARTESIAN_POINT ( 'NONE',  ( -0.002323781591865771261, 0.01113665665328177415, -0.0002805268902690393330 ) ) ;
#3951 =( GEOMETRIC_REPRESENTATION_CONTEXT ( 3 ) GLOBAL_UNCERTAINTY_ASSIGNED_CONTEXT ( ( #6560 ) ) GLOBAL_UNIT_ASSIGNED_CONTEXT ( ( #4703, #3646, #3541 ) ) REPRESENTATION_CONTEXT ( 'NONE', 'WORKASPACE' ) );
#3952 = ADVANCED_FACE ( 'NONE', ( #3782 ), #15, .T. ) ;
#3953 = CIRCLE ( 'NONE', #5102, 0.002895600000000001645 ) ;
#3954 = CARTESIAN_POINT ( 'NONE',  ( 0.003880020477674028887, 0.009135889504243993250, 0.0009338890384073809297 ) ) ;
#3955 = VERTEX_POINT ( 'NONE', #1155 ) ;
#3956 = CARTESIAN_POINT ( 'NONE',  ( 0.003042308534356681811, 0.01184526609479146994, -0.0004960632614175880268 ) ) ;
#3957 = EDGE_CURVE ( 'NONE', #2771, #2433, #121, .T. ) ;
#3958 = CARTESIAN_POINT ( 'NONE',  ( -0.04641813849848654833, 0.003936173805662198689, 0.009641971191331824564 ) ) ;
#3959 = CARTESIAN_POINT ( 'NONE',  ( -0.002804026330693455086, 0.001030296347911796584, 0.005609931362794709497 ) ) ;
#3960 =( GEOMETRIC_REPRESENTATION_CONTEXT ( 3 ) GLOBAL_UNCERTAINTY_ASSIGNED_CONTEXT ( ( #3877 ) ) GLOBAL_UNIT_ASSIGNED_CONTEXT ( ( #6513, #3304, #1272 ) ) REPRESENTATION_CONTEXT ( 'NONE', 'WORKASPACE' ) );
#3961 = CARTESIAN_POINT ( 'NONE',  ( 0.1267216995606346708, 0.007315697627365818495, -0.006045001446854626585 ) ) ;
#3962 = CARTESIAN_POINT ( 'NONE',  ( -0.005969179155123910049, 0.003486941240383765322, 0.002304891164178162703 ) ) ;
#3963 = ORIENTED_EDGE ( 'NONE', *, *, #1364, .F. ) ;
#3964 = CARTESIAN_POINT ( 'NONE',  ( -0.002278609285935504457, 0.01083394203675157666, 0.0007610845002764947973 ) ) ;
#3965 = CARTESIAN_POINT ( 'NONE',  ( -0.002900344750447867923, 0.009563670955995296624, 0.0008226669510002127157 ) ) ;
#3966 = ADVANCED_FACE ( 'NONE', ( #1570 ), #3218, .T. ) ;
#3967 = CARTESIAN_POINT ( 'NONE',  ( -0.0002540000000000001566, 0.0007034714342214826643, 0.001445268041901130989 ) ) ;
#3968 = CARTESIAN_POINT ( 'NONE',  ( -0.003009032771762003289, 0.01174509156251351237, 0.0008261456331613013012 ) ) ;
#3969 = CARTESIAN_POINT ( 'NONE',  ( 0.001445268041901130989, 0.0007034714342214826643, 0.0002539999999999998856 ) ) ;
#3970 = CARTESIAN_POINT ( 'NONE',  ( 0.002514860754056599985, 0.0009992799057785784964, -0.005906449475453208302 ) ) ;
#3971 = CARTESIAN_POINT ( 'NONE',  ( -0.1302161056720491095, 0.005671038175591404037, 0.008777536751838675363 ) ) ;
#3972 = CARTESIAN_POINT ( 'NONE',  ( 0.004025318095018872062, 0.008948528476192665893, 0.0003711284699662382091 ) ) ;
#3973 = CARTESIAN_POINT ( 'NONE',  ( 0.01800747819167545713, 0.007881137873612435729, 0.003129171573576630672 ) ) ;
#3974 = CARTESIAN_POINT ( 'NONE',  ( 0.003058739815433263003, 0.009388678591500707049, -0.0006613012057985512586 ) ) ;
#3975 = CARTESIAN_POINT ( 'NONE',  ( -0.004535403633734216497, 0.001960852093414126602, 0.004385750333239942476 ) ) ;
#3976 = CARTESIAN_POINT ( 'NONE',  ( 0.002434609251847470301, 0.01022496753981057445, 0.001014052728670547824 ) ) ;
#3977 = EDGE_CURVE ( 'NONE', #1571, #2323, #1900, .T. ) ;
#3978 = CARTESIAN_POINT ( 'NONE',  ( 0.003815821460535341256, 0.009220948072527764688, -0.001086675662410242164 ) ) ;
#3979 = CARTESIAN_POINT ( 'NONE',  ( 0.003118392811372887059, 0.009325595755666002754, 0.0005811727803008943450 ) ) ;
#3980 = CARTESIAN_POINT ( 'NONE',  ( -0.003043948126255024544, 0.01184930182052831155, 0.0004671128488185078819 ) ) ;
#3981 = CARTESIAN_POINT ( 'NONE',  ( 0.002303432836020309626, 0.01105515130390703586, 0.0004818264943961042199 ) ) ;
#3982 = CARTESIAN_POINT ( 'NONE',  ( -0.002694082179719513130, 0.009816588233466131200, -0.0009563274703761336397 ) ) ;
#3983 = CARTESIAN_POINT ( 'NONE',  ( -0.002424409682705993933, 0.01024546612292064930, -0.001012620314513095572 ) ) ;
#3984 = CARTESIAN_POINT ( 'NONE',  ( -0.002423461732129100418, 0.009530061191486048633, 0.0008077113917089542459 ) ) ;
#3985 = CARTESIAN_POINT ( 'NONE',  ( 0.0002539999999999993435, 0.000000000000000000, 0.005080000000000000314 ) ) ;
#3986 = CARTESIAN_POINT ( 'NONE',  ( 0.002966756657222328723, 0.01157857650067246197, -0.001157561235147938324 ) ) ;
#3987 = CARTESIAN_POINT ( 'NONE',  ( 0.002336582368419545114, 0.01117920433486441212, 5.597762071293253306E-05 ) ) ;
#3988 = CARTESIAN_POINT ( 'NONE',  ( -0.002407192651261643845, 0.01028131976660789232, 0.001009262060190574016 ) ) ;
#3989 = CARTESIAN_POINT ( 'NONE',  ( 0.002949117381920214002, 0.01147897224524864132, 0.001299325595455642522 ) ) ;
#3990 = ORIENTED_EDGE ( 'NONE', *, *, #5771, .F. ) ;
#3991 = CARTESIAN_POINT ( 'NONE',  ( 0.005938934751108557175, 0.006714518759198313640, 0.002205013543516407687 ) ) ;
#3992 = CARTESIAN_POINT ( 'NONE',  ( -0.09293689007689261150, 0.004333397402129251022, 0.01689187782048008277 ) ) ;
#3993 = CARTESIAN_POINT ( 'NONE',  ( 0.002495212895965901855, 0.01011300978019521839, -0.001015040889188480048 ) ) ;
#3994 = CARTESIAN_POINT ( 'NONE',  ( 0.1275765177535457262, 0.007084889461722093315, -0.006550281722231648431 ) ) ;
#3995 = CARTESIAN_POINT ( 'NONE',  ( -0.005279791458494742865, 0.002496049930864029705, 0.003354662856940872004 ) ) ;
#3996 = ORIENTED_EDGE ( 'NONE', *, *, #5597, .F. ) ;
#3997 = CARTESIAN_POINT ( 'NONE',  ( -0.002300054845834466431, 0.01060415797651127930, 0.0009144215389336624597 ) ) ;
#3998 = CARTESIAN_POINT ( 'NONE',  ( -0.003187866795482637364, 0.009253943964905012379, -0.0004619739835762301907 ) ) ;
#3999 = ORIENTED_EDGE ( 'NONE', *, *, #1086, .T. ) ;
#4000 = CARTESIAN_POINT ( 'NONE',  ( -0.001260406688489378946, 0.0008065200966336797056, 0.006121590904054607755 ) ) ;
#4001 = CARTESIAN_POINT ( 'NONE',  ( -0.004379991594527829490, 0.001699275456554631865, 0.004671122133219541943 ) ) ;
#4002 = PRODUCT_RELATED_PRODUCT_CATEGORY ( 'part', '', ( #443 ) ) ;
#4003 = CARTESIAN_POINT ( 'NONE',  ( 0.004806491964618858290, 0.002001076458562048212, -0.004004135688333275607 ) ) ;
#4004 = CARTESIAN_POINT ( 'NONE',  ( -0.1302803662995713763, 0.005510281877070853131, 0.009641145230399775917 ) ) ;
#4005 = CARTESIAN_POINT ( 'NONE',  ( 0.03929034311183277756, 0.009370260538300681855, 0.003512099717480570912 ) ) ;
#4006 = PLANE ( 'NONE',  #773 ) ;
#4007 = CARTESIAN_POINT ( 'NONE',  ( 0.002710449282682731581, 0.009795113535588486145, -0.0009482596651108020618 ) ) ;
#4008 = CARTESIAN_POINT ( 'NONE',  ( 0.002331970895085784187, 0.01116426560361988111, 0.0001549387555960532546 ) ) ;
#4009 = AXIS2_PLACEMENT_3D ( 'NONE', #985, #3597, #3161 ) ;
#4010 = CARTESIAN_POINT ( 'NONE',  ( 0.003920112958774452962, 0.009083303227918346559, -0.0008262229603328952827 ) ) ;
#4011 = CARTESIAN_POINT ( 'NONE',  ( -0.004636094515485690050, 0.007939092956796713063, -0.004191559632164543019 ) ) ;
#4012 = CARTESIAN_POINT ( 'NONE',  ( -0.003046172936083847357, 0.01185533839239468444, 0.0004359227056944474225 ) ) ;
#4013 = CARTESIAN_POINT ( 'NONE',  ( 0.002316954058228625456, 0.01111169255993072792, 0.0003561383004808158317 ) ) ;
#4014 = CARTESIAN_POINT ( 'NONE',  ( 0.009981533695137516024, 0.007728104210997691938, 0.003841452511916364741 ) ) ;
#4015 = CARTESIAN_POINT ( 'NONE',  ( -0.002884438135928730530, 0.005080000000000001181, 0.0002539999999999998856 ) ) ;
#4016 = CARTESIAN_POINT ( 'NONE',  ( 0.002976600710094470456, 0.01162380318043007392, -0.001082333451169433837 ) ) ;
#4017 = SPHERICAL_SURFACE ( 'NONE', #2987, 0.002981341975184092965 ) ;
#4018 = CARTESIAN_POINT ( 'NONE',  ( -0.002325110902749821535, 0.01114128822966220338, -0.0002638745836311629715 ) ) ;
#4019 = CARTESIAN_POINT ( 'NONE',  ( 0.002990406343489199897, 0.01167951791396299593, 0.0009765396952465639968 ) ) ;
#4020 = EDGE_LOOP ( 'NONE', ( #712, #6609, #5142, #1441, #5156 ) ) ;
#4021 = DIRECTION ( 'NONE',  ( 0.000000000000000000, 0.000000000000000000, -1.000000000000000000 ) ) ;
#4022 = PLANE ( 'NONE',  #3897 ) ;
#4023 = CARTESIAN_POINT ( 'NONE',  ( 0.003008749041710779160, 0.009442555179397408432, -0.0007195690698989746104 ) ) ;
#4024 = CARTESIAN_POINT ( 'NONE',  ( 0.1291371486141828506, 0.006520558916949852069, -0.007740838023057030996 ) ) ;
#4025 = CARTESIAN_POINT ( 'NONE',  ( -0.006215541996870094059, 0.004639169071279268357, 0.0008418062857889647152 ) ) ;
#4026 = EDGE_LOOP ( 'NONE', ( #4755, #2469, #3322, #6755, #3886 ) ) ;
#4027 = CARTESIAN_POINT ( 'NONE',  ( -0.002282142272275590987, 0.01090792028534174826, 0.0006878783630492581397 ) ) ;
#4028 = CARTESIAN_POINT ( 'NONE',  ( -0.002575512136888278777, 0.009983678345246929306, 0.001000799732109867004 ) ) ;
#4029 = DIRECTION ( 'NONE',  ( 0.000000000000000000, 0.000000000000000000, 1.000000000000000000 ) ) ;
#4030 = ORIENTED_EDGE ( 'NONE', *, *, #4287, .F. ) ;
#4031 = CARTESIAN_POINT ( 'NONE',  ( 0.03742656576525311973, 0.009343809235971422752, 0.004372927901862383795 ) ) ;
#4032 = CARTESIAN_POINT ( 'NONE',  ( 0.006005784107652968259, 0.006444385462030441207, 0.001753000730382877443 ) ) ;
#4033 = CARTESIAN_POINT ( 'NONE',  ( -0.1298863258922762498, 0.005772812358083254450, 0.008890082459404754361 ) ) ;
#4034 = DIRECTION ( 'NONE',  ( 1.396592535537253342E-14, 0.000000000000000000, -1.000000000000000000 ) ) ;
#4035 = CARTESIAN_POINT ( 'NONE',  ( 0.004705164914189722582, 0.007932383614030431851, 0.004253490230609704471 ) ) ;
#4036 = CARTESIAN_POINT ( 'NONE',  ( -0.003153673557064123195, 0.01029781736579693865, 0.001814481734520973942 ) ) ;
#4037 = CARTESIAN_POINT ( 'NONE',  ( 0.000000000000000000, 0.01000000000000000021, 0.000000000000000000 ) ) ;
#4038 = CARTESIAN_POINT ( 'NONE',  ( 0.003809999999999999585, 0.006959600000000000682, 0.000000000000000000 ) ) ;
#4039 = PRESENTATION_LAYER_ASSIGNMENT (  '', '', ( #6973 ) ) ;
#4040 = CARTESIAN_POINT ( 'NONE',  ( 0.002298296600400658030, 0.01102895893219230962, 0.0005267537956975027087 ) ) ;
#4041 = EDGE_CURVE ( 'NONE', #6215, #5790, #6797, .T. ) ;
#4042 = CARTESIAN_POINT ( 'NONE',  ( -0.004207103968099430713, 0.001718856176434893981, 0.004676920944818016568 ) ) ;
#4043 = DIRECTION ( 'NONE',  ( -1.000000000000000000, 9.484135310589723205E-16, 0.000000000000000000 ) ) ;
#4044 = CARTESIAN_POINT ( 'NONE',  ( -0.002931764225958816226, 0.01119012821389204354, 0.001578365416925789442 ) ) ;
#4045 = CARTESIAN_POINT ( 'NONE',  ( 0.002282756867926337505, 0.01091549943926374729, -0.0006795457787810894618 ) ) ;
#4046 = VERTEX_POINT ( 'NONE', #4873 ) ;
#4047 = CARTESIAN_POINT ( 'NONE',  ( 0.1138183140066219567, 0.008946353858371388496, -0.001650736476087874939 ) ) ;
#4048 = CARTESIAN_POINT ( 'NONE',  ( -0.002341819305917676799, 0.01015018309780834661, -0.001015952571939930400 ) ) ;
#4050 = CARTESIAN_POINT ( 'NONE',  ( 0.003049522187725177240, 0.01186433547480997795, 0.0003844226074130085492 ) ) ;
#4049 = CIRCLE ( 'NONE', #4985, 0.003809999999999999585 ) ;
#4051 = CARTESIAN_POINT ( 'NONE',  ( 0.002302009362363150596, 0.01104769592218743206, -0.0004942993306902345460 ) ) ;
#4052 = CARTESIAN_POINT ( 'NONE',  ( -0.002347815251253731420, 0.01042925240944474023, 0.0009798191148751782091 ) ) ;
#4053 = CARTESIAN_POINT ( 'NONE',  ( 0.002973257635943617194, 0.01160908846311347470, -0.001107739403958985782 ) ) ;
#4054 = B_SPLINE_CURVE_WITH_KNOTS ( 'NONE', 3,
 ( #4785, #1656, #6446, #5391 ),
 .UNSPECIFIED., .F., .F.,
 ( 4, 4 ),
 ( 0.0002333964204212974117, 0.0008528778389928295695 ),
 .UNSPECIFIED. ) ;
#4055 = ORIENTED_EDGE ( 'NONE', *, *, #1329, .F. ) ;
#4056 = CARTESIAN_POINT ( 'NONE',  ( 0.003707415075489457930, 0.009368517343346998219, -0.001295726377298918536 ) ) ;
#4057 = LINE ( 'NONE', #2924, #3940 ) ;
#4058 = CARTESIAN_POINT ( 'NONE',  ( 0.002758464773753961045, 0.009733597306359680762, -0.0009223214058927554221 ) ) ;
#4059 = CARTESIAN_POINT ( 'NONE',  ( 0.1298904955855951782, 0.005766757798330775578, -0.008904937458316537421 ) ) ;
#4060 = CARTESIAN_POINT ( 'NONE',  ( -0.005767879112010663827, 0.003103479383755834535, 0.002786868167281663852 ) ) ;
#4061 = ORIENTED_EDGE ( 'NONE', *, *, #2077, .F. ) ;
#4062 = CARTESIAN_POINT ( 'NONE',  ( -0.003279967176925129447, 0.009161298801252677065, 0.0001868886549140285974 ) ) ;
#4063 = EDGE_CURVE ( 'NONE', #5833, #3489, #3517, .T. ) ;
#4064 = AXIS2_PLACEMENT_3D ( 'NONE', #5246, #2522, #889 ) ;
#4065 = CARTESIAN_POINT ( 'NONE',  ( 0.000000000000000000, 0.000000000000000000, 0.000000000000000000 ) ) ;
#4066 = ADVANCED_FACE ( 'NONE', ( #4386 ), #5972, .F. ) ;
#4067 = EDGE_LOOP ( 'NONE', ( #6384, #2571, #198, #1965, #969, #857 ) ) ;
#4068 = CARTESIAN_POINT ( 'NONE',  ( 0.02535090677439481507, 0.008621684994481645589, 0.004077221283456851537 ) ) ;
#4069 = CARTESIAN_POINT ( 'NONE',  ( 0.006309023094128923814, 0.005770109744264073810, 0.0007220261966164114812 ) ) ;
#4070 = CARTESIAN_POINT ( 'NONE',  ( -0.004656927020564372195, 0.007927773440890574855, -0.004280820475874155470 ) ) ;
#4071 = B_SPLINE_SURFACE_WITH_KNOTS ( 'NONE', 1, 3, ( 
 ( #3733, #3699, #6885, #4758, #5892, #3204, #2029, #6918, #2168, #993, #3244, #2056, #3769, #5396, #5359, #462, #532, #4201, #2636, #6950, #6350, #1030, #5546, #1217, #1143, #77, #5037, #1774, #2279, #3315, #4481, #678, #2312, #2743, #6603, #2846, #1739, #642, #2810, #5997, #4968, #1703, #3283, #2346, #4412, #1181, #3843, #3352, #114, #5506, #4449, #6030, #6638, #3917, #6068, #42, #6563, #2205, #4895, #6104, #2241, #3388, #3881, #5002, #146, #3423, #1664, #3948, #1249, #2884, #6523, #5579, #5470, #717, #184, #4518, #606, #4373, #1629, #2775, #4933, #3808, #5960, #1104, #5433, #571, #3560, #5610, #2986, #5718, #6775, #1815, #751, #5146, #1315, #3460, #2918, #5181, #1384, #5069, #6741, #223, #4121, #285, #2952, #1418, #251, #2419, #1923, #4587, #355, #4556, #2453, #6241, #2381, #6174, #5218, #4050, #6276, #1847, #2490, #4655, #853, #6209, #3023, #6709, #5682, #1887, #3598, #5751, #321, #6809, #3493, #5106, #3061, #1955, #4620, #5645, #891, #2524, #6674, #4016, #4088, #3986, #6142, #818, #1284, #784, #1353, #3528, #6310, #5389, #418, #4224, #6876, #6374, #3693, #1513, #986, #2049, #2663, #5314, #5851, #3093, #2594, #5248, #924, #2123, #3124, #3162, #4751, #5280, #6409, #6444, #4723, #4818, #6910, #5917, #2559, #6977, #1482, #1550, #3762, #454, #2020, #5784, #2630, #4192, #6340, #4783, #4293, #6943, #2084, #3236, #3726, #3634, #4256, #5886, #1024, #6844, #387, #3199, #3663, #5350 ),
 ( #5814, #486, #524, #1586, #1063, #4688, #1987, #4158, #1453, #954, #2765, #6480, #136, #1168, #5989, #4471, #3306, #5460, #2800, #596, #3414, #562, #5496, #2270, #1097, #2197, #1241, #65, #2301, #4887, #5533, #669, #4440, #2231, #6590, #3274, #1696, #4924, #6627, #1763, #1727, #3906, #4363, #1135, #6093, #2835, #3343, #6515, #4994, #6057, #3378, #3800, #631, #1207, #4958, #3870, #6020, #32, #104, #4401, #4328, #5571, #6555, #3939, #1654, #2697, #4853, #7013, #2159, #1621, #5951, #5425, #2735, #3833, #5637, #1275, #3976, #5171, #6166, #244, #772, #1305, #2444, #2479, #743, #844, #3484, #1946, #5601, #5708, #4547, #4612, #6801, #6200, #2910, #1805, #2943, #5060, #211, #1877, #3013, #5096, #5134, #6266, #6766, #6663, #4040, #1912, #810, #2872, #6133, #2408, #2373, #2977, #3551, #4580, #5673, #5028, #172, #4008, #1341, #1375, #311, #2335, #276, #4645, #3449, #6698, #1839, #4079, #4112, #3521, #6734, #4505, #6231, #1409, #3586, #707, #2416, #6171, #3595, #4155, #1415, #6238, #1920, #3490, #5679, #780, #4553, #2983, #3058, #5103, #5143, #4617, #2487, #1381, #5715, #3020, #5215, #5178, #6307, #6706, #4907, #505, #3855, #51, #2215, #6533, #5618, #2320, #258, #4564, #5586, #3993, #758, #155, #1258, #230, #3536, #6717, #5078, #1856, #6150, #3468, #4490, #3432, #5556, #2925, #4058, #6649, #3500, #2856, #2893, #5010, #2391, #1785, #1895, #1292, #1823, #4023, #6181, #6218, #1359, #5690 ) ),
 .UNSPECIFIED., .F., .T., .F.,
 ( 2, 2 ),
 ( 4, 2, 2, 2, 2, 2, 2, 2, 2, 2, 2, 2, 2, 2, 2, 2, 2, 2, 2, 2, 2, 2, 2, 2, 2, 2, 2, 2, 2, 2, 2, 2, 2, 2, 2, 2, 2, 2, 2, 2, 2, 2, 2, 2, 2, 2, 2, 2, 2, 2, 2, 2, 2, 2, 2, 2, 2, 2, 2, 2, 2, 2, 2, 2, 2, 2, 2, 2, 2, 2, 2, 2, 2, 2, 2, 2, 2, 2, 2, 2, 2, 2, 2, 2, 2, 2, 2, 2, 2, 2, 2, 2, 2, 2, 2, 2, 2, 2, 2, 2, 2, 4 ),
 ( 0.000000000000000000, 1.000000000000000000 ),
 ( 0.0007095175029722192162, 0.0008566319699084754252, 0.0009301892033766035297, 0.001003746436844731634, 0.001077303670312859847, 0.001150860903780987843, 0.001297975370717244052, 0.001445089837653500261, 0.001518647071121628257, 0.001592204304589756470, 0.001665761538057884466, 0.001739318771526012462, 0.001886433238462268671, 0.001923211855196332778, 0.001959990471930396667, 0.002033547705398524880, 0.002107104938866653093, 0.002180662172334780873, 0.002254219405802909085, 0.002327776639271037298, 0.002401333872739165078, 0.002474891106207293291, 0.002622005573143549283, 0.002695562806611677496, 0.002769120040079805709, 0.002842677273547933921, 0.002916234507016062134, 0.003063348973952318127, 0.003136906207420446339, 0.003210463440888574119, 0.003284020674356702332, 0.003357577907824830545, 0.003504692374761086537, 0.003651806841697342529, 0.003798921308633598955, 0.003946035775569855381, 0.004093150242506110939, 0.004240264709442367365, 0.004313821942910495144, 0.004387379176378623791, 0.004460936409846751570, 0.004534493643314879349, 0.004681608110251135775, 0.004755165343719263554, 0.004828722577187392201, 0.004975837044123648627, 0.005122951511059905053, 0.005196508744528032832, 0.005270065977996160611, 0.005417180444932417037, 0.005490737678400544816, 0.005564294911868673463, 0.005637852145336801242, 0.005711409378804929021, 0.005858523845741185447, 0.005932081079209313226, 0.006005638312677441873, 0.006079195546145569652, 0.006152752779613697431, 0.006226310013081826078, 0.006299867246549953857, 0.006446981713486210283, 0.006594096180422465842, 0.006741210647358722267, 0.006888325114294978693, 0.006961882347763106473, 0.007035439581231234252, 0.007108996814699362898, 0.007182554048167490678, 0.007256111281635618457, 0.007329668515103747103, 0.007403225748571874883, 0.007476782982040002662, 0.007550340215508131309, 0.007623897448976259088, 0.007771011915912515514, 0.007918126382848771072, 0.007991683616316899719, 0.008065240849785028365, 0.008138798083253157012, 0.008212355316721283924, 0.008359469783657539482, 0.008433027017125668129, 0.008506584250593796775, 0.008580141484061925422, 0.008653698717530052334, 0.008800813184466307892, 0.008874370417934436539, 0.008947927651402565186, 0.009021484884870693832, 0.009095042118338822479, 0.009242156585275078037, 0.009315713818743204949, 0.009389271052211333596, 0.009462828285679462242, 0.009536385519147590889, 0.009683499986083846447, 0.009830614453020102006, 0.009904171686488230653, 0.009977728919956359299, 0.01005128615342448795, 0.01012484338689261486 ),
 .UNSPECIFIED. ) ;
#4072 = DIRECTION ( 'NONE',  ( 0.7318093080803034223, 0.000000000000000000, 0.6815094545250472979 ) ) ;
#4073 = AXIS2_PLACEMENT_3D ( 'NONE', #84, #1188, #6568 ) ;
#4074 = EDGE_CURVE ( 'NONE', #438, #6758, #6534, .T. ) ;
#4075 = DIRECTION ( 'NONE',  ( -1.123292760552739875E-17, 0.000000000000000000, 1.000000000000000000 ) ) ;
#4076 = CARTESIAN_POINT ( 'NONE',  ( -0.003041797148665537076, 0.01058352791155158304, 0.001817081551245737546 ) ) ;
#4077 = CARTESIAN_POINT ( 'NONE',  ( 0.000000000000000000, 0.02413508000000001361, 0.000000000000000000 ) ) ;
#4078 = CARTESIAN_POINT ( 'NONE',  ( 0.002284725969178784573, 0.01069472737926424263, 0.0008669818386928142663 ) ) ;
#4079 = CARTESIAN_POINT ( 'NONE',  ( 0.002321550932043183867, 0.01112870908973647398, -0.0003068483097994549429 ) ) ;
#4080 = CARTESIAN_POINT ( 'NONE',  ( -0.04293501449043404805, 0.009631339098242992780, -0.003684887829572396425 ) ) ;
#4081 = CARTESIAN_POINT ( 'NONE',  ( 0.004468854754190639163, 0.007748525419675471489, 0.004369456611282282466 ) ) ;
#4082 = CARTESIAN_POINT ( 'NONE',  ( 0.002733675959443587159, 0.009765084238310198228, 0.0009361284295118467089 ) ) ;
#4083 = CARTESIAN_POINT ( 'NONE',  ( -0.002943880569577228545, 0.01101660212333961143, -0.001685655146617465660 ) ) ;
#4084 = CARTESIAN_POINT ( 'NONE',  ( 0.002312038967899692887, 0.01109231967837226614, -0.0004041523174360616105 ) ) ;
#4085 = CARTESIAN_POINT ( 'NONE',  ( -0.004449438757215793544, 0.007823112418021124781, -0.004389196015911723918 ) ) ;
#4086 = CARTESIAN_POINT ( 'NONE',  ( 0.04600541776564032875, 0.009626851195366853409, 0.003818445070613082394 ) ) ;
#4087 = CARTESIAN_POINT ( 'NONE',  ( -0.002830144446473596958, 0.009645846448163146805, -0.0008763457859554051954 ) ) ;
#4088 = CARTESIAN_POINT ( 'NONE',  ( 0.002973257635943617194, 0.01160908846311347470, -0.001107739403958985782 ) ) ;
#4089 = CARTESIAN_POINT ( 'NONE',  ( 0.002316719661594556987, 0.01052942494094539355, -0.0009477103585820834510 ) ) ;
#4090 = EDGE_CURVE ( 'NONE', #6222, #5833, #6006, .T. ) ;
#4091 = CARTESIAN_POINT ( 'NONE',  ( -0.002709589483756790797, 0.009796184287052313658, 0.0009487556237776332982 ) ) ;
#4092 = CARTESIAN_POINT ( 'NONE',  ( 0.003014253084265035645, 0.01176199290631813055, -0.0007810395218170685869 ) ) ;
#4093 = ORIENTED_EDGE ( 'NONE', *, *, #4885, .F. ) ;
#4094 = CARTESIAN_POINT ( 'NONE',  ( -0.002931431431069992603, 0.01121164643581852409, 0.001562340607535643491 ) ) ;
#4095 = CIRCLE ( 'NONE', #1264, 0.006150000000000000085 ) ;
#4096 = CARTESIAN_POINT ( 'NONE',  ( 0.0002539999999999995603, 0.003386741698954053026, 0.003241398377801033882 ) ) ;
#4097 = CARTESIAN_POINT ( 'NONE',  ( -0.05048707696088445412, -0.0005425209098756299210, 0.01946833671770490867 ) ) ;
#4098 = CARTESIAN_POINT ( 'NONE',  ( 0.1302156528036758354, 0.005674951307008458713, -0.008767787660468715286 ) ) ;
#4099 = CARTESIAN_POINT ( 'NONE',  ( -0.005400569617931371899, 0.007332127836560867369, -0.003340597994913996945 ) ) ;
#4100 = ORIENTED_EDGE ( 'NONE', *, *, #177, .T. ) ;
#4101 = CARTESIAN_POINT ( 'NONE',  ( -0.002765400311556779397, 0.009724746726198180841, 0.0009185636229733552555 ) ) ;
#4102 = ADVANCED_FACE ( 'NONE', ( #6573 ), #2502, .F. ) ;
#4103 = CARTESIAN_POINT ( 'NONE',  ( 0.0002539999999999998314, 0.002644011576293511974, 0.001429071916480830319 ) ) ;
#4104 = ORIENTED_EDGE ( 'NONE', *, *, #832, .T. ) ;
#4105 = CARTESIAN_POINT ( 'NONE',  ( 0.04158380764573096217, 0.009537034372200957344, 0.003624750512941247570 ) ) ;
#4106 = CARTESIAN_POINT ( 'NONE',  ( 0.02978125322163859348, 0.003458093517846090852, -0.003973318349970992279 ) ) ;
#4107 = CARTESIAN_POINT ( 'NONE',  ( -0.004514570775051570534, 0.007833236097659413907, -0.004358141489069513458 ) ) ;
#4108 = LINE ( 'NONE', #4676, #6128 ) ;
#4109 = CARTESIAN_POINT ( 'NONE',  ( 0.02733716150035097464, 0.008360962945328032428, 0.003019110956383652591 ) ) ;
#4110 = CARTESIAN_POINT ( 'NONE',  ( -0.006059181400759770277, 0.006217796381735390954, -0.001554738810554630963 ) ) ;
#4111 = DIRECTION ( 'NONE',  ( 0.000000000000000000, 0.000000000000000000, -1.000000000000000000 ) ) ;
#4112 = CARTESIAN_POINT ( 'NONE',  ( 0.002320076089559583183, 0.01112335867846722844, -0.0003232568059403213801 ) ) ;
#4113 = CARTESIAN_POINT ( 'NONE',  ( -0.09835900643913958463, 0.01005022724436308197, -0.0009442742240261752613 ) ) ;
#4114 = CARTESIAN_POINT ( 'NONE',  ( -0.02334096188575213865, 0.007913514003977552627, -0.003093602013370065889 ) ) ;
#4115 = STYLED_ITEM ( 'NONE', ( #3606 ), #92 ) ;
#4116 = FACE_BOUND ( 'NONE', #6720, .T. ) ;
#4117 = CARTESIAN_POINT ( 'NONE',  ( -0.003285590619230813018, 0.01003307119273390453, -0.001751918081717070488 ) ) ;
#4118 = CARTESIAN_POINT ( 'NONE',  ( 0.002315369661089306409, 0.01110559388345381225, -0.0003720336488824173282 ) ) ;
#4119 = CARTESIAN_POINT ( 'NONE',  ( 0.1292768947031389670, 0.006246072257621854487, -0.007870588289440993285 ) ) ;
#4120 = PLANE ( 'NONE',  #379 ) ;
#4121 = CARTESIAN_POINT ( 'NONE',  ( 0.002969892558865691590, 0.01159360913063458252, 0.001133478951496343784 ) ) ;
#4122 = MECHANICAL_DESIGN_GEOMETRIC_PRESENTATION_REPRESENTATION (  '', ( #5021 ), #5815 ) ;
#4123 = CARTESIAN_POINT ( 'NONE',  ( 0.002318395171565287589, 0.01111711168211811269, 0.0003410740666468927242 ) ) ;
#4124 = CARTESIAN_POINT ( 'NONE',  ( -0.003270462886354378804, 0.009170744280745192489, -0.0002340693826546654118 ) ) ;
#4125 = EDGE_CURVE ( 'NONE', #5265, #6393, #1636, .T. ) ;
#4126 = AXIS2_PLACEMENT_3D ( 'NONE', #6782, #362, #859 ) ;
#4127 = CARTESIAN_POINT ( 'NONE',  ( 0.002976600710094470456, 0.01162380318043007392, -0.001082333451169433837 ) ) ;
#4128 = ORIENTED_EDGE ( 'NONE', *, *, #6453, .F. ) ;
#4129 = CARTESIAN_POINT ( 'NONE',  ( -0.003006369072519768457, 0.01173622642550725854, -0.0008485822253147584562 ) ) ;
#4130 = CARTESIAN_POINT ( 'NONE',  ( 0.003776134187599249070, 0.009274973665687438057, -0.001163207672481761119 ) ) ;
#4131 = B_SPLINE_SURFACE_WITH_KNOTS ( 'NONE', 3, 3, ( 
 ( #2883, #6067, #3880, #1814, #183, #6028, #2951, #3459, #6601, #76, #2240, #3351, #2845, #641 ),
 ( #6048, #2629, #6509, #4394, #2936, #165, #737, #3407, #5665, #3004, #1798, #5124, #5629, #801 ),
 ( #2969, #3546, #2471, #6792, #1938, #4106, #4738, #4242, #339, #5266, #3650, #2005, #3617, #2544 ),
 ( #1008, #4214, #3580, #4805, #2107, #4770, #5768, #5200, #4174, #2648, #5233, #6962, #2506, #405 ) ),
 .UNSPECIFIED., .F., .F., .F.,
 ( 4, 4 ),
 ( 4, 1, 1, 1, 1, 1, 1, 1, 1, 1, 1, 4 ),
 ( 0.000000000000000000, 1.000000000000000000 ),
 ( 0.000000000000000000, 0.09375000000000000000, 0.1536846834549344121, 0.1562500000000000000, 0.2187500000000000000, 0.3125000000000000000, 0.3750000000000000000, 0.3846922576685049000, 0.4062500000000000000, 0.4375000000000000000, 0.6250000000000000000, 1.000000000000000000 ),
 .UNSPECIFIED. ) ;
#4132 = CARTESIAN_POINT ( 'NONE',  ( -0.1132709726663812394, 0.0006486805838273644945, 0.02138733699392527526 ) ) ;
#4133 = CARTESIAN_POINT ( 'NONE',  ( 0.1296793694048430923, 0.006219133770311543671, -0.008350694059776394423 ) ) ;
#4134 = CARTESIAN_POINT ( 'NONE',  ( -0.005701559423251923234, 0.006834566609421717336, -0.002575784625786862233 ) ) ;
#4135 = VERTEX_POINT ( 'NONE', #2031 ) ;
#4136 = CARTESIAN_POINT ( 'NONE',  ( -0.002549816886612790452, 0.01002294739702710297, 0.001007216317738179748 ) ) ;
#4137 = ORIENTED_EDGE ( 'NONE', *, *, #3356, .F. ) ;
#4138 = CARTESIAN_POINT ( 'NONE',  ( 0.0002539999999999998314, 0.004930093882071130522, 0.001409983389151052598 ) ) ;
#4139 = EDGE_LOOP ( 'NONE', ( #1635, #4279, #2359, #815 ) ) ;
#4140 = CARTESIAN_POINT ( 'NONE',  ( -0.002341819305917676799, 0.01015018309780834661, 0.001015952571939930400 ) ) ;
#4141 = CARTESIAN_POINT ( 'NONE',  ( -0.004516088086837507370, 0.007819891285595039626, -0.004357322971201768591 ) ) ;
#4142 = DIRECTION ( 'NONE',  ( 0.000000000000000000, 1.000000000000000000, 0.000000000000000000 ) ) ;
#4143 = CARTESIAN_POINT ( 'NONE',  ( 0.1290661053719424911, 0.006556589164669325738, -0.007667457141581286544 ) ) ;
#4144 = DIRECTION ( 'NONE',  ( -1.000000000000000000, 0.000000000000000000, -1.224646799147353207E-16 ) ) ;
#4145 = DIRECTION ( 'NONE',  ( -0.000000000000000000, 1.000000000000000000, 0.000000000000000000 ) ) ;
#4146 = DIRECTION ( 'NONE',  ( -1.000000000000000000, 6.338020585019357744E-16, 0.000000000000000000 ) ) ;
#4147 = VERTEX_POINT ( 'NONE', #3608 ) ;
#4148 = CARTESIAN_POINT ( 'NONE',  ( -0.07979393612543470016, 0.01042536947368775252, -0.003496797655953465863 ) ) ;
#4149 = CARTESIAN_POINT ( 'NONE',  ( -0.1112072832660824101, 0.009148567895404514233, 0.001110428479328159522 ) ) ;
#4150 = CARTESIAN_POINT ( 'NONE',  ( -0.006254984096633193526, 0.005968460940156841352, -4.046692583756017004E-05 ) ) ;
#4151 = CARTESIAN_POINT ( 'NONE',  ( -0.003497956567893385944, 0.009676615840010321240, -0.001568913172417674227 ) ) ;
#4152 = CARTESIAN_POINT ( 'NONE',  ( 0.002315802178316091978, 0.01053582422465828769, -0.0009440875230122192834 ) ) ;
#4153 = VECTOR ( 'NONE', #2328, 1.000000000000000000 ) ;
#4154 = PRODUCT_DEFINITION_CONTEXT ( 'detailed design', #3804, 'design' ) ;
#4155 = CARTESIAN_POINT ( 'NONE',  ( 0.002291790098607036311, 0.01099095263944147374, -0.0005848677312176014248 ) ) ;
#4156 = CARTESIAN_POINT ( 'NONE',  ( 0.004631615120819111177, 0.008031864869414860955, 0.004196503469866290706 ) ) ;
#4157 = CARTESIAN_POINT ( 'NONE',  ( -0.002570666860738688754, 0.009991037341479365105, -0.001002064994897688965 ) ) ;
#4158 = CARTESIAN_POINT ( 'NONE',  ( 0.003172745942114414946, 0.009269470967321920621, -0.0004893706793119337838 ) ) ;
#4159 = CARTESIAN_POINT ( 'NONE',  ( 0.004587934170951073719, 0.007720170938121243172, 0.004244265504510298659 ) ) ;
#4160 = CARTESIAN_POINT ( 'NONE',  ( -0.002876475065354906682, 0.009591095495024881332, 0.0008423496998887529050 ) ) ;
#4161 = CARTESIAN_POINT ( 'NONE',  ( 0.003007915566816559728, 0.01069586463251987613, -0.001798916287740547331 ) ) ;
#4162 = VERTEX_POINT ( 'NONE', #2499 ) ;
#4163 = CARTESIAN_POINT ( 'NONE',  ( -0.002988221802096170405, 0.01167119994363450750, 0.0009934116559821841875 ) ) ;
#4164 = CARTESIAN_POINT ( 'NONE',  ( 0.000000000000000000, 0.000000000000000000, 0.003047999999999999928 ) ) ;
#4165 = CARTESIAN_POINT ( 'NONE',  ( -0.01401233974534950646, 0.007868272712584573753, -0.003393829008889465669 ) ) ;
#4166 = CARTESIAN_POINT ( 'NONE',  ( 0.1302196554948647500, 0.005635722482065379929, -0.008864682851221415000 ) ) ;
#4167 = CARTESIAN_POINT ( 'NONE',  ( -0.004356545270795402457, 0.001696198718439722534, 0.004677629318528601921 ) ) ;
#4168 = ORIENTED_EDGE ( 'NONE', *, *, #5041, .T. ) ;
#4169 = CARTESIAN_POINT ( 'NONE',  ( -0.003248498379813569321, 0.009192699694853530973, 0.0003112448480756925887 ) ) ;
#4170 = B_SPLINE_CURVE_WITH_KNOTS ( 'NONE', 3,
 ( #1497, #4943, #2140, #4275, #5479, #3889, #3817, #4383, #5333, #5969, #3182, #470, #4309, #616, #6462, #2177, #1115, #3779, #5935, #3291, #1152, #6428 ),
 .UNSPECIFIED., .F., .F.,
 ( 4, 2, 2, 2, 2, 2, 2, 2, 2, 2, 4 ),
 ( -5.999999999955653319E-08, 0.001503305282973851952, 0.003006670565947702680, 0.004510035848921552758, 0.006013401131895404136, 0.007516766414869254648, 0.009020131697843105159, 0.009771814339330033017, 0.01052349698081695914, 0.01127517962230388353, 0.01202686226379080965 ),
 .UNSPECIFIED. ) ;
#4171 = CARTESIAN_POINT ( 'NONE',  ( 0.000000000000000000, 0.000000000000000000, 0.000000000000000000 ) ) ;
#4172 = ORIENTED_EDGE ( 'NONE', *, *, #3439, .T. ) ;
#4173 = VERTEX_POINT ( 'NONE', #4665 ) ;
#4174 = CARTESIAN_POINT ( 'NONE',  ( 0.05048707696088459290, -0.0005425209098756299210, -0.01946833671770455479 ) ) ;
#4175 = EDGE_CURVE ( 'NONE', #2671, #5361, #3483, .T. ) ;
#4176 = CARTESIAN_POINT ( 'NONE',  ( -0.004541233956430357210, 0.007784726562518540054, -0.004343899929217863269 ) ) ;
#4177 = CARTESIAN_POINT ( 'NONE',  ( 0.05298978097944360283, -0.001497834492737972140, -0.02201696167599239903 ) ) ;
#4178 = AXIS2_PLACEMENT_3D ( 'NONE', #2010, #4714, #4111 ) ;
#4179 = CIRCLE ( 'NONE', #6213, 0.006032499999999999668 ) ;
#4180 = CARTESIAN_POINT ( 'NONE',  ( 0.02279801190476180364, 0.001650999999999957406, 0.000000000000000000 ) ) ;
#4181 = CARTESIAN_POINT ( 'NONE',  ( -1.204485184444895089E-17, 0.01015018309780834661, 0.000000000000000000 ) ) ;
#4182 = CARTESIAN_POINT ( 'NONE',  ( 0.002280689369743764926, 0.01089029096203413850, 0.0007073356815012936741 ) ) ;
#4183 = CIRCLE ( 'NONE', #778, 0.002895600000000001645 ) ;
#4184 = CARTESIAN_POINT ( 'NONE',  ( -0.1066998359160827858, 0.009666652271273267275, -0.0006538675367395113767 ) ) ;
#4185 = CARTESIAN_POINT ( 'NONE',  ( -0.04600541776564120305, 0.009626851195366907185, -0.003818445070612791828 ) ) ;
#4186 = CARTESIAN_POINT ( 'NONE',  ( -0.005308569522335528090, 0.002821902596991012879, 0.003411499237321630792 ) ) ;
#4187 = PRODUCT_DEFINITION_SHAPE ( 'NONE', 'NONE',  #2220 ) ;
#4188 = DIRECTION ( 'NONE',  ( -0.000000000000000000, -1.000000000000000000, -0.000000000000000000 ) ) ;
#4189 = CARTESIAN_POINT ( 'NONE',  ( 0.005625523093331469618, 0.007712545997122587094, 0.002994339695738830638 ) ) ;
#4190 = EDGE_CURVE ( 'NONE', #866, #648, #3643, .T. ) ;
#4191 = CARTESIAN_POINT ( 'NONE',  ( -0.002468810975813930629, 0.01015999999996525065, -0.001016000088663737352 ) ) ;
#4192 = CARTESIAN_POINT ( 'NONE',  ( 0.003419587008494665015, 0.009801388534784195514, -0.001647132411848828198 ) ) ;
#4193 = CARTESIAN_POINT ( 'NONE',  ( 0.004608063427888768604, 0.007748356222517541365, 0.004307787666145763104 ) ) ;
#4194 = B_SPLINE_CURVE_WITH_KNOTS ( 'NONE', 3,
 ( #915, #4182, #5133, #3082, #6765, #4078, #1945, #1374, #1408, #6834, #5238, #878, #2514, #376 ),
 .UNSPECIFIED., .F., .F.,
 ( 4, 2, 2, 2, 2, 2, 4 ),
 ( 0.5036041034608523814, 0.5199275995457079969, 0.5362510956305636123, 0.5688980878002740660, 0.6015450799699846307, 0.6178685760548399131, 0.6341920721396951954 ),
 .UNSPECIFIED. ) ;
#4195 = CARTESIAN_POINT ( 'NONE',  ( -0.003297170326835446169, 0.009144244199652458785, -2.818808980698974108E-05 ) ) ;
#4196 = CARTESIAN_POINT ( 'NONE',  ( 0.003432378053966715463, 0.009780602692841372167, -0.001635162874588154186 ) ) ;
#4197 = VERTEX_POINT ( 'NONE', #901 ) ;
#4198 = CARTESIAN_POINT ( 'NONE',  ( -0.003002937280599490052, 0.01172461232716292406, -0.0008768731300110087050 ) ) ;
#4199 = DIRECTION ( 'NONE',  ( 0.000000000000000000, 0.000000000000000000, 1.000000000000000000 ) ) ;
#4200 = CARTESIAN_POINT ( 'NONE',  ( -0.002933130682899472153, 0.01112471363589174686, -0.001626265992179926545 ) ) ;
#4201 = CARTESIAN_POINT ( 'NONE',  ( 0.004037219173373881101, 0.008933496422816589871, -0.0002712933466933540715 ) ) ;
#4202 = CARTESIAN_POINT ( 'NONE',  ( 0.1303299246312786541, 0.005264583508310431703, -0.009921042634647473171 ) ) ;
#4203 = CARTESIAN_POINT ( 'NONE',  ( -0.004325143315290208047, 0.001685009813977312752, 0.004693432354453137834 ) ) ;
#4204 = ORIENTED_EDGE ( 'NONE', *, *, #2719, .T. ) ;
#4205 = CARTESIAN_POINT ( 'NONE',  ( -0.009144822732286233755, 0.007923110825575030783, -0.003857853442302604328 ) ) ;
#4206 = CARTESIAN_POINT ( 'NONE',  ( 0.000000000000000000, 0.000000000000000000, 0.000000000000000000 ) ) ;
#4207 = AXIS2_PLACEMENT_3D ( 'NONE', #272, #5128, #4072 ) ;
#4208 = CARTESIAN_POINT ( 'NONE',  ( 0.004042575071114362303, 0.008926741825551818069, 0.0002108757295617805249 ) ) ;
#4209 = ORIENTED_EDGE ( 'NONE', *, *, #3150, .T. ) ;
#4210 = AXIS2_PLACEMENT_3D ( 'NONE', #6283, #2960, #3570 ) ;
#4211 = DIRECTION ( 'NONE',  ( 9.484135310589723205E-16, 1.000000000000000000, -0.000000000000000000 ) ) ;
#4212 = EDGE_LOOP ( 'NONE', ( #1903, #3702, #3577, #468, #5398 ) ) ;
#4213 = CARTESIAN_POINT ( 'NONE',  ( 0.06325061847655356895, 0.01022676776096779171, 0.003723534282158902711 ) ) ;
#4214 = CARTESIAN_POINT ( 'NONE',  ( 0.004042316477297718501, 0.001735814177769827958, -0.004670813650600418379 ) ) ;
#4215 = CARTESIAN_POINT ( 'NONE',  ( -3.535946519806131722E-17, 0.002004102643982965271, 0.005063676669939945127 ) ) ;
#4216 = CARTESIAN_POINT ( 'NONE',  ( 0.01066323059921061960, 0.0007716336153703899289, -0.004541015648389260494 ) ) ;
#4217 = EDGE_CURVE ( 'NONE', #4147, #6535, #2450, .T. ) ;
#4218 = LINE ( 'NONE', #4677, #2128 ) ;
#4219 = PLANE ( 'NONE',  #6778 ) ;
#4220 = CARTESIAN_POINT ( 'NONE',  ( -0.07949009254130837143, 0.01049815788849342221, -0.002868051045882220700 ) ) ;
#4221 = CARTESIAN_POINT ( 'NONE',  ( 0.002758464773753961045, 0.009733597306359680762, -0.0009223214058927554221 ) ) ;
#4222 = CARTESIAN_POINT ( 'NONE',  ( 0.004643745105021928124, 0.007741020651064428430, 0.004287909438225815349 ) ) ;
#4223 = CARTESIAN_POINT ( 'NONE',  ( -0.003142679679265038099, 0.009300459297902293615, -0.0005417063608978237585 ) ) ;
#4224 = CARTESIAN_POINT ( 'NONE',  ( 0.002931945260041330954, 0.01118283100939237128, -0.001583646352819262706 ) ) ;
#4225 = CARTESIAN_POINT ( 'NONE',  ( -0.0002540000000000001566, 0.004930093882071131389, -0.001409983389151052598 ) ) ;
#4226 = CARTESIAN_POINT ( 'NONE',  ( -0.003281543020417676277, 0.009159733373640413512, 0.0001783209412001803072 ) ) ;
#4227 = CARTESIAN_POINT ( 'NONE',  ( 0.003058740138896383007, 0.009388678719891949132, -0.0006613013555501493163 ) ) ;
#4228 = ORIENTED_EDGE ( 'NONE', *, *, #868, .T. ) ;
#4229 = CARTESIAN_POINT ( 'NONE',  ( -0.003980115134275320245, 0.009006072993929992512, -0.0006095401172181789517 ) ) ;
#4230 = CARTESIAN_POINT ( 'NONE',  ( -0.1297010700374563175, 0.006204369966311146060, 0.008380174435354444118 ) ) ;
#4231 = CARTESIAN_POINT ( 'NONE',  ( 0.1302153043211939920, 0.005465768017309045011, -0.009328906191648023496 ) ) ;
#4232 = CARTESIAN_POINT ( 'NONE',  ( -0.1300000000000000600, 0.005925007879322497124, 0.008924140516987925237 ) ) ;
#4233 = ORIENTED_EDGE ( 'NONE', *, *, #2814, .T. ) ;
#4234 = CARTESIAN_POINT ( 'NONE',  ( -0.005249467275894289901, 0.007902097367317029511, -0.004604768334613699131 ) ) ;
#4235 = VECTOR ( 'NONE', #3379, 1.000000000000000000 ) ;
#4236 = CARTESIAN_POINT ( 'NONE',  ( -0.002468810975813930629, 0.01015999999996525065, -0.001016000088663737352 ) ) ;
#4237 = EDGE_LOOP ( 'NONE', ( #5406, #47 ) ) ;
#4238 = CARTESIAN_POINT ( 'NONE',  ( 0.000000000000000000, 0.02413508000000001361, 0.000000000000000000 ) ) ;
#4239 = SURFACE_STYLE_USAGE ( .BOTH. , #2612 ) ;
#4240 = VERTEX_POINT ( 'NONE', #2534 ) ;
#4241 = CARTESIAN_POINT ( 'NONE',  ( 0.04699126024609700386, 0.009879604587206420804, 0.003821743149479988992 ) ) ;
#4242 = CARTESIAN_POINT ( 'NONE',  ( 0.04641813849848661772, 0.003936173805662198689, -0.009641971191331500171 ) ) ;
#4243 = CARTESIAN_POINT ( 'NONE',  ( -0.002279139083742464256, 0.01084979488776469797, -0.0007461529428633053695 ) ) ;
#4244 = CARTESIAN_POINT ( 'NONE',  ( -0.01747347648646999096, -5.645543202543795366E-05, 0.005446237538216522171 ) ) ;
#4245 = CARTESIAN_POINT ( 'NONE',  ( 0.05048352720305153418, -0.001179830924015970060, -0.02044827930356215781 ) ) ;
#4246 = CARTESIAN_POINT ( 'NONE',  ( -0.001409983389151052598, 0.004930093882071131389, 0.0002539999999999999398 ) ) ;
#4247 = DIRECTION ( 'NONE',  ( 1.224646799147352961E-16, 0.000000000000000000, -1.000000000000000000 ) ) ;
#4248 = CARTESIAN_POINT ( 'NONE',  ( -0.004460244174032025263, 0.001751766152307591322, 0.004593944150042592045 ) ) ;
#4249 = CARTESIAN_POINT ( 'NONE',  ( -0.1226374783015344722, 0.008337423596193960576, 0.002687775079098120301 ) ) ;
#4250 = CARTESIAN_POINT ( 'NONE',  ( 0.002884438135928730530, 0.005080000000000001181, -0.0002540000000000002109 ) ) ;
#4251 = B_SPLINE_CURVE_WITH_KNOTS ( 'NONE', 3,
 ( #5305, #3720, #480, #2658, #6969, #4285, #1579, #3755, #1198, #3933 ),
 .UNSPECIFIED., .F., .F.,
 ( 4, 3, 3, 4 ),
 ( 0.01291021206184760767, 0.01361370798805195542, 0.01652461958139217132, 0.01849840678158934382 ),
 .UNSPECIFIED. ) ;
#4252 = CARTESIAN_POINT ( 'NONE',  ( 0.002417950199928866305, 0.01025899429547350201, -0.001011300756118061741 ) ) ;
#4253 = EDGE_CURVE ( 'NONE', #4420, #3573, #6130, .T. ) ;
#4254 = CARTESIAN_POINT ( 'NONE',  ( 0.006201079792065015972, 0.004660633075223131506, -0.001363143571109362096 ) ) ;
#4255 = CARTESIAN_POINT ( 'NONE',  ( 0.002927196726298232025, 0.009533079001476915670, -0.0007995633518183261962 ) ) ;
#4256 = CARTESIAN_POINT ( 'NONE',  ( 0.003658528070406648694, 0.009438674427166119513, -0.001362776483007178746 ) ) ;
#4257 = CARTESIAN_POINT ( 'NONE',  ( -0.0002540000000000001566, 0.0007034714342214828811, -0.001445268041901130772 ) ) ;
#4258 = CARTESIAN_POINT ( 'NONE',  ( 0.1300000000000001155, 0.005926571993013972535, -0.008897263527582547835 ) ) ;
#4259 = CIRCLE ( 'NONE', #1318, 0.001427271232876712410 ) ;
#4260 = CARTESIAN_POINT ( 'NONE',  ( 0.003201455715815975257, 0.01019638358173858249, -0.001796985675101567606 ) ) ;
#4261 = ORIENTED_EDGE ( 'NONE', *, *, #307, .F. ) ;
#4262 = CARTESIAN_POINT ( 'NONE',  ( -0.004032580742882453488, 0.008939355789306642139, 0.0003122191040780444957 ) ) ;
#4263 = FACE_OUTER_BOUND ( 'NONE', #5261, .T. ) ;
#4264 = CYLINDRICAL_SURFACE ( 'NONE', #1766, 0.002449999999999999921 ) ;
#4265 = DIRECTION ( 'NONE',  ( -0.000000000000000000, -1.000000000000000000, -0.000000000000000000 ) ) ;
#4266 = AXIS2_PLACEMENT_3D ( 'NONE', #1399, #6925, #5832 ) ;
#4267 = ORIENTED_EDGE ( 'NONE', *, *, #3786, .T. ) ;
#4268 = CARTESIAN_POINT ( 'NONE',  ( -0.003204156531675250372, 0.009237426003677568637, -0.0004259046180262648289 ) ) ;
#4269 = PRODUCT_CONTEXT ( 'NONE', #4704, 'mechanical' ) ;
#4270 = CARTESIAN_POINT ( 'NONE',  ( 0.003933138384148457053, 0.009066579172317075497, -0.0007805844139566642682 ) ) ;
#4271 = EDGE_LOOP ( 'NONE', ( #6360, #3202, #4701, #5589 ) ) ;
#4272 = CARTESIAN_POINT ( 'NONE',  ( 0.002342384968112341034, 0.01001524453752900175, 0.001014648693506298334 ) ) ;
#4273 = CARTESIAN_POINT ( 'NONE',  ( -0.004278876438383988866, 0.001600451968487745427, 0.004564266036430716933 ) ) ;
#4274 = CARTESIAN_POINT ( 'NONE',  ( -0.005016500000000020942, 0.001397000000000008912, 0.000000000000000000 ) ) ;
#4275 = CARTESIAN_POINT ( 'NONE',  ( 0.005309679860805729956, 0.002809478748725491998, -0.003424032576362080488 ) ) ;
#4276 = VERTEX_POINT ( 'NONE', #5288 ) ;
#4277 = CARTESIAN_POINT ( 'NONE',  ( 0.05503235384650700251, 0.01016951923576067153, 0.004538067004958635728 ) ) ;
#4278 = CARTESIAN_POINT ( 'NONE',  ( -0.001785667394348159709, 0.01046305122213600676, 0.0009697504610784551645 ) ) ;
#4279 = ORIENTED_EDGE ( 'NONE', *, *, #5642, .T. ) ;
#4280 = CARTESIAN_POINT ( 'NONE',  ( -0.003070485184504664986, 0.009376100612516395302, -0.0006471528141045824805 ) ) ;
#4281 = CARTESIAN_POINT ( 'NONE',  ( -0.1300000000000000877, 0.006244717164803867925, 0.01127134194007287440 ) ) ;
#4282 = CARTESIAN_POINT ( 'NONE',  ( 0.06280456360498777590, -0.001107131769424734777, -0.02498294275586242924 ) ) ;
#4283 = DIRECTION ( 'NONE',  ( 0.000000000000000000, 1.000000000000000000, 0.000000000000000000 ) ) ;
#4284 = CARTESIAN_POINT ( 'NONE',  ( -0.004038195380998271626, 0.008932264487106699249, -0.0002615800747908871601 ) ) ;
#4285 = CARTESIAN_POINT ( 'NONE',  ( 0.001429071916480830319, 0.002644011576293511974, -0.0002540000000000001024 ) ) ;
#4286 = CARTESIAN_POINT ( 'NONE',  ( -0.1268922556390070233, 0.007611724939753028267, 0.004320965348120792138 ) ) ;
#4287 = EDGE_CURVE ( 'NONE', #377, #4823, #3019, .T. ) ;
#4288 = CARTESIAN_POINT ( 'NONE',  ( 0.004467695270506891018, 0.007926255816717719602, 0.004370638315285488296 ) ) ;
#4289 = VECTOR ( 'NONE', #3654, 1.000000000000000000 ) ;
#4290 = CARTESIAN_POINT ( 'NONE',  ( 0.002747220700061769709, 0.009747776550232236173, -0.0009287467817423272721 ) ) ;
#4291 = CARTESIAN_POINT ( 'NONE',  ( 0.005037974496977975884, 0.007920845681492049567, 0.003711042443976729846 ) ) ;
#4292 = CARTESIAN_POINT ( 'NONE',  ( -0.1300000000000000877, 0.005851294516029375420, 0.008842224288007983005 ) ) ;
#4293 = CARTESIAN_POINT ( 'NONE',  ( 0.003470636356196602629, 0.009719519507629489907, -0.001597310287970711735 ) ) ;
#4294 = CARTESIAN_POINT ( 'NONE',  ( -0.0002540000000000001566, 0.003614281620921026839, -0.001420970690457919921 ) ) ;
#4295 = CARTESIAN_POINT ( 'NONE',  ( -0.003159476510595062362, 0.009283067575857376422, -0.0005141103398708261668 ) ) ;
#4296 = CARTESIAN_POINT ( 'NONE',  ( 0.003136764520438584808, 0.01033679650565574350, -0.001818066334504343188 ) ) ;
#4297 = CARTESIAN_POINT ( 'NONE',  ( -0.003592225377705113819, 0.009534492982069462524, 0.001456160131792209487 ) ) ;
#4298 = EDGE_CURVE ( 'NONE', #4512, #5265, #1047, .T. ) ;
#4299 = PRODUCT_DEFINITION_SHAPE ( 'NONE', 'NONE',  #7017 ) ;
#4300 = CARTESIAN_POINT ( 'NONE',  ( -0.07391909463680895742, 0.01052206334426140054, -0.003239116058661759695 ) ) ;
#4301 = DIRECTION ( 'NONE',  ( -1.000000000000000000, 8.537024980200825762E-16, 0.000000000000000000 ) ) ;
#4302 = ORIENTED_EDGE ( 'NONE', *, *, #4298, .F. ) ;
#4303 = CARTESIAN_POINT ( 'NONE',  ( 0.004633193210799767259, 0.007922006218868781272, 0.004293976721442227702 ) ) ;
#4304 = DIRECTION ( 'NONE',  ( 1.000000000000000000, 0.000000000000000000, 0.000000000000000000 ) ) ;
#4305 = CARTESIAN_POINT ( 'NONE',  ( 0.003879644428855535086, 0.009136444777843066509, -0.0009336884146709180550 ) ) ;
#4306 = ORIENTED_EDGE ( 'NONE', *, *, #6932, .T. ) ;
#4307 = CARTESIAN_POINT ( 'NONE',  ( -0.005311330253612512459, 0.002535364681575431964, 0.003304303609970324438 ) ) ;
#4308 = DIRECTION ( 'NONE',  ( -1.000000000000000000, 9.484135310589725177E-16, 0.000000000000000000 ) ) ;
#4309 = CARTESIAN_POINT ( 'NONE',  ( 0.006218617174786234165, 0.006851705668766448071, 0.001400127713392183577 ) ) ;
#4310 = ORIENTED_EDGE ( 'NONE', *, *, #5378, .F. ) ;
#4311 = CARTESIAN_POINT ( 'NONE',  ( 0.09044494554417781274, 0.01025424170443490525, 0.002600756931277068557 ) ) ;
#4312 = CARTESIAN_POINT ( 'NONE',  ( -0.003597906215379685115, 0.001693388050948602640, 0.0002539999999999998856 ) ) ;
#4313 = EDGE_LOOP ( 'NONE', ( #3130, #3033, #3780, #3429, #4 ) ) ;
#4314 = CARTESIAN_POINT ( 'NONE',  ( -0.002383906786629084659, 0.01033488302020880642, -0.001000975064616756042 ) ) ;
#4315 = CARTESIAN_POINT ( 'NONE',  ( -3.386556920630765945E-17, 0.002200000000000024419, 0.004849742261192876991 ) ) ;
#4316 = CARTESIAN_POINT ( 'NONE',  ( 0.01066806096747691980, 0.0009729210562361313838, -0.004363876462262933700 ) ) ;
#4317 = CARTESIAN_POINT ( 'NONE',  ( -0.006038248334945031312, 0.007001995014303634239, -0.001636887531846715604 ) ) ;
#4318 = CARTESIAN_POINT ( 'NONE',  ( -0.003249806245630151250, 0.01010039661679660791, -0.001773232962526957246 ) ) ;
#4319 = CIRCLE ( 'NONE', #125, 0.005016500000000010534 ) ;
#4320 = CARTESIAN_POINT ( 'NONE',  ( -0.006364247707806899856, 0.005261878923694029465, -2.521262913088322605E-06 ) ) ;
#4321 = CARTESIAN_POINT ( 'NONE',  ( -0.1302042661363366771, 0.006292541099516044296, 0.007153275366334897918 ) ) ;
#4322 = CARTESIAN_POINT ( 'NONE',  ( 0.000000000000000000, -0.001498506304391711633, 0.000000000000000000 ) ) ;
#4323 = CARTESIAN_POINT ( 'NONE',  ( 0.001650999999999998606, 0.01269999999999999948, 2.021891865392279179E-19 ) ) ;
#4324 = CARTESIAN_POINT ( 'NONE',  ( -0.005080000000000000314, 0.005588000000000000085, 0.0002539999999999998856 ) ) ;
#4325 = CARTESIAN_POINT ( 'NONE',  ( 0.002782745404405764181, 0.0009961581250491962844, -0.005641005388096601014 ) ) ;
#4326 = CARTESIAN_POINT ( 'NONE',  ( -0.003259400244408931866, 0.01008179698403364848, -0.001768107036887003750 ) ) ;
#4327 = CARTESIAN_POINT ( 'NONE',  ( -0.1300000000000000322, 0.005904154690828417908, 0.008834757188423266946 ) ) ;
#4328 = CARTESIAN_POINT ( 'NONE',  ( 0.002868579653920234809, 0.009600422215702909476, 0.0008481570498475528340 ) ) ;
#4329 = DIRECTION ( 'NONE',  ( 7.105427357601001859E-15, 0.000000000000000000, 1.000000000000000000 ) ) ;
#4330 = FACE_OUTER_BOUND ( 'NONE', #6280, .T. ) ;
#4331 = CARTESIAN_POINT ( 'NONE',  ( 0.002468811551904426249, 0.01015999974016755167, 0.001016000370599576177 ) ) ;
#4332 = CARTESIAN_POINT ( 'NONE',  ( 0.003296217363200712284, 0.009145186751902737582, -5.202507842627842867E-05 ) ) ;
#4333 = CARTESIAN_POINT ( 'NONE',  ( -0.003567056385398431791, 0.009571704379669525309, 0.001488289149364440365 ) ) ;
#4334 = FACE_OUTER_BOUND ( 'NONE', #4560, .T. ) ;
#4335 = CARTESIAN_POINT ( 'NONE',  ( -0.03530683543763550591, 0.009036215980216050908, -0.003304306725479241261 ) ) ;
#4336 = CARTESIAN_POINT ( 'NONE',  ( 0.1301328607310698326, 0.005436764982791159398, -0.009661240724373448135 ) ) ;
#4337 = ORIENTED_EDGE ( 'NONE', *, *, #2370, .F. ) ;
#4338 = CARTESIAN_POINT ( 'NONE',  ( 0.004519997069403018479, 0.007810329660799018338, 0.004355239953538148946 ) ) ;
#4339 = SHAPE_REPRESENTATION_RELATIONSHIP ( 'NONE' , 'NONE' ,  #6127, #6543 ) ;
#4340 = EDGE_CURVE ( 'NONE', #6075, #403, #5455, .T. ) ;
#4341 = CARTESIAN_POINT ( 'NONE',  ( 0.004013121271743879705, 0.008964000266788946583, 0.0004477753070320720499 ) ) ;
#4342 = ORIENTED_EDGE ( 'NONE', *, *, #5625, .T. ) ;
#4343 = CARTESIAN_POINT ( 'NONE',  ( 0.000000000000000000, 0.006959600000000000682, 0.003809999999999999585 ) ) ;
#4344 = CARTESIAN_POINT ( 'NONE',  ( -0.003830260121874097447, 0.009201899380253656183, 0.001052233998090351761 ) ) ;
#4345 = CARTESIAN_POINT ( 'NONE',  ( 0.003740242449129127511, 0.007737708745414826478, 0.004354394990952773978 ) ) ;
#4346 = ORIENTED_EDGE ( 'NONE', *, *, #5669, .F. ) ;
#4347 = CARTESIAN_POINT ( 'NONE',  ( 0.1146525251771733506, 0.009147951776470573254, -0.0007316229057171233941 ) ) ;
#4348 = DIRECTION ( 'NONE',  ( 0.000000000000000000, 0.000000000000000000, -1.000000000000000000 ) ) ;
#4349 = EDGE_LOOP ( 'NONE', ( #290, #4477 ) ) ;
#4350 = CARTESIAN_POINT ( 'NONE',  ( -0.002302700493167997731, 0.01059252679575940943, -0.0009194986682998705597 ) ) ;
#4351 = AXIS2_PLACEMENT_3D ( 'NONE', #6208, #2452, #6708 ) ;
#4352 = CARTESIAN_POINT ( 'NONE',  ( -0.08816107737497508312, 1.117971414033112204E-05, 0.02673392749572560748 ) ) ;
#4353 = CARTESIAN_POINT ( 'NONE',  ( 0.02297305825785938421, -6.618838861039471537E-05, -0.006358794152084215959 ) ) ;
#4354 = CARTESIAN_POINT ( 'NONE',  ( -0.006231263216648296431, 0.006365062247840187933, -0.0005457310198869345843 ) ) ;
#4355 = AXIS2_PLACEMENT_3D ( 'NONE', #5367, #1603, #502 ) ;
#4356 = CARTESIAN_POINT ( 'NONE',  ( -0.003139910584573341219, 0.01032888928883236163, -0.001817941453531866794 ) ) ;
#4357 = CARTESIAN_POINT ( 'NONE',  ( -0.004419709703218701984, 0.001724782000075420147, 0.004633430087619950372 ) ) ;
#4358 = CARTESIAN_POINT ( 'NONE',  ( -0.1293015241333724252, 0.006878194404916808218, 0.005907239662768883071 ) ) ;
#4359 = CARTESIAN_POINT ( 'NONE',  ( 0.004596149272576512471, 0.008028005718706482732, 0.004235646570824646261 ) ) ;
#4360 = CARTESIAN_POINT ( 'NONE',  ( 0.003612428097124834644, 0.001332217421028623113, -0.005158276795785766977 ) ) ;
#4361 = CARTESIAN_POINT ( 'NONE',  ( -0.003061339652629327043, 0.01189507120221239625, -1.799449169056443702E-15 ) ) ;
#4362 = CARTESIAN_POINT ( 'NONE',  ( -0.02297305825785933911, -6.618838861039471537E-05, 0.006358794152084376421 ) ) ;
#4363 = CARTESIAN_POINT ( 'NONE',  ( 0.003187847978626110867, 0.009254024410796084232, 0.0004601479454843576331 ) ) ;
#4364 = CARTESIAN_POINT ( 'NONE',  ( 0.004631615120819066941, 0.008031864869414855751, 0.004196503469866334941 ) ) ;
#4365 = CARTESIAN_POINT ( 'NONE',  ( -0.003175241927825858332, 0.009266889172238544983, -0.0004854962464003893786 ) ) ;
#4366 = EDGE_CURVE ( 'NONE', #4486, #1968, #408, .T. ) ;
#4367 = CARTESIAN_POINT ( 'NONE',  ( 0.006229574612293000899, 0.006378867737660600876, 0.0005638940869271036500 ) ) ;
#4368 = CARTESIAN_POINT ( 'NONE',  ( 0.002338940261752429483, 0.01045483952032489998, 0.0009728761998736305729 ) ) ;
#4369 = UNCERTAINTY_MEASURE_WITH_UNIT (LENGTH_MEASURE( 1.000000000000000082E-05 ), #1567, 'distance_accuracy_value', 'NONE');
#4370 = CARTESIAN_POINT ( 'NONE',  ( -0.002294064670271056278, 0.01063894933714473398, -0.0008961926786326445196 ) ) ;
#4371 = CARTESIAN_POINT ( 'NONE',  ( -0.002314032409999226131, 0.01110034035067884901, -0.0003851115099755647543 ) ) ;
#4372 = DIRECTION ( 'NONE',  ( -0.000000000000000000, 1.000000000000000000, -0.000000000000000000 ) ) ;
#4373 = CARTESIAN_POINT ( 'NONE',  ( 0.003053941231828111516, 0.01054873605884353027, 0.001819626719940412810 ) ) ;
#4374 = LINE ( 'NONE', #5038, #831 ) ;
#4375 = ORIENTED_EDGE ( 'NONE', *, *, #2041, .F. ) ;
#4376 = CARTESIAN_POINT ( 'NONE',  ( -0.01864771543358156522, 0.008336849470589723782, -0.004148715591142745733 ) ) ;
#4377 = APPLICATION_PROTOCOL_DEFINITION ( 'draft international standard', 'automotive_design', 1998, #7002 ) ;
#4378 = CARTESIAN_POINT ( 'NONE',  ( 0.003633512207665336082, 0.009474537661314886422, 0.001399205110270582749 ) ) ;
#4379 = ORIENTED_EDGE ( 'NONE', *, *, #6588, .F. ) ;
#4380 = LINE ( 'NONE', #3430, #1125 ) ;
#4381 = ADVANCED_FACE ( 'NONE', ( #5894 ), #1032, .F. ) ;
#4382 = AXIS2_PLACEMENT_3D ( 'NONE', #4759, #4265, #1560 ) ;
#4383 = CARTESIAN_POINT ( 'NONE',  ( 0.006204482390774981697, 0.004703161598485132953, -0.001313241823140332519 ) ) ;
#4384 = ORIENTED_EDGE ( 'NONE', *, *, #4537, .T. ) ;
#4385 = CARTESIAN_POINT ( 'NONE',  ( 0.1240034718593511498, 0.007888360571256062062, -0.004749811599080763780 ) ) ;
#4386 = FACE_OUTER_BOUND ( 'NONE', #5222, .T. ) ;
#4387 = EDGE_LOOP ( 'NONE', ( #3990, #5049 ) ) ;
#4388 = CARTESIAN_POINT ( 'NONE',  ( -0.003943439169871576847, 0.009053248091504042042, -0.0007468343721394097136 ) ) ;
#4389 = CARTESIAN_POINT ( 'NONE',  ( -0.03835802678916633984, 0.009378482947929952032, -0.004352954126073832822 ) ) ;
#4390 = EDGE_CURVE ( 'NONE', #3206, #4694, #4259, .T. ) ;
#4391 = CARTESIAN_POINT ( 'NONE',  ( -0.005519929085532698787, 0.007694975949671401146, -0.002945849142345138665 ) ) ;
#4392 = CARTESIAN_POINT ( 'NONE',  ( -0.003238147838367260410, 0.01012296592663045579, -0.001779511926489966240 ) ) ;
#4393 = EDGE_CURVE ( 'NONE', #2207, #6389, #188, .T. ) ;
#4394 = CARTESIAN_POINT ( 'NONE',  ( 0.01756029996261011111, 0.006687074999683217599, 0.001397719483208673336 ) ) ;
#4395 = CARTESIAN_POINT ( 'NONE',  ( 0.003058007395407861140, 0.01188676194692107370, 0.0002311531539647543852 ) ) ;
#4396 = CARTESIAN_POINT ( 'NONE',  ( -0.1299802672275476578, 0.005950258856193013993, 0.008878092836019896295 ) ) ;
#4397 = CARTESIAN_POINT ( 'NONE',  ( 0.003048634584938093341, 0.01056434962308512235, 0.001818213182508827009 ) ) ;
#4398 = CARTESIAN_POINT ( 'NONE',  ( 0.004367450575492531385, 0.001700694958484128645, -0.004671536954816647193 ) ) ;
#4399 = CARTESIAN_POINT ( 'NONE',  ( 0.002480150524517736512, 0.0009470600068290356034, -0.005745702243686171169 ) ) ;
#4400 = CARTESIAN_POINT ( 'NONE',  ( -0.08816107737497508312, 1.117971414033112204E-05, 0.02673392749572560748 ) ) ;
#4401 = CARTESIAN_POINT ( 'NONE',  ( 0.002879730864603377658, 0.009587441940680679550, 0.0008394503833385082289 ) ) ;
#4402 = CARTESIAN_POINT ( 'NONE',  ( 0.004578735805018271238, 0.007948239442424037682, 0.004254418601753805901 ) ) ;
#4403 = CARTESIAN_POINT ( 'NONE',  ( -0.003414844324678404600, 0.009808832404104570954, 0.001651980905200398520 ) ) ;
#4404 = CARTESIAN_POINT ( 'NONE',  ( 0.001348694731337187099, 0.0008508732707223348865, -0.006102747129093857512 ) ) ;
#4405 = CARTESIAN_POINT ( 'NONE',  ( 0.000000000000000000, 0.006959600000000000682, -0.005003799999999891668 ) ) ;
#4406 = AXIS2_PLACEMENT_3D ( 'NONE', #2044, #2621, #6866 ) ;
#4407 = CARTESIAN_POINT ( 'NONE',  ( 0.003285567926547968212, 0.009155737371880438499, 0.0001549654586827016478 ) ) ;
#4408 = VECTOR ( 'NONE', #627, 1.000000000000000000 ) ;
#4409 = EDGE_CURVE ( 'NONE', #4946, #4694, #4498, .T. ) ;
#4410 = CARTESIAN_POINT ( 'NONE',  ( -0.002278886355060904222, 0.01083682806084576046, -0.0007579348224298869266 ) ) ;
#4411 = CARTESIAN_POINT ( 'NONE',  ( -0.002282685436546169448, 0.01091415412874920110, -0.0006809046194161046421 ) ) ;
#4412 = CARTESIAN_POINT ( 'NONE',  ( 0.003880020477674028887, 0.009135889504243993250, 0.0009338890384073809297 ) ) ;
#4413 = CARTESIAN_POINT ( 'NONE',  ( -0.0002540000000000001566, 0.000000000000000000, -0.001451138256679908051 ) ) ;
#4414 = ORIENTED_EDGE ( 'NONE', *, *, #1433, .F. ) ;
#4415 = CARTESIAN_POINT ( 'NONE',  ( -0.02937221823104090024, 0.008851556570965476295, -0.004146953208785145520 ) ) ;
#4416 = ADVANCED_FACE ( 'NONE', ( #1755 ), #2295, .F. ) ;
#4417 = AXIS2_PLACEMENT_3D ( 'NONE', #1862, #5865, #5437 ) ;
#4418 =( BOUNDED_SURFACE ( )  B_SPLINE_SURFACE ( 3, 2, ( 
 ( #2060, #1632, #45 ),
 ( #4864, #4234, #3810 ),
 ( #6385, #3285, #5436 ),
 ( #574, #4897, #4205 ),
 ( #1523, #997, #3174 ),
 ( #5324, #4483, #4969 ),
 ( #4451, #645, #6033 ),
 ( #6105, #6676, #5548 ),
 ( #1250, #4376, #3318 ),
 ( #1707, #6640, #5039 ),
 ( #148, #6526, #1667 ),
 ( #2244, #719, #6605 ),
 ( #6565, #1776, #1741 ),
 ( #6000, #4415, #3846 ),
 ( #1817, #846, #3949 ),
 ( #5709, #5473, #608 ),
 ( #1376, #3426, #2778 ),
 ( #1184, #3390, #5581 ),
 ( #2813, #186, #3552 ),
 ( #2282, #2848, #3355 ),
 ( #4937, #1147, #4080 ),
 ( #680, #1219, #3919 ),
 ( #80, #2349, #115 ),
 ( #2886, #6232, #5509 ),
 ( #3014, #5172, #5004 ),
 ( #3884, #2313, #6070 ),
 ( #4520, #2208, #5776 ),
 ( #3118, #3084, #5240 ),
 ( #448, #2623, #3193 ),
 ( #2587, #378, #1543 ),
 ( #917, #4148, #4220 ),
 ( #4778, #3656, #6905 ),
 ( #2481, #1410, #2552 ),
 ( #4745, #3155, #4715 ),
 ( #6867, #6333, #4113 ),
 ( #5842, #2011, #947 ),
 ( #2045, #4184, #1476 ),
 ( #2516, #4646, #5806 ),
 ( #3588, #6367, #6802 ),
 ( #5271, #6267, #3051 ),
 ( #413, #1506, #3688 ),
 ( #5744, #6301, #313 ),
 ( #981, #5307, #880 ),
 ( #5209, #6938, #2078 ),
 ( #346, #4249, #6402 ),
 ( #3721, #5881, #1017 ),
 ( #1980, #4681, #1947 ),
 ( #6836, #1442, #3627 ),
 ( #2659, #1615, #6511 ),
 ( #1089, #3756, #97 ),
 ( #1056, #4286, #6475 ),
 ( #481, #4880, #4954 ),
 ( #2226, #4813, #7007 ),
 ( #2116, #3229, #1689 ),
 ( #3265, #5416, #1650 ),
 ( #6440, #4358, #2727 ),
 ( #517, #3793, #554 ),
 ( #3300, #6970, #3901 ),
 ( #4433, #3828, #2153 ),
 ( #1722, #4321, #6050 ),
 ( #1580, #1199, #5914 ),
 ( #6582, #592, #5382 ),
 ( #5946, #5980, #2760 ),
 ( #24, #3336, #5344 ),
 ( #2188, #1130, #5456 ),
 ( #2689, #4844, #2264 ),
 ( #4917, #61, #4396 ),
 ( #6546, #3865, #1164 ),
 ( #6015, #5490, #625 ),
 ( #2794, #804, #6228 ),
 ( #6730, #662, #1301 ),
 ( #4033, #5527, #1799 ),
 ( #3370, #130, #6161 ),
 ( #3478, #5631, #1757 ),
 ( #1269, #3971, #3443 ),
 ( #6125, #167, #238 ),
 ( #1869, #700, #2297 ),
 ( #2972, #5596, #4542 ),
 ( #739, #2904, #768 ),
 ( #3513, #2831, #4987 ),
 ( #5057, #4605, #206 ),
 ( #2938, #1907, #2402 ),
 ( #6694, #5089, #4574 ),
 ( #4466, #2367, #2866 ),
 ( #6193, #1834, #1335 ),
 ( #6623, #6658, #4004 ),
 ( #5667, #3934, #5127 ),
 ( #6086, #1237, #4500 ) ),
 .UNSPECIFIED., .F., .F., .F. ) 
 B_SPLINE_SURFACE_WITH_KNOTS ( ( 4, 2, 2, 2, 2, 2, 2, 2, 2, 2, 2, 2, 2, 2, 2, 2, 2, 2, 2, 2, 2, 2, 2, 2, 2, 2, 2, 2, 2, 2, 2, 2, 2, 2, 2, 2, 2, 2, 2, 2, 2, 2, 2, 4 ),
 ( 3, 3 ),
 ( 0.01650551629102028559, 0.02057542338484593530, 0.02464533047867158849, 0.02871523757249723821, 0.03278514466632288793, 0.03685505176014854112, 0.04092495885397419431, 0.04499486594779984749, 0.04906477304162549374, 0.05313468013545113999, 0.05720458722927679318, 0.06127449432310244637, 0.06534440141692809956, 0.07348421560457940593, 0.08162402979223069843, 0.09790365816753329731, 0.1060434723551846037, 0.1141832865428359101, 0.1223231007304872026, 0.1263930078243128419, 0.1304629149181384951, 0.1345328220119641482, 0.1365677755588769748, 0.1386027291057898014, 0.1396202058792462286, 0.1406376826527026280, 0.1416551594261590274, 0.1426726361996154546, 0.1436901129730718818, 0.1441988513598000954, 0.1447075897465282812, 0.1452163281332564670, 0.1454706973266205738, 0.1455342896249616214, 0.1455501876995468624, 0.1455581367368394829, 0.1455660857741321312, 0.1455978819233026411, 0.1457250665199846806, 0.1458522511166667202, 0.1459158434150077399, 0.1459794357133487874, 0.1462338049067128942, 0.1467425432934411078 ),
 ( 0.000000000000000000, 1.000000000000000000 ),
 .UNSPECIFIED. ) 
 GEOMETRIC_REPRESENTATION_ITEM ( )  RATIONAL_B_SPLINE_SURFACE ( (
 ( 1.000000000000000000, 0.2711778773587336100, 1.000000000000000000),
 ( 1.000000000000000000, 0.2476022562005024130, 1.000000000000000000),
 ( 1.000000000000000000, 0.2170224207469348965, 1.000000000000000000),
 ( 1.000000000000000000, 0.1625253840670692063, 1.000000000000000000),
 ( 1.000000000000000000, 0.1391303448998123804, 1.000000000000000000),
 ( 1.000000000000000000, 0.1072725582120719889, 1.000000000000000000),
 ( 1.000000000000000000, 0.09844376212010405580, 1.000000000000000000),
 ( 1.000000000000000000, 0.08888242569304288798, 1.000000000000000000),
 ( 1.000000000000000000, 0.08772881864308375299, 1.000000000000000000),
 ( 1.000000000000000000, 0.08664241379348423810, 1.000000000000000000),
 ( 1.000000000000000000, 0.08669857822184642848, 1.000000000000000000),
 ( 1.000000000000000000, 0.08666190213716268298, 1.000000000000000000),
 ( 1.000000000000000000, 0.08672147363841221923, 1.000000000000000000),
 ( 1.000000000000000000, 0.08787972464436029363, 1.000000000000000000),
 ( 1.000000000000000000, 0.08902262750719670825, 1.000000000000000000),
 ( 1.000000000000000000, 0.09305498740552993475, 1.000000000000000000),
 ( 1.000000000000000000, 0.09593977591045259323, 1.000000000000000000),
 ( 1.000000000000000000, 0.1030940289582576858, 1.000000000000000000),
 ( 1.000000000000000000, 0.1073417285410686456, 1.000000000000000000),
 ( 1.000000000000000000, 0.1163067754939268866, 1.000000000000000000),
 ( 1.000000000000000000, 0.1210064527191537787, 1.000000000000000000),
 ( 1.000000000000000000, 0.1299497649287499890, 1.000000000000000000),
 ( 1.000000000000000000, 0.1341918484828615588, 1.000000000000000000),
 ( 1.000000000000000000, 0.1416280995218650307, 1.000000000000000000),
 ( 1.000000000000000000, 0.1447752044349817357, 1.000000000000000000),
 ( 1.000000000000000000, 0.1523909710363034742, 1.000000000000000000),
 ( 1.000000000000000000, 0.1552201619168080693, 1.000000000000000000),
 ( 1.000000000000000000, 0.1581535490514386633, 1.000000000000000000),
 ( 1.000000000000000000, 0.1582420545582949589, 1.000000000000000000),
 ( 1.000000000000000000, 0.1557816036080721389, 1.000000000000000000),
 ( 1.000000000000000000, 0.1505836622976716166, 1.000000000000000000),
 ( 1.000000000000000000, 0.1398382194074461737, 1.000000000000000000),
 ( 1.000000000000000000, 0.1357358986180499105, 1.000000000000000000),
 ( 1.000000000000000000, 0.1266744612204255827, 1.000000000000000000),
 ( 1.000000000000000000, 0.1217112969358458835, 1.000000000000000000),
 ( 1.000000000000000000, 0.1110868929844621711, 1.000000000000000000),
 ( 1.000000000000000000, 0.1054213594914361202, 1.000000000000000000),
 ( 1.000000000000000000, 0.09651424221021587257, 1.000000000000000000),
 ( 1.000000000000000000, 0.09347712560696479211, 1.000000000000000000),
 ( 1.000000000000000000, 0.08730791863758441407, 1.000000000000000000),
 ( 1.000000000000000000, 0.08417253580889080822, 1.000000000000000000),
 ( 1.000000000000000000, 0.07790548541257327764, 1.000000000000000000),
 ( 1.000000000000000000, 0.07477666937372882960, 1.000000000000000000),
 ( 1.000000000000000000, 0.07033393483468204643, 1.000000000000000000),
 ( 1.000000000000000000, 0.06889632162160794215, 1.000000000000000000),
 ( 1.000000000000000000, 0.06621964485969417114, 1.000000000000000000),
 ( 1.000000000000000000, 0.06497470096059868028, 1.000000000000000000),
 ( 1.000000000000000000, 0.06345197724239878823, 1.000000000000000000),
 ( 1.000000000000000000, 0.06300324896934005048, 1.000000000000000000),
 ( 1.000000000000000000, 0.06229954848525398603, 1.000000000000000000),
 ( 1.000000000000000000, 0.06204296903800284729, 1.000000000000000000),
 ( 1.000000000000000000, 0.06186780591510137456, 1.000000000000000000),
 ( 1.000000000000000000, 0.06194312258867572946, 1.000000000000000000),
 ( 1.000000000000000000, 0.06272003048406557535, 1.000000000000000000),
 ( 1.000000000000000000, 0.06340085774122912465, 1.000000000000000000),
 ( 1.000000000000000000, 0.06615257808363024516, 1.000000000000000000),
 ( 1.000000000000000000, 0.06809259392152181012, 1.000000000000000000),
 ( 1.000000000000000000, 0.07421599726705220557, 1.000000000000000000),
 ( 1.000000000000000000, 0.07679118074624097234, 1.000000000000000000),
 ( 1.000000000000000000, 0.08460125672999163626, 1.000000000000000000),
 ( 1.000000000000000000, 0.08959723301294672537, 1.000000000000000000),
 ( 1.000000000000000000, 0.1071228964856304755, 1.000000000000000000),
 ( 1.000000000000000000, 0.1177618492237408609, 1.000000000000000000),
 ( 1.000000000000000000, 0.1616064500923381220, 1.000000000000000000),
 ( 1.000000000000000000, 0.1806511112725225354, 1.000000000000000000),
 ( 1.000000000000000000, 0.2242062470904429006, 1.000000000000000000),
 ( 1.000000000000000000, 0.2339930683059764371, 1.000000000000000000),
 ( 1.000000000000000000, 0.2481731841630195889, 1.000000000000000000),
 ( 1.000000000000000000, 0.2511077207865538563, 1.000000000000000000),
 ( 1.000000000000000000, 0.2556729712637599294, 1.000000000000000000),
 ( 1.000000000000000000, 0.2572219540045855846, 1.000000000000000000),
 ( 1.000000000000000000, 0.2603773483523135757, 1.000000000000000000),
 ( 1.000000000000000000, 0.2627779020830800505, 1.000000000000000000),
 ( 1.000000000000000000, 0.2644768410129974545, 1.000000000000000000),
 ( 1.000000000000000000, 0.2658831590021771829, 1.000000000000000000),
 ( 1.000000000000000000, 0.2731725034392604723, 1.000000000000000000),
 ( 1.000000000000000000, 0.2798170561311038584, 1.000000000000000000),
 ( 1.000000000000000000, 0.2954687406404324923, 1.000000000000000000),
 ( 1.000000000000000000, 0.3044819663887453065, 1.000000000000000000),
 ( 1.000000000000000000, 0.3205242494088256233, 1.000000000000000000),
 ( 1.000000000000000000, 0.3262944743434397221, 1.000000000000000000),
 ( 1.000000000000000000, 0.3387778903393834917, 1.000000000000000000),
 ( 1.000000000000000000, 0.3436525142024470791, 1.000000000000000000),
 ( 1.000000000000000000, 0.3956905439003920999, 1.000000000000000000),
 ( 1.000000000000000000, 0.4443744582078942296, 1.000000000000000000),
 ( 1.000000000000000000, 0.5767094685663959330, 1.000000000000000000),
 ( 1.000000000000000000, 0.6397908737905224630, 1.000000000000000000),
 ( 1.000000000000000000, 0.6820779760542297065, 1.000000000000000000) ) ) 
 REPRESENTATION_ITEM ( '' )  SURFACE ( )  );
#4419 = CARTESIAN_POINT ( 'NONE',  ( 0.002937827517145920331, 0.01107170734931833649, 0.001656435693942644822 ) ) ;
#4420 = VERTEX_POINT ( 'NONE', #4001 ) ;
#4421 = CARTESIAN_POINT ( 'NONE',  ( -0.005536110548721702961, 0.007807373023207020771, -0.002915508465202804479 ) ) ;
#4422 = CARTESIAN_POINT ( 'NONE',  ( 0.01319691875716059136, 0.007876542253386740675, 0.003465875437347110122 ) ) ;
#4423 = FACE_OUTER_BOUND ( 'NONE', #2613, .T. ) ;
#4424 = CARTESIAN_POINT ( 'NONE',  ( 0.1214781070338023933, 0.008090058022124301321, -0.003775498759688455334 ) ) ;
#4425 = DIRECTION ( 'NONE',  ( 0.000000000000000000, -1.000000000000000000, 0.000000000000000000 ) ) ;
#4426 = ORIENTED_EDGE ( 'NONE', *, *, #2945, .T. ) ;
#4427 = CARTESIAN_POINT ( 'NONE',  ( -0.002335831660734580349, 0.01117656070799431453, -6.973884890923477968E-06 ) ) ;
#4428 = CARTESIAN_POINT ( 'NONE',  ( -0.002880351339958809546, 0.009586739150123745404, 0.0008388873058256960053 ) ) ;
#4429 = CARTESIAN_POINT ( 'NONE',  ( -0.002750887274925693359, 0.001067390822904880181, 0.005620207197406359816 ) ) ;
#4430 = CARTESIAN_POINT ( 'NONE',  ( -0.003497956567893385944, 0.009676615840010321240, -0.001568913172417674227 ) ) ;
#4431 = CARTESIAN_POINT ( 'NONE',  ( -0.004020637408968782099, 0.008954466345868286603, 0.0004013710577905277646 ) ) ;
#4432 = DIRECTION ( 'NONE',  ( -1.347951312663287604E-16, -0.000000000000000000, 1.000000000000000000 ) ) ;
#4433 = CARTESIAN_POINT ( 'NONE',  ( -0.1290953213958026535, 0.006331592293570349923, 0.007692696188491007260 ) ) ;
#4434 = CARTESIAN_POINT ( 'NONE',  ( 0.003869916040558184570, 0.009149061734078322433, 0.0009616543753942746308 ) ) ;
#4435 = EDGE_CURVE ( 'NONE', #3648, #4936, #6629, .T. ) ;
#4436 = DIRECTION ( 'NONE',  ( 0.000000000000000000, 0.000000000000000000, -1.000000000000000000 ) ) ;
#4437 = CARTESIAN_POINT ( 'NONE',  ( -0.004050872798929809095, 0.008916291661684564579, 6.034618988865796572E-12 ) ) ;
#4438 = CARTESIAN_POINT ( 'NONE',  ( 0.001580715564777938724, 0.0007807019547482976383, -0.006086899127384411828 ) ) ;
#4439 = FACE_OUTER_BOUND ( 'NONE', #300, .T. ) ;
#4440 = CARTESIAN_POINT ( 'NONE',  ( 0.003272703928879602212, 0.009168521230953616263, 0.0002225229692702600367 ) ) ;
#4441 = DIRECTION ( 'NONE',  ( 0.000000000000000000, 0.000000000000000000, -1.000000000000000000 ) ) ;
#4442 = CARTESIAN_POINT ( 'NONE',  ( -0.003641981748911352502, 0.009462351904705292374, 0.001387079464704342327 ) ) ;
#4443 = DIRECTION ( 'NONE',  ( 9.484135310589723205E-16, 1.000000000000000000, -0.000000000000000000 ) ) ;
#4444 = CARTESIAN_POINT ( 'NONE',  ( 0.006115854209110141958, 0.004764228617307482601, -0.001374443960956727101 ) ) ;
#4445 = CARTESIAN_POINT ( 'NONE',  ( -0.002962365704314931687, 0.01155638246770107451, -0.001191609110145879554 ) ) ;
#4446 = CARTESIAN_POINT ( 'NONE',  ( 0.002468259129071298779, 0.01016034185728188245, 0.001016512967465757044 ) ) ;
#4447 = CARTESIAN_POINT ( 'NONE',  ( -0.002749255675364842538, 0.009745033657208345204, -0.0009279022645909181660 ) ) ;
#4448 = CARTESIAN_POINT ( 'NONE',  ( -0.002284008161212477094, 0.01092932850346197381, -0.0006639254296708977082 ) ) ;
#4449 = CARTESIAN_POINT ( 'NONE',  ( 0.003775428280363305866, 0.009275904301698008336, 0.001164853521191566016 ) ) ;
#4450 = LINE ( 'NONE', #6604, #2071 ) ;
#4451 = CARTESIAN_POINT ( 'NONE',  ( -0.01455397603236061564, 0.007682091231090929645, -0.003432633331587545220 ) ) ;
#4452 = CARTESIAN_POINT ( 'NONE',  ( -0.002319231024487203221, 0.01112044001535699399, 0.0003331667198505545188 ) ) ;
#4453 = CARTESIAN_POINT ( 'NONE',  ( 0.002934506549456445106, 0.01111639727168812174, 0.001629424532777408322 ) ) ;
#4454 = ORIENTED_EDGE ( 'NONE', *, *, #6615, .T. ) ;
#4455 = CARTESIAN_POINT ( 'NONE',  ( 0.006364247707806905928, 0.005261878923694028598, 2.521262913132646145E-06 ) ) ;
#4456 = CARTESIAN_POINT ( 'NONE',  ( -0.1300000000000000877, 0.005127331716599461790, 0.01208255149432802336 ) ) ;
#4457 = CARTESIAN_POINT ( 'NONE',  ( 0.1195758777896872432, 0.008543278431614158980, -0.003192846700223780053 ) ) ;
#4458 = CARTESIAN_POINT ( 'NONE',  ( -0.001564586398022328175, 0.001049741728792179252, 0.006058630228154575706 ) ) ;
#4459 = ORIENTED_EDGE ( 'NONE', *, *, #3154, .T. ) ;
#4460 = CARTESIAN_POINT ( 'NONE',  ( -0.002279164603028865747, 0.01079403649285994894, 0.0007940727562037429039 ) ) ;
#4461 = CARTESIAN_POINT ( 'NONE',  ( -0.002617643731100423917, 0.009921677486248742933, 0.0009879103181665693095 ) ) ;
#4462 = CARTESIAN_POINT ( 'NONE',  ( -0.001580715564777611729, 0.0007807019547492792750, 0.006086899127383423036 ) ) ;
#4463 = CARTESIAN_POINT ( 'NONE',  ( -0.002931387034915670323, 0.01121659166278491000, -0.001558561301713590067 ) ) ;
#4464 = CARTESIAN_POINT ( 'NONE',  ( -0.001431680676413782903, 0.002331647672120191160, -0.0002540000000000002651 ) ) ;
#4465 = CARTESIAN_POINT ( 'NONE',  ( 0.004564415487621186103, 0.001997526599959736308, -0.004279117558909927704 ) ) ;
#4466 = CARTESIAN_POINT ( 'NONE',  ( -0.1300290174920667452, 0.005573207497427502127, 0.009350698320869335611 ) ) ;
#4467 = CIRCLE ( 'NONE', #6494, 0.002412999999999997612 ) ;
#4468 = CARTESIAN_POINT ( 'NONE',  ( 0.003766811175434085779, 0.001404625304631552029, -0.005060319944885816046 ) ) ;
#4469 = CARTESIAN_POINT ( 'NONE',  ( 0.001883392732335010351, 0.0008389909913771143686, -0.005967951965067540623 ) ) ;
#4470 = CARTESIAN_POINT ( 'NONE',  ( 3.000384657911015166E-19, 0.01000000000000000021, -0.002449999999999999921 ) ) ;
#4471 = CARTESIAN_POINT ( 'NONE',  ( 0.003276254495732973913, 0.009164988226325970766, -0.0002061681002913330813 ) ) ;
#4472 = CARTESIAN_POINT ( 'NONE',  ( 0.000000000000000000, 0.006985000000000001624, 0.000000000000000000 ) ) ;
#4473 = CARTESIAN_POINT ( 'NONE',  ( 0.000000000000000000, 0.001015999999999999976, 0.000000000000000000 ) ) ;
#4474 = CARTESIAN_POINT ( 'NONE',  ( -0.003052414416928076520, 0.01187199557083553486, -0.0003340216840388472589 ) ) ;
#4475 = EDGE_CURVE ( 'NONE', #3742, #5293, #5358, .T. ) ;
#4476 = CARTESIAN_POINT ( 'NONE',  ( 0.002604233143416076826, 0.009940861168971061590, 0.0009925854743908562802 ) ) ;
#4477 = ORIENTED_EDGE ( 'NONE', *, *, #1890, .T. ) ;
#4478 = CARTESIAN_POINT ( 'NONE',  ( -0.002383906786629084659, 0.01033488302020880642, -0.001000975064616756042 ) ) ;
#4479 = CARTESIAN_POINT ( 'NONE',  ( -0.002318127901141908177, 0.01111609540494473171, 0.0003439207158646785168 ) ) ;
#4480 = CARTESIAN_POINT ( 'NONE',  ( -0.002552636668894320195, 0.009144159119497565283, 0.0001344024305930432820 ) ) ;
#4481 = CARTESIAN_POINT ( 'NONE',  ( 0.004033987541208867815, 0.008937576761717943089, 0.0003011683938723540982 ) ) ;
#4482 = DIRECTION ( 'NONE',  ( 0.000000000000000000, 0.000000000000000000, 1.000000000000000000 ) ) ;
#4483 = CARTESIAN_POINT ( 'NONE',  ( -0.01347810280377086806, 0.008160081109167402133, -0.004326133056389704773 ) ) ;
#4484 = CARTESIAN_POINT ( 'NONE',  ( -0.002334938252973350978, 0.01117375026059693258, -7.585950703594508335E-05 ) ) ;
#4485 = CARTESIAN_POINT ( 'NONE',  ( 0.002945526172376278142, 0.01100298930002124517, 0.001692565386554956489 ) ) ;
#4486 = VERTEX_POINT ( 'NONE', #1331 ) ;
#4487 = CARTESIAN_POINT ( 'NONE',  ( 0.000000000000000000, 9.999999999999939493E-05, 0.000000000000000000 ) ) ;
#4488 = FACE_OUTER_BOUND ( 'NONE', #1253, .T. ) ;
#4489 = ORIENTED_EDGE ( 'NONE', *, *, #5837, .F. ) ;
#4490 = CARTESIAN_POINT ( 'NONE',  ( 0.002691526639983348075, 0.009819976801599286306, -0.0009575392505497848936 ) ) ;
#4491 = CARTESIAN_POINT ( 'NONE',  ( 0.1233817069328826399, 0.007994853728764579615, -0.004501824608165886331 ) ) ;
#4492 = CARTESIAN_POINT ( 'NONE',  ( -0.006250197231605178483, 0.005320802884494267235, -0.0002527904972208448709 ) ) ;
#4493 = EDGE_LOOP ( 'NONE', ( #5862, #4572 ) ) ;
#4494 = CARTESIAN_POINT ( 'NONE',  ( -0.002289266738347702727, 0.01097489180290836010, 0.0006077887586816685438 ) ) ;
#4495 = CARTESIAN_POINT ( 'NONE',  ( -0.003053199788614003023, 0.009394555355038882588, 0.0006684716832466133839 ) ) ;
#4496 = AXIS2_PLACEMENT_3D ( 'NONE', #2003, #6789, #3039 ) ;
#4497 = CARTESIAN_POINT ( 'NONE',  ( -0.003036728079110046462, 0.01182935867984995226, 0.0005598126942331020216 ) ) ;
#4498 = LINE ( 'NONE', #1832, #6751 ) ;
#4499 = CARTESIAN_POINT ( 'NONE',  ( 0.005225001978863470266, 0.002401934752375902565, -0.003695622737893842786 ) ) ;
#4500 = CARTESIAN_POINT ( 'NONE',  ( -0.1303801669854830481, 0.005357410619555504072, 0.009939845850162505603 ) ) ;
#4501 = MECHANICAL_DESIGN_GEOMETRIC_PRESENTATION_REPRESENTATION (  '', ( #867 ), #1537 ) ;
#4502 = CARTESIAN_POINT ( 'NONE',  ( 0.002884438135928730530, 0.005587999999999999218, -0.0002540000000000002109 ) ) ;
#4503 = CARTESIAN_POINT ( 'NONE',  ( -0.002285627938665137950, 0.01094429107536779369, 0.0006459592386765530088 ) ) ;
#4504 = DIRECTION ( 'NONE',  ( 0.000000000000000000, 1.000000000000000000, 0.000000000000000000 ) ) ;
#4505 = CARTESIAN_POINT ( 'NONE',  ( 0.002312038967899692887, 0.01109231967837226614, -0.0004041523174360616105 ) ) ;
#4506 = CARTESIAN_POINT ( 'NONE',  ( 0.004379991594527862450, 0.001699275456554631865, -0.004671122133219511585 ) ) ;
#4507 = CARTESIAN_POINT ( 'NONE',  ( -0.003986613849087775746, 0.008997762482430620920, -0.0005814881710396251849 ) ) ;
#4508 = EDGE_CURVE ( 'NONE', #2957, #5239, #266, .T. ) ;
#4509 = PLANE ( 'NONE',  #2476 ) ;
#4510 = CARTESIAN_POINT ( 'NONE',  ( -0.003022696604370085725, 0.01178822923628067634, -0.0007037934438734000332 ) ) ;
#4511 = CARTESIAN_POINT ( 'NONE',  ( 0.002388695566155867988, 0.01032358573225846017, 0.001002884658607794497 ) ) ;
#4512 = VERTEX_POINT ( 'NONE', #2400 ) ;
#4513 = PRODUCT_DEFINITION_FORMATION_WITH_SPECIFIED_SOURCE ( 'ANY', '', #1507, .NOT_KNOWN. ) ;
#4514 = CARTESIAN_POINT ( 'NONE',  ( -0.003142680561733312769, 0.009300459540263412636, -0.0005417067454590216401 ) ) ;
#4515 = CARTESIAN_POINT ( 'NONE',  ( 0.000000000000000000, 0.000000000000000000, 0.000000000000000000 ) ) ;
#4516 = CARTESIAN_POINT ( 'NONE',  ( -0.002504049794147753579, 0.009272037137915852684, -0.0005114036125271305888 ) ) ;
#4517 = FACE_OUTER_BOUND ( 'NONE', #3503, .T. ) ;
#4518 = CARTESIAN_POINT ( 'NONE',  ( 0.003079821547884172440, 0.01047714226085739130, 0.001823178998851111149 ) ) ;
#4519 = CARTESIAN_POINT ( 'NONE',  ( 0.002304851333874056562, 0.01106115267240508765, -0.0004692966480402546649 ) ) ;
#4520 = CARTESIAN_POINT ( 'NONE',  ( -0.05783100626359128499, 0.01011232771612476967, -0.003864416975177504144 ) ) ;
#4521 = CARTESIAN_POINT ( 'NONE',  ( -0.002332038241729824345, 0.01047785809722040842, 0.0009651474064688095322 ) ) ;
#4522 = CIRCLE ( 'NONE', #1447, 0.001427271232876712410 ) ;
#4523 = CIRCLE ( 'NONE', #6891, 0.001427271232876712410 ) ;
#4524 = CARTESIAN_POINT ( 'NONE',  ( 0.003596086380520016178, 0.009528977834569598432, 0.001450465852538120135 ) ) ;
#4525 = EDGE_CURVE ( 'NONE', #5198, #6075, #876, .T. ) ;
#4526 = EDGE_LOOP ( 'NONE', ( #5906, #3069, #6616 ) ) ;
#4527 = CARTESIAN_POINT ( 'NONE',  ( -0.004631615120819095564, 0.008031864869414852282, -0.004196503469866302849 ) ) ;
#4528 = CARTESIAN_POINT ( 'NONE',  ( -0.06650994533263811237, 0.01047777061362243148, -0.004315580539924353774 ) ) ;
#4529 = DIRECTION ( 'NONE',  ( 0.000000000000000000, 1.000000000000000000, 0.000000000000000000 ) ) ;
#4530 = VECTOR ( 'NONE', #556, 1.000000000000000000 ) ;
#4531 = CARTESIAN_POINT ( 'NONE',  ( 0.1275287177597464183, 0.007459156864634954552, -0.004655235930077462718 ) ) ;
#4532 = CARTESIAN_POINT ( 'NONE',  ( -0.004163096124201306168, 0.001729185115250853185, 0.004671032361012984573 ) ) ;
#4533 = ORIENTED_EDGE ( 'NONE', *, *, #1691, .T. ) ;
#4534 = CARTESIAN_POINT ( 'NONE',  ( -0.002286162098990021912, 0.01069511746813359317, 0.0008638341485175596432 ) ) ;
#4535 = CARTESIAN_POINT ( 'NONE',  ( -0.002480766660393904192, 0.01013817476883201694, 0.001016000000000049849 ) ) ;
#4536 = CARTESIAN_POINT ( 'NONE',  ( -0.003321994628573299736, 0.001196019714921351491, 0.005343798432004607732 ) ) ;
#4537 = EDGE_CURVE ( 'NONE', #6758, #2708, #754, .T. ) ;
#4538 =( REPRESENTATION_RELATIONSHIP ('NONE','NONE', #1770, #3472 ) REPRESENTATION_RELATIONSHIP_WITH_TRANSFORMATION ( #2172 )SHAPE_REPRESENTATION_RELATIONSHIP( ) );
#4539 = CARTESIAN_POINT ( 'NONE',  ( 0.000000000000000000, 0.006985000000000000757, 0.000000000000000000 ) ) ;
#4540 = CARTESIAN_POINT ( 'NONE',  ( 0.0002539999999999993435, 0.005588000000000000085, 0.005080000000000000314 ) ) ;
#4541 = B_SPLINE_CURVE_WITH_KNOTS ( 'NONE', 3,
 ( #228, #4594, #1894, #6216, #1358, #822, #6349, #3271, #2695, #4326, #1488, #1619, #522, #4850, #4729, #3669, #5256, #7011, #30, #6884, #1095, #5423, #5822, #2157, #4200, #559, #6478, #3234, #2195, #5387, #960, #394, #3798, #4361 ),
 .UNSPECIFIED., .F., .F.,
 ( 4, 2, 2, 2, 2, 2, 2, 2, 2, 2, 2, 2, 2, 2, 2, 2, 4 ),
 ( 0.003171851149140990193, 0.02895122199405838342, 0.05473059283897577232, 0.1062893345288109387, 0.1320687053737284733, 0.1449583907961872753, 0.1578480762186460773, 0.1836274470635636813, 0.1965171324860224833, 0.2094068179084812853, 0.2222965033309400595, 0.2351861887533988338, 0.2609655595983168541, 0.3125243012881527838, 0.3640830429779887689, 0.3898624138229068725, 0.4156417846678248651 ),
 .UNSPECIFIED. ) ;
#4542 = CARTESIAN_POINT ( 'NONE',  ( -0.1300657585583106790, 0.005837583594273734744, 0.009103313859634969141 ) ) ;
#4543 = CARTESIAN_POINT ( 'NONE',  ( 0.003233034625505884149, 0.01012552552587453643, 0.001788710129256501115 ) ) ;
#4544 = LINE ( 'NONE', #2405, #1678 ) ;
#4545 = DIRECTION ( 'NONE',  ( 0.000000000000000000, 0.000000000000000000, -1.000000000000000000 ) ) ;
#4546 = CARTESIAN_POINT ( 'NONE',  ( -0.002884438135928730530, 0.005587999999999999218, 0.0002539999999999998856 ) ) ;
#4547 = CARTESIAN_POINT ( 'NONE',  ( 0.002292816168224906699, 0.01064482126106792818, 0.0008935249729611063549 ) ) ;
#4548 = CARTESIAN_POINT ( 'NONE',  ( -0.005918200000000022748, 0.01016000000000000583, -0.001015999999999999976 ) ) ;
#4549 = CARTESIAN_POINT ( 'NONE',  ( 0.003017378525701177715, 0.009433146201250802373, 0.0007102759878547512456 ) ) ;
#4550 = CARTESIAN_POINT ( 'NONE',  ( -0.002934576450814281243, 0.01133513701912799813, 0.001456753681154358045 ) ) ;
#4551 = CARTESIAN_POINT ( 'NONE',  ( 0.002280842956579681724, 0.01089215495032680621, 0.0007052642387394209619 ) ) ;
#4552 = CARTESIAN_POINT ( 'NONE',  ( -0.004459048949732613912, 0.007771694378536836423, -0.004379432541345721665 ) ) ;
#4553 = CARTESIAN_POINT ( 'NONE',  ( 0.002280280344811709981, 0.01087944761540662192, -0.0007176039575505964658 ) ) ;
#4554 = CARTESIAN_POINT ( 'NONE',  ( 0.1300000000000001155, 0.005612429250701393181, -0.009265824011768650920 ) ) ;
#4555 = CARTESIAN_POINT ( 'NONE',  ( 0.000000000000000000, 0.006959600000000000682, 0.000000000000000000 ) ) ;
#4556 = CARTESIAN_POINT ( 'NONE',  ( 0.003026888055851604739, 0.01180079998830271641, 0.0006629131151232735449 ) ) ;
#4557 = CARTESIAN_POINT ( 'NONE',  ( 0.002278841617977522219, 0.01083930614435696035, -0.0007559174249791564054 ) ) ;
#4558 = CARTESIAN_POINT ( 'NONE',  ( -0.002333023789208068730, 0.01116765639922990237, 0.0001311012882987551800 ) ) ;
#4559 = CARTESIAN_POINT ( 'NONE',  ( 0.002983389798523935696, 0.01165215941846946095, -0.001030534262619670419 ) ) ;
#4560 = EDGE_LOOP ( 'NONE', ( #4806, #761, #4706, #401 ) ) ;
#4561 = CARTESIAN_POINT ( 'NONE',  ( -0.006051082469286248912, 0.007102932192692157538, -0.001588317604756929761 ) ) ;
#4562 = CARTESIAN_POINT ( 'NONE',  ( 0.003170669955530824695, 0.01025934996939822409, -0.001810384220476812757 ) ) ;
#4563 = CARTESIAN_POINT ( 'NONE',  ( -0.02297305825785933911, -6.618838861039471537E-05, 0.006358794152084376421 ) ) ;
#4564 = CARTESIAN_POINT ( 'NONE',  ( 0.002450360099324067151, 0.01019371271935037675, -0.001015966471353915409 ) ) ;
#4565 = CARTESIAN_POINT ( 'NONE',  ( 0.1302285874157831369, 0.005686698313848553496, -0.008720605644542555809 ) ) ;
#4566 = CARTESIAN_POINT ( 'NONE',  ( -0.004081447384341919601, 0.001515191405415709184, 0.004946289555424370106 ) ) ;
#4567 = VERTEX_POINT ( 'NONE', #2864 ) ;
#4568 = CARTESIAN_POINT ( 'NONE',  ( -0.002332274874134798465, 0.01116524912538825395, 0.0001484423130363730946 ) ) ;
#4569 = CARTESIAN_POINT ( 'NONE',  ( -0.002661627309222886189, 0.009860176565447801439, 0.0009709980290407748196 ) ) ;
#4570 = EDGE_CURVE ( 'NONE', #620, #866, #6188, .T. ) ;
#4571 = CARTESIAN_POINT ( 'NONE',  ( -0.001451138256679907184, 0.000000000000000000, -0.0002540000000000002651 ) ) ;
#4572 = ORIENTED_EDGE ( 'NONE', *, *, #1176, .F. ) ;
#4573 = CARTESIAN_POINT ( 'NONE',  ( 0.006215541996872534815, 0.004639169071282199172, -0.0008418062857844686372 ) ) ;
#4574 = CARTESIAN_POINT ( 'NONE',  ( -0.1301339208263220804, 0.005744880682577918618, 0.009265322193599974041 ) ) ;
#4575 = LINE ( 'NONE', #2509, #4661 ) ;
#4576 = CARTESIAN_POINT ( 'NONE',  ( 0.002323978452039379434, 0.01015999999999832142, 0.001016000000007534097 ) ) ;
#4577 = CARTESIAN_POINT ( 'NONE',  ( -0.003075424107654293245, 0.01048787753045566165, 0.001823624347193772898 ) ) ;
#4578 = CARTESIAN_POINT ( 'NONE',  ( -1.204485184444895089E-17, 0.01015018309780834661, 0.000000000000000000 ) ) ;
#4579 = LINE ( 'NONE', #3377, #6837 ) ;
#4580 = CARTESIAN_POINT ( 'NONE',  ( 0.002325635624244155007, 0.01114310973439833728, 0.0002570121951512625391 ) ) ;
#4581 = DIRECTION ( 'NONE',  ( -0.000000000000000000, 1.000000000000000000, -0.000000000000000000 ) ) ;
#4582 = CARTESIAN_POINT ( 'NONE',  ( -0.004631615120819139800, 0.008031864869414860955, -0.004196503469866258614 ) ) ;
#4583 = CARTESIAN_POINT ( 'NONE',  ( -0.002931521853666893985, 0.01125389639158021725, 0.001528927921345487988 ) ) ;
#4584 = CARTESIAN_POINT ( 'NONE',  ( 0.002291762254253201531, 0.01099080452922531793, 0.0005850816206410799697 ) ) ;
#4585 = CARTESIAN_POINT ( 'NONE',  ( 0.05134619753703958955, 0.009890228948039266055, 0.003903868458529572826 ) ) ;
#4586 = CARTESIAN_POINT ( 'NONE',  ( 0.005006760630008789785, 0.007537957768150431795, 0.003791545655452566686 ) ) ;
#4587 = CARTESIAN_POINT ( 'NONE',  ( 0.003017565602440582927, 0.01177243806575488036, 0.0007514376982240019267 ) ) ;
#4588 = CARTESIAN_POINT ( 'NONE',  ( -9.896207414363052682E-31, 0.01149665802481590268, 0.000000000000000000 ) ) ;
#4589 = EDGE_CURVE ( 'NONE', #3295, #6032, #5593, .T. ) ;
#4590 = CARTESIAN_POINT ( 'NONE',  ( -0.002278609285935504457, 0.01083394203675157666, 0.0007610845002764947973 ) ) ;
#4591 = EDGE_CURVE ( 'NONE', #434, #4946, #296, .T. ) ;
#4592 = CARTESIAN_POINT ( 'NONE',  ( 0.003017565602440582927, 0.01177243806575488036, 0.0007514376982240019267 ) ) ;
#4593 = ORIENTED_EDGE ( 'NONE', *, *, #4090, .F. ) ;
#4594 = CARTESIAN_POINT ( 'NONE',  ( -0.003841155028356686100, 0.009187218856661070673, -0.001030668155010006125 ) ) ;
#4595 = CARTESIAN_POINT ( 'NONE',  ( -0.002884438135928730530, 0.005587999999999999218, -0.0002540000000000004277 ) ) ;
#4596 = CARTESIAN_POINT ( 'NONE',  ( 0.1297009918042191789, 0.005971814258426766733, -0.008439679131361522632 ) ) ;
#4597 = ORIENTED_EDGE ( 'NONE', *, *, #6024, .T. ) ;
#4598 = CARTESIAN_POINT ( 'NONE',  ( -0.003213151457615026196, 0.009228305882015407774, 0.0004055649893833238799 ) ) ;
#4599 = PLANE ( 'NONE',  #550 ) ;
#4600 = VERTEX_POINT ( 'NONE', #5628 ) ;
#4601 = DIRECTION ( 'NONE',  ( -0.000000000000000000, -1.000000000000000000, -0.000000000000000000 ) ) ;
#4602 = ORIENTED_EDGE ( 'NONE', *, *, #347, .F. ) ;
#4603 = CARTESIAN_POINT ( 'NONE',  ( 0.03069409596347977970, 0.008932087228338957130, 0.004181214073675621964 ) ) ;
#4604 = CARTESIAN_POINT ( 'NONE',  ( 0.006352526930861104176, 0.005402059976294251893, 0.0001985845648207101356 ) ) ;
#4605 = CARTESIAN_POINT ( 'NONE',  ( -0.1302212324095474716, 0.005551676276571258263, 0.009067324510150775660 ) ) ;
#4606 = ADVANCED_FACE ( 'NONE', ( #2435, #2901 ), #6692, .T. ) ;
#4607 = AXIS2_PLACEMENT_3D ( 'NONE', #5322, #2638, #464 ) ;
#4608 = EDGE_CURVE ( 'NONE', #1116, #620, #2935, .T. ) ;
#4609 = CARTESIAN_POINT ( 'NONE',  ( 0.002341819305917652513, 0.01015018309780834661, 0.001015952571939930400 ) ) ;
#4610 = CARTESIAN_POINT ( 'NONE',  ( -0.003093680671378893580, 0.01044021572355649345, 0.001824057035460136585 ) ) ;
#4611 = FACE_BOUND ( 'NONE', #5207, .T. ) ;
#4612 = CARTESIAN_POINT ( 'NONE',  ( 0.002284863800354713752, 0.01070412692447362570, 0.0008586992225888723414 ) ) ;
#4613 = CARTESIAN_POINT ( 'NONE',  ( -0.01531702997014208756, 0.007680334584284270738, -0.003376848154206911999 ) ) ;
#4614 = CARTESIAN_POINT ( 'NONE',  ( 0.003273576272827590210, 0.009167632441906442206, 0.0002236264006299496150 ) ) ;
#4615 = CARTESIAN_POINT ( 'NONE',  ( -0.002991490219924914946, 0.01075807880326930949, -0.001784535761075076296 ) ) ;
#4616 = CARTESIAN_POINT ( 'NONE',  ( 0.002284913582704437181, 0.01093802078084117960, 0.0006536346421965395954 ) ) ;
#4617 = CARTESIAN_POINT ( 'NONE',  ( 0.002286753490854169686, 0.01069013961626395781, -0.0008668948656510378284 ) ) ;
#4618 = CARTESIAN_POINT ( 'NONE',  ( 0.1298871850427480990, 0.005773530768025468551, -0.008887030568783402945 ) ) ;
#4619 = CARTESIAN_POINT ( 'NONE',  ( -0.002848238112396214196, 0.009624363766265816786, -0.0008633447713876242881 ) ) ;
#4621 = AXIS2_PLACEMENT_3D ( 'NONE', #823, #5112, #6852 ) ;
#4620 = CARTESIAN_POINT ( 'NONE',  ( 0.003004115126445059628, 0.01172863472550510905, -0.0008672088005478304547 ) ) ;
#4622 = CARTESIAN_POINT ( 'NONE',  ( 0.002299243969010193560, 0.01103375222784552974, -0.0005184832845551608227 ) ) ;
#4623 = CARTESIAN_POINT ( 'NONE',  ( -0.003231899909131461836, 0.009209374488890078800, 0.0003589574262433802444 ) ) ;
#4624 = EDGE_CURVE ( 'NONE', #1526, #684, #6403, .T. ) ;
#4625 = CARTESIAN_POINT ( 'NONE',  ( 0.003060909579763935757, 0.01189397556754980163, 9.723316666656058017E-05 ) ) ;
#4626 = ORIENTED_EDGE ( 'NONE', *, *, #5550, .T. ) ;
#4627 = CARTESIAN_POINT ( 'NONE',  ( -0.002938792441094059682, 0.01139363593031395352, 0.001398616433646911877 ) ) ;
#4628 = CARTESIAN_POINT ( 'NONE',  ( 0.002977743689719865132, 0.01081569996580544930, -0.001768499766574748323 ) ) ;
#4629 = CARTESIAN_POINT ( 'NONE',  ( -0.01934212813362070488, 0.007912688306718316730, -0.003077483300283479287 ) ) ;
#4630 = CARTESIAN_POINT ( 'NONE',  ( 0.1302529390945683929, 0.005702267121863574366, -0.008650864360874093925 ) ) ;
#4631 = CARTESIAN_POINT ( 'NONE',  ( 0.002323978452039379434, 0.01015999999999832142, -0.001016000000007534097 ) ) ;
#4632 = AXIS2_PLACEMENT_3D ( 'NONE', #2641, #2607, #6987 ) ;
#4633 = ORIENTED_EDGE ( 'NONE', *, *, #3177, .T. ) ;
#4634 = CARTESIAN_POINT ( 'NONE',  ( -0.002676360484146426966, 0.009840258634274071797, 0.0009645017940127353223 ) ) ;
#4635 =( NAMED_UNIT ( * ) PLANE_ANGLE_UNIT ( ) SI_UNIT ( $, .RADIAN. ) );
#4636 = ORIENTED_EDGE ( 'NONE', *, *, #5428, .T. ) ;
#4637 = CONICAL_SURFACE ( 'NONE', #3621, 0.002552700000000010169, 1.029744258676654090 ) ;
#4638 = ORIENTED_EDGE ( 'NONE', *, *, #845, .F. ) ;
#4639 = CARTESIAN_POINT ( 'NONE',  ( 0.04149051722891886756, 0.009580515162103248744, 0.004474104547181641592 ) ) ;
#4640 = CARTESIAN_POINT ( 'NONE',  ( 0.005336986972679987062, 0.007310105800622351303, 0.003301017783445267702 ) ) ;
#4641 = CARTESIAN_POINT ( 'NONE',  ( -0.004599346396370654864, 0.007752148113267008124, -0.004312476291059512412 ) ) ;
#4642 = PLANE ( 'NONE',  #3190 ) ;
#4643 = CARTESIAN_POINT ( 'NONE',  ( 0.0002539999999999998856, 0.000000000000000000, -0.003954250593981113726 ) ) ;
#4644 = CARTESIAN_POINT ( 'NONE',  ( 0.0002540000000000000482, 0.002331647672120191160, -0.001431680676413782903 ) ) ;
#4645 = CARTESIAN_POINT ( 'NONE',  ( 0.002333542113244790363, 0.01116932440896879590, -0.0001214286181772172640 ) ) ;
#4646 = CARTESIAN_POINT ( 'NONE',  ( -0.1106203406749136503, 0.009432547708594321567, -1.220893058206798994E-05 ) ) ;
#4647 = EDGE_CURVE ( 'NONE', #2108, #3742, #5165, .T. ) ;
#4648 = CARTESIAN_POINT ( 'NONE',  ( -0.02734625492340249722, 0.008178868862865448092, -0.003099678945947850241 ) ) ;
#4649 = B_SPLINE_CURVE_WITH_KNOTS ( 'NONE', 3,
 ( #6331, #2074, #4810, #5839, #2042, #374, #3151, #1013, #4246, #1540 ),
 .UNSPECIFIED., .F., .F.,
 ( 4, 3, 3, 4 ),
 ( 0.01291021206184760767, 0.01361370798805195542, 0.01652461958139217132, 0.01849840678158934382 ),
 .UNSPECIFIED. ) ;
#4650 = CARTESIAN_POINT ( 'NONE',  ( 0.003282533819927686749, 0.009158735744470396234, -0.0001796238830940419414 ) ) ;
#4651 = CARTESIAN_POINT ( 'NONE',  ( -0.003472512988068766210, 0.009716298603287945590, -0.001595876565800931910 ) ) ;
#4652 = CARTESIAN_POINT ( 'NONE',  ( 0.002283779814145799059, 0.01092680193773558697, 0.0006667599719423904529 ) ) ;
#4653 = CARTESIAN_POINT ( 'NONE',  ( 0.03933763198723654736, 0.009178626029075820369, 0.003554677181208954970 ) ) ;
#4654 = CARTESIAN_POINT ( 'NONE',  ( 0.002031999999999998217, 0.01168399999999999994, 2.488482295867424750E-19 ) ) ;
#4655 = CARTESIAN_POINT ( 'NONE',  ( 0.003059548658620893976, 0.01189052847455867278, 0.0001614629879152143087 ) ) ;
#4656 = CARTESIAN_POINT ( 'NONE',  ( 0.002320462560165568143, 0.01112474975254927438, 0.0003188294307966811169 ) ) ;
#4657 = CARTESIAN_POINT ( 'NONE',  ( -0.002632874532014933301, 0.009899876944562725073, 0.0009826294927504737250 ) ) ;
#4658 = CARTESIAN_POINT ( 'NONE',  ( 0.002942822147794063765, 0.01102586199465124990, -0.001680832336390393781 ) ) ;
#4659 = ORIENTED_EDGE ( 'NONE', *, *, #203, .F. ) ;
#4660 = CARTESIAN_POINT ( 'NONE',  ( -0.002944096468215282730, 0.01101123215058540800, 0.001689253739045311863 ) ) ;
#4661 = VECTOR ( 'NONE', #3078, 1.000000000000000000 ) ;
#4662 = CARTESIAN_POINT ( 'NONE',  ( -0.002984768004972240124, 0.01165744438736282355, 0.001019921441481188001 ) ) ;
#4663 = DIRECTION ( 'NONE',  ( 1.000000000000000000, 0.000000000000000000, 1.123292760552739875E-17 ) ) ;
#4664 = CARTESIAN_POINT ( 'NONE',  ( 0.1298842144897088546, 0.005775843247328579615, -0.008882671684979930385 ) ) ;
#4665 = CARTESIAN_POINT ( 'NONE',  ( -0.002031999999999999952, 0.01168400000000000341, 0.000000000000000000 ) ) ;
#4666 = EDGE_LOOP ( 'NONE', ( #5230, #1422, #6002, #1457 ) ) ;
#4667 = APPLICATION_CONTEXT ( 'automotive_design' ) ;
#4668 = CARTESIAN_POINT ( 'NONE',  ( -0.003294370596442086716, 0.009147014388843797625, -8.010631814595174400E-05 ) ) ;
#4669 =( NAMED_UNIT ( * ) SI_UNIT ( $, .STERADIAN. ) SOLID_ANGLE_UNIT ( ) );
#4670 = ORIENTED_EDGE ( 'NONE', *, *, #6689, .F. ) ;
#4671 =( NAMED_UNIT ( * ) PLANE_ANGLE_UNIT ( ) SI_UNIT ( $, .RADIAN. ) );
#4672 = VERTEX_POINT ( 'NONE', #939 ) ;
#4673 = CARTESIAN_POINT ( 'NONE',  ( 0.03754589988541304907, 0.009030732541776630151, 0.003466627350739081345 ) ) ;
#4674 = CARTESIAN_POINT ( 'NONE',  ( 0.002282801502190037052, 0.01091525291771103766, 0.0006795947544595774392 ) ) ;
#4675 = CARTESIAN_POINT ( 'NONE',  ( -3.685336118981497499E-17, 0.001808205287965906124, 0.005277611078687013263 ) ) ;
#4676 = CARTESIAN_POINT ( 'NONE',  ( 0.0002539999999999999940, 0.000000000000000000, 0.0002539999999999998856 ) ) ;
#4677 = CARTESIAN_POINT ( 'NONE',  ( -0.002032000000000003422, 0.01447799999999999955, 0.000000000000000000 ) ) ;
#4678 = DIRECTION ( 'NONE',  ( 1.224646799147353207E-16, -1.161471595079409288E-31, -1.000000000000000000 ) ) ;
#4679 = CARTESIAN_POINT ( 'NONE',  ( -0.002468811874218818873, 0.01015999986950846465, 0.001015999683797368623 ) ) ;
#4680 = ORIENTED_EDGE ( 'NONE', *, *, #2573, .T. ) ;
#4681 = CARTESIAN_POINT ( 'NONE',  ( -0.1246173535202341337, 0.008047351535686680241, 0.003350832445016543783 ) ) ;
#4682 = CARTESIAN_POINT ( 'NONE',  ( -0.1033214329496922740, 0.009630705179728625900, -0.0002615508340101226699 ) ) ;
#4683 = CARTESIAN_POINT ( 'NONE',  ( -0.005603989266151986927, 0.003487362976458283515, 0.002778118691576684368 ) ) ;
#4684 = CARTESIAN_POINT ( 'NONE',  ( -0.003649289105995176617, 0.009451741357236665211, -0.001377116157819969827 ) ) ;
#4685 = CARTESIAN_POINT ( 'NONE',  ( 0.002294934316231283990, 0.01101029609522132316, -0.0005563713726492355285 ) ) ;
#4686 = CARTESIAN_POINT ( 'NONE',  ( 0.004636094515485660560, 0.007939092956796713063, 0.004191559632164575111 ) ) ;
#4687 = CARTESIAN_POINT ( 'NONE',  ( -0.002642911524170885908, 0.009886110016840341658, -0.0009784548575039752911 ) ) ;
#4688 = CARTESIAN_POINT ( 'NONE',  ( 0.003148739835554050653, 0.009294179350893926397, -0.0005318587023707323919 ) ) ;
#4689 = AXIS2_PLACEMENT_3D ( 'NONE', #5068, #1248, #5000 ) ;
#4690 = FACE_OUTER_BOUND ( 'NONE', #2053, .T. ) ;
#4691 = CARTESIAN_POINT ( 'NONE',  ( -0.003083865514015733927, 0.009361925814305390586, 0.0006295646436630680408 ) ) ;
#4692 = VECTOR ( 'NONE', #1062, 1.000000000000000000 ) ;
#4693 = CARTESIAN_POINT ( 'NONE',  ( 0.003054803795946385656, 0.01187831008038043798, -0.0002909386609007295682 ) ) ;
#4694 = VERTEX_POINT ( 'NONE', #3001 ) ;
#4695 = CARTESIAN_POINT ( 'NONE',  ( -0.003013079195718223417, 0.01175823841726152293, -0.0007913301563083651510 ) ) ;
#4696 = EDGE_CURVE ( 'NONE', #6491, #4971, #6642, .T. ) ;
#4697 = CARTESIAN_POINT ( 'NONE',  ( 0.000000000000000000, 0.01000000000000000021, 0.002449999999999999921 ) ) ;
#4698 = CARTESIAN_POINT ( 'NONE',  ( 0.003224297748252635300, 0.01014994995682690082, -0.001786791159980029688 ) ) ;
#4699 = CARTESIAN_POINT ( 'NONE',  ( 0.1302182344068194553, 0.005651675541496744247, -0.008825606301020713293 ) ) ;
#4700 = CARTESIAN_POINT ( 'NONE',  ( -0.004379991594527829490, 0.001699275456554631865, 0.004671122133219541943 ) ) ;
#4701 = ORIENTED_EDGE ( 'NONE', *, *, #10, .T. ) ;
#4702 = CARTESIAN_POINT ( 'NONE',  ( -0.003137223079854329060, 0.009306070366613355613, 0.0005514714017243256723 ) ) ;
#4703 =( LENGTH_UNIT ( ) NAMED_UNIT ( * ) SI_UNIT ( $, .METRE. ) );
#4704 = APPLICATION_CONTEXT ( 'automotive_design' ) ;
#4705 = CARTESIAN_POINT ( 'NONE',  ( 0.000000000000000000, 0.005588000000000000085, 0.000000000000000000 ) ) ;
#4706 = ORIENTED_EDGE ( 'NONE', *, *, #5313, .F. ) ;
#4707 = CARTESIAN_POINT ( 'NONE',  ( 0.001966201644493273740, 0.01103893693194493188, 0.0005207143318886142767 ) ) ;
#4708 = ORIENTED_EDGE ( 'NONE', *, *, #3154, .F. ) ;
#4709 = DIRECTION ( 'NONE',  ( 0.000000000000000000, 0.000000000000000000, 1.000000000000000000 ) ) ;
#4710 = CARTESIAN_POINT ( 'NONE',  ( -0.004643745105021958482, 0.007741020651064428430, -0.004287909438225783257 ) ) ;
#4711 = CARTESIAN_POINT ( 'NONE',  ( 0.05048175232413500135, -0.001498485931086140184, -0.02093825059649095932 ) ) ;
#4712 = EDGE_CURVE ( 'NONE', #1435, #3206, #1879, .T. ) ;
#4713 = CARTESIAN_POINT ( 'NONE',  ( 0.1224801823295602055, 0.008148538367600155485, -0.004143866540001968010 ) ) ;
#4714 = DIRECTION ( 'NONE',  ( -0.000000000000000000, -1.000000000000000000, -0.000000000000000000 ) ) ;
#4715 = CARTESIAN_POINT ( 'NONE',  ( -0.09566744334197976873, 0.01014777149653354506, -0.001281583835029653047 ) ) ;
#4716 = CARTESIAN_POINT ( 'NONE',  ( -0.01798942260867974346, 0.007704549806426183416, -0.003223213923378346821 ) ) ;
#4717 = CARTESIAN_POINT ( 'NONE',  ( -0.006251339335714827319, 0.005766299280284159501, 0.0002066804510772570012 ) ) ;
#4718 = CARTESIAN_POINT ( 'NONE',  ( -0.002974967323375316344, 0.01082941783259516212, -0.001763747030635426675 ) ) ;
#4719 = CARTESIAN_POINT ( 'NONE',  ( 0.002328638207622672589, 0.01048811706891573242, -0.0009621600966625673719 ) ) ;
#4720 = AXIS2_PLACEMENT_3D ( 'NONE', #6395, #2038, #941 ) ;
#4721 = DIRECTION ( 'NONE',  ( 0.000000000000000000, 0.000000000000000000, -1.000000000000000000 ) ) ;
#4722 = CARTESIAN_POINT ( 'NONE',  ( -0.002870830655449099073, 0.009597739277934348376, -0.0008465606371280019402 ) ) ;
#4723 = CARTESIAN_POINT ( 'NONE',  ( 0.003147095710188464821, 0.01031324708887658079, -0.001815645929083589856 ) ) ;
#4724 = CARTESIAN_POINT ( 'NONE',  ( 0.000000000000000000, 0.005080000000000001181, 0.000000000000000000 ) ) ;
#4725 = CARTESIAN_POINT ( 'NONE',  ( -0.002570067766199897897, 0.009991702639085850088, 0.001002454954212248775 ) ) ;
#4726 = CARTESIAN_POINT ( 'NONE',  ( 0.003168306242598018570, 0.01026632458198359354, -0.001809492057636363348 ) ) ;
#4727 = EDGE_LOOP ( 'NONE', ( #2105, #6190, #2181, #1192 ) ) ;
#4728 = CARTESIAN_POINT ( 'NONE',  ( -0.003060044795929984292, 0.01189177250905138448, -0.0001416542201078231449 ) ) ;
#4729 = CARTESIAN_POINT ( 'NONE',  ( -0.003098539182833234644, 0.01042595137498994635, -0.001825309037713609799 ) ) ;
#4730 = CARTESIAN_POINT ( 'NONE',  ( -0.1296066356157276334, 0.006267121974185658854, 0.008254667348128878410 ) ) ;
#4731 = CARTESIAN_POINT ( 'NONE',  ( 0.1299727169105849289, 0.005651184030282660128, -0.009177852336640812680 ) ) ;
#4732 = CARTESIAN_POINT ( 'NONE',  ( -0.003993412512825533778, 0.001518689689732302239, 0.004910165948799659688 ) ) ;
#4733 = ORIENTED_EDGE ( 'NONE', *, *, #6914, .T. ) ;
#4734 = CARTESIAN_POINT ( 'NONE',  ( -0.003270462886354378804, 0.009170744280745192489, -0.0002340693826546654118 ) ) ;
#4735 = EDGE_LOOP ( 'NONE', ( #4670, #6007 ) ) ;
#4736 = ORIENTED_EDGE ( 'NONE', *, *, #6457, .F. ) ;
#4737 = CARTESIAN_POINT ( 'NONE',  ( 0.04563874358433187700, 0.009802592158056434857, 0.003783316297923571773 ) ) ;
#4738 = CARTESIAN_POINT ( 'NONE',  ( 0.03923548659797595345, 0.003713046435310995378, -0.007309626244070830010 ) ) ;
#4739 = CARTESIAN_POINT ( 'NONE',  ( -0.004514681612743758933, 0.007830487271484436185, -0.004358079612984793946 ) ) ;
#4740 = CARTESIAN_POINT ( 'NONE',  ( 7.071893039612263444E-17, 0.002004102643982965271, -0.005063676669939945127 ) ) ;
#4741 = AXIS2_PLACEMENT_3D ( 'NONE', #3585, #1977, #4744 ) ;
#4742 = CONICAL_SURFACE ( 'NONE', #2704, 0.001397000000000000021, 0.008218993007807448223 ) ;
#4743 = DIRECTION ( 'NONE',  ( -0.000000000000000000, 1.000000000000000000, -0.000000000000000000 ) ) ;
#4744 = DIRECTION ( 'NONE',  ( 0.000000000000000000, 0.000000000000000000, 1.000000000000000000 ) ) ;
#4745 = CARTESIAN_POINT ( 'NONE',  ( -0.09566279257858255336, 0.009950181909155994195, -0.001298862058454446598 ) ) ;
#4746 = CARTESIAN_POINT ( 'NONE',  ( 0.004505905274997236941, 0.007689603977296335588, 0.004331347737191621264 ) ) ;
#4747 = PRODUCT ( 'PropellerInv', 'PropellerInv', '', ( #1000 ) ) ;
#4748 = CARTESIAN_POINT ( 'NONE',  ( 0.002680532727605699876, 0.009834647396860929716, -0.0009626229722167551272 ) ) ;
#4749 = FACE_OUTER_BOUND ( 'NONE', #5323, .T. ) ;
#4750 = CARTESIAN_POINT ( 'NONE',  ( -0.003096643499864588141, 0.009348344883843701103, -0.0006127988631908116990 ) ) ;
#4751 = CARTESIAN_POINT ( 'NONE',  ( 0.003061628923136841974, 0.01052681613213525720, -0.001821162303342988616 ) ) ;
#4752 = CARTESIAN_POINT ( 'NONE',  ( 0.002287617362608708720, 0.01096143008174002738, 0.0006248300953703046908 ) ) ;
#4753 = CARTESIAN_POINT ( 'NONE',  ( -0.003184887483900550233, 0.009257046532735633063, 0.0004660543802466002999 ) ) ;
#4754 = CARTESIAN_POINT ( 'NONE',  ( 0.003037132619091726347, 0.01059893632697661396, -0.001814613167507295654 ) ) ;
#4755 = ORIENTED_EDGE ( 'NONE', *, *, #5338, .F. ) ;
#4756 = CARTESIAN_POINT ( 'NONE',  ( -0.003921252684257168358, 0.009082010500807681519, 0.0008175564754672232006 ) ) ;
#4757 = CARTESIAN_POINT ( 'NONE',  ( 0.000000000000000000, 0.02476499999999999882, -0.001783079999999999821 ) ) ;
#4758 = CARTESIAN_POINT ( 'NONE',  ( 0.003850363665560508058, 0.009175157103715079684, -0.001005797687751053054 ) ) ;
#4759 = CARTESIAN_POINT ( 'NONE',  ( -1.204485184444895089E-17, 0.01015018309780834661, 0.000000000000000000 ) ) ;
#4760 = VERTEX_POINT ( 'NONE', #3578 ) ;
#4761 = CARTESIAN_POINT ( 'NONE',  ( 0.004621520227347707989, 0.007745589727365699562, 0.004300290904384650517 ) ) ;
#4762 = DIRECTION ( 'NONE',  ( -0.3800292846449633277, 1.055082414681820584E-15, -0.9249744552214607118 ) ) ;
#4763 = AXIS2_PLACEMENT_3D ( 'NONE', #4995, #2336, #173 ) ;
#4764 = CARTESIAN_POINT ( 'NONE',  ( -0.004497258483076429190, 0.007964252817058686124, -0.004340424600435101657 ) ) ;
#4765 = VERTEX_POINT ( 'NONE', #3649 ) ;
#4766 = CARTESIAN_POINT ( 'NONE',  ( -0.003410352410051800415, 0.009811576685079042778, 0.001662368029385236654 ) ) ;
#4767 = DIRECTION ( 'NONE',  ( 9.484135310589723205E-16, 1.000000000000000000, -0.000000000000000000 ) ) ;
#4768 = ORIENTED_EDGE ( 'NONE', *, *, #1428, .T. ) ;
#4769 = CARTESIAN_POINT ( 'NONE',  ( 0.06599788692395981704, 0.01038740722636136149, 0.004232838275974220091 ) ) ;
#4770 = CARTESIAN_POINT ( 'NONE',  ( 0.03001791880397801718, -0.0004603294020596733049, -0.008862087538973941261 ) ) ;
#4771 = CARTESIAN_POINT ( 'NONE',  ( -0.002306065025374130686, 0.01057674512781317869, -0.0009267570113190478623 ) ) ;
#4772 = CARTESIAN_POINT ( 'NONE',  ( -0.05298978097944345017, -0.001497834492737972140, 0.02201696167599277026 ) ) ;
#4773 = CARTESIAN_POINT ( 'NONE',  ( 0.1300000000000002542, 0.0007819545719724323770, -0.01823623011988563872 ) ) ;
#4774 = EDGE_CURVE ( 'NONE', #5909, #2563, #1429, .T. ) ;
#4775 = CARTESIAN_POINT ( 'NONE',  ( 0.1187030139834247544, 0.008646095503253454009, -0.002939340287473064806 ) ) ;
#4776 = DIRECTION ( 'NONE',  ( -0.000000000000000000, -1.000000000000000000, -0.000000000000000000 ) ) ;
#4777 = CARTESIAN_POINT ( 'NONE',  ( -0.004972360258912181079, 0.002152014742087051801, 0.004030981090179405063 ) ) ;
#4778 = CARTESIAN_POINT ( 'NONE',  ( -0.08758287028371876393, 0.01016837676093151205, -0.002166265980449948777 ) ) ;
#4779 = DIRECTION ( 'NONE',  ( 0.000000000000000000, 0.000000000000000000, 1.000000000000000000 ) ) ;
#4780 = CARTESIAN_POINT ( 'NONE',  ( 0.002355624851305648977, 0.01040716517801884219, -0.0009856212503341300543 ) ) ;
#4781 = CARTESIAN_POINT ( 'NONE',  ( 0.005519929085531748159, 0.007694975949671056803, 0.002945849142345452649 ) ) ;
#4782 = CARTESIAN_POINT ( 'NONE',  ( 0.003047678522633674898, 0.009400484184604443461, -0.0006750708922877107863 ) ) ;
#4783 = CARTESIAN_POINT ( 'NONE',  ( 0.003457884388255067463, 0.009739698264697891836, -0.001610268417528420678 ) ) ;
#4784 = CARTESIAN_POINT ( 'NONE',  ( 0.002884438135928730530, 0.005587999999999999218, 0.0002539999999999999398 ) ) ;
#4785 = CARTESIAN_POINT ( 'NONE',  ( -0.002323978452039403720, 0.01015999999999832142, -0.001016000000007534097 ) ) ;
#4786 = CARTESIAN_POINT ( 'NONE',  ( 0.003282743340501020901, 0.01003785635589646459, -0.001754212857989375512 ) ) ;
#4787 = ORIENTED_EDGE ( 'NONE', *, *, #5466, .T. ) ;
#4788 = CIRCLE ( 'NONE', #2650, 0.001427271232876712410 ) ;
#4789 = CARTESIAN_POINT ( 'NONE',  ( -0.004045596440757511479, 0.008922933706666464140, -0.0001705421974516355620 ) ) ;
#4790 = CARTESIAN_POINT ( 'NONE',  ( -0.1299378531396863379, 0.006000034796222152023, 0.008783747139793764841 ) ) ;
#4791 = DIRECTION ( 'NONE',  ( -0.000000000000000000, 1.000000000000000000, 0.000000000000000000 ) ) ;
#4792 = CARTESIAN_POINT ( 'NONE',  ( 0.000000000000000000, 0.005588000000000000085, 0.000000000000000000 ) ) ;
#4793 = ORIENTED_EDGE ( 'NONE', *, *, #5609, .F. ) ;
#4794 = CARTESIAN_POINT ( 'NONE',  ( 0.004556464493725145490, 0.007891827227598912503, 0.004335870770839230469 ) ) ;
#4795 = AXIS2_PLACEMENT_3D ( 'NONE', #5388, #4851, #5424 ) ;
#4796 = FACE_OUTER_BOUND ( 'NONE', #3216, .T. ) ;
#4797 = ORIENTED_EDGE ( 'NONE', *, *, #3893, .T. ) ;
#4798 = CARTESIAN_POINT ( 'NONE',  ( -0.006249015828538265899, 0.005339625140071317146, -0.0002786567911912886560 ) ) ;
#4799 = EDGE_CURVE ( 'NONE', #6353, #4162, #6896, .T. ) ;
#4800 = CARTESIAN_POINT ( 'NONE',  ( -1.204485184444895089E-17, 3.732723443801142422E-20, -0.002552700000000011470 ) ) ;
#4801 = PRESENTATION_STYLE_ASSIGNMENT (( #4239 ) ) ;
#4802 = ORIENTED_EDGE ( 'NONE', *, *, #5846, .F. ) ;
#4803 = CARTESIAN_POINT ( 'NONE',  ( 0.08758570107986415887, 0.01036598619995718687, 0.002153516407108250607 ) ) ;
#4804 = MANIFOLD_SOLID_BREP ( 'Cut-Extrude1', #1165 ) ;
#4805 = CARTESIAN_POINT ( 'NONE',  ( 0.01747809365003695492, 0.0003435990175735472601, -0.005100186359730571328 ) ) ;
#4806 = ORIENTED_EDGE ( 'NONE', *, *, #4287, .T. ) ;
#4807 = CARTESIAN_POINT ( 'NONE',  ( -0.002282386663871798210, 0.01091103369040377115, -0.0006844741384294326502 ) ) ;
#4808 = CARTESIAN_POINT ( 'NONE',  ( -0.03001791880397795473, -0.0004603294020596733049, 0.008862087538974151163 ) ) ;
#4809 = CARTESIAN_POINT ( 'NONE',  ( 0.1129577742712006005, 0.0004505384362519189228, -0.02173038406297755909 ) ) ;
#4810 = CARTESIAN_POINT ( 'NONE',  ( -0.001447224898745791757, 0.0004689809571372346758, 0.0002539999999999999398 ) ) ;
#4811 = CARTESIAN_POINT ( 'NONE',  ( -0.004045596440757511479, 0.008922933706666464140, -0.0001705421974516355620 ) ) ;
#4812 = DIRECTION ( 'NONE',  ( 0.000000000000000000, -0.000000000000000000, 1.000000000000000000 ) ) ;
#4813 = CARTESIAN_POINT ( 'NONE',  ( -0.1278393665223073739, 0.007377808058636674098, 0.004832507601319134885 ) ) ;
#4814 = EDGE_CURVE ( 'NONE', #3137, #3776, #6355, .T. ) ;
#4815 = CARTESIAN_POINT ( 'NONE',  ( 0.003058740138896383007, 0.009388678719891949132, -0.0006613013555501493163 ) ) ;
#4816 = CARTESIAN_POINT ( 'NONE',  ( 0.006253545843921418969, 0.005695921623703944885, -0.0001441295021817857406 ) ) ;
#4817 = CARTESIAN_POINT ( 'NONE',  ( 0.002882294227539593159, 0.009584497655232259924, -0.0008373263590272969322 ) ) ;
#4818 = CARTESIAN_POINT ( 'NONE',  ( 0.003168306242598018570, 0.01026632458198359354, -0.001809492057636363348 ) ) ;
#4819 = CARTESIAN_POINT ( 'NONE',  ( 0.002296040284144366516, 0.01101678047156913649, 0.0005465029201492803716 ) ) ;
#4820 = CARTESIAN_POINT ( 'NONE',  ( 0.003603526830724966372, 0.001245468311456578853, -0.005114975770614633641 ) ) ;
#4821 = CIRCLE ( 'NONE', #4938, 0.002552700000000011470 ) ;
#4822 = CARTESIAN_POINT ( 'NONE',  ( 0.003087858420316615463, 0.01045510172365944276, -0.001824137505159370261 ) ) ;
#4823 = VERTEX_POINT ( 'NONE', #2468 ) ;
#4824 = CARTESIAN_POINT ( 'NONE',  ( -0.003846547490428062384, 0.009180157786127064040, 0.001015736236118026329 ) ) ;
#4825 = CARTESIAN_POINT ( 'NONE',  ( -0.07923882375245763776, 0.01049946846688018520, -0.002885200994484676124 ) ) ;
#4826 = CARTESIAN_POINT ( 'NONE',  ( 0.1299906823146098345, 0.005625812137497504702, -0.009235587188330722508 ) ) ;
#4827 = AXIS2_PLACEMENT_3D ( 'NONE', #3745, #6959, #1604 ) ;
#4828 = ORIENTED_EDGE ( 'NONE', *, *, #4589, .T. ) ;
#4829 = CARTESIAN_POINT ( 'NONE',  ( 0.004599346396370624507, 0.007752148113267007257, 0.004312476291059544505 ) ) ;
#4830 = ADVANCED_FACE ( 'NONE', ( #402 ), #3371, .T. ) ;
#4831 = CARTESIAN_POINT ( 'NONE',  ( 0.004050347132878839157, 0.008916953101947181631, -6.096177328289460056E-05 ) ) ;
#4832 = VERTEX_POINT ( 'NONE', #1935 ) ;
#4833 = CARTESIAN_POINT ( 'NONE',  ( -0.002961954012772530578, 0.01156658821763870658, 0.001195024698598486177 ) ) ;
#4834 = CARTESIAN_POINT ( 'NONE',  ( 0.01725387223544360207, 0.007869614837633230608, 0.003166257343055100832 ) ) ;
#4835 = ORIENTED_EDGE ( 'NONE', *, *, #2920, .T. ) ;
#4836 = CARTESIAN_POINT ( 'NONE',  ( 0.05512079485258466333, 0.01003520842529687269, 0.003904289758839187257 ) ) ;
#4837 = CARTESIAN_POINT ( 'NONE',  ( 0.02297305825785938421, -6.618838861039471537E-05, -0.006358794152084215959 ) ) ;
#4838 = ORIENTED_EDGE ( 'NONE', *, *, #6369, .T. ) ;
#4839 = CARTESIAN_POINT ( 'NONE',  ( -0.002296699698533195399, 0.01062364004015616328, -0.0009042088198146818389 ) ) ;
#4840 = CARTESIAN_POINT ( 'NONE',  ( -0.004074865919910033996, 0.005396613307604068710, 0.001003501786316720679 ) ) ;
#4841 = CARTESIAN_POINT ( 'NONE',  ( 0.02297857111680349021, -0.0004810017118890802350, -0.006739974693926844077 ) ) ;
#4842 = CARTESIAN_POINT ( 'NONE',  ( -0.005908297463621891600, 0.004053098736795133356, 0.002053053870104093372 ) ) ;
#4843 = CARTESIAN_POINT ( 'NONE',  ( -0.003203867685148546404, 0.01019089888132083087, -0.001796466175693229748 ) ) ;
#4844 = CARTESIAN_POINT ( 'NONE',  ( -0.1302529390945685872, 0.005702267121864740100, 0.008650864360874397502 ) ) ;
#4845 = VECTOR ( 'NONE', #2763, 1.000000000000000000 ) ;
#4846 = CARTESIAN_POINT ( 'NONE',  ( -0.001348694731337144381, 0.0008508732707223348865, 0.006102747129093867053 ) ) ;
#4847 = CARTESIAN_POINT ( 'NONE',  ( 2.955072726342565266E-19, 0.02225040000000000351, -0.002413000000000001515 ) ) ;
#4848 = CIRCLE ( 'NONE', #3838, 0.002552700000000010169 ) ;
#4849 = CARTESIAN_POINT ( 'NONE',  ( 0.005686302175706730265, 0.003415208423201644174, -0.002753720993744262092 ) ) ;
#4850 = CARTESIAN_POINT ( 'NONE',  ( -0.003130645894089448787, 0.01034847334314930624, -0.001821393458405109371 ) ) ;
#4851 = DIRECTION ( 'NONE',  ( 9.484135310589723205E-16, 1.000000000000000000, -0.000000000000000000 ) ) ;
#4852 = EDGE_CURVE ( 'NONE', #3295, #4600, #1372, .T. ) ;
#4853 = CARTESIAN_POINT ( 'NONE',  ( 0.002712853699151567249, 0.009791707486276947717, 0.0009474037717239816841 ) ) ;
#4854 = DIRECTION ( 'NONE',  ( 0.000000000000000000, 0.000000000000000000, -1.000000000000000000 ) ) ;
#4855 = CARTESIAN_POINT ( 'NONE',  ( 0.004670841562707298521, 0.001884671011119559573, -0.004162276675373542158 ) ) ;
#4856 = CARTESIAN_POINT ( 'NONE',  ( 0.002711605742060378601, 0.009793555679543973838, 0.0009477474726427437138 ) ) ;
#4857 = CARTESIAN_POINT ( 'NONE',  ( 0.003285568532467321098, 0.009155736355543678956, -0.0001549591848021190064 ) ) ;
#4858 = CARTESIAN_POINT ( 'NONE',  ( -0.004044641360540165292, 0.008924132973257743046, 0.0001920529212162155441 ) ) ;
#4859 = CARTESIAN_POINT ( 'NONE',  ( -0.002284305665470556627, 0.01070665052244311986, -0.0008575963842009879387 ) ) ;
#4860 = B_SPLINE_CURVE_WITH_KNOTS ( 'NONE', 3,
 ( #2438, #6760, #4070, #5565, #3618, #911, #5163, #3581, #3548, #3077, #976, #2474, #5267, #5701, #3042, #6293, #304, #4107, #4739, #1437, #4141, #1973, #6260, #6795, #340, #1369, #1403, #4176, #942, #1940, #3682, #4641, #2545, #4710 ),
 .UNSPECIFIED., .F., .F.,
 ( 4, 3, 3, 3, 3, 3, 3, 3, 3, 3, 3, 4 ),
 ( 9.096966653664782989E-18, 8.322723327809959052E-05, 0.0001603318222097280569, 0.0002072331317638634101, 0.0002333499095983898456, 0.0002484780760499882488, 0.0002565982948221007861, 0.0002724303627939124168, 0.0002801529473205247966, 0.0003128518191586671169, 0.0003607778595445329940, 0.0004383771544393235743 ),
 .UNSPECIFIED. ) ;
#4861 = CARTESIAN_POINT ( 'NONE',  ( -0.1243119404420556656, 0.007832076926974370842, 0.004879640206369717514 ) ) ;
#4862 = CARTESIAN_POINT ( 'NONE',  ( 0.1300657585583109566, 0.005837583594273386065, -0.009103313859633676772 ) ) ;
#4863 = ORIENTED_EDGE ( 'NONE', *, *, #5331, .T. ) ;
#4864 = CARTESIAN_POINT ( 'NONE',  ( -0.005093212336645110833, 0.007743716775646118829, -0.004256924910400185398 ) ) ;
#4865 = CARTESIAN_POINT ( 'NONE',  ( -0.002291077255015942261, 0.01098730708226308521, -0.0005907710048684735975 ) ) ;
#4866 = SHAPE_DEFINITION_REPRESENTATION ( #5375, #3472 ) ;
#4867 = CARTESIAN_POINT ( 'NONE',  ( 0.003850363665560508058, 0.009175157103715079684, -0.001005797687751053054 ) ) ;
#4868 = ORIENTED_EDGE ( 'NONE', *, *, #10, .F. ) ;
#4869 = CARTESIAN_POINT ( 'NONE',  ( 0.003137823867113370344, 0.001134297997160828774, -0.005437399292343708147 ) ) ;
#4870 = CARTESIAN_POINT ( 'NONE',  ( -0.003247657380115924128, 0.01009839710451218564, 0.001781611188268982437 ) ) ;
#4871 = ORIENTED_EDGE ( 'NONE', *, *, #4190, .F. ) ;
#4872 = CARTESIAN_POINT ( 'NONE',  ( 0.1143361476662581311, 0.008886661445957587391, -0.001798111158036527464 ) ) ;
#4873 = CARTESIAN_POINT ( 'NONE',  ( -0.003872672137664107724, 0.009145650402728175421, -0.0009511032290580027264 ) ) ;
#4874 = ORIENTED_EDGE ( 'NONE', *, *, #1849, .T. ) ;
#4875 = CARTESIAN_POINT ( 'NONE',  ( -0.003051040656470974024, 0.009396822173043025209, -0.0006714272012836451815 ) ) ;
#4876 = CARTESIAN_POINT ( 'NONE',  ( -0.05301705031603153734, -0.0008450581136781297204, 0.02099197204913853809 ) ) ;
#4877 = CARTESIAN_POINT ( 'NONE',  ( 0.004074865919910040934, 0.005396613307604068710, -0.001003501786316692273 ) ) ;
#4878 = CARTESIAN_POINT ( 'NONE',  ( -0.005377531739367469657, 0.007791035461914779837, -0.003200488274457047831 ) ) ;
#4879 = CARTESIAN_POINT ( 'NONE',  ( -0.002939531339409265018, 0.01139786665243296138, -0.001392976245133432196 ) ) ;
#4880 = CARTESIAN_POINT ( 'NONE',  ( -0.1275287177597244914, 0.007459156864613711128, 0.004655235930066044768 ) ) ;
#4881 = CARTESIAN_POINT ( 'NONE',  ( 0.004560711996908673946, 0.008014229101700267449, 0.004273701634054304262 ) ) ;
#4882 = MANIFOLD_SOLID_BREP ( '#10-24 Roscas Standard Taladro1', #3209 ) ;
#4883 = PLANE ( 'NONE',  #5983 ) ;
#4884 = CARTESIAN_POINT ( 'NONE',  ( -0.003832832042649656368, 0.009198425953284008680, -0.001046992743211510842 ) ) ;
#4885 = EDGE_CURVE ( 'NONE', #4135, #1522, #4170, .T. ) ;
#4886 = CARTESIAN_POINT ( 'NONE',  ( -0.01747809365003692023, 0.0003435990175735472601, 0.005100186359730693626 ) ) ;
#4887 = CARTESIAN_POINT ( 'NONE',  ( 0.003285567926547968212, 0.009155737371880438499, 0.0001549654586827016478 ) ) ;
#4888 = CARTESIAN_POINT ( 'NONE',  ( -0.005858281533158234480, 0.006830912978881666445, -0.002407688958922105191 ) ) ;
#4889 = CARTESIAN_POINT ( 'NONE',  ( 0.005884951372869163741, 0.003445399779022310233, -0.002162004673775100739 ) ) ;
#4890 = EDGE_CURVE ( 'NONE', #5664, #3219, #1432, .T. ) ;
#4891 = CARTESIAN_POINT ( 'NONE',  ( 0.003352888644605151857, 0.001299935087976460645, -0.005283084524184362973 ) ) ;
#4892 = CARTESIAN_POINT ( 'NONE',  ( 0.002368460107897980664, 0.01037304223401097625, 0.0009935559193488677828 ) ) ;
#4893 = CARTESIAN_POINT ( 'NONE',  ( -0.003783315149078851029, 0.009265086096615292657, 0.001150375523169305109 ) ) ;
#4894 = CARTESIAN_POINT ( 'NONE',  ( -0.002307125805381663418, 0.01107146223960765036, 0.0004490260539627643176 ) ) ;
#4895 = CARTESIAN_POINT ( 'NONE',  ( 0.003596086380520016178, 0.009528977834569598432, 0.001450465852538120135 ) ) ;
#4896 = ORIENTED_EDGE ( 'NONE', *, *, #3045, .T. ) ;
#4897 = CARTESIAN_POINT ( 'NONE',  ( -0.009426804989886109279, 0.008009062445213032191, -0.004437045084813551719 ) ) ;
#4898 = ITEM_DEFINED_TRANSFORMATION ( 'NONE', 'NONE', #6426,  #989 ) ;
#4899 =( BOUNDED_SURFACE ( )  B_SPLINE_SURFACE ( 3, 2, ( 
 ( #4582, #4011, #6736 ),
 ( #2980, #5138, #279 ),
 ( #1444, #7004, #3225 ),
 ( #5452, #4878, #551 ),
 ( #6336, #4391, #1126 ),
 ( #2554, #3825, #21 ),
 ( #1982, #5943, #2185 ),
 ( #2148, #4317, #5242 ),
 ( #949, #2518, #1684 ),
 ( #513, #6470, #3789 ),
 ( #4354, #57, #1612 ),
 ( #4150, #3659, #5377 ),
 ( #4717, #3088, #6870 ),
 ( #3629, #6507, #2686 ),
 ( #5977, #1085, #2013 ),
 ( #5413, #4842, #6839 ),
 ( #3262, #381, #2724 ),
 ( #4683, #919, #1646 ),
 ( #3298, #588, #2756 ),
 ( #4914, #6303, #4186 ),
 ( #2222, #6538, #5778 ),
 ( #3861, #1478, #882 ),
 ( #3053, #5212, #5808 ),
 ( #350, #6011, #1161 ),
 ( #5626, #1753, #1195 ),
 ( #6082, #6619, #4950 ),
 ( #695, #2260, #4536 ),
 ( #4429, #6579, #1831 ),
 ( #2862, #1718, #162 ),
 ( #6691, #2292, #5017 ),
 ( #6046, #3898, #4462 ),
 ( #2899, #4000, #3366 ) ),
 .UNSPECIFIED., .F., .F., .F. ) 
 B_SPLINE_SURFACE_WITH_KNOTS ( ( 4, 2, 2, 2, 2, 2, 2, 2, 2, 2, 2, 2, 2, 2, 2, 4 ),
 ( 3, 3 ),
 ( 0.02409240873125259585, 0.02505789734155314252, 0.02602338595185368572, 0.02698887456215422892, 0.02795436317245477559, 0.02891985178275532226, 0.02988534039305586545, 0.03181631761365695532, 0.03278180622395750199, 0.03374729483425804866, 0.03471278344455859532, 0.03567827205485913505, 0.03664376066515967478, 0.03760924927546022145, 0.03857473788576076812, 0.03954022649606131479 ),
 ( 0.000000000000000000, 1.000000000000000000 ),
 .UNSPECIFIED. ) 
 GEOMETRIC_REPRESENTATION_ITEM ( )  RATIONAL_B_SPLINE_SURFACE ( (
 ( 1.000000000000000000, 0.7322297594518932806, 1.000000000000000000),
 ( 1.000000000000000000, 0.6992704778749323502, 1.000000000000000000),
 ( 1.000000000000000000, 0.6777685506686175199, 1.000000000000000000),
 ( 1.000000000000000000, 0.6524535928506303151, 1.000000000000000000),
 ( 1.000000000000000000, 0.6486009596184234560, 1.000000000000000000),
 ( 1.000000000000000000, 0.6490714023467512028, 1.000000000000000000),
 ( 1.000000000000000000, 0.6535021707368642296, 1.000000000000000000),
 ( 1.000000000000000000, 0.6656908681857993670, 1.000000000000000000),
 ( 1.000000000000000000, 0.6734996979688014918, 1.000000000000000000),
 ( 1.000000000000000000, 0.6904893125638120743, 1.000000000000000000),
 ( 1.000000000000000000, 0.6997438130112795251, 1.000000000000000000),
 ( 1.000000000000000000, 0.7186566050805126560, 1.000000000000000000),
 ( 1.000000000000000000, 0.7282475365345278950, 1.000000000000000000),
 ( 1.000000000000000000, 0.7568348016200324713, 1.000000000000000000),
 ( 1.000000000000000000, 0.7756265951606755582, 1.000000000000000000),
 ( 1.000000000000000000, 0.8025859844876527260, 1.000000000000000000),
 ( 1.000000000000000000, 0.8113992107383174446, 1.000000000000000000),
 ( 1.000000000000000000, 0.8282574486679801229, 1.000000000000000000),
 ( 1.000000000000000000, 0.8363427240499824444, 1.000000000000000000),
 ( 1.000000000000000000, 0.8517864668409732554, 1.000000000000000000),
 ( 1.000000000000000000, 0.8591457388089770442, 1.000000000000000000),
 ( 1.000000000000000000, 0.8730734463033010817, 1.000000000000000000),
 ( 1.000000000000000000, 0.8796745163051956640, 1.000000000000000000),
 ( 1.000000000000000000, 0.8916635909330815624, 1.000000000000000000),
 ( 1.000000000000000000, 0.8967823891523778457, 1.000000000000000000),
 ( 1.000000000000000000, 0.9055830556388291264, 1.000000000000000000),
 ( 1.000000000000000000, 0.9093657533913315216, 1.000000000000000000),
 ( 1.000000000000000000, 0.9152286399340099354, 1.000000000000000000),
 ( 1.000000000000000000, 0.9173520241914878692, 1.000000000000000000),
 ( 1.000000000000000000, 0.9198787003284185637, 1.000000000000000000),
 ( 1.000000000000000000, 0.9202488047262266102, 1.000000000000000000),
 ( 1.000000000000000000, 0.9197575182843892305, 1.000000000000000000) ) ) 
 REPRESENTATION_ITEM ( '' )  SURFACE ( )  );
#4900 = CARTESIAN_POINT ( 'NONE',  ( 0.002966659563033239352, 0.01157813186572312358, 0.001158261664329022838 ) ) ;
#4901 = ADVANCED_FACE ( 'NONE', ( #12 ), #5898, .T. ) ;
#4902 = EDGE_LOOP ( 'NONE', ( #2399, #5046, #3400, #426 ) ) ;
#4903 = CARTESIAN_POINT ( 'NONE',  ( -0.004847718678485511690, 0.008055379778527441831, -0.003957993359595271890 ) ) ;
#4904 = CARTESIAN_POINT ( 'NONE',  ( 0.000000000000000000, 9.999999999999939493E-05, -0.006250000000000000347 ) ) ;
#4905 = CARTESIAN_POINT ( 'NONE',  ( 0.01049532593336941280, 0.007908096777486455300, 0.003722981591120370741 ) ) ;
#4906 = CARTESIAN_POINT ( 'NONE',  ( -0.05327344350638441722, 0.004101283989318208791, 0.01145124347468923220 ) ) ;
#4907 = CARTESIAN_POINT ( 'NONE',  ( 0.002338587673651448904, 0.01045593910920202332, -0.0009725268809766018149 ) ) ;
#4908 = CARTESIAN_POINT ( 'NONE',  ( 0.1283883552671327699, 0.006824909044601402096, -0.007107108334215769645 ) ) ;
#4909 = DIRECTION ( 'NONE',  ( -0.000000000000000000, 1.000000000000000000, -0.000000000000000000 ) ) ;
#4910 = ORIENTED_EDGE ( 'NONE', *, *, #2120, .F. ) ;
#4911 = CARTESIAN_POINT ( 'NONE',  ( -0.002948262058911034142, 0.009509261670082948953, -0.0007808779854521842893 ) ) ;
#4912 = CIRCLE ( 'NONE', #943, 0.001783079999999999821 ) ;
#4913 = CARTESIAN_POINT ( 'NONE',  ( -0.02287490453231739995, 0.007380753439362286450, -0.0003950528631174484557 ) ) ;
#4914 = CARTESIAN_POINT ( 'NONE',  ( -0.005233171198439747276, 0.002893284283471408112, 0.003426217093418550304 ) ) ;
#4915 = CARTESIAN_POINT ( 'NONE',  ( -0.003285590619230813018, 0.01003307119273390453, -0.001751918081717070488 ) ) ;
#4916 = CARTESIAN_POINT ( 'NONE',  ( -1.204485184444895089E-17, 0.01015018309780834661, -0.002552700000000010169 ) ) ;
#4917 = CARTESIAN_POINT ( 'NONE',  ( -0.1298733417647566779, 0.005791040338700739233, 0.008845816186789484323 ) ) ;
#4918 = DIRECTION ( 'NONE',  ( -0.000000000000000000, -1.000000000000000000, -0.000000000000000000 ) ) ;
#4919 = ADVANCED_FACE ( 'NONE', ( #962 ), #4264, .F. ) ;
#4920 = DIRECTION ( 'NONE',  ( 0.000000000000000000, 0.000000000000000000, -1.000000000000000000 ) ) ;
#4921 = ADVANCED_FACE ( 'NONE', ( #5321 ), #3671, .F. ) ;
#4922 = CARTESIAN_POINT ( 'NONE',  ( 0.005570362312030031730, 0.003214144096516660058, -0.002975979028118474253 ) ) ;
#4923 = CARTESIAN_POINT ( 'NONE',  ( 0.003000631835043900044, 0.009451403580349734129, -0.0007283378404904271644 ) ) ;
#4924 = CARTESIAN_POINT ( 'NONE',  ( 0.003234271285340675501, 0.009206987320949306872, 0.0003525740754712089020 ) ) ;
#4925 = CARTESIAN_POINT ( 'NONE',  ( -0.006145309540951235036, 0.006353698366093785133, -0.001601610301573653042 ) ) ;
#4926 = CARTESIAN_POINT ( 'NONE',  ( -0.003567056385398431791, 0.009571704379669525309, 0.001488289149364440365 ) ) ;
#4927 = CARTESIAN_POINT ( 'NONE',  ( 0.005697401048637898771, 0.006839591628196368955, 0.002584797084944502176 ) ) ;
#4928 = CARTESIAN_POINT ( 'NONE',  ( 0.004255908865705303537, 0.001861941171810493336, -0.004585075944625620868 ) ) ;
#4929 = CARTESIAN_POINT ( 'NONE',  ( 0.002298087229781355708, 0.01061433563962789484, 0.0009094013330753360864 ) ) ;
#4930 = UNCERTAINTY_MEASURE_WITH_UNIT (LENGTH_MEASURE( 1.000000000000000082E-05 ), #5961, 'distance_accuracy_value', 'NONE');
#4931 = CARTESIAN_POINT ( 'NONE',  ( -0.002279773941403985277, 0.01076995843281699713, -0.0008132626711905220325 ) ) ;
#4932 = CARTESIAN_POINT ( 'NONE',  ( -0.002312056192924214198, 0.01109247260450661569, 0.0004041970915121631015 ) ) ;
#4933 = CARTESIAN_POINT ( 'NONE',  ( 0.003022557651106498513, 0.01064548704627098566, 0.001808079577054050573 ) ) ;
#4934 = DIRECTION ( 'NONE',  ( -0.000000000000000000, 1.000000000000000000, -0.000000000000000000 ) ) ;
#4935 = EDGE_CURVE ( 'NONE', #333, #438, #5170, .T. ) ;
#4936 = VERTEX_POINT ( 'NONE', #3102 ) ;
#4937 = CARTESIAN_POINT ( 'NONE',  ( -0.04294699984861525405, 0.009435611480548776117, -0.003716061106313283367 ) ) ;
#4938 = AXIS2_PLACEMENT_3D ( 'NONE', #2615, #3041, #1533 ) ;
#4939 = CARTESIAN_POINT ( 'NONE',  ( 0.003070978032316218527, 0.01050091924143631283, 0.001822469540989889777 ) ) ;
#4940 = ORIENTED_EDGE ( 'NONE', *, *, #1539, .T. ) ;
#4941 = DIRECTION ( 'NONE',  ( 9.484135310589723205E-16, 1.000000000000000000, -0.000000000000000000 ) ) ;
#4942 = STYLED_ITEM ( 'NONE', ( #396 ), #4989 ) ;
#4943 = CARTESIAN_POINT ( 'NONE',  ( 0.004535403633734249457, 0.001960852093414125301, -0.004385750333239912119 ) ) ;
#4944 = CARTESIAN_POINT ( 'NONE',  ( -0.03879675669357111195, 0.008037536503041516067, 0.0004068104037851962137 ) ) ;
#4945 = CARTESIAN_POINT ( 'NONE',  ( -0.003954250593981114593, 0.000000000000000000, 0.0002539999999999998856 ) ) ;
#4946 = VERTEX_POINT ( 'NONE', #6983 ) ;
#4947 = EDGE_CURVE ( 'NONE', #6032, #4173, #5742, .T. ) ;
#4948 = CARTESIAN_POINT ( 'NONE',  ( -0.002309708150298841675, 0.01108265881200514065, -0.0004257411014735150716 ) ) ;
#4949 = CARTESIAN_POINT ( 'NONE',  ( -0.1024885154807276683, 0.01047622363640320076, -0.002298089056677408547 ) ) ;
#4950 = CARTESIAN_POINT ( 'NONE',  ( -0.003578091310020382887, 0.001319028046335158450, 0.005176634800537722320 ) ) ;
#4951 = CARTESIAN_POINT ( 'NONE',  ( -0.002931371684694994602, 0.01123766349313243262, -0.001542077087364792471 ) ) ;
#4952 = CARTESIAN_POINT ( 'NONE',  ( -0.003894511868846682340, 0.009116918716218986793, 0.0008942742359879695324 ) ) ;
#4953 = CARTESIAN_POINT ( 'NONE',  ( 0.002705368150769928755, 0.001174173027594464618, -0.005642269333278890700 ) ) ;
#4954 = CARTESIAN_POINT ( 'NONE',  ( -0.1267216995606299523, 0.007315697627365140218, 0.006045001446862263705 ) ) ;
#4955 = CARTESIAN_POINT ( 'NONE',  ( 0.0002539999999999995061, 0.000000000000000000, 0.003954250593981114593 ) ) ;
#4956 = CARTESIAN_POINT ( 'NONE',  ( 0.001895472416259664800, 0.0008095507662179006773, -0.005996549530023692794 ) ) ;
#4957 = CARTESIAN_POINT ( 'NONE',  ( 0.002704261253762253302, 0.009803218049318456265, -0.0009513310004806835567 ) ) ;
#4958 = CARTESIAN_POINT ( 'NONE',  ( 0.002977167340868229223, 0.009477108897660535894, 0.0007529205026600121597 ) ) ;
#4959 = DIRECTION ( 'NONE',  ( -0.000000000000000000, -1.000000000000000000, -0.000000000000000000 ) ) ;
#4960 = CARTESIAN_POINT ( 'NONE',  ( -0.003592225377705113819, 0.009534492982069462524, 0.001456160131792209487 ) ) ;
#4961 = CARTESIAN_POINT ( 'NONE',  ( 1.686279258222847794E-18, 0.01447799999999999782, 0.000000000000000000 ) ) ;
#4962 = CARTESIAN_POINT ( 'NONE',  ( 0.005887917786842479517, 0.007419766852179960660, 0.002114420960704875129 ) ) ;
#4963 = CARTESIAN_POINT ( 'NONE',  ( -0.003006369072519768457, 0.01173622642550725854, -0.0008485822253147584562 ) ) ;
#4964 = AXIS2_PLACEMENT_3D ( 'NONE', #4037, #275, #2443 ) ;
#4965 = CARTESIAN_POINT ( 'NONE',  ( 0.003195100990395717024, 0.009246632824250936022, 0.0004453026763308348289 ) ) ;
#4966 = CARTESIAN_POINT ( 'NONE',  ( -0.002279139083742464256, 0.01084979488776469797, -0.0007461529428633053695 ) ) ;
#4967 = CARTESIAN_POINT ( 'NONE',  ( -0.002296882368402326964, 0.01102109765569434310, -0.0005392430578741445098 ) ) ;
#4968 = CARTESIAN_POINT ( 'NONE',  ( 0.003949024105604634176, 0.009046033358568619440, 0.0007277718656521468561 ) ) ;
#4969 = CARTESIAN_POINT ( 'NONE',  ( -0.01319691875716533236, 0.007876542253387621914, -0.003465875437350061754 ) ) ;
#4970 = CARTESIAN_POINT ( 'NONE',  ( 0.003234471269454799666, 0.01012961700998151957, 0.001781927706079117039 ) ) ;
#4971 = VERTEX_POINT ( 'NONE', #6951 ) ;
#4972 = DIRECTION ( 'NONE',  ( 1.123292760552739721E-17, -0.000000000000000000, -1.000000000000000000 ) ) ;
#4973 = CARTESIAN_POINT ( 'NONE',  ( 0.004643745105021928124, 0.007741020651064428430, 0.004287909438225815349 ) ) ;
#4974 = CARTESIAN_POINT ( 'NONE',  ( -0.004532730505797204039, 0.007879808622134920268, -0.004348566857138255227 ) ) ;
#4975 = CARTESIAN_POINT ( 'NONE',  ( -0.05055027864255638020, 0.008621180954153548695, 0.002051032396460955587 ) ) ;
#4976 = CARTESIAN_POINT ( 'NONE',  ( 0.1269877842082542396, 0.007049151396798424007, -0.006160808820013419403 ) ) ;
#4977 = DIRECTION ( 'NONE',  ( 0.000000000000000000, 0.000000000000000000, 1.000000000000000000 ) ) ;
#4978 = EDGE_LOOP ( 'NONE', ( #1789, #2931, #2088, #3706 ) ) ;
#4979 = CARTESIAN_POINT ( 'NONE',  ( -0.002302374769257612298, 0.01104960422271111797, 0.0004910825178881569452 ) ) ;
#4980 = B_SPLINE_CURVE_WITH_KNOTS ( 'NONE', 3,
 ( #2441, #3008, #1337, #5130 ),
 .UNSPECIFIED., .F., .F.,
 ( 4, 4 ),
 ( 0.000000000000000000, 0.001051124529742942723 ),
 .UNSPECIFIED. ) ;
#4981 = CARTESIAN_POINT ( 'NONE',  ( 1.686279258222847794E-18, 0.01447799999999999782, 0.000000000000000000 ) ) ;
#4982 = CARTESIAN_POINT ( 'NONE',  ( -0.002991490219924914946, 0.01075807880326930949, -0.001784535761075076296 ) ) ;
#4983 = CARTESIAN_POINT ( 'NONE',  ( -0.004032580742882453488, 0.008939355789306642139, 0.0003122191040780444957 ) ) ;
#4984 = DIRECTION ( 'NONE',  ( 0.000000000000000000, 0.000000000000000000, 1.000000000000000000 ) ) ;
#4985 = AXIS2_PLACEMENT_3D ( 'NONE', #6748, #792, #2961 ) ;
#4986 = CARTESIAN_POINT ( 'NONE',  ( 0.004707160350237438173, 0.001922613833708301497, -0.004346462900338321847 ) ) ;
#4987 = CARTESIAN_POINT ( 'NONE',  ( -0.1301032430168281295, 0.005787563909514785443, 0.009194047205096400263 ) ) ;
#4988 = CARTESIAN_POINT ( 'NONE',  ( 0.002936526052290912552, 0.01107868784012299747, 0.001654078417028752475 ) ) ;
#4989 = ADVANCED_FACE ( 'NONE', ( #2131 ), #1461, .T. ) ;
#4990 = CARTESIAN_POINT ( 'NONE',  ( -0.004506193022868737637, 0.007689304575837252985, -0.004331049467158686744 ) ) ;
#4991 = AXIS2_PLACEMENT_3D ( 'NONE', #5241, #1477, #3119 ) ;
#4992 = DIRECTION ( 'NONE',  ( 0.000000000000000000, 0.000000000000000000, 1.000000000000000000 ) ) ;
#4993 = PRESENTATION_STYLE_ASSIGNMENT (( #1061 ) ) ;
#4994 = CARTESIAN_POINT ( 'NONE',  ( 0.003086912691352789936, 0.009358750451895322259, 0.0006249121647937184217 ) ) ;
#4995 = CARTESIAN_POINT ( 'NONE',  ( 0.000000000000000000, 0.009271000000000001462, 0.000000000000000000 ) ) ;
#4996 = CARTESIAN_POINT ( 'NONE',  ( 0.002538325849890324046, 0.01004139800412358514, 0.001009299348401611991 ) ) ;
#4997 = CARTESIAN_POINT ( 'NONE',  ( 0.003250613114700566172, 0.009190580884007920962, 0.0003045816007658209371 ) ) ;
#4998 = CARTESIAN_POINT ( 'NONE',  ( -0.003125884612871563176, 0.009317851504669448851, -0.0005693031510472171134 ) ) ;
#4999 = CARTESIAN_POINT ( 'NONE',  ( -0.002311972894109071315, 0.01109222665705545362, -0.0004047878317218936537 ) ) ;
#5000 = DIRECTION ( 'NONE',  ( 0.000000000000000000, 0.000000000000000000, 1.000000000000000000 ) ) ;
#5001 = B_SPLINE_CURVE_WITH_KNOTS ( 'NONE', 3,
 ( #3799, #64, #3198, #4886, #4362, #1167, #5950, #3832, #6443, #6514, #595, #4400, #5988, #2196 ),
 .UNSPECIFIED., .F., .F.,
 ( 4, 1, 1, 1, 1, 1, 1, 1, 1, 1, 1, 4 ),
 ( 0.03385201378401996725, 0.09375000000000000000, 0.1536846834549344121, 0.1562500000000000000, 0.2187500000000000000, 0.3125000000000000000, 0.3750000000000000000, 0.3846922576685049000, 0.4062500000000000000, 0.4375000000000000000, 0.6250000000000000000, 1.000000000000000000 ),
 .UNSPECIFIED. ) ;
#5002 = CARTESIAN_POINT ( 'NONE',  ( 0.003481646947427951763, 0.009701999042826625272, 0.001586375468225998233 ) ) ;
#5003 = CARTESIAN_POINT ( 'NONE',  ( -0.003597906215379685115, 0.001693388050948601989, -0.0002540000000000004819 ) ) ;
#5004 = CARTESIAN_POINT ( 'NONE',  ( -0.05105145931770201095, 0.01007538999008755765, -0.003886164270734449727 ) ) ;
#5005 = CARTESIAN_POINT ( 'NONE',  ( -0.002330741034838825290, 0.01116025924922591991, -0.0001790050205016936703 ) ) ;
#5006 = CARTESIAN_POINT ( 'NONE',  ( 0.003532574332362035593, 0.009623752089949226193, 0.001529342892305888624 ) ) ;
#5007 = ORIENTED_EDGE ( 'NONE', *, *, #5072, .T. ) ;
#5008 = FACE_OUTER_BOUND ( 'NONE', #4139, .T. ) ;
#5009 = ORIENTED_EDGE ( 'NONE', *, *, #6273, .T. ) ;
#5010 = CARTESIAN_POINT ( 'NONE',  ( 0.002891663654259012464, 0.009573518009770600606, -0.0008302058010792788502 ) ) ;
#5011 = CARTESIAN_POINT ( 'NONE',  ( 0.1258326555172713246, 0.007524300851832275983, -0.005579793633873324048 ) ) ;
#5012 = CARTESIAN_POINT ( 'NONE',  ( -0.006125472862149260699, 0.004256873634042919290, 0.001334810716418263331 ) ) ;
#5013 = VERTEX_POINT ( 'NONE', #3918 ) ;
#5014 = CARTESIAN_POINT ( 'NONE',  ( -0.002286939474989329538, 0.01095580690983198602, -0.0006318584878698894599 ) ) ;
#5015 = CARTESIAN_POINT ( 'NONE',  ( -0.002603028454012201384, 0.009942828558100550926, 0.0009927366189223384325 ) ) ;
#5016 = B_SPLINE_CURVE_WITH_KNOTS ( 'NONE', 3,
 ( #1307, #3978, #137, #4010, #5061, #1840, #2273, #5602 ),
 .UNSPECIFIED., .F., .F.,
 ( 4, 2, 2, 4 ),
 ( 0.9961972235253493402, 1.024204577813408124, 1.052211932101467129, 1.108226640677584918 ),
 .UNSPECIFIED. ) ;
#5017 = CARTESIAN_POINT ( 'NONE',  ( -0.001895472416259746549, 0.0008095507662177372880, 0.005996549530023845449 ) ) ;
#5018 = EDGE_CURVE ( 'NONE', #1045, #3667, #2903, .T. ) ;
#5019 = CARTESIAN_POINT ( 'NONE',  ( -0.003058784123836495034, 0.01188854690091854620, 0.0001802867540580506346 ) ) ;
#5020 = CARTESIAN_POINT ( 'NONE',  ( -0.005918200000000022748, 0.01016000000000000583, 0.000000000000000000 ) ) ;
#5021 = STYLED_ITEM ( 'NONE', ( #643 ), #5065 ) ;
#5022 = CARTESIAN_POINT ( 'NONE',  ( 0.004749822928880781218, 0.002145320002877670364, -0.004072370510129808691 ) ) ;
#5023 = DIRECTION ( 'NONE',  ( 9.484135310589723205E-16, 1.000000000000000000, -0.000000000000000000 ) ) ;
#5024 = EDGE_CURVE ( 'NONE', #3845, #3489, #1665, .T. ) ;
#5025 = TOROIDAL_SURFACE ( 'NONE', #4795, -0.02279801190476181752, 0.02781451190476182805 ) ;
#5026 = CARTESIAN_POINT ( 'NONE',  ( 0.004356545270795433682, 0.001696198718439729256, -0.004677629318528568093 ) ) ;
#5027 = DIRECTION ( 'NONE',  ( -1.000000000000000000, 9.484135310589723205E-16, 0.000000000000000000 ) ) ;
#5028 = CARTESIAN_POINT ( 'NONE',  ( 0.002329158218601148043, 0.01115503384772809428, 0.0002060707586099297134 ) ) ;
#5029 = CARTESIAN_POINT ( 'NONE',  ( -0.1299071842509432195, 0.005742636662572513095, 0.008964242036097753996 ) ) ;
#5030 = EDGE_CURVE ( 'NONE', #1002, #13, #4450, .T. ) ;
#5031 = CARTESIAN_POINT ( 'NONE',  ( 0.003177795474989637218, 0.009264288175736970846, 0.0004801973252834837121 ) ) ;
#5032 = CARTESIAN_POINT ( 'NONE',  ( -0.003009032771762003289, 0.01174509156251351237, 0.0008261456331613013012 ) ) ;
#5033 = CARTESIAN_POINT ( 'NONE',  ( 0.002977167340868229223, 0.009477108897660535894, 0.0007529205026600121597 ) ) ;
#5034 = CARTESIAN_POINT ( 'NONE',  ( -0.003010987826996460153, 0.009440052606589527731, -0.0007175881264613434736 ) ) ;
#5035 = CARTESIAN_POINT ( 'NONE',  ( 0.02334096188575099720, 0.007913514003977483238, 0.003093602013370243264 ) ) ;
#5036 = CARTESIAN_POINT ( 'NONE',  ( 0.004989444952011228528, 0.007468098833461370503, 0.003813120602668927921 ) ) ;
#5037 = CARTESIAN_POINT ( 'NONE',  ( 0.004044802407392937213, 0.008923934678939217033, 0.0001805904025080642364 ) ) ;
#5038 = CARTESIAN_POINT ( 'NONE',  ( 4.665904304751414786E-19, 0.006959600000000000682, -0.003809999999999999585 ) ) ;
#5039 = CARTESIAN_POINT ( 'NONE',  ( -0.02131952211975421743, 0.007985851417254420659, -0.003026135843145978058 ) ) ;
#5040 = CARTESIAN_POINT ( 'NONE',  ( -0.002337054958830536103, 0.01046173307635148327, 0.0009703089770742431494 ) ) ;
#5041 = EDGE_CURVE ( 'NONE', #5198, #3295, #357, .T. ) ;
#5042 = CARTESIAN_POINT ( 'NONE',  ( 0.002948552373886949730, 0.01097977222125443540, 0.001703884081200158053 ) ) ;
#5043 = ORIENTED_EDGE ( 'NONE', *, *, #6615, .F. ) ;
#5044 = PLANE ( 'NONE',  #5986 ) ;
#5045 = LINE ( 'NONE', #192, #3455 ) ;
#5046 = ORIENTED_EDGE ( 'NONE', *, *, #3829, .T. ) ;
#5047 = CARTESIAN_POINT ( 'NONE',  ( 0.1233659151103023571, 0.007800556308488190878, -0.004459105622068118037 ) ) ;
#5048 = CARTESIAN_POINT ( 'NONE',  ( -0.002461900661624564970, 0.0009212413750606778797, 0.005753353892923343017 ) ) ;
#5049 = ORIENTED_EDGE ( 'NONE', *, *, #6408, .F. ) ;
#5050 = CARTESIAN_POINT ( 'NONE',  ( -0.002335720246469710857, 0.01117621491252695533, 2.751476311476611526E-05 ) ) ;
#5051 = CARTESIAN_POINT ( 'NONE',  ( -0.002837342021807459560, 0.009637286227302803432, 0.0008712328370615061513 ) ) ;
#5052 = ORIENTED_EDGE ( 'NONE', *, *, #6088, .F. ) ;
#5053 = CARTESIAN_POINT ( 'NONE',  ( -0.0002540000000000001566, 0.0004689809571372345674, 0.001447224898745791974 ) ) ;
#5054 = VECTOR ( 'NONE', #3820, 1.000000000000000000 ) ;
#5055 = CARTESIAN_POINT ( 'NONE',  ( 0.001418087575392719532, 0.003959823862167014333, 0.0002539999999999998856 ) ) ;
#5056 = CARTESIAN_POINT ( 'NONE',  ( 0.005669993500426686109, 0.003026785647416415769, -0.002680208316689161336 ) ) ;
#5057 = CARTESIAN_POINT ( 'NONE',  ( -0.1299787256640749789, 0.005642746787190159111, 0.009197109410779325672 ) ) ;
#5058 = CARTESIAN_POINT ( 'NONE',  ( 0.04194768125836118022, 0.009571322893900174530, 0.003652085931406401451 ) ) ;
#5059 = CARTESIAN_POINT ( 'NONE',  ( 0.002479552969056083092, 0.01014038816438488956, -0.001016000000000000410 ) ) ;
#5060 = CARTESIAN_POINT ( 'NONE',  ( 0.002279503742485710933, 0.01086772431013078438, 0.0007297828295932235441 ) ) ;
#5061 = CARTESIAN_POINT ( 'NONE',  ( 0.003950473813488732458, 0.009044065402116789956, -0.0007294707185769523563 ) ) ;
#5062 = CARTESIAN_POINT ( 'NONE',  ( -0.005918200000000008870, 0.01447800000000000302, 0.000000000000000000 ) ) ;
#5063 = CARTESIAN_POINT ( 'NONE',  ( -0.003056570728386340599, 0.01188283930779337159, 0.0002447263788170019245 ) ) ;
#5064 = CARTESIAN_POINT ( 'NONE',  ( 0.002321524728190195799, 0.01112862447981521376, 0.0003071187435427551941 ) ) ;
#5065 = ADVANCED_FACE ( 'NONE', ( #5547 ), #3424, .T. ) ;
#5066 = CARTESIAN_POINT ( 'NONE',  ( -0.002364208214925056072, 0.01038407905815851885, -0.0009911228726238723464 ) ) ;
#5067 = CARTESIAN_POINT ( 'NONE',  ( 0.01398240792927561184, 0.007688195570917302248, 0.003480899475207047296 ) ) ;
#5068 = CARTESIAN_POINT ( 'NONE',  ( 0.000000000000000000, 0.000000000000000000, 0.000000000000000000 ) ) ;
#5069 = CARTESIAN_POINT ( 'NONE',  ( 0.002957493189939648919, 0.01152976245737105145, 0.001230257990328721815 ) ) ;
#5070 = CARTESIAN_POINT ( 'NONE',  ( 0.002325584547034262404, 0.01114298331939474369, -0.0002581132973046235471 ) ) ;
#5071 = CARTESIAN_POINT ( 'NONE',  ( -0.002298932352424001065, 0.01103230488051556296, 0.0005211923024877099762 ) ) ;
#5072 = EDGE_CURVE ( 'NONE', #6451, #2671, #2885, .T. ) ;
#5073 = CIRCLE ( 'NONE', #6550, 0.005918200000000010605 ) ;
#5074 = CARTESIAN_POINT ( 'NONE',  ( 0.002976543580925959144, 0.01162358606056305109, 0.001082721945118897237 ) ) ;
#5075 = VERTEX_POINT ( 'NONE', #4413 ) ;
#5076 = CARTESIAN_POINT ( 'NONE',  ( 0.006145309540951228097, 0.006353698366093784265, 0.001601610301573698795 ) ) ;
#5077 = CARTESIAN_POINT ( 'NONE',  ( -0.004705164914189752072, 0.007932383614030431851, -0.004253490230609671512 ) ) ;
#5078 = CARTESIAN_POINT ( 'NONE',  ( 0.002594801580563835166, 0.009954968947981602742, -0.0009952204006686714201 ) ) ;
#5079 = VECTOR ( 'NONE', #5967, 1.000000000000000000 ) ;
#5080 = CARTESIAN_POINT ( 'NONE',  ( 0.1298351093498439357, 0.005840060076968953996, -0.008729978058553746270 ) ) ;
#5081 = CARTESIAN_POINT ( 'NONE',  ( -0.002514860754056564424, 0.0009992799057785591976, 0.005906449475453249935 ) ) ;
#5082 = EDGE_LOOP ( 'NONE', ( #2178, #4346, #6079, #4459, #1389, #1820 ) ) ;
#5083 = CARTESIAN_POINT ( 'NONE',  ( -0.002322719043755192177, 0.01050987456965391670, 0.0009540078987602693215 ) ) ;
#5084 = CARTESIAN_POINT ( 'NONE',  ( -0.002779309958254050101, 0.009707632337493341326, 0.0009098276045810791985 ) ) ;
#5085 = ORIENTED_EDGE ( 'NONE', *, *, #6157, .T. ) ;
#5086 = CARTESIAN_POINT ( 'NONE',  ( 0.001431680676413782903, 0.002331647672120191160, 0.0002539999999999998856 ) ) ;
#5087 = DIRECTION ( 'NONE',  ( 9.484135310589723205E-16, 1.000000000000000000, -0.000000000000000000 ) ) ;
#5088 = CARTESIAN_POINT ( 'NONE',  ( 0.05058187948339233631, 0.009997201225576183431, 0.004526969189275058779 ) ) ;
#5089 = CARTESIAN_POINT ( 'NONE',  ( -0.1302199633541160362, 0.005524644233837044775, 0.009128250947585153652 ) ) ;
#5090 = CARTESIAN_POINT ( 'NONE',  ( 0.003132496387553404104, 0.01034453948610530166, 0.001820718543281332714 ) ) ;
#5091 = CARTESIAN_POINT ( 'NONE',  ( 0.05525832671331538243, 0.01023666657781420117, 0.003890464258543178781 ) ) ;
#5092 = EDGE_CURVE ( 'NONE', #3544, #4240, #4374, .T. ) ;
#5093 = CARTESIAN_POINT ( 'NONE',  ( -0.002999170161164872901, 0.01072810435700627223, 0.001791896905950709053 ) ) ;
#5094 = FACE_OUTER_BOUND ( 'NONE', #1498, .T. ) ;
#5095 = CARTESIAN_POINT ( 'NONE',  ( 0.002762606467762719967, 0.009728448714202543243, -0.0009198233562066438851 ) ) ;
#5096 = CARTESIAN_POINT ( 'NONE',  ( 0.002287428891956026604, 0.01095979755267678657, 0.0006268001692697154886 ) ) ;
#5097 = FACE_OUTER_BOUND ( 'NONE', #6532, .T. ) ;
#5098 = CIRCLE ( 'NONE', #457, 0.003962399999999999603 ) ;
#5099 = CARTESIAN_POINT ( 'NONE',  ( 0.002871074069357718722, 0.009597548854348809597, 0.0008461264204628948576 ) ) ;
#5100 = CARTESIAN_POINT ( 'NONE',  ( -0.003039629653528857622, 0.01183739571253930242, -0.0005228284219441856756 ) ) ;
#5101 = CARTESIAN_POINT ( 'NONE',  ( 0.002321550932043183867, 0.01112870908973647398, -0.0003068483097994549429 ) ) ;
#5102 = AXIS2_PLACEMENT_3D ( 'NONE', #1806, #6735, #3451 ) ;
#5103 = CARTESIAN_POINT ( 'NONE',  ( 0.002280218078016332198, 0.01076192556946825411, -0.0008192240939223348773 ) ) ;
#5104 = CARTESIAN_POINT ( 'NONE',  ( 0.07940713201936229482, 0.01030073888644645469, 0.002882307079809172043 ) ) ;
#5105 = DIRECTION ( 'NONE',  ( 0.000000000000000000, 0.000000000000000000, 1.000000000000000000 ) ) ;
#5106 = CARTESIAN_POINT ( 'NONE',  ( 0.003017557764026571748, 0.01177240061400186555, -0.0007515607182131089610 ) ) ;
#5107 = CARTESIAN_POINT ( 'NONE',  ( 0.002290049505349860213, 0.01097897524729504401, -0.0006013149779431407839 ) ) ;
#5108 = CARTESIAN_POINT ( 'NONE',  ( -0.002320959572829840896, 0.01112657082705786199, -0.0003135193702636903724 ) ) ;
#5109 = CARTESIAN_POINT ( 'NONE',  ( 0.002969892558865691590, 0.01159360913063458252, 0.001133478951496343784 ) ) ;
#5110 = ORIENTED_EDGE ( 'NONE', *, *, #1468, .F. ) ;
#5111 = FACE_OUTER_BOUND ( 'NONE', #6574, .T. ) ;
#5112 = DIRECTION ( 'NONE',  ( -0.000000000000000000, 1.000000000000000000, -0.000000000000000000 ) ) ;
#5113 = CARTESIAN_POINT ( 'NONE',  ( 0.005918200000000012340, 0.01447799999999999261, 7.247704686713878810E-19 ) ) ;
#5114 = CARTESIAN_POINT ( 'NONE',  ( 0.1299426701823925834, 0.005693055672183881290, -0.009081255629558426107 ) ) ;
#5115 = ADVANCED_FACE ( 'NONE', ( #43, #2347 ), #6490, .F. ) ;
#5116 = CARTESIAN_POINT ( 'NONE',  ( -0.004623098171457423744, 0.001846112000122010488, 0.004215409351786074052 ) ) ;
#5117 = ORIENTED_EDGE ( 'NONE', *, *, #1660, .F. ) ;
#5118 = CARTESIAN_POINT ( 'NONE',  ( -0.003169577531507330580, 0.009272722171040545178, 0.0004952446918536710773 ) ) ;
#5119 = CARTESIAN_POINT ( 'NONE',  ( -0.003104475820992672053, 0.009340157366107082124, 0.0006016217773668048165 ) ) ;
#5120 = ADVANCED_FACE ( 'NONE', ( #2953 ), #4017, .T. ) ;
#5121 = FACE_OUTER_BOUND ( 'NONE', #5082, .T. ) ;
#5122 = DIRECTION ( 'NONE',  ( 0.000000000000000000, 0.000000000000000000, -1.000000000000000000 ) ) ;
#5123 = ORIENTED_EDGE ( 'NONE', *, *, #3439, .F. ) ;
#5124 = CARTESIAN_POINT ( 'NONE',  ( 0.09771270277881019539, 0.008655615090118171789, -0.007049828145233878046 ) ) ;
#5125 = CARTESIAN_POINT ( 'NONE',  ( 0.006215081297393705052, 0.005763423686347335026, 0.0007099300902985900040 ) ) ;
#5126 = VECTOR ( 'NONE', #6648, 1.000000000000000222 ) ;
#5127 = CARTESIAN_POINT ( 'NONE',  ( -0.1303273149902914041, 0.005430226088456651529, 0.009790658352149773577 ) ) ;
#5128 = DIRECTION ( 'NONE',  ( -0.6541184129622532595, 0.2806565124960925250, 0.7023966285634306583 ) ) ;
#5129 = COLOUR_RGB ( '',0.8980392156862745390, 0.9176470588235293713, 0.9294117647058823817 ) ;
#5130 = CARTESIAN_POINT ( 'NONE',  ( -0.004207103968099430713, 0.001718856176434893981, 0.004676920944818016568 ) ) ;
#5131 = CARTESIAN_POINT ( 'NONE',  ( -0.003266161417297533398, 0.01006877901273041213, 0.001764359131792811539 ) ) ;
#5132 = CARTESIAN_POINT ( 'NONE',  ( 0.003776134187599249070, 0.009274973665687438057, -0.001163207672481761119 ) ) ;
#5133 = CARTESIAN_POINT ( 'NONE',  ( 0.002279396200615702809, 0.01086625042807452986, 0.0007313295888908031639 ) ) ;
#5134 = CARTESIAN_POINT ( 'NONE',  ( 0.002288810479011027087, 0.01097035550429892835, 0.0006130910482020844295 ) ) ;
#5135 = EDGE_CURVE ( 'NONE', #6100, #3776, #6109, .T. ) ;
#5136 = CIRCLE ( 'NONE', #6607, 0.001473200000000000030 ) ;
#5137 = CARTESIAN_POINT ( 'NONE',  ( -0.02200426982222266487, 0.007841797393000933189, -0.003108200119337413848 ) ) ;
#5138 = CARTESIAN_POINT ( 'NONE',  ( -0.004856480319018801652, 0.007953711690248095253, -0.003947786512332684961 ) ) ;
#5139 = B_SPLINE_SURFACE_WITH_KNOTS ( 'NONE', 3, 3, ( 
 ( #1473, #341, #5235, #6294, #5770, #912, #372, #2547, #4711, #4177, #3652, #5803, #239, #407 ),
 ( #3788, #5942, #2582, #3715, #4841, #5268, #3260, #2073, #4245, #6436, #4282, #19, #1084, #4773 ),
 ( #4740, #1050, #4216, #6398, #7001, #5838, #6363, #2184, #2147, #2652, #3752, #1575, #4809, #977 ),
 ( #5412, #3188, #4316, #549, #4353, #1536, #1502, #2723, #1124, #3223, #1611, #6902, #5376, #2040 ),
 ( #5875, #4877, #1011, #5912, #511, #3683, #3148, #5301, #1645, #6931, #6469, #444, #5340, #476 ),
 ( #6966, #2618, #2111, #6506, #2684, #3824, #5976, #2258, #1830, #3404, #161, #5450, #5736, #303 ),
 ( #910, #6259, #2971, #2473, #6794, #767, #6827, #3175, #5088, #5325, #6729, #1868, #3169, #1592 ) ),
 .UNSPECIFIED., .F., .F., .F.,
 ( 4, 3, 4 ),
 ( 4, 1, 1, 1, 1, 1, 1, 1, 1, 1, 1, 4 ),
 ( -0.05616555982631284832, 0.000000000000000000, 1.000000000000000000 ),
 ( 0.000000000000000000, 0.09375000000000000000, 0.1536846834549344121, 0.1562500000000000000, 0.2187500000000000000, 0.3125000000000000000, 0.3750000000000000000, 0.3846922576685049000, 0.4062500000000000000, 0.4375000000000000000, 0.6250000000000000000, 1.000000000000000000 ),
 .UNSPECIFIED. ) ;
#5140 = CARTESIAN_POINT ( 'NONE',  ( -0.003697627707818909159, 0.009383255318256086483, -0.001302709460550573574 ) ) ;
#5141 = CARTESIAN_POINT ( 'NONE',  ( 0.002322954739532910075, 0.01113372895592587390, 0.0002905335472760419671 ) ) ;
#5142 = ORIENTED_EDGE ( 'NONE', *, *, #2934, .F. ) ;
#5143 = CARTESIAN_POINT ( 'NONE',  ( 0.002282080741152333215, 0.01073382425081880615, -0.0008391482403004594994 ) ) ;
#5144 = CARTESIAN_POINT ( 'NONE',  ( 0.07407145929770278525, 0.01032469741284757977, 0.003237900183531195169 ) ) ;
#5145 = DIRECTION ( 'NONE',  ( -0.000000000000000000, -1.000000000000000000, -0.000000000000000000 ) ) ;
#5146 = CARTESIAN_POINT ( 'NONE',  ( 0.002933090403191551503, 0.01130715779029881247, 0.001482864465607500442 ) ) ;
#5147 = CARTESIAN_POINT ( 'NONE',  ( 0.002293004354090038503, 0.01099849041581614159, -0.0005738454077457610025 ) ) ;
#5148 = CARTESIAN_POINT ( 'NONE',  ( -0.003294370596442086716, 0.009147014388843797625, -8.010631814595174400E-05 ) ) ;
#5149 = CARTESIAN_POINT ( 'NONE',  ( 0.003045360956600138939, 0.01185313946270557216, 0.0004475730487886685725 ) ) ;
#5150 = ORIENTED_EDGE ( 'NONE', *, *, #4298, .T. ) ;
#5151 = CARTESIAN_POINT ( 'NONE',  ( -0.003059643874716820155, 0.01189074600112210132, 0.0001480326878962498179 ) ) ;
#5152 = CARTESIAN_POINT ( 'NONE',  ( 0.002934885569080858750, 0.01139720084712926400, -0.001407369148242811584 ) ) ;
#5153 = FACE_OUTER_BOUND ( 'NONE', #4026, .T. ) ;
#5154 = CARTESIAN_POINT ( 'NONE',  ( 0.1300035459751076872, 0.005920187707012874827, -0.008934627181859345832 ) ) ;
#5155 = CARTESIAN_POINT ( 'NONE',  ( -0.002705368150771317835, 0.001174173027593400365, 0.005642269333278994783 ) ) ;
#5156 = ORIENTED_EDGE ( 'NONE', *, *, #4712, .F. ) ;
#5157 = CARTESIAN_POINT ( 'NONE',  ( -0.003296537272461133507, 0.009144870281470393256, -4.548113940268013464E-05 ) ) ;
#5158 = ADVANCED_FACE ( 'NONE', ( #4690 ), #3664, .F. ) ;
#5159 = FILL_AREA_STYLE_COLOUR ( '', #6646 ) ;
#5160 = ORIENTED_EDGE ( 'NONE', *, *, #5553, .F. ) ;
#5161 = CARTESIAN_POINT ( 'NONE',  ( 0.03888248095638241475, 0.009333263697019349853, 0.003492285605773132098 ) ) ;
#5162 = CARTESIAN_POINT ( 'NONE',  ( 0.006088111783641413262, 0.006457069033886459787, 0.001773385139456001586 ) ) ;
#5163 = CARTESIAN_POINT ( 'NONE',  ( -0.004568905278976618557, 0.007898434356497249439, -0.004329152322524764014 ) ) ;
#5164 = DIRECTION ( 'NONE',  ( 0.000000000000000000, 0.000000000000000000, 1.000000000000000000 ) ) ;
#5165 = CIRCLE ( 'NONE', #3593, 0.001427271232876712410 ) ;
#5166 = CARTESIAN_POINT ( 'NONE',  ( 0.007366059013318321594, 0.007933722903739868354, 0.004024813178409430807 ) ) ;
#5167 = CARTESIAN_POINT ( 'NONE',  ( 0.003058739815433263003, 0.009388678591500707049, -0.0006613012057985512586 ) ) ;
#5168 = CARTESIAN_POINT ( 'NONE',  ( -0.002425265741110547730, 0.01024284071831074727, 0.001013436100410113321 ) ) ;
#5169 = CARTESIAN_POINT ( 'NONE',  ( -9.635881475559170419E-19, 0.01168400000000000168, 0.000000000000000000 ) ) ;
#5170 = CIRCLE ( 'NONE', #6299, 0.002895600000000001645 ) ;
#5171 = CARTESIAN_POINT ( 'NONE',  ( 0.002418625434111376388, 0.01025758620000642198, 0.001011434936478646006 ) ) ;
#5172 = CARTESIAN_POINT ( 'NONE',  ( -0.05102546669509218369, 0.01003162993455679851, -0.004568273625618728129 ) ) ;
#5173 = SHAPE_REPRESENTATION ( 'BLDCMotorPropCollar', ( #989 ), #2126 ) ;
#5174 = CARTESIAN_POINT ( 'NONE',  ( -0.1245948515936030204, 0.007582318139963485464, 0.004964019956073827816 ) ) ;
#5175 = CARTESIAN_POINT ( 'NONE',  ( 0.003164181202231997492, 0.009278256717542411255, -0.0005052767384558589942 ) ) ;
#5176 = CARTESIAN_POINT ( 'NONE',  ( -0.002939531339409265018, 0.01139786665243296138, -0.001392976245133432196 ) ) ;
#5177 = CARTESIAN_POINT ( 'NONE',  ( 0.002328135181205572089, 0.01115165062406295315, -0.0002237847723608431261 ) ) ;
#5178 = CARTESIAN_POINT ( 'NONE',  ( 0.002311870810098185739, 0.01055163439750913222, -0.0009376421062632329462 ) ) ;
#5179 = CARTESIAN_POINT ( 'NONE',  ( -0.002445640285076073651, 0.01020320210449351429, -0.001015301894856410680 ) ) ;
#5180 = CARTESIAN_POINT ( 'NONE',  ( -0.002597832342476142503, 0.009950450134973896216, -0.0009943698949793314690 ) ) ;
#5181 = CARTESIAN_POINT ( 'NONE',  ( 0.002944230831875851995, 0.01144315852835926794, 0.001343053351138827952 ) ) ;
#5182 = CARTESIAN_POINT ( 'NONE',  ( 0.002336767646371292872, 0.01117971374257328843, -4.304579839330234249E-05 ) ) ;
#5183 = CARTESIAN_POINT ( 'NONE',  ( -0.002931066511842277296, 0.009528682455016160291, 0.0007962024391814730671 ) ) ;
#5184 = CARTESIAN_POINT ( 'NONE',  ( 0.002934866552689850434, 0.01111685165875217311, -0.001628221774028236046 ) ) ;
#5185 = ORIENTED_EDGE ( 'NONE', *, *, #5771, .T. ) ;
#5186 = CARTESIAN_POINT ( 'NONE',  ( -0.002971076257895687023, 0.01084800199594063153, 0.001757552477839384279 ) ) ;
#5187 = CARTESIAN_POINT ( 'NONE',  ( 0.003137906540408882776, 0.01033193540838515771, -0.001819555932889109539 ) ) ;
#5188 = CARTESIAN_POINT ( 'NONE',  ( -0.02999549905789170370, 0.008574042110853502194, -0.003078108803077208872 ) ) ;
#5189 = CARTESIAN_POINT ( 'NONE',  ( 0.1302042661362803888, 0.006292541099485465458, -0.007153275366479991924 ) ) ;
#5190 = CARTESIAN_POINT ( 'NONE',  ( -0.1300000000000000600, 0.005751886828364106800, 0.01189968851867528703 ) ) ;
#5191 = AXIS2_PLACEMENT_3D ( 'NONE', #930, #3605, #6318 ) ;
#5192 = ORIENTED_EDGE ( 'NONE', *, *, #5211, .F. ) ;
#5193 = CARTESIAN_POINT ( 'NONE',  ( -0.003274938174305999563, 0.009166298164591121789, 0.0002123962718920055504 ) ) ;
#5194 = AXIS2_PLACEMENT_3D ( 'NONE', #1203, #62, #3375 ) ;
#5195 = ORIENTED_EDGE ( 'NONE', *, *, #4624, .F. ) ;
#5196 = AXIS2_PLACEMENT_3D ( 'NONE', #1407, #344, #3655 ) ;
#5197 = CARTESIAN_POINT ( 'NONE',  ( -0.005016500000000008799, 0.01447800000000000302, 0.000000000000000000 ) ) ;
#5198 = VERTEX_POINT ( 'NONE', #5390 ) ;
#5199 = CARTESIAN_POINT ( 'NONE',  ( 0.02267460664017667549, 0.008054347961201198391, 0.003008878474325564056 ) ) ;
#5200 = CARTESIAN_POINT ( 'NONE',  ( 0.04664984232644148882, -0.0005740548876334664605, -0.01780361097771035808 ) ) ;
#5201 = CARTESIAN_POINT ( 'NONE',  ( -0.04668888365207431862, -0.001489317466010472600, 0.01915909511730590903 ) ) ;
#5202 = FACE_OUTER_BOUND ( 'NONE', #1357, .T. ) ;
#5203 = B_SPLINE_CURVE_WITH_KNOTS ( 'NONE', 3,
 ( #1972, #1500, #6257, #4140 ),
 .UNSPECIFIED., .F., .F.,
 ( 4, 4 ),
 ( 0.0008314383372711056739, 0.0008517395682280902436 ),
 .UNSPECIFIED. ) ;
#5204 = CARTESIAN_POINT ( 'NONE',  ( 0.1296066356157276611, 0.006267121974185670130, -0.008254667348128033599 ) ) ;
#5205 = CARTESIAN_POINT ( 'NONE',  ( -0.004670841562707269898, 0.001884671011119559356, 0.004162276675373576852 ) ) ;
#5206 = FACE_OUTER_BOUND ( 'NONE', #4067, .T. ) ;
#5207 = EDGE_LOOP ( 'NONE', ( #3894, #4835, #4172 ) ) ;
#5208 = ADVANCED_FACE ( 'NONE', ( #6911 ), #373, .F. ) ;
#5209 = CARTESIAN_POINT ( 'NONE',  ( -0.1214781070337317276, 0.008090058022118873371, 0.003775498759720447104 ) ) ;
#5210 = CARTESIAN_POINT ( 'NONE',  ( -0.1215150188153793914, 0.008090782354324461620, 0.003775849374222432515 ) ) ;
#5211 = EDGE_CURVE ( 'NONE', #5075, #578, #3243, .T. ) ;
#5212 = CARTESIAN_POINT ( 'NONE',  ( -0.004612149772864144494, 0.002108251981048951500, 0.004227080589637543032 ) ) ;
#5213 = CARTESIAN_POINT ( 'NONE',  ( -0.002937107888633739942, 0.01108534699045246423, -0.001647551463401312685 ) ) ;
#5214 = CARTESIAN_POINT ( 'NONE',  ( 0.002301649967934112865, 0.01104605491231540511, -0.0004974550259144378591 ) ) ;
#5215 = CARTESIAN_POINT ( 'NONE',  ( 0.002304693305692757151, 0.01058306183002017710, -0.0009238879248803772261 ) ) ;
#5216 = CARTESIAN_POINT ( 'NONE',  ( 0.006108777228183026424, 0.004735067534671170107, -0.001407199975757346703 ) ) ;
#5217 = CARTESIAN_POINT ( 'NONE',  ( -0.003001242859997362272, 0.009450719046837472923, -0.0007277823624306467521 ) ) ;
#5218 = CARTESIAN_POINT ( 'NONE',  ( 0.003045360956600138939, 0.01185313946270557216, 0.0004475730487886685725 ) ) ;
#5219 = CARTESIAN_POINT ( 'NONE',  ( 0.002290051668710461116, 0.01066042666162719636, -0.0008855705115891880251 ) ) ;
#5220 = CARTESIAN_POINT ( 'NONE',  ( -0.002832249336180586632, 0.009643186068656503865, 0.0008752764168892376764 ) ) ;
#5221 = CARTESIAN_POINT ( 'NONE',  ( 0.002989039872044425578, 0.01076800903439076133, -0.001781922746682076215 ) ) ;
#5222 = EDGE_LOOP ( 'NONE', ( #345, #6956, #5621, #916, #5435 ) ) ;
#5223 = CARTESIAN_POINT ( 'NONE',  ( -0.003022085625774449495, 0.01178635892478539261, 0.0007096388746892191238 ) ) ;
#5224 = CARTESIAN_POINT ( 'NONE',  ( 0.002932420760416739377, 0.01113815831765520292, -0.001617167326093591883 ) ) ;
#5225 = CARTESIAN_POINT ( 'NONE',  ( -0.04664984232644136392, -0.0005740548876334664605, 0.01780361097771068421 ) ) ;
#5226 = CARTESIAN_POINT ( 'NONE',  ( 0.1293199790858502729, 0.006217986190422483336, -0.007928300382306421867 ) ) ;
#5227 = DIRECTION ( 'NONE',  ( 1.000000000000000000, 0.000000000000000000, 1.224646799147353207E-16 ) ) ;
#5228 = VERTEX_POINT ( 'NONE', #1988 ) ;
#5229 = CARTESIAN_POINT ( 'NONE',  ( -0.003297287727521060630, 0.009144128020666107345, 2.361381739498950576E-05 ) ) ;
#5230 = ORIENTED_EDGE ( 'NONE', *, *, #3132, .F. ) ;
#5231 = ORIENTED_EDGE ( 'NONE', *, *, #3310, .F. ) ;
#5232 = CARTESIAN_POINT ( 'NONE',  ( 0.03348390199128171291, 0.008876379122527937662, 0.003212971481183803536 ) ) ;
#5233 = CARTESIAN_POINT ( 'NONE',  ( 0.06293829927198640872, -0.0004111327656885649948, -0.02381863383957421795 ) ) ;
#5234 = CARTESIAN_POINT ( 'NONE',  ( -0.02298132754627549290, -0.0006884083735284229812, 0.006930564964848318597 ) ) ;
#5235 = CARTESIAN_POINT ( 'NONE',  ( 0.01065356986267802265, 0.0003690587336389068566, -0.004895294020641914080 ) ) ;
#5236 = DIRECTION ( 'NONE',  ( -0.000000000000000000, 0.000000000000000000, -1.000000000000000000 ) ) ;
#5237 = CARTESIAN_POINT ( 'NONE',  ( 0.002395737943609611235, 0.009640497300244270026, -0.0008830667711000592980 ) ) ;
#5238 = CARTESIAN_POINT ( 'NONE',  ( 0.002399868931637611554, 0.01029733631711689766, 0.001007290384208969422 ) ) ;
#5239 = VERTEX_POINT ( 'NONE', #4784 ) ;
#5240 = CARTESIAN_POINT ( 'NONE',  ( -0.06324715096319041829, 0.01042405403164137906, -0.003715306662040932743 ) ) ;
#5241 = CARTESIAN_POINT ( 'NONE',  ( 0.000000000000000000, 0.006985000000000000757, 0.000000000000000000 ) ) ;
#5242 = CARTESIAN_POINT ( 'NONE',  ( -0.006148591690496032006, 0.007011374677531407619, -0.001656009864881807184 ) ) ;
#5243 = CARTESIAN_POINT ( 'NONE',  ( -0.003181870217703427171, 0.01023661289298401222, -0.001805310851370969675 ) ) ;
#5244 = CARTESIAN_POINT ( 'NONE',  ( 0.002977469414852783585, 0.009476864861027729792, -0.0007522148042613661283 ) ) ;
#5245 = PLANE ( 'NONE',  #5650 ) ;
#5246 = CARTESIAN_POINT ( 'NONE',  ( 0.0002540000000000000482, 0.005588000000000000085, -0.0002540000000000000482 ) ) ;
#5247 = CARTESIAN_POINT ( 'NONE',  ( 0.000000000000000000, 0.01000000000000000021, 0.000000000000000000 ) ) ;
#5248 = CARTESIAN_POINT ( 'NONE',  ( 0.003007915566816559728, 0.01069586463251987613, -0.001798916287740547331 ) ) ;
#5249 = AXIS2_PLACEMENT_3D ( 'NONE', #750, #2917, #3492 ) ;
#5250 = CARTESIAN_POINT ( 'NONE',  ( -0.0002540000000000001566, 0.001673741513759882150, -0.001437170998174991648 ) ) ;
#5251 = CARTESIAN_POINT ( 'NONE',  ( -0.003243206777598101141, 0.009198006247181986575, 0.0003272725288385308347 ) ) ;
#5252 = CARTESIAN_POINT ( 'NONE',  ( 0.003297866387687759492, 0.009143555708359717496, 1.681429625010644224E-05 ) ) ;
#5253 = EDGE_LOOP ( 'NONE', ( #5043, #4137 ) ) ;
#5254 = CARTESIAN_POINT ( 'NONE',  ( -0.002934432071958663259, 0.01112395311358321467, 0.001623694013057517052 ) ) ;
#5255 = LINE ( 'NONE', #5821, #7003 ) ;
#5256 = CARTESIAN_POINT ( 'NONE',  ( -0.003042611277684035241, 0.01058147619327056387, -0.001817039387760043803 ) ) ;
#5257 = PRODUCT ( 'BLDCMotorPropCollar', 'BLDCMotorPropCollar', '', ( #4269 ) ) ;
#5258 = CARTESIAN_POINT ( 'NONE',  ( -0.03397933747470000682, 0.008919843397666335841, -0.003236559968297173309 ) ) ;
#5259 = FILL_AREA_STYLE ('',( #1594 ) ) ;
#5260 = CARTESIAN_POINT ( 'NONE',  ( -0.004218159068467045372, 0.001635259941876024675, 0.004759088335332842951 ) ) ;
#5261 = EDGE_LOOP ( 'NONE', ( #6429, #3644, #836, #118, #1998, #4379 ) ) ;
#5262 = CARTESIAN_POINT ( 'NONE',  ( -0.003286415723277708555, 0.009154895979809944684, -0.0001494134915379881964 ) ) ;
#5263 = VERTEX_POINT ( 'NONE', #6978 ) ;
#5264 = CARTESIAN_POINT ( 'NONE',  ( 0.002282801502190037052, 0.01091525291771103766, 0.0006795947544595774392 ) ) ;
#5265 = VERTEX_POINT ( 'NONE', #2124 ) ;
#5266 = CARTESIAN_POINT ( 'NONE',  ( 0.05327344350638450049, 0.004101283989318208791, -0.01145124347468886097 ) ) ;
#5267 = CARTESIAN_POINT ( 'NONE',  ( -0.004519481613783886235, 0.007853134422010571783, -0.004355563095664378992 ) ) ;
#5268 = CARTESIAN_POINT ( 'NONE',  ( 0.03004450371382544338, -0.0009156489969351544640, -0.009343593620298048033 ) ) ;
#5269 = CARTESIAN_POINT ( 'NONE',  ( 0.06325891920704961036, 0.01042402530276720189, 0.003714570380219339024 ) ) ;
#5270 = CARTESIAN_POINT ( 'NONE',  ( -0.002329923595958884042, 0.01015672691725862976, -0.001015999999999998024 ) ) ;
#5271 = CARTESIAN_POINT ( 'NONE',  ( -0.1143361476662957954, 0.008886661445963181874, 0.001798111158010787421 ) ) ;
#5272 = CARTESIAN_POINT ( 'NONE',  ( -0.05001039601564345044, 0.009832822273990604253, -0.003894538152647343890 ) ) ;
#5273 = B_SPLINE_CURVE_WITH_KNOTS ( 'NONE', 3,
 ( #6038, #1189, #2854, #1782, #3956, #757, #6111, #2993, #5152, #3569, #5224, #1321, #6248, #4628, #292, #2425, #3535, #2460, #1993, #5187, #4562, #4698, #790, #2496, #1962, #5792, #5724, #6282, #4056, #4130 ),
 .UNSPECIFIED., .F., .F.,
 ( 4, 2, 2, 2, 2, 2, 2, 2, 2, 2, 2, 2, 2, 2, 4 ),
 ( 0.6082349046494399669, 0.6324825495791848162, 0.6567301945089295545, 0.7052254843684193641, 0.7537207742279090628, 0.7779684191576538010, 0.8022160640873984283, 0.8143398865522708530, 0.8264637090171431666, 0.8507113539468873498, 0.8749589988766315329, 0.8870828213415034025, 0.8992066438063752720, 0.9477019336658623061, 0.9961972235253493402 ),
 .UNSPECIFIED. ) ;
#5274 = CARTESIAN_POINT ( 'NONE',  ( 0.000000000000000000, 0.006959600000000000682, 0.000000000000000000 ) ) ;
#5275 = AXIS2_PLACEMENT_3D ( 'NONE', #698, #1299, #4029 ) ;
#5276 = PRODUCT_DEFINITION_CONTEXT ( 'detailed design', #5787, 'design' ) ;
#5277 = CARTESIAN_POINT ( 'NONE',  ( -0.004810489703319592927, 0.002375791263673957595, 0.003998506336938898419 ) ) ;
#5278 = CARTESIAN_POINT ( 'NONE',  ( 0.006347366135718172063, 0.005688791402773765195, -0.0001469178696063748002 ) ) ;
#5279 = CARTESIAN_POINT ( 'NONE',  ( -0.002664541642785144427, 0.009856317435721701631, -0.0009696055452069029645 ) ) ;
#5280 = CARTESIAN_POINT ( 'NONE',  ( 0.003087858420316615463, 0.01045510172365944276, -0.001824137505159370261 ) ) ;
#5281 = CARTESIAN_POINT ( 'NONE',  ( 0.002310210541650461070, 0.01108473386192837355, 0.0004210711139911465671 ) ) ;
#5282 = CARTESIAN_POINT ( 'NONE',  ( -0.003223975995918409391, 0.009217362902583077500, -0.0003794456074372178317 ) ) ;
#5283 = CARTESIAN_POINT ( 'NONE',  ( 0.003694831726868768283, 0.009387312040392359683, -0.001306526087592945612 ) ) ;
#5284 = EDGE_LOOP ( 'NONE', ( #282, #5195, #3002, #3049 ) ) ;
#5285 = CARTESIAN_POINT ( 'NONE',  ( -0.003414844324678404600, 0.009808832404104570954, 0.001651980905200398520 ) ) ;
#5286 = CARTESIAN_POINT ( 'NONE',  ( -0.1298266528507339979, 0.006104748320354917192, 0.008577975949578675943 ) ) ;
#5287 = CARTESIAN_POINT ( 'NONE',  ( 0.1301108769682502164, 0.005777161616881377852, -0.009211981120871733791 ) ) ;
#5288 = CARTESIAN_POINT ( 'NONE',  ( 7.387681815856404498E-19, 0.000000000000000000, 0.006032499999999996199 ) ) ;
#5289 = ORIENTED_EDGE ( 'NONE', *, *, #1225, .T. ) ;
#5290 = CARTESIAN_POINT ( 'NONE',  ( 0.004516088086837477013, 0.007819891285595039626, 0.004357322971201798949 ) ) ;
#5291 = EDGE_CURVE ( 'NONE', #5999, #3667, #6939, .T. ) ;
#5292 = CARTESIAN_POINT ( 'NONE',  ( -0.004449474290273941306, 0.007822943816799352718, -0.004389159904137789059 ) ) ;
#5293 = VERTEX_POINT ( 'NONE', #1025 ) ;
#5294 = CARTESIAN_POINT ( 'NONE',  ( 0.000000000000000000, 9.999999999999939493E-05, 0.000000000000000000 ) ) ;
#5295 = DIRECTION ( 'NONE',  ( -1.000000000000000000, 6.338020585019357744E-16, 0.000000000000000000 ) ) ;
#5296 = EDGE_LOOP ( 'NONE', ( #1362, #3140, #821, #3809 ) ) ;
#5297 = CARTESIAN_POINT ( 'NONE',  ( 0.09566744334197982425, 0.01014777149653418170, 0.001281583835010640477 ) ) ;
#5298 = DIRECTION ( 'NONE',  ( 0.000000000000000000, 1.000000000000000000, 0.000000000000000000 ) ) ;
#5299 = CARTESIAN_POINT ( 'NONE',  ( -0.002479889893148696373, 0.01013938886829005362, -0.001016298435693098251 ) ) ;
#5300 = CARTESIAN_POINT ( 'NONE',  ( -0.02297581468733139037, -0.0002735950502497374887, 0.006549384423005690480 ) ) ;
#5301 = CARTESIAN_POINT ( 'NONE',  ( 0.04641813849848661772, 0.004857877546924750309, -0.009759036189726764260 ) ) ;
#5302 = AXIS2_PLACEMENT_3D ( 'NONE', #2557, #922, #4721 ) ;
#5303 = CARTESIAN_POINT ( 'NONE',  ( 0.1030820960487133925, 0.009840270031552082047, 0.0002761885417653027778 ) ) ;
#5304 = CARTESIAN_POINT ( 'NONE',  ( 7.531577814756222303E-19, 0.009900000000000000813, -0.006150000000000000085 ) ) ;
#5305 = CARTESIAN_POINT ( 'NONE',  ( 0.001451138256679907184, 0.000000000000000000, -0.0002540000000000001024 ) ) ;
#5306 = AXIS2_PLACEMENT_3D ( 'NONE', #5274, #3660, #950 ) ;
#5307 = CARTESIAN_POINT ( 'NONE',  ( -0.1200187287470911579, 0.008656892484637166568, 0.001939911913831585599 ) ) ;
#5308 = DIRECTION ( 'NONE',  ( 0.000000000000000000, 0.000000000000000000, 1.000000000000000000 ) ) ;
#5309 = ADVANCED_FACE ( 'NONE', ( #6376 ), #5854, .F. ) ;
#5310 = CARTESIAN_POINT ( 'NONE',  ( 0.002891663654259012464, 0.009573518009770600606, -0.0008302058010792788502 ) ) ;
#5311 = FACE_OUTER_BOUND ( 'NONE', #4212, .T. ) ;
#5312 = CARTESIAN_POINT ( 'NONE',  ( -0.003121036864026654253, 0.009322860244064628404, -0.0005772506067847979353 ) ) ;
#5313 = EDGE_CURVE ( 'NONE', #6246, #2255, #5356, .T. ) ;
#5314 = CARTESIAN_POINT ( 'NONE',  ( 0.002963120499670539830, 0.01088667919933024308, -0.001744422977665389431 ) ) ;
#5315 = CARTESIAN_POINT ( 'NONE',  ( 0.002306237626345787779, 0.01106769025710979334, 0.0004572360341079320526 ) ) ;
#5316 = CARTESIAN_POINT ( 'NONE',  ( 0.1300000000000000877, 0.005819643698737656488, -0.008867066658773637908 ) ) ;
#5317 = CARTESIAN_POINT ( 'NONE',  ( 0.003394107675243073635, 0.009843408211449996073, -0.001669965267518803151 ) ) ;
#5318 = ORIENTED_EDGE ( 'NONE', *, *, #3000, .T. ) ;
#5319 = CARTESIAN_POINT ( 'NONE',  ( -0.003153673557064123195, 0.01029781736579693865, 0.001814481734520973942 ) ) ;
#5320 = CARTESIAN_POINT ( 'NONE',  ( -0.04726770333210669056, 0.009894519865397015390, -0.003828405232882690131 ) ) ;
#5321 = FACE_OUTER_BOUND ( 'NONE', #6835, .T. ) ;
#5322 = CARTESIAN_POINT ( 'NONE',  ( 0.000000000000000000, 0.005588000000000000085, 0.000000000000000000 ) ) ;
#5323 = EDGE_LOOP ( 'NONE', ( #1960, #5696, #3673, #3471, #2025 ) ) ;
#5324 = CARTESIAN_POINT ( 'NONE',  ( -0.01320222241134693178, 0.007694905134379737520, -0.003546982420655373988 ) ) ;
#5325 = CARTESIAN_POINT ( 'NONE',  ( 0.05375896055050208983, 0.01011414554320247058, 0.004513732244033175946 ) ) ;
#5326 = DIRECTION ( 'NONE',  ( 0.9784725579215131086, 4.345291051073334461E-16, -0.2063769691475563772 ) ) ;
#5327 = CIRCLE ( 'NONE', #4991, 0.001415789041095890559 ) ;
#5328 = CARTESIAN_POINT ( 'NONE',  ( 0.000000000000000000, 0.000000000000000000, 0.000000000000000000 ) ) ;
#5329 = ORIENTED_EDGE ( 'NONE', *, *, #2719, .F. ) ;
#5330 = DIRECTION ( 'NONE',  ( -0.000000000000000000, -1.000000000000000000, -0.000000000000000000 ) ) ;
#5331 = EDGE_CURVE ( 'NONE', #5790, #6491, #20, .T. ) ;
#5332 = CARTESIAN_POINT ( 'NONE',  ( 0.0002539999999999999398, 0.005588000000000000085, -0.001404488224300015371 ) ) ;
#5333 = CARTESIAN_POINT ( 'NONE',  ( 0.006275825478620133610, 0.005024319311254077380, -0.0009442902331146178600 ) ) ;
#5334 = ORIENTED_EDGE ( 'NONE', *, *, #5846, .T. ) ;
#5335 = CARTESIAN_POINT ( 'NONE',  ( 0.1106203406761931129, 0.009432547708489327429, 1.220892999612493914E-05 ) ) ;
#5336 = CARTESIAN_POINT ( 'NONE',  ( 0.000000000000000000, 0.006959600000000000682, 0.000000000000000000 ) ) ;
#5337 = CARTESIAN_POINT ( 'NONE',  ( -0.002280057574862370210, 0.01087500605495848524, -0.0007220290320036008413 ) ) ;
#5338 = EDGE_CURVE ( 'NONE', #5239, #3648, #3344, .T. ) ;
#5339 = CARTESIAN_POINT ( 'NONE',  ( -0.03003121125890166609, -0.0006879891994974138844, 0.009102840579636204549 ) ) ;
#5340 = CARTESIAN_POINT ( 'NONE',  ( 0.1188473151109208786, 0.004176503473658483775, -0.01527955368126958022 ) ) ;
#5341 = DIRECTION ( 'NONE',  ( -0.000000000000000000, -1.000000000000000000, -0.000000000000000000 ) ) ;
#5342 = CARTESIAN_POINT ( 'NONE',  ( 0.0002540000000000000482, 0.000000000000000000, -0.001451138256679906750 ) ) ;
#5343 = DIRECTION ( 'NONE',  ( 0.000000000000000000, 0.000000000000000000, 1.000000000000000000 ) ) ;
#5344 = CARTESIAN_POINT ( 'NONE',  ( -0.1298923666867227711, 0.006045937103639472364, 0.008694068886345792876 ) ) ;
#5345 = CARTESIAN_POINT ( 'NONE',  ( 7.531577814756222303E-19, 9.999999999999939493E-05, -0.006150000000000000085 ) ) ;
#5346 = CARTESIAN_POINT ( 'NONE',  ( 0.002913436652106977942, 0.009548586652657120588, -0.0008120301267590303990 ) ) ;
#5347 = CARTESIAN_POINT ( 'NONE',  ( 0.005475483621549072366, 0.007808945745789622195, 0.003260386645803511896 ) ) ;
#5348 = EDGE_CURVE ( 'NONE', #1826, #2667, #5485, .T. ) ;
#5349 = CARTESIAN_POINT ( 'NONE',  ( 0.002831750287734285249, 0.009643949996535710473, -0.0008751994912726550509 ) ) ;
#5350 = CARTESIAN_POINT ( 'NONE',  ( 0.003776134118509498656, 0.009274974657528838734, -0.001163206936511627975 ) ) ;
#5351 = CARTESIAN_POINT ( 'NONE',  ( 0.004573808175507281838, 0.007649285579370039383, 0.004259434090775763952 ) ) ;
#5352 = B_SPLINE_CURVE_WITH_KNOTS ( 'NONE', 3,
 ( #1800, #2796, #98, #5632, #3972, #3935, #168, #5566, #6087, #2265, #4434, #207, #6126, #1270, #4543, #5090, #3372, #6584, #6695, #4397, #3444, #6547, #1200, #5528, #663, #4988, #2403, #5702, #6829 ),
 .UNSPECIFIED., .F., .F.,
 ( 4, 2, 2, 2, 2, 2, 2, 2, 2, 2, 1, 2, 2, 2, 4 ),
 ( 0.1082266406775849177, 0.1324768813048315952, 0.1446020016184549895, 0.1567271219320783837, 0.1809773625593252555, 0.2052276031865721273, 0.3022285656955594479, 0.3507290469500531360, 0.3749792875772999245, 0.3810418477341115939, 0.3871044078909232633, 0.3992295282045471572, 0.4234797688317945008, 0.4477300094590418444, 0.4962304907135360876 ),
 .UNSPECIFIED. ) ;
#5353 = CARTESIAN_POINT ( 'NONE',  ( 0.1300000000000000877, 0.005802604670491620827, -0.008888039591972735076 ) ) ;
#5354 = CARTESIAN_POINT ( 'NONE',  ( 0.003247353270438689370, 0.01010511900660246952, -0.001774581899888748706 ) ) ;
#5355 = EDGE_LOOP ( 'NONE', ( #79, #2674 ) ) ;
#5356 = CIRCLE ( 'NONE', #1503, 0.005003800000000000088 ) ;
#5357 = CARTESIAN_POINT ( 'NONE',  ( -0.003666642747675715516, 0.009427121302630877067, 0.001350560111945946435 ) ) ;
#5358 = B_SPLINE_CURVE_WITH_KNOTS ( 'NONE', 3,
 ( #6656, #3932, #4464, #765, #6084, #1266, #4571 ),
 .UNSPECIFIED., .F., .F.,
 ( 4, 3, 4 ),
 ( 0.008729009194748192646, 0.01361370798839668661, 0.01431720391460388278 ),
 .UNSPECIFIED. ) ;
#5359 = CARTESIAN_POINT ( 'NONE',  ( 0.004013417894836004800, 0.008963615322288865164, -0.0004490066914853513497 ) ) ;
#5360 = CARTESIAN_POINT ( 'NONE',  ( 0.1302203562110393065, 0.005534363306409425219, -0.009108940848207371793 ) ) ;
#5361 = VERTEX_POINT ( 'NONE', #5461 ) ;
#5362 = CARTESIAN_POINT ( 'NONE',  ( 0.004565310033023396025, 0.007767916786574823214, 0.004330962473151558564 ) ) ;
#5363 = CARTESIAN_POINT ( 'NONE',  ( 0.0002539999999999967956, 0.007685314285714284210, 0.0002539999999999998856 ) ) ;
#5364 = CIRCLE ( 'NONE', #2542, 0.005918200000000010605 ) ;
#5365 = CARTESIAN_POINT ( 'NONE',  ( -0.004573808175507371176, 0.007649285579370074944, -0.004259434090775667675 ) ) ;
#5366 = ORIENTED_EDGE ( 'NONE', *, *, #6295, .T. ) ;
#5367 = CARTESIAN_POINT ( 'NONE',  ( 0.000000000000000000, 0.000000000000000000, 0.000000000000000000 ) ) ;
#5368 = CARTESIAN_POINT ( 'NONE',  ( 0.01320222241134337213, 0.007694905134379088733, 0.003546982420654592929 ) ) ;
#5369 = ORIENTED_EDGE ( 'NONE', *, *, #6162, .T. ) ;
#5370 = CARTESIAN_POINT ( 'NONE',  ( 0.04293501449043885670, 0.009631339098243697078, 0.003684887829585376928 ) ) ;
#5371 = CARTESIAN_POINT ( 'NONE',  ( 0.04664984232644148882, -0.0005740548876334664605, -0.01780361097771035808 ) ) ;
#5372 = ORIENTED_EDGE ( 'NONE', *, *, #561, .T. ) ;
#5373 = CARTESIAN_POINT ( 'NONE',  ( -0.002358099515829447518, 0.01040039118401030888, -0.0009872942501146231287 ) ) ;
#5374 = CARTESIAN_POINT ( 'NONE',  ( -0.05055027864255638020, 0.01080025501745753361, 0.002018687111016614650 ) ) ;
#5375 = PRODUCT_DEFINITION_SHAPE ( 'NONE', 'NONE',  #6202 ) ;
#5376 = CARTESIAN_POINT ( 'NONE',  ( 0.1132709726663813921, 0.0006486805838273644945, -0.02138733699392448423 ) ) ;
#5377 = CARTESIAN_POINT ( 'NONE',  ( -0.006351342296483502084, 0.005890185846136120409, -0.0001032539414316115231 ) ) ;
#5378 = EDGE_CURVE ( 'NONE', #365, #2708, #6591, .T. ) ;
#5379 = CARTESIAN_POINT ( 'NONE',  ( -0.003082331169683598555, 0.01046960566402750821, -0.001823980383665971825 ) ) ;
#5380 = CARTESIAN_POINT ( 'NONE',  ( -0.004050723559133197205, 0.008916479364914764796, 4.133238679373506524E-05 ) ) ;
#5381 = CARTESIAN_POINT ( 'NONE',  ( -0.006085311668082468185, 0.003800349345891082010, 0.001906435020490534126 ) ) ;
#5382 = CARTESIAN_POINT ( 'NONE',  ( -0.1296793694048470613, 0.006219133770311116062, 0.008350694059771075761 ) ) ;
#5383 = CARTESIAN_POINT ( 'NONE',  ( 0.004497258483076397965, 0.007964252817058691328, 0.004340424600435132882 ) ) ;
#5384 = CARTESIAN_POINT ( 'NONE',  ( -0.005918200000000022748, 0.01016000000000000583, 0.000000000000000000 ) ) ;
#5385 = CARTESIAN_POINT ( 'NONE',  ( 0.002884438135928730530, 0.005080000000000001181, 0.0002539999999999999398 ) ) ;
#5386 = CARTESIAN_POINT ( 'NONE',  ( 0.003281084652727509279, 0.001266937026697454024, -0.005328094710378409107 ) ) ;
#5387 = CARTESIAN_POINT ( 'NONE',  ( -0.003039892821719123502, 0.01183872440781736507, -0.0005267919237586194889 ) ) ;
#5388 = CARTESIAN_POINT ( 'NONE',  ( -1.387778780781445676E-17, 0.001650999999999979090, 0.000000000000000000 ) ) ;
#5389 = CARTESIAN_POINT ( 'NONE',  ( 0.002932011827790507140, 0.01128806451058820583, -0.001500919394075117021 ) ) ;
#5390 = CARTESIAN_POINT ( 'NONE',  ( 0.001785667394348154505, 0.01046305122213599635, -0.0009697504610784583087 ) ) ;
#5391 = CARTESIAN_POINT ( 'NONE',  ( -0.001785667394348170118, 0.01046305122213599982, -0.0009697504610784572245 ) ) ;
#5392 = AXIS2_PLACEMENT_3D ( 'NONE', #5799, #3142, #5295 ) ;
#5393 = CARTESIAN_POINT ( 'NONE',  ( 0.003279641354377383147, 0.009161621775963520870, -0.0001892058142312201693 ) ) ;
#5394 = CARTESIAN_POINT ( 'NONE',  ( -0.003988414019031912353, 0.008995461312794914704, 0.0005734366876461090843 ) ) ;
#5395 = CARTESIAN_POINT ( 'NONE',  ( -0.004705164914179319445, 0.007932383614030945329, -0.004253490230605241028 ) ) ;
#5396 = CARTESIAN_POINT ( 'NONE',  ( 0.004002879986726607525, 0.008976998320787590857, -0.0005063861078629557089 ) ) ;
#5397 = CARTESIAN_POINT ( 'NONE',  ( 0.000000000000000000, 0.005587999999999999218, 0.000000000000000000 ) ) ;
#5398 = ORIENTED_EDGE ( 'NONE', *, *, #2653, .F. ) ;
#5399 = FACE_OUTER_BOUND ( 'NONE', #422, .T. ) ;
#5400 = SHAPE_DEFINITION_REPRESENTATION ( #4187, #5173 ) ;
#5401 = CARTESIAN_POINT ( 'NONE',  ( 0.004030389538041473027, 0.008942124063310959853, -0.0003312879593768117050 ) ) ;
#5402 = ORIENTED_EDGE ( 'NONE', *, *, #3977, .F. ) ;
#5403 = CARTESIAN_POINT ( 'NONE',  ( -0.005807373984698419381, 0.006691711838402407755, -0.002326231560353566718 ) ) ;
#5404 = CARTESIAN_POINT ( 'NONE',  ( -0.002999105026382540857, 0.01072356216962983520, 0.001795285193925599950 ) ) ;
#5405 =( NAMED_UNIT ( * ) PLANE_ANGLE_UNIT ( ) SI_UNIT ( $, .RADIAN. ) );
#5406 = ORIENTED_EDGE ( 'NONE', *, *, #3913, .F. ) ;
#5407 = CARTESIAN_POINT ( 'NONE',  ( 0.09585627183372455451, 0.01011112659062999262, 0.002047711247516098999 ) ) ;
#5408 = CARTESIAN_POINT ( 'NONE',  ( 0.06293829927198640872, -0.0004111327656885649948, -0.02381863383957421795 ) ) ;
#5409 = ORIENTED_EDGE ( 'NONE', *, *, #2955, .T. ) ;
#5410 = CARTESIAN_POINT ( 'NONE',  ( -0.003935358556472585805, 0.009063702429170776911, -0.0007734472561024730193 ) ) ;
#5411 = CARTESIAN_POINT ( 'NONE',  ( -0.06287143143848691884, -0.0007591322675566498316, 0.02440078829771876248 ) ) ;
#5412 = CARTESIAN_POINT ( 'NONE',  ( 6.773113841261531890E-17, 0.002200000000000024419, -0.004849742261192876991 ) ) ;
#5413 = CARTESIAN_POINT ( 'NONE',  ( -0.005891314644897181589, 0.004107546256655970028, 0.002100863989803882208 ) ) ;
#5414 = CARTESIAN_POINT ( 'NONE',  ( -0.003624592654353401590, 0.009487257092761046048, -0.001412384991999573883 ) ) ;
#5415 = CARTESIAN_POINT ( 'NONE',  ( -0.004689954595672983680, 0.001916915449240756079, 0.004357025230210065901 ) ) ;
#5416 = CARTESIAN_POINT ( 'NONE',  ( -0.1287402636155052793, 0.007100578305543640487, 0.005431541981439289880 ) ) ;
#5417 = DIRECTION ( 'NONE',  ( -0.000000000000000000, -1.000000000000000000, -0.000000000000000000 ) ) ;
#5418 = CONICAL_SURFACE ( 'NONE', #3278, 0.002412999999999997612, 0.7853981633974582710 ) ;
#5419 = AXIS2_PLACEMENT_3D ( 'NONE', #2234, #1624, #1026 ) ;
#5420 = CARTESIAN_POINT ( 'NONE',  ( 0.000000000000000000, 0.02413508000000001361, 0.000000000000000000 ) ) ;
#5421 = AXIS2_PLACEMENT_3D ( 'NONE', #6016, #1092, #4436 ) ;
#5422 = CARTESIAN_POINT ( 'NONE',  ( 0.004769540043941695832, 0.002332095369177925384, -0.004047458503224180514 ) ) ;
#5423 = CARTESIAN_POINT ( 'NONE',  ( -0.002961311690811364167, 0.01089745241005083548, -0.001739954519520540022 ) ) ;
#5424 = DIRECTION ( 'NONE',  ( -1.000000000000000000, 9.484135310589723205E-16, 0.000000000000000000 ) ) ;
#5425 = CARTESIAN_POINT ( 'NONE',  ( 0.002542950667004827657, 0.01003380642222333370, 0.001008622607919398449 ) ) ;
#5426 = CARTESIAN_POINT ( 'NONE',  ( 0.000000000000000000, 0.000000000000000000, 0.000000000000000000 ) ) ;
#5427 = CARTESIAN_POINT ( 'NONE',  ( 0.003977702744618815886, 0.001549560140833423439, -0.004880578652202811722 ) ) ;
#5428 = EDGE_CURVE ( 'NONE', #578, #5512, #4788, .T. ) ;
#5429 = DIRECTION ( 'NONE',  ( -1.000000000000000000, 9.526293969322788652E-16, 0.000000000000000000 ) ) ;
#5430 = CARTESIAN_POINT ( 'NONE',  ( 0.002434609251847470301, 0.01022496753981057445, 0.001014052728670547824 ) ) ;
#5431 = CARTESIAN_POINT ( 'NONE',  ( -0.004048300108186776713, 0.008919529215187524743, 0.0001318401114713652717 ) ) ;
#5432 = CARTESIAN_POINT ( 'NONE',  ( -0.002278279579266409820, 0.01081717931336722421, -0.0007762061703112527189 ) ) ;
#5433 = CARTESIAN_POINT ( 'NONE',  ( 0.002972743368678491295, 0.01083789649466550091, 0.001761782056206823849 ) ) ;
#5434 = CARTESIAN_POINT ( 'NONE',  ( 0.005918200000000000197, 0.001396999999999999371, 0.000000000000000000 ) ) ;
#5435 = ORIENTED_EDGE ( 'NONE', *, *, #4475, .F. ) ;
#5436 = CARTESIAN_POINT ( 'NONE',  ( -0.006442357127452385569, 0.007936155214759649593, -0.004108448897061483043 ) ) ;
#5437 = DIRECTION ( 'NONE',  ( -1.000000000000000000, 8.537024980200801111E-16, 0.000000000000000000 ) ) ;
#5438 = ORIENTED_EDGE ( 'NONE', *, *, #4647, .T. ) ;
#5439 = FACE_BOUND ( 'NONE', #5253, .T. ) ;
#5440 = CARTESIAN_POINT ( 'NONE',  ( -0.1300000000000000600, 0.004585931413959958014, 0.01292123918107855769 ) ) ;
#5441 =( NAMED_UNIT ( * ) SI_UNIT ( $, .STERADIAN. ) SOLID_ANGLE_UNIT ( ) );
#5442 = EDGE_LOOP ( 'NONE', ( #261, #6226, #938, #5970 ) ) ;
#5443 = CARTESIAN_POINT ( 'NONE',  ( 0.1293015241333790033, 0.006878194404917964411, -0.005907239662768125864 ) ) ;
#5444 = CARTESIAN_POINT ( 'NONE',  ( -0.0002540000000000001566, 0.005588000000000000085, -0.0002540000000000001024 ) ) ;
#5445 = ADVANCED_FACE ( 'NONE', ( #3801 ), #1171, .T. ) ;
#5446 = ORIENTED_EDGE ( 'NONE', *, *, #1468, .T. ) ;
#5447 = CARTESIAN_POINT ( 'NONE',  ( -0.002325930216644457940, 0.01049737429177684950, -0.0009589447992598473108 ) ) ;
#5448 = CARTESIAN_POINT ( 'NONE',  ( -0.004042316477297685541, 0.001735814177769827958, 0.004670813650600447002 ) ) ;
#5449 = B_SPLINE_CURVE_WITH_KNOTS ( 'NONE', 3,
 ( #4554, #2949, #319, #2488, #4618, #283, #220, #6172, #4119, #851, #5680, #2379, #3558, #6773, #1382, #1812, #816, #1921, #2984, #6739, #1885, #4047, #781, #2344, #1416, #3491, #249, #2916, #714, #5104, #5144, #6807, #2417, #5716, #2451, #4585, #2881, #3457, #4086, #6239, #4653, #3021, #1953, #6672, #6274, #6207, #6139, #5035, #181, #6707, #1282, #5607, #5067, #1845, #4014, #1311, #5643, #4222 ),
 .UNSPECIFIED., .F., .F.,
 ( 4, 2, 2, 2, 2, 2, 2, 2, 2, 2, 2, 2, 2, 2, 2, 2, 2, 2, 2, 2, 2, 2, 2, 2, 2, 2, 2, 2, 4 ),
 ( -6.000000001822250560E-08, 0.0002559474673492095919, 0.0005119549346984374758, 0.001023969869396892159, 0.002047999738793805213, 0.003072029608190718266, 0.004096059477587631753, 0.006144119216381459594, 0.008192178955175285701, 0.01228829843276297955, 0.01638441791035067513, 0.02457665686552605935, 0.03276889582070144358, 0.04096113477587683127, 0.04915337373105221203, 0.06553785164140293884, 0.07373009059657831266, 0.08192232955175368647, 0.08601844902934135950, 0.09011456850692904641, 0.09830680746210440635, 0.1024029269396920794, 0.1064990464172797524, 0.1105951658948674254, 0.1146912853724551123, 0.1187874048500427715, 0.1228835243276304584, 0.1269796438052181176, 0.1310757632828057906 ),
 .UNSPECIFIED. ) ;
#5450 = CARTESIAN_POINT ( 'NONE',  ( 0.09771270277881016764, 0.01142320837424796835, -0.005687534523509256076 ) ) ;
#5451 = VECTOR ( 'NONE', #6134, 1.000000000000000000 ) ;
#5452 = CARTESIAN_POINT ( 'NONE',  ( -0.005390283357879404116, 0.007904578225275942643, -0.003179150472574073568 ) ) ;
#5453 = CARTESIAN_POINT ( 'NONE',  ( -0.003574241690112685884, 0.009561217580954324904, -0.001478701500457607013 ) ) ;
#5454 = CARTESIAN_POINT ( 'NONE',  ( -0.005100352256357874002, 0.002275667490791539235, 0.003864495850715386066 ) ) ;
#5455 = B_SPLINE_CURVE_WITH_KNOTS ( 'NONE', 3,
 ( #4631, #6785, #3735, #6417 ),
 .UNSPECIFIED., .F., .F.,
 ( 4, 4 ),
 ( 0.0008338466488414295443, 0.0008541473376109499178 ),
 .UNSPECIFIED. ) ;
#5456 = CARTESIAN_POINT ( 'NONE',  ( -0.1299295637189699093, 0.006009160560077023323, 0.008766647534800222144 ) ) ;
#5457 = DIRECTION ( 'NONE',  ( 1.000000000000000000, -0.000000000000000000, 1.224646799147353207E-16 ) ) ;
#5458 = LINE ( 'NONE', #557, #4845 ) ;
#5459 = DIRECTION ( 'NONE',  ( 0.000000000000000000, 0.000000000000000000, -1.000000000000000000 ) ) ;
#5460 = CARTESIAN_POINT ( 'NONE',  ( 0.003285568532467321098, 0.009155736355543678956, -0.0001549591848021190064 ) ) ;
#5461 = CARTESIAN_POINT ( 'NONE',  ( 0.004050873552436906957, 0.008916288796237995321, 2.549550198696828356E-14 ) ) ;
#5462 = CARTESIAN_POINT ( 'NONE',  ( -0.003339210027021243324, 0.009936961206975682484, 0.001714562652665486313 ) ) ;
#5463 = CARTESIAN_POINT ( 'NONE',  ( 0.004278876438384020958, 0.001600451968487746511, -0.004564266036430683973 ) ) ;
#5464 = DIRECTION ( 'NONE',  ( -0.000000000000000000, -1.000000000000000000, -0.000000000000000000 ) ) ;
#5465 = CARTESIAN_POINT ( 'NONE',  ( 0.003289134432085352722, 0.009152201024052326536, 0.0001291244324850944415 ) ) ;
#5466 = EDGE_CURVE ( 'NONE', #2207, #4420, #6872, .T. ) ;
#5467 = CARTESIAN_POINT ( 'NONE',  ( -0.003891999765550464754, 0.009120155644115491428, -0.0009023139836220493357 ) ) ;
#5468 = CARTESIAN_POINT ( 'NONE',  ( -0.002304825358425609001, 0.01106108270229994028, 0.0004695080137588685475 ) ) ;
#5469 = LINE ( 'NONE', #3985, #630 ) ;
#5470 = CARTESIAN_POINT ( 'NONE',  ( 0.003167861479650193376, 0.01026662395341387812, 0.001810184394408326583 ) ) ;
#5471 = SURFACE_SIDE_STYLE ('',( #1144 ) ) ;
#5472 = ORIENTED_EDGE ( 'NONE', *, *, #3686, .F. ) ;
#5473 = CARTESIAN_POINT ( 'NONE',  ( -0.03338862291523205655, 0.009097306040990824766, -0.004256489618007890108 ) ) ;
#5474 = CARTESIAN_POINT ( 'NONE',  ( -0.002294254238363608710, 0.01100692276426524889, -0.0005622994280734475029 ) ) ;
#5475 = CARTESIAN_POINT ( 'NONE',  ( 0.003949024105604634176, 0.009046033358568619440, 0.0007277718656521468561 ) ) ;
#5476 = EDGE_LOOP ( 'NONE', ( #3040, #2289, #16, #546 ) ) ;
#5477 = CARTESIAN_POINT ( 'NONE',  ( 0.000000000000000000, 0.02225040000000000351, 0.002413000000000001515 ) ) ;
#5478 = CARTESIAN_POINT ( 'NONE',  ( 0.006271065324262644659, 0.004387019056182185454, -0.001157428282796391398 ) ) ;
#5479 = CARTESIAN_POINT ( 'NONE',  ( 0.005514078477359863825, 0.003111569453148723199, -0.003089814788675759004 ) ) ;
#5480 = CARTESIAN_POINT ( 'NONE',  ( -0.01760140311889672390, 0.008151381810670958392, -0.003997515822972659734 ) ) ;
#5481 = CARTESIAN_POINT ( 'NONE',  ( 0.1258128608934065140, 0.007331061143713385637, -0.005533838036637632289 ) ) ;
#5482 = DIRECTION ( 'NONE',  ( 1.235622036608014047E-16, 0.000000000000000000, -1.000000000000000000 ) ) ;
#5483 = ORIENTED_EDGE ( 'NONE', *, *, #6117, .T. ) ;
#5484 = CARTESIAN_POINT ( 'NONE',  ( -0.002334717099215981827, 0.01117305001923537232, 7.927989448824643661E-05 ) ) ;
#5485 = CIRCLE ( 'NONE', #721, 0.002412999999999997612 ) ;
#5486 = CARTESIAN_POINT ( 'NONE',  ( -0.05058187948339237100, 0.009997201225576183431, -0.004526969189274705763 ) ) ;
#5487 = CARTESIAN_POINT ( 'NONE',  ( -0.003322180356682347385, 0.009966930633826443300, -0.001727104044105704905 ) ) ;
#5488 = CARTESIAN_POINT ( 'NONE',  ( -0.003975390129903669939, 0.009012126409850634845, 0.0006290936901169984349 ) ) ;
#5489 = CARTESIAN_POINT ( 'NONE',  ( 7.654042494670957930E-19, 0.01000000000000000021, 0.006250000000000000347 ) ) ;
#5490 = CARTESIAN_POINT ( 'NONE',  ( -0.1302258381392532305, 0.005685096052427352983, 0.008728200699258475970 ) ) ;
#5491 = DIRECTION ( 'NONE',  ( 1.224646799147352961E-16, 0.000000000000000000, -1.000000000000000000 ) ) ;
#5492 = CARTESIAN_POINT ( 'NONE',  ( 0.001404488224300015587, 0.005588000000000000085, 0.0002539999999999998856 ) ) ;
#5493 = DIRECTION ( 'NONE',  ( -0.000000000000000000, 1.000000000000000000, 0.000000000000000000 ) ) ;
#5494 = CARTESIAN_POINT ( 'NONE',  ( 0.002762243376615948227, 0.001025190827790006289, -0.005614714073377892120 ) ) ;
#5495 = CARTESIAN_POINT ( 'NONE',  ( -0.1300000000000000600, 0.005755426887902833841, 0.008952558389662180344 ) ) ;
#5496 = CARTESIAN_POINT ( 'NONE',  ( 0.003296961072639812296, 0.009144451184526201232, -3.482792626121308571E-05 ) ) ;
#5497 = CARTESIAN_POINT ( 'NONE',  ( 0.004532730505797225723, 0.007879808622134901186, 0.004348566857138290789 ) ) ;
#5498 = DIRECTION ( 'NONE',  ( 0.000000000000000000, 0.000000000000000000, -1.000000000000000000 ) ) ;
#5499 = CARTESIAN_POINT ( 'NONE',  ( 0.002830442289432713761, 0.001092864633840053392, -0.005580451666217473711 ) ) ;
#5500 = CARTESIAN_POINT ( 'NONE',  ( -0.002948339999257718145, 0.01147177985930318209, -0.001307174548824891055 ) ) ;
#5501 = CARTESIAN_POINT ( 'NONE',  ( 0.003067825428615370345, 0.009378979629008306340, 0.0006500175992022135842 ) ) ;
#5502 = ORIENTED_EDGE ( 'NONE', *, *, #4608, .F. ) ;
#5503 = CARTESIAN_POINT ( 'NONE',  ( -0.002479889893148696373, 0.01013938886829005362, -0.001016298435693098251 ) ) ;
#5504 = CARTESIAN_POINT ( 'NONE',  ( -0.002281078928045022526, 0.01089253917081662616, -0.0007041215512908676009 ) ) ;
#5505 = PLANE ( 'NONE',  #863 ) ;
#5506 = CARTESIAN_POINT ( 'NONE',  ( 0.003786576161737313043, 0.009260756426154193727, 0.001143120066158731345 ) ) ;
#5507 =( NAMED_UNIT ( * ) SI_UNIT ( $, .STERADIAN. ) SOLID_ANGLE_UNIT ( ) );
#5508 = ORIENTED_EDGE ( 'NONE', *, *, #6588, .T. ) ;
#5509 = CARTESIAN_POINT ( 'NONE',  ( -0.04969763557628489176, 0.01001602575326543225, -0.003873250061596518207 ) ) ;
#5510 = VECTOR ( 'NONE', #204, 1.000000000000000000 ) ;
#5511 = CARTESIAN_POINT ( 'NONE',  ( 0.003001862213655899937, 0.01071798703553169738, 0.001794196603031302916 ) ) ;
#5512 = VERTEX_POINT ( 'NONE', #2115 ) ;
#5513 = LINE ( 'NONE', #153, #5764 ) ;
#5514 = CARTESIAN_POINT ( 'NONE',  ( 0.004460244174032057356, 0.001751766152307591973, -0.004593944150042556483 ) ) ;
#5515 = EDGE_CURVE ( 'NONE', #4694, #5013, #1177, .T. ) ;
#5516 = CARTESIAN_POINT ( 'NONE',  ( -0.004139964805134742180, 0.007854645106463329848, -0.004603617608370713134 ) ) ;
#5517 = CARTESIAN_POINT ( 'NONE',  ( 0.1246173535197964144, 0.008047351535994493044, -0.003350832444549510687 ) ) ;
#5518 = CARTESIAN_POINT ( 'NONE',  ( -0.001295996846608350045, 0.0009318307807127960887, 0.006278871308532613625 ) ) ;
#5519 = ORIENTED_EDGE ( 'NONE', *, *, #1314, .F. ) ;
#5520 = CARTESIAN_POINT ( 'NONE',  ( -0.002320959572829840896, 0.01112657082705786199, -0.0003135193702636903724 ) ) ;
#5521 = CARTESIAN_POINT ( 'NONE',  ( -0.003225248977493045278, 0.009216021608166209689, -0.0003785000607453420634 ) ) ;
#5522 = CARTESIAN_POINT ( 'NONE',  ( 0.000000000000000000, 0.006985000000000000757, -0.001415789041095890559 ) ) ;
#5523 = CARTESIAN_POINT ( 'NONE',  ( -0.002982018349025949977, 0.01164721433644057454, -0.001041380520943411625 ) ) ;
#5524 = CARTESIAN_POINT ( 'NONE',  ( -0.003953797383724194127, 0.009039878591052921339, 0.0007110402858727687308 ) ) ;
#5525 = CARTESIAN_POINT ( 'NONE',  ( 0.003479667337994602882, 0.001400518588225215183, -0.005200511107926918813 ) ) ;
#5526 = B_SPLINE_CURVE_WITH_KNOTS ( 'NONE', 3,
 ( #1614, #591, #6401, #3264, #553, #4395, #3792, #2726 ),
 .UNSPECIFIED., .F., .F.,
 ( 4, 2, 2, 4 ),
 ( 0.4962304907135360876, 0.5522326976814880828, 0.5802338011654639693, 0.6082349046494399669 ),
 .UNSPECIFIED. ) ;
#5527 = CARTESIAN_POINT ( 'NONE',  ( -0.1302174298128023211, 0.005680423134795647283, 0.008751028971311461055 ) ) ;
#5528 = CARTESIAN_POINT ( 'NONE',  ( 0.002966802618259834108, 0.01086318882415882557, 0.001754636780493392311 ) ) ;
#5529 = CARTESIAN_POINT ( 'NONE',  ( -0.004643745105022002717, 0.007741020651064434502, -0.004287909438225940249 ) ) ;
#5530 = DIRECTION ( 'NONE',  ( -0.000000000000000000, 1.000000000000000000, -0.000000000000000000 ) ) ;
#5531 = FILL_AREA_STYLE_COLOUR ( '', #2251 ) ;
#5532 = DIRECTION ( 'NONE',  ( 0.000000000000000000, -0.7071067811865404673, -0.7071067811865545671 ) ) ;
#5533 = CARTESIAN_POINT ( 'NONE',  ( 0.003282763959744812877, 0.009158519794411505710, 0.0001720142363162778358 ) ) ;
#5534 = CARTESIAN_POINT ( 'NONE',  ( 0.000000000000000000, 0.005588000000000000085, 0.000000000000000000 ) ) ;
#5535 = AXIS2_PLACEMENT_3D ( 'NONE', #4473, #5464, #6023 ) ;
#5536 = CARTESIAN_POINT ( 'NONE',  ( 0.0002539999999999998314, 0.000000000000000000, 0.001451138256679907184 ) ) ;
#5537 = B_SPLINE_CURVE_WITH_KNOTS ( 'NONE', 3,
 ( #4527, #4903, #48, #2212, #4421, #1672, #614, #4561, #5848, #1021, #1060, #3157, #2118, #1547, #451, #384, #6371, #6442, #1583, #2016, #3759, #5277, #2625, #1509, #6187, #1330, #3611, #1466, #904, #3071, #367, #2966 ),
 .UNSPECIFIED., .F., .F.,
 ( 4, 2, 2, 2, 2, 2, 2, 2, 2, 2, 2, 2, 2, 2, 2, 4 ),
 ( 0.000000000000000000, 0.0009538278356709620903, 0.001907655671341924181, 0.002861483507012885837, 0.003815311342683847494, 0.004769139178354809584, 0.005722967014025769940, 0.007630622685367691518, 0.008584450521038651874, 0.009538278356709612230, 0.01049210619238057259, 0.01144593402805153468, 0.01239976186372249677, 0.01335358969939345886, 0.01430741753506442095, 0.01526124537073538304 ),
 .UNSPECIFIED. ) ;
#5538 = CARTESIAN_POINT ( 'NONE',  ( 3.546087271611077838E-19, 0.005587999999999999218, -0.002895600000000001645 ) ) ;
#5539 = CARTESIAN_POINT ( 'NONE',  ( -0.003012394988727106100, 0.01175602262191538343, 0.0007973326765683486431 ) ) ;
#5540 = AXIS2_PLACEMENT_3D ( 'NONE', #6265, #2513, #1505 ) ;
#5541 = CARTESIAN_POINT ( 'NONE',  ( 0.003290216511735886192, 0.009151128647944425237, 0.0001204594325412790051 ) ) ;
#5542 = CARTESIAN_POINT ( 'NONE',  ( -0.003872672032660730637, 0.009145651123737124147, -0.0009511028107664540841 ) ) ;
#5543 = CYLINDRICAL_SURFACE ( 'NONE', #6437, 0.005003799999999945444 ) ;
#5544 = CARTESIAN_POINT ( 'NONE',  ( 0.004587934170951089331, 0.007720170938121221488, 0.004244265504510279577 ) ) ;
#5545 = CARTESIAN_POINT ( 'NONE',  ( 0.001962714714447108197, 0.01036036470367779523, 0.001001840443155951324 ) ) ;
#5546 = CARTESIAN_POINT ( 'NONE',  ( 0.004050347132878839157, 0.008916953101947181631, -6.096177328289460056E-05 ) ) ;
#5547 = FACE_OUTER_BOUND ( 'NONE', #5442, .T. ) ;
#5548 = CARTESIAN_POINT ( 'NONE',  ( -0.01725387223545070056, 0.007869614837635000026, -0.003166257343058758063 ) ) ;
#5549 = CARTESIAN_POINT ( 'NONE',  ( -0.002279595665322030253, 0.01078045839948021598, 0.0008047270713102455588 ) ) ;
#5550 = EDGE_CURVE ( 'NONE', #3137, #828, #5526, .T. ) ;
#5551 = CARTESIAN_POINT ( 'NONE',  ( 0.002933090403191551503, 0.01130715779029881247, 0.001482864465607500442 ) ) ;
#5552 = ORIENTED_EDGE ( 'NONE', *, *, #6689, .T. ) ;
#5553 = EDGE_CURVE ( 'NONE', #496, #2667, #6545, .T. ) ;
#5554 = CARTESIAN_POINT ( 'NONE',  ( 0.006347963981087777728, 0.005550641311876118936, 0.0004031671996375828433 ) ) ;
#5555 = CARTESIAN_POINT ( 'NONE',  ( -0.02292398139508836086, 0.003448409073906997212, 0.002519888445189015936 ) ) ;
#5556 = CARTESIAN_POINT ( 'NONE',  ( 0.002724797897740151471, 0.009776440640170294336, -0.0009409467011444104479 ) ) ;
#5557 = CARTESIAN_POINT ( 'NONE',  ( -0.005835595229332291717, 0.003502591178390377334, 0.002299380046325279724 ) ) ;
#5558 = ORIENTED_EDGE ( 'NONE', *, *, #1112, .T. ) ;
#5559 = CARTESIAN_POINT ( 'NONE',  ( -0.002316355087703711024, 0.01110938980378429856, -0.0003622310852280825346 ) ) ;
#5560 = CARTESIAN_POINT ( 'NONE',  ( -0.003232377124878239947, 0.009208834105496301742, 0.0003602076045603308627 ) ) ;
#5561 = CARTESIAN_POINT ( 'NONE',  ( -0.003016357437237636181, 0.01176863628455102409, -0.0007623705508770615849 ) ) ;
#5562 = CARTESIAN_POINT ( 'NONE',  ( 0.001962714714447112967, 0.01036036470367779176, -0.001001840443155951541 ) ) ;
#5563 = ADVANCED_FACE ( 'NONE', ( #3827, #5979 ), #6937, .F. ) ;
#5564 = CARTESIAN_POINT ( 'NONE',  ( 0.001266773327692837393, 0.001056636272944678481, -0.006120279069854499959 ) ) ;
#5565 = CARTESIAN_POINT ( 'NONE',  ( -0.004633193210799797616, 0.007922006218868781272, -0.004293976721442195610 ) ) ;
#5566 = CARTESIAN_POINT ( 'NONE',  ( 0.003974628299736300899, 0.009013052744934985788, 0.0006378089373484362992 ) ) ;
#5567 = CARTESIAN_POINT ( 'NONE',  ( -0.004572539461271084293, 0.007760941514271177226, -0.004327099396778951758 ) ) ;
#5568 = VECTOR ( 'NONE', #1730, 1.000000000000000000 ) ;
#5569 = DIRECTION ( 'NONE',  ( 0.000000000000000000, -0.000000000000000000, 1.000000000000000000 ) ) ;
#5570 = CARTESIAN_POINT ( 'NONE',  ( -9.027076867851186281E-34, 0.01270000000000000122, 0.000000000000000000 ) ) ;
#5571 = CARTESIAN_POINT ( 'NONE',  ( 0.002846313460988915498, 0.009626600295794715892, 0.0008648590649706996590 ) ) ;
#5572 = CARTESIAN_POINT ( 'NONE',  ( -0.1300000000000000600, 0.005612429250701393181, 0.009265824011769558180 ) ) ;
#5573 = CARTESIAN_POINT ( 'NONE',  ( 0.002554574900552128523, 0.001010756715323704157, -0.005712701441628146963 ) ) ;
#5574 = CARTESIAN_POINT ( 'NONE',  ( -0.003052027975285892536, 0.01187097118087758127, 0.0003412055869268234643 ) ) ;
#5575 = CARTESIAN_POINT ( 'NONE',  ( 0.002523469016626391209, 0.01006514095996713549, 0.001012058519479625907 ) ) ;
#5576 = CARTESIAN_POINT ( 'NONE',  ( -0.002618097784243265166, 0.009921119280021145972, -0.0009876432785131730990 ) ) ;
#5577 = CARTESIAN_POINT ( 'NONE',  ( -0.002321242067242220743, 0.01112758246067541840, 0.0003101143260450769565 ) ) ;
#5578 = DIRECTION ( 'NONE',  ( 0.000000000000000000, 0.000000000000000000, 1.000000000000000000 ) ) ;
#5579 = CARTESIAN_POINT ( 'NONE',  ( 0.003189460536574266220, 0.01022068957535403680, 0.001802419696370929653 ) ) ;
#5580 = DIRECTION ( 'NONE',  ( -0.000000000000000000, 1.000000000000000000, -0.000000000000000000 ) ) ;
#5581 = CARTESIAN_POINT ( 'NONE',  ( -0.03753242930770864932, 0.009223715061200421853, -0.003420009211412279072 ) ) ;
#5582 = CARTESIAN_POINT ( 'NONE',  ( -0.002314736036725771259, 0.01110311731149617523, -0.0003782624658883431811 ) ) ;
#5583 = CARTESIAN_POINT ( 'NONE',  ( 0.003850352380053411946, 0.009175173915211311260, 0.001005836220736227877 ) ) ;
#5584 = ORIENTED_EDGE ( 'NONE', *, *, #3658, .T. ) ;
#5585 = CARTESIAN_POINT ( 'NONE',  ( -0.004107415362522393726, 0.006351090971974351906, -0.0009556366808564433239 ) ) ;
#5586 = CARTESIAN_POINT ( 'NONE',  ( 0.002467743318293942525, 0.01016130842153028895, -0.001016509086354493727 ) ) ;
#5587 = CARTESIAN_POINT ( 'NONE',  ( 0.1284483004427683095, 0.007197205272547594658, -0.005223477958998687561 ) ) ;
#5588 = CARTESIAN_POINT ( 'NONE',  ( -0.004749822928882999930, 0.002145320002877621791, 0.004072370510129211946 ) ) ;
#5589 = ORIENTED_EDGE ( 'NONE', *, *, #265, .F. ) ;
#5590 = CARTESIAN_POINT ( 'NONE',  ( -0.002307621396636076131, 0.01107369057005749662, 0.0004446676669157456001 ) ) ;
#5591 = CARTESIAN_POINT ( 'NONE',  ( -0.002341819305917676799, 0.01015018309780834661, -0.001015952571939930400 ) ) ;
#5592 = CARTESIAN_POINT ( 'NONE',  ( -0.002942812723655632758, 0.01143102588787155149, 0.001357172913460830219 ) ) ;
#5593 = LINE ( 'NONE', #6189, #5510 ) ;
#5594 = VECTOR ( 'NONE', #3844, 1.000000000000000000 ) ;
#5595 = CARTESIAN_POINT ( 'NONE',  ( 0.003947231580840065979, 0.001610009688396088316, -0.004854771021849588891 ) ) ;
#5596 = CARTESIAN_POINT ( 'NONE',  ( -0.1302214705903572134, 0.005602867160154861685, 0.008944368703729681583 ) ) ;
#5597 = EDGE_CURVE ( 'NONE', #4971, #2896, #2759, .T. ) ;
#5598 = AXIS2_PLACEMENT_3D ( 'NONE', #5440, #6427, #2645 ) ;
#5599 = CARTESIAN_POINT ( 'NONE',  ( -0.002286438166191721421, 0.01095138000690619971, 0.0006372641889236944131 ) ) ;
#5600 = CARTESIAN_POINT ( 'NONE',  ( 0.002692520556924063620, 0.009818710451970228195, -0.0009569981594618336314 ) ) ;
#5601 = CARTESIAN_POINT ( 'NONE',  ( 0.002308149563497759096, 0.01056745902135477512, 0.0009308767482855933965 ) ) ;
#5602 = CARTESIAN_POINT ( 'NONE',  ( 0.004050873552436906957, 0.008916288796237995321, 2.549550198696828356E-14 ) ) ;
#5603 = CARTESIAN_POINT ( 'NONE',  ( 0.003299685363321068661, 0.009141720636127068436, 7.448279513886305991E-05 ) ) ;
#5604 = CARTESIAN_POINT ( 'NONE',  ( -0.002982018349025949977, 0.01164721433644057454, -0.001041380520943411625 ) ) ;
#5605 = CARTESIAN_POINT ( 'NONE',  ( 0.002280990602888466248, 0.01089166199733070974, -0.0007051472780031017027 ) ) ;
#5606 = CARTESIAN_POINT ( 'NONE',  ( -0.002445228830612217706, 0.01020360670910386985, -0.001015571442872046379 ) ) ;
#5607 = CARTESIAN_POINT ( 'NONE',  ( 0.01531702997014088539, 0.007680334584284269871, 0.003376848154207095446 ) ) ;
#5608 = CARTESIAN_POINT ( 'NONE',  ( -0.002504045676704251110, 0.009272074566251778047, 0.0005109901435324106867 ) ) ;
#5609 = EDGE_CURVE ( 'NONE', #5075, #5293, #5136, .T. ) ;
#5610 = CARTESIAN_POINT ( 'NONE',  ( 0.002948552373886949730, 0.01097977222125443540, 0.001703884081200158053 ) ) ;
#5611 = CARTESIAN_POINT ( 'NONE',  ( 0.002296894185495193703, 0.01061841332860251515, -0.0009080126270685077213 ) ) ;
#5612 = CARTESIAN_POINT ( 'NONE',  ( -0.002328703737168199422, 0.01115351280096412573, -0.0002132920759456731887 ) ) ;
#5613 = APPLICATION_CONTEXT ( 'automotive_design' ) ;
#5614 = CARTESIAN_POINT ( 'NONE',  ( 0.002960459910740765709, 0.01154620854587126710, 0.001206651201017871176 ) ) ;
#5615 = ORIENTED_EDGE ( 'NONE', *, *, #3893, .F. ) ;
#5616 = CYLINDRICAL_SURFACE ( 'NONE', #159, 0.005918200000000010605 ) ;
#5617 = CARTESIAN_POINT ( 'NONE',  ( -0.03132368656586536487, 0.008688609813758655862, -0.003123202425866785682 ) ) ;
#5618 = CARTESIAN_POINT ( 'NONE',  ( 0.002402686964321732073, 0.01029183075196065528, -0.001007546389526458837 ) ) ;
#5619 = CARTESIAN_POINT ( 'NONE',  ( 0.1299167089456062518, 0.006537327284162767864, -0.006631297768247874577 ) ) ;
#5620 = CARTESIAN_POINT ( 'NONE',  ( -0.004005988419309525726, 0.001438295604184362505, 0.004806471903779949845 ) ) ;
#5621 = ORIENTED_EDGE ( 'NONE', *, *, #5018, .F. ) ;
#5622 = CARTESIAN_POINT ( 'NONE',  ( -0.002318416592999977908, 0.01052576602264832482, 0.0009480299556192959068 ) ) ;
#5623 = CARTESIAN_POINT ( 'NONE',  ( -0.003164488982525600833, 0.009277926397092918151, 0.0005046775581983597471 ) ) ;
#5624 = B_SPLINE_CURVE_WITH_KNOTS ( 'NONE', 3,
 ( #6697, #3975, #1274, #6626, #1838, #668, #1725, #1876, #6165, #6132, #3482, #771, #2942, #2300, #1240, #6199, #1340, #629, #946, #809, #6800, #5774 ),
 .UNSPECIFIED., .F., .F.,
 ( 4, 2, 2, 2, 2, 2, 2, 2, 2, 2, 4 ),
 ( -5.999999999955653319E-08, 0.001503305282973853470, 0.003006670565947705716, 0.004510035848921557095, 0.006013401131895408473, 0.007516766414869259852, 0.009020131697843112098, 0.009771814339330036486, 0.01052349698081696261, 0.01127517962230388700, 0.01202686226379081139 ),
 .UNSPECIFIED. ) ;
#5625 = EDGE_CURVE ( 'NONE', #1116, #4672, #4251, .T. ) ;
#5626 = CARTESIAN_POINT ( 'NONE',  ( -0.003992535490774052655, 0.001665953679872037973, 0.004817159254238628958 ) ) ;
#5627 = VECTOR ( 'NONE', #397, 1.000000000000000000 ) ;
#5628 = CARTESIAN_POINT ( 'NONE',  ( 0.001785667394348145831, 0.01046305122213599982, 0.0009697504610784572245 ) ) ;
#5629 = CARTESIAN_POINT ( 'NONE',  ( 0.1244236575554604068, 0.006586940915285195187, -0.009982979922869830366 ) ) ;
#5630 = CARTESIAN_POINT ( 'NONE',  ( 0.005835595229332427025, 0.003502591178390863057, -0.002299380046324170368 ) ) ;
#5631 = CARTESIAN_POINT ( 'NONE',  ( -0.1302156528036776673, 0.005674951307007737936, 0.008767787660467785474 ) ) ;
#5632 = CARTESIAN_POINT ( 'NONE',  ( 0.004031349922793608931, 0.008940903597093518770, 0.0003254442851834459601 ) ) ;
#5633 = CARTESIAN_POINT ( 'NONE',  ( 0.04992988650869768091, 0.01002654520396268831, 0.003875973605190501450 ) ) ;
#5634 = FACE_OUTER_BOUND ( 'NONE', #6423, .T. ) ;
#5635 = EDGE_CURVE ( 'NONE', #6745, #928, #6085, .T. ) ;
#5636 = CARTESIAN_POINT ( 'NONE',  ( 0.000000000000000000, 0.000000000000000000, 0.000000000000000000 ) ) ;
#5637 = CARTESIAN_POINT ( 'NONE',  ( 0.002468259129071298779, 0.01016034185728188245, 0.001016512967465757044 ) ) ;
#5638 = CARTESIAN_POINT ( 'NONE',  ( -0.1297434708212995835, 0.005935427533706370828, 0.008518470822039858267 ) ) ;
#5639 = DIRECTION ( 'NONE',  ( 9.484135310589723205E-16, 1.000000000000000000, -0.000000000000000000 ) ) ;
#5640 = CARTESIAN_POINT ( 'NONE',  ( -0.003042085055071243934, 0.01184418529987246553, -0.0004919081105665480983 ) ) ;
#5641 = CARTESIAN_POINT ( 'NONE',  ( 0.002284863800354713752, 0.01070412692447362570, 0.0008586992225888723414 ) ) ;
#5642 = EDGE_CURVE ( 'NONE', #6451, #6353, #2302, .T. ) ;
#5643 = CARTESIAN_POINT ( 'NONE',  ( 0.005979179149632876666, 0.007744845077184624345, 0.004187562727292958205 ) ) ;
#5644 = CARTESIAN_POINT ( 'NONE',  ( -0.002477661154764770370, 0.009346038287192340310, -0.0006219798008666179660 ) ) ;
#5645 = CARTESIAN_POINT ( 'NONE',  ( 0.002997223671224783035, 0.01170457950002424738, -0.0009229790522014124504 ) ) ;
#5646 = CARTESIAN_POINT ( 'NONE',  ( 0.002281552032127059319, 0.01074329643639463337, -0.0008322652040188205022 ) ) ;
#5647 = EDGE_CURVE ( 'NONE', #3206, #896, #3408, .T. ) ;
#5648 = CARTESIAN_POINT ( 'NONE',  ( -0.002306558695742685038, 0.01057308195393562474, 0.0009288582809860147999 ) ) ;
#5649 = TOROIDAL_SURFACE ( 'NONE', #1794, 0.006150000000000000085, 0.0001000000000000000048 ) ;
#5650 = AXIS2_PLACEMENT_3D ( 'NONE', #2015, #5493, #6054 ) ;
#5651 = CARTESIAN_POINT ( 'NONE',  ( 0.003029837992353962527, 0.01180946967019846049, 0.0006329094046391120065 ) ) ;
#5652 = ORIENTED_EDGE ( 'NONE', *, *, #6177, .F. ) ;
#5653 = CARTESIAN_POINT ( 'NONE',  ( 0.000000000000000000, 0.01000000000000000021, 0.000000000000000000 ) ) ;
#5654 =( LENGTH_UNIT ( ) NAMED_UNIT ( * ) SI_UNIT ( $, .METRE. ) );
#5655 = CARTESIAN_POINT ( 'NONE',  ( -0.002098726491271317440, 0.0008895269257051581112, 0.005900392038338030630 ) ) ;
#5656 = CIRCLE ( 'NONE', #3626, 0.006032499999999996199 ) ;
#5657 = CARTESIAN_POINT ( 'NONE',  ( 0.1300068151761480384, 0.005915768049142041199, -0.008944156369098187759 ) ) ;
#5658 = CARTESIAN_POINT ( 'NONE',  ( -0.006247745138939582790, 0.004254531174569474092, 0.001328786381838145507 ) ) ;
#5659 = ORIENTED_EDGE ( 'NONE', *, *, #5733, .F. ) ;
#5660 = CARTESIAN_POINT ( 'NONE',  ( -0.002611589237301999329, 0.009930179303343611430, 0.0009901629249196861396 ) ) ;
#5661 = CARTESIAN_POINT ( 'NONE',  ( -0.003294903239980208950, 0.009146480888669978118, 8.541198372810841180E-05 ) ) ;
#5662 = ADVANCED_FACE ( 'NONE', ( #3864 ), #1280, .F. ) ;
#5663 = DIRECTION ( 'NONE',  ( 0.6541184129622483745, 0.2806565124960925250, -0.7023966285634352102 ) ) ;
#5664 = VERTEX_POINT ( 'NONE', #677 ) ;
#5665 = CARTESIAN_POINT ( 'NONE',  ( 0.05055027864255639408, 0.008621180954153548695, -0.002051032396460602571 ) ) ;
#5666 = CARTESIAN_POINT ( 'NONE',  ( 0.006208190314586704492, 0.005687642129357795874, 0.0007663168322059286941 ) ) ;
#5667 = CARTESIAN_POINT ( 'NONE',  ( -0.1301865631005383328, 0.005371750919597162097, 0.009817534599944966259 ) ) ;
#5668 = CARTESIAN_POINT ( 'NONE',  ( -1.047902110467058392E-17, 0.001651000000000004894, 0.000000000000000000 ) ) ;
#5669 = EDGE_CURVE ( 'NONE', #438, #896, #6262, .T. ) ;
#5670 = CARTESIAN_POINT ( 'NONE',  ( 0.01401233974534949085, 0.007868272712584578957, 0.003393829008889565849 ) ) ;
#5671 = CARTESIAN_POINT ( 'NONE',  ( -0.003197088229404414575, 0.01020477095628782860, 0.001799354800895956079 ) ) ;
#5672 = DIRECTION ( 'NONE',  ( -0.000000000000000000, -1.000000000000000000, -0.000000000000000000 ) ) ;
#5673 = CARTESIAN_POINT ( 'NONE',  ( 0.002326889699800529544, 0.01114739639015060318, 0.0002400170712445449613 ) ) ;
#5674 = CIRCLE ( 'NONE', #1368, 0.002895600000000001645 ) ;
#5675 = CARTESIAN_POINT ( 'NONE',  ( 0.003211119444163984364, 0.009230279394189980224, 0.0004128052427820227597 ) ) ;
#5676 = CARTESIAN_POINT ( 'NONE',  ( -0.003119939789320748478, 0.01037546651940603193, -0.001821734198160926453 ) ) ;
#5677 = CARTESIAN_POINT ( 'NONE',  ( 0.002278559410488175448, 0.01081602759826134040, -0.0007765759649193440224 ) ) ;
#5678 = ORIENTED_EDGE ( 'NONE', *, *, #6088, .T. ) ;
#5679 = CARTESIAN_POINT ( 'NONE',  ( 0.002282756867926337505, 0.01091549943926374729, -0.0006795457787810894618 ) ) ;
#5680 = CARTESIAN_POINT ( 'NONE',  ( 0.1285653111050519548, 0.006557504890582868326, -0.007220188846449399067 ) ) ;
#5681 = DIRECTION ( 'NONE',  ( 9.484135310589723205E-16, 1.000000000000000000, -0.000000000000000000 ) ) ;
#5682 = CARTESIAN_POINT ( 'NONE',  ( 0.003054803795946385656, 0.01187831008038043798, -0.0002909386609007295682 ) ) ;
#5683 = CARTESIAN_POINT ( 'NONE',  ( 0.002468811352581104946, 0.01015999993208476469, -0.001016000136871583921 ) ) ;
#5684 = CARTESIAN_POINT ( 'NONE',  ( -0.002332274874134798465, 0.01116524912538825395, 0.0001484423130363730946 ) ) ;
#5685 = EDGE_CURVE ( 'NONE', #4823, #377, #150, .T. ) ;
#5686 = CARTESIAN_POINT ( 'NONE',  ( 0.003043053573635281193, 0.01184685550639916034, 0.0004791607416842366641 ) ) ;
#5687 = ORIENTED_EDGE ( 'NONE', *, *, #3098, .F. ) ;
#5688 = CARTESIAN_POINT ( 'NONE',  ( -1.204485184444895089E-17, 0.01015018309780834661, 0.000000000000000000 ) ) ;
#5689 = FILL_AREA_STYLE ('',( #6180 ) ) ;
#5690 = CARTESIAN_POINT ( 'NONE',  ( 0.003058740138896383007, 0.009388678719891949132, -0.0006613013555501493163 ) ) ;
#5691 = CARTESIAN_POINT ( 'NONE',  ( 0.1298870223295431614, 0.005771803182335880598, -0.008892557442536690171 ) ) ;
#5692 = CARTESIAN_POINT ( 'NONE',  ( -0.006171269257138154579, 0.005865372362347834670, -0.001023354613892918895 ) ) ;
#5693 = ORIENTED_EDGE ( 'NONE', *, *, #288, .T. ) ;
#5694 = CARTESIAN_POINT ( 'NONE',  ( -0.003262874106545906889, 0.009178320873670245753, 0.0002624022121030073710 ) ) ;
#5695 =( NAMED_UNIT ( * ) PLANE_ANGLE_UNIT ( ) SI_UNIT ( $, .RADIAN. ) );
#5696 = ORIENTED_EDGE ( 'NONE', *, *, #5597, .T. ) ;
#5697 = DIRECTION ( 'NONE',  ( -0.000000000000000000, -1.000000000000000000, -0.000000000000000000 ) ) ;
#5698 = ORIENTED_EDGE ( 'NONE', *, *, #3045, .F. ) ;
#5699 = CARTESIAN_POINT ( 'NONE',  ( 0.03471720932205401428, 0.009179358355902712124, 0.004296070944817941689 ) ) ;
#5700 = CARTESIAN_POINT ( 'NONE',  ( 0.006075346112953575010, 0.006280390620502023305, 0.001491264173843003969 ) ) ;
#5701 = CARTESIAN_POINT ( 'NONE',  ( -0.004517378394203333015, 0.007848648513975670787, -0.004356673159259247426 ) ) ;
#5702 = CARTESIAN_POINT ( 'NONE',  ( 0.002937334732016013555, 0.01140753771128941857, 0.001396471604276536618 ) ) ;
#5703 = AXIS2_PLACEMENT_3D ( 'NONE', #1105, #5580, #718 ) ;
#5704 = LINE ( 'NONE', #6762, #6665 ) ;
#5705 = CARTESIAN_POINT ( 'NONE',  ( 0.003452957942434810735, 0.001265715187916218116, -0.005252063797436566824 ) ) ;
#5706 = CARTESIAN_POINT ( 'NONE',  ( -0.002934432071958663259, 0.01112395311358321467, 0.001623694013057517052 ) ) ;
#5707 = CARTESIAN_POINT ( 'NONE',  ( -0.002293381792506537110, 0.01100116198215652513, 0.0005703114680685319538 ) ) ;
#5708 = CARTESIAN_POINT ( 'NONE',  ( 0.002298087229781355708, 0.01061433563962789484, 0.0009094013330753360864 ) ) ;
#5709 = CARTESIAN_POINT ( 'NONE',  ( -0.03349772046934362812, 0.008687055707610472771, -0.003273333806284227116 ) ) ;
#5710 = CIRCLE ( 'NONE', #2654, 0.0001000000000000001539 ) ;
#5711 = CARTESIAN_POINT ( 'NONE',  ( -0.009981533695138782372, 0.007728104210997683264, -0.003841452511916187799 ) ) ;
#5712 = CARTESIAN_POINT ( 'NONE',  ( 0.003047102849800670255, 0.009401078909144822138, 0.0006759047281491486819 ) ) ;
#5713 = CARTESIAN_POINT ( 'NONE',  ( -0.002932410020672311397, 0.01129984016163597220, -0.001490486783555690017 ) ) ;
#5714 = CARTESIAN_POINT ( 'NONE',  ( 0.002278810062679304492, 0.01081587135034012270, 0.0007761412928415644145 ) ) ;
#5715 = CARTESIAN_POINT ( 'NONE',  ( 0.002295627109051914805, 0.01062971436653429615, -0.0009010695450804499622 ) ) ;
#5716 = CARTESIAN_POINT ( 'NONE',  ( 0.05803027018031409884, 0.01011731872975731895, 0.003860441263230205908 ) ) ;
#5717 = CARTESIAN_POINT ( 'NONE',  ( -0.0002540000000000001024, 0.005080000000000001181, -0.002884438135928730530 ) ) ;
#5718 = CARTESIAN_POINT ( 'NONE',  ( 0.002937827517145920331, 0.01107170734931833649, 0.001656435693942644822 ) ) ;
#5719 = CARTESIAN_POINT ( 'NONE',  ( 0.002291190288874459316, 0.01098677068057862284, -0.0005905509293162651248 ) ) ;
#5720 = CARTESIAN_POINT ( 'NONE',  ( -0.003286415723277708555, 0.009154895979809944684, -0.0001494134915379881964 ) ) ;
#5721 = CARTESIAN_POINT ( 'NONE',  ( 0.002940011462836093856, 0.01140551591830336886, -0.001385780552177038336 ) ) ;
#5722 = ORIENTED_EDGE ( 'NONE', *, *, #1267, .F. ) ;
#5723 = CARTESIAN_POINT ( 'NONE',  ( -0.003018922339492966130, 0.01177665956917924549, 0.0007390712356286598117 ) ) ;
#5724 = CARTESIAN_POINT ( 'NONE',  ( 0.003473036523839351328, 0.009713123396388346348, -0.001601626068589157015 ) ) ;
#5725 = CARTESIAN_POINT ( 'NONE',  ( -0.01800747819167547101, 0.007881137873612433994, -0.003129171573576503169 ) ) ;
#5726 = CARTESIAN_POINT ( 'NONE',  ( 0.1299719785925077253, 0.005960217256117157289, -0.008859428710758360942 ) ) ;
#5727 = CARTESIAN_POINT ( 'NONE',  ( -0.004587934170951119689, 0.007720170938121219753, -0.004244265504510247485 ) ) ;
#5728 = EDGE_CURVE ( 'NONE', #3845, #5766, #2873, .T. ) ;
#5729 = ORIENTED_EDGE ( 'NONE', *, *, #612, .T. ) ;
#5730 = CARTESIAN_POINT ( 'NONE',  ( -0.003285819233843891886, 0.009155488577982363180, 0.0001526078874640121878 ) ) ;
#5731 =( LENGTH_UNIT ( ) NAMED_UNIT ( * ) SI_UNIT ( $, .METRE. ) );
#5732 = ORIENTED_EDGE ( 'NONE', *, *, #4125, .T. ) ;
#5733 = EDGE_CURVE ( 'NONE', #1968, #6994, #1129, .T. ) ;
#5734 = ORIENTED_EDGE ( 'NONE', *, *, #131, .T. ) ;
#5735 = DIRECTION ( 'NONE',  ( 1.000000000000000000, -0.000000000000000000, 1.235622036608013801E-16 ) ) ;
#5736 = CARTESIAN_POINT ( 'NONE',  ( 0.1244236575554604068, 0.007704326363489603056, -0.009171770368614679675 ) ) ;
#5737 = FACE_OUTER_BOUND ( 'NONE', #6463, .T. ) ;
#5738 = CARTESIAN_POINT ( 'NONE',  ( -0.002341819305917676799, 0.01015018309780834661, 0.001015952571939930400 ) ) ;
#5739 = AXIS2_PLACEMENT_3D ( 'NONE', #5444, #5482, #3892 ) ;
#5740 = CARTESIAN_POINT ( 'NONE',  ( 0.02334410917650950670, 0.008091746775262934066, 0.003003423662571699185 ) ) ;
#5741 = CARTESIAN_POINT ( 'NONE',  ( 0.005016500000000000126, 0.001651000000000000124, 6.143440667922709938E-19 ) ) ;
#5742 = CIRCLE ( 'NONE', #2685, 0.002031999999999999085 ) ;
#5743 = ORIENTED_EDGE ( 'NONE', *, *, #2867, .F. ) ;
#5744 = CARTESIAN_POINT ( 'NONE',  ( -0.1182679158916765672, 0.008497437599190025767, 0.002785661621110830776 ) ) ;
#5745 = CARTESIAN_POINT ( 'NONE',  ( -0.06605429780081369107, 0.01026487727017976956, -0.003618214410259811172 ) ) ;
#5746 = CARTESIAN_POINT ( 'NONE',  ( 0.002755476811802759756, 0.009737328952019654038, 0.0009240860091484740402 ) ) ;
#5747 = CARTESIAN_POINT ( 'NONE',  ( -0.003203867685148546404, 0.01019089888132083087, -0.001796466175693229748 ) ) ;
#5748 = CARTESIAN_POINT ( 'NONE',  ( 0.002288810479011027087, 0.01097035550429892835, 0.0006130910482020844295 ) ) ;
#5749 = CARTESIAN_POINT ( 'NONE',  ( 0.006225742949940101661, 0.006286019289397369245, 0.0006102003004920463717 ) ) ;
#5750 = CARTESIAN_POINT ( 'NONE',  ( -0.002701279058060277946, 0.009806998151231339014, -0.0009529886125167554055 ) ) ;
#5751 = CARTESIAN_POINT ( 'NONE',  ( 0.003035489939430115018, 0.01182574510541588124, -0.0005716536254836340541 ) ) ;
#5752 = CARTESIAN_POINT ( 'NONE',  ( 0.002313451390622156371, 0.01109797734889665828, 0.0003905987367957300350 ) ) ;
#5753 = CARTESIAN_POINT ( 'NONE',  ( -0.003296537272461133507, 0.009144870281470393256, -4.548113940268013464E-05 ) ) ;
#5754 = CARTESIAN_POINT ( 'NONE',  ( 0.002951861604087790709, 0.01095661476203474080, -0.001714591486736884423 ) ) ;
#5755 = ORIENTED_EDGE ( 'NONE', *, *, #3564, .F. ) ;
#5756 = CARTESIAN_POINT ( 'NONE',  ( -0.002934576450814281243, 0.01133513701912799813, 0.001456753681154358045 ) ) ;
#5757 = DIRECTION ( 'NONE',  ( -0.000000000000000000, -1.000000000000000000, -0.000000000000000000 ) ) ;
#5758 = FACE_OUTER_BOUND ( 'NONE', #3922, .T. ) ;
#5759 = CARTESIAN_POINT ( 'NONE',  ( 0.1299984024935908755, 0.005927121781971880950, -0.008920345783765586817 ) ) ;
#5760 = CARTESIAN_POINT ( 'NONE',  ( -0.02279801190476183140, 0.001651000000000000774, -2.791951230608981360E-18 ) ) ;
#5761 = ORIENTED_EDGE ( 'NONE', *, *, #6847, .T. ) ;
#5762 = CARTESIAN_POINT ( 'NONE',  ( -0.003225884606864657961, 0.009215436203017627476, 0.0003746146287327697878 ) ) ;
#5763 = AXIS2_PLACEMENT_3D ( 'NONE', #2512, #4678, #4144 ) ;
#5764 = VECTOR ( 'NONE', #3289, 1.000000000000000000 ) ;
#5765 = SURFACE_SIDE_STYLE ('',( #869 ) ) ;
#5766 = VERTEX_POINT ( 'NONE', #6103 ) ;
#5767 = CARTESIAN_POINT ( 'NONE',  ( 0.02674527357372822461, 0.008134485904952909810, 0.003093400368805413348 ) ) ;
#5768 = CARTESIAN_POINT ( 'NONE',  ( 0.03967421650238080189, -0.0006114436324195257448, -0.01421244208435673041 ) ) ;
#5769 = CARTESIAN_POINT ( 'NONE',  ( -0.05048175232413485564, -0.001498485931086140184, 0.02093825059649131320 ) ) ;
#5770 = CARTESIAN_POINT ( 'NONE',  ( 0.02298132754627554147, -0.0006884083735284229812, -0.006930564964848158135 ) ) ;
#5771 = EDGE_CURVE ( 'NONE', #6529, #2928, #6486, .T. ) ;
#5772 = CARTESIAN_POINT ( 'NONE',  ( 0.1212319154225759005, 0.008327047617934580856, -0.003716927430138735472 ) ) ;
#5773 = FACE_OUTER_BOUND ( 'NONE', #2543, .T. ) ;
#5774 = CARTESIAN_POINT ( 'NONE',  ( -0.004705164914189752072, 0.007932383614030431851, -0.004253490230609671512 ) ) ;
#5775 = ORIENTED_EDGE ( 'NONE', *, *, #4852, .F. ) ;
#5776 = CARTESIAN_POINT ( 'NONE',  ( -0.05782565131644390455, 0.01030956561330056628, -0.003854077908370270086 ) ) ;
#5777 = CARTESIAN_POINT ( 'NONE',  ( -0.03400957205336510580, 0.008731416467546078766, -0.003295902338240220848 ) ) ;
#5778 = CARTESIAN_POINT ( 'NONE',  ( -0.005162747434809844028, 0.002630707770481736495, 0.003624764308457032857 ) ) ;
#5779 = CARTESIAN_POINT ( 'NONE',  ( -0.002952884403698397865, 0.01094706183706781188, -0.001719710397651399601 ) ) ;
#5780 = CARTESIAN_POINT ( 'NONE',  ( 4.199313874276273308E-19, 0.000000000000000000, -0.003047999999999999928 ) ) ;
#5781 = UNCERTAINTY_MEASURE_WITH_UNIT (LENGTH_MEASURE( 1.000000000000000082E-05 ), #5864, 'distance_accuracy_value', 'NONE');
#5782 = CARTESIAN_POINT ( 'NONE',  ( 0.005603989266151941824, 0.003487362976458286985, -0.002778118691576791054 ) ) ;
#5783 = DIRECTION ( 'NONE',  ( 0.000000000000000000, 0.000000000000000000, -1.000000000000000000 ) ) ;
#5784 = CARTESIAN_POINT ( 'NONE',  ( 0.003381468674338819046, 0.009864559358762133023, -0.001680787207383171175 ) ) ;
#5785 = CARTESIAN_POINT ( 'NONE',  ( -0.0002540000000000001566, 0.002644011576293511974, -0.001429071916480830319 ) ) ;
#5786 = CARTESIAN_POINT ( 'NONE',  ( -0.002941884710084368554, 0.009516499747838642886, 0.0007863907638089033710 ) ) ;
#5787 = APPLICATION_CONTEXT ( 'automotive_design' ) ;
#5788 =( GEOMETRIC_REPRESENTATION_CONTEXT ( 3 ) GLOBAL_UNCERTAINTY_ASSIGNED_CONTEXT ( ( #2521 ) ) GLOBAL_UNIT_ASSIGNED_CONTEXT ( ( #5654, #791, #2532 ) ) REPRESENTATION_CONTEXT ( 'NONE', 'WORKASPACE' ) );
#5789 = CARTESIAN_POINT ( 'NONE',  ( 0.003032742352689406055, 0.01181790175326048048, -0.0006020605045006844659 ) ) ;
#5790 = VERTEX_POINT ( 'NONE', #783 ) ;
#5791 = CARTESIAN_POINT ( 'NONE',  ( -0.002954114387530287680, 0.01094187009728577430, 0.001721122944836090719 ) ) ;
#5792 = CARTESIAN_POINT ( 'NONE',  ( 0.003391987069250812503, 0.009842385838388605437, -0.001677781546624802214 ) ) ;
#5793 = CARTESIAN_POINT ( 'NONE',  ( -0.09780375617959256862, 0.01007138414694142697, -0.001015893463377548272 ) ) ;
#5794 = CARTESIAN_POINT ( 'NONE',  ( 0.001473200000000000030, 0.000000000000000000, 0.000000000000000000 ) ) ;
#5795 = CARTESIAN_POINT ( 'NONE',  ( -0.004295078063444275791, 0.001672325100882783577, 0.004710555130529401474 ) ) ;
#5796 = ORIENTED_EDGE ( 'NONE', *, *, #6330, .T. ) ;
#5797 = CARTESIAN_POINT ( 'NONE',  ( -0.002665403540881416695, 0.009855092475544486794, 0.0009692940046771212053 ) ) ;
#5798 = ORIENTED_EDGE ( 'NONE', *, *, #5837, .T. ) ;
#5799 = CARTESIAN_POINT ( 'NONE',  ( -2.022319465497210922E-20, 0.01267867681766160839, 0.000000000000000000 ) ) ;
#5800 = VERTEX_POINT ( 'NONE', #6673 ) ;
#5801 = DIRECTION ( 'NONE',  ( -1.000000000000000000, 9.526293969322788652E-16, 0.000000000000000000 ) ) ;
#5802 = CARTESIAN_POINT ( 'NONE',  ( -0.05048352720305138847, -0.001179830924015970060, 0.02044827930356251169 ) ) ;
#5803 = CARTESIAN_POINT ( 'NONE',  ( 0.08735636879288884160, -0.0009599655827698891104, -0.02850185535244157894 ) ) ;
#5804 = CARTESIAN_POINT ( 'NONE',  ( 0.09515540398858469973, 0.01016473786977873696, 0.001342754358400391652 ) ) ;
#5805 = PLANE ( 'NONE',  #4741 ) ;
#5806 = CARTESIAN_POINT ( 'NONE',  ( -0.1103799377195040787, 0.009397613895997128028, 0.0009913506239049645844 ) ) ;
#5807 = CARTESIAN_POINT ( 'NONE',  ( 0.004643745105021928124, 0.007741020651064428430, 0.004287909438225815349 ) ) ;
#5808 = CARTESIAN_POINT ( 'NONE',  ( -0.004654838131149595208, 0.002082109695068071198, 0.004247551533173686208 ) ) ;
#5809 = B_SPLINE_CURVE_WITH_KNOTS ( 'NONE', 3,
 ( #2274, #3416, #1731, #3803, #1173, #3910, #4962, #6539, #5955, #600, #4367, #108, #672, #6061, #4444, #2164, #1100, #2769, #6519, #6595, #2838, #2804, #1658, #4928, #3875, #1625, #4891, #5499, #5573, #1211, #3347, #3382 ),
 .UNSPECIFIED., .F., .F.,
 ( 4, 2, 2, 2, 2, 2, 2, 2, 2, 2, 2, 2, 2, 2, 2, 4 ),
 ( 0.000000000000000000, 0.0009538278356709613314, 0.001907655671341922663, 0.002861483507012883669, 0.003815311342683844458, 0.004769139178354806115, 0.005722967014025766470, 0.007630622685367687182, 0.008584450521038648405, 0.009538278356709608760, 0.01049210619238056738, 0.01144593402805152600, 0.01239976186372248636, 0.01335358969939344845, 0.01430741753506441054, 0.01526124537073537089 ),
 .UNSPECIFIED. ) ;
#5810 = CARTESIAN_POINT ( 'NONE',  ( 0.002553711557161050544, 0.01001722587610523810, -0.001006044910075651984 ) ) ;
#5811 = ADVANCED_FACE ( 'NONE', ( #3916, #2345 ), #1813, .F. ) ;
#5812 = CARTESIAN_POINT ( 'NONE',  ( 0.006327770186160162728, 0.006285006559698535882, 0.0006143213235892228292 ) ) ;
#5813 = CARTESIAN_POINT ( 'NONE',  ( -0.002737011426054730689, 0.01267867681766161013, 0.000000000000000000 ) ) ;
#5814 = CARTESIAN_POINT ( 'NONE',  ( 0.003058740138896383007, 0.009388678719891949132, -0.0006613013555501493163 ) ) ;
#5815 =( GEOMETRIC_REPRESENTATION_CONTEXT ( 3 ) GLOBAL_UNCERTAINTY_ASSIGNED_CONTEXT ( ( #4930 ) ) GLOBAL_UNIT_ASSIGNED_CONTEXT ( ( #5961, #147, #2242 ) ) REPRESENTATION_CONTEXT ( 'NONE', 'WORKASPACE' ) );
#5816 = CARTESIAN_POINT ( 'NONE',  ( 0.004512996490092963629, 0.007827767042315086563, 0.004358970646349242563 ) ) ;
#5817 = CARTESIAN_POINT ( 'NONE',  ( -0.003252155068910089070, 0.009189035967590580486, -0.0002996204672524902337 ) ) ;
#5818 = CARTESIAN_POINT ( 'NONE',  ( 0.003123292591380687645, 0.009320587302561881768, -0.0005726258475219934497 ) ) ;
#5819 = VERTEX_POINT ( 'NONE', #1312 ) ;
#5820 = CARTESIAN_POINT ( 'NONE',  ( -0.004011070899875891944, 0.008966603845776157516, 0.0004595978849905096517 ) ) ;
#5821 = CARTESIAN_POINT ( 'NONE',  ( -0.0002540000000000001024, 0.005588000000000000085, -0.005080000000000001181 ) ) ;
#5822 = CARTESIAN_POINT ( 'NONE',  ( -0.002954718652897704925, 0.01093645587338872363, -0.001723965730403099377 ) ) ;
#5823 = B_SPLINE_SURFACE_WITH_KNOTS ( 'NONE', 1, 3, ( 
 ( #2732, #2028, #4884, #2566, #6805, #920, #5140, #4684, #1347, #3555, #2485, #280, #6770, #4151, #4651, #316, #1950, #3591, #3630, #2447, #6271, #4117, #1413, #6235, #3017, #5747, #5243, #3055, #5676, #351, #6304, #1445, #3524, #883, #6840, #813, #4615, #2519, #4718, #1983, #5779, #4083, #382, #5213, #2555, #6871, #2981, #1379, #1918, #5713, #849, #5176, #6168, #6631, #5500, #2805, #637, #4445, #6097, #2839, #5604, #3487, #3417, #1278, #4963, #109, #1768, #4510, #3943, #1244, #1732, #5100, #5640, #6062, #2275, #4474, #216, #2947, #1809, #139, #6596, #3911, #1842, #5063, #2306, #5574, #1212, #4012, #3980, #710, #247, #2877, #3383, #5539, #5032, #3348, #673, #6136, #2913, #176, #777, #2340, #6668, #3453, #2412, #746, #2376, #4550, #1881, #6702, #4583, #6737, #4044, #6204, #5706, #1910, #6763, #6197, #3518, #3010, #842, #2442, #1338, #5093, #807, #241, #4076, #4577, #4610, #1874, #4036, #5671, #2975, #5131, #274, #2767, #5462, #1170, #633, #4403, #598, #2802, #6592, #4926, #4960, #3380, #4442, #106, #67, #3872, #3908, #6059, #2233, #2272, #1209, #4952, #59, #3333, #94, #3863, #5524, #1720, #5488, #2828, #2262, #6013, #1686, #4431, #2225, #660, #4983, #127, #6542, #2150, #1014, #5380, #515, #6473, #2656, #3718, #4811, #2114, #4284, #1578, #2337, #2875, #174, #4507, #1807, #69, #2219, #4388, #5410, #6396, #6964, #2109 ),
 ( #2721, #3220, #3784, #4280, #4875, #3713, #2070, #4911, #17, #509, #1609, #2145, #2682, #5873, #1534, #5974, #1046, #2182, #3822, #55, #6434, #1009, #585, #6008, #5940, #6504, #441, #1082, #5299, #2616, #1572, #2754, #3750, #4314, #3258, #5910, #5373, #547, #3296, #5447, #3146, #4771, #4350, #4839, #6536, #6999, #6467, #1643, #1122, #3186, #1681, #6929, #4243, #5337, #474, #4807, #2649, #3859, #5014, #89, #6155, #6118, #655, #1230, #158, #4948, #1193, #6687, #5559, #1790, #5520, #3436, #3402, #692, #2256, #3364, #3329, #2860, #762, #4427, #5050, #5484, #2823, #6080, #4568, #123, #6721, #731, #6575, #1860, #1716, #3895, #233, #2395, #5590, #6043, #4979, #2290, #2324, #2897, #4494, #6617, #1296, #4027, #199, #6653, #3964, #4460, #2360, #1751, #3928, #2929, #4534, #1262, #1828, #3997, #3473, #5622, #5083, #1158, #621, #2787, #6856, #935, #298, #2432, #3645, #2033, #1966, #2537, #3504, #4136, #1327, #5660, #2465, #5797, #4634, #334, #6287, #1934, #4101, #1431, #6323, #1465, #6185, #795, #3610, #6253, #399, #1396, #6787, #2998, #3070, #6753, #4702, #2964, #5118, #262, #1363, #829, #4598, #5762, #3034, #1899, #4169, #903, #5694, #3574, #5193, #4062, #6223, #1999, #5730, #6821, #3540, #5229, #865, #2501, #5157, #4668, #366, #3105, #5262, #2572, #4734, #6889, #5863, #2094, #965, #6921, #535, #4268, #6954, #6419, #497, #2171 ) ),
 .UNSPECIFIED., .F., .T., .F.,
 ( 2, 2 ),
 ( 4, 2, 2, 2, 2, 2, 2, 2, 2, 2, 2, 2, 2, 2, 2, 2, 2, 2, 2, 2, 2, 2, 2, 2, 2, 2, 2, 2, 2, 2, 2, 2, 2, 2, 2, 2, 2, 2, 2, 2, 2, 2, 2, 2, 2, 2, 2, 2, 2, 2, 2, 2, 2, 2, 2, 2, 2, 2, 2, 2, 2, 2, 2, 2, 2, 2, 2, 2, 2, 2, 2, 2, 2, 2, 2, 2, 2, 2, 2, 2, 2, 2, 2, 2, 2, 2, 2, 2, 2, 2, 2, 2, 2, 2, 2, 2, 2, 4 ),
 ( 0.000000000000000000, 1.000000000000000000 ),
 ( 0.009287196798643565510, 0.009434807279141484149, 0.009582417759639402788, 0.009730028240137321427, 0.009877638720635238331, 0.009951443960884195916, 0.01002524920113315524, 0.01017285968163107387, 0.01032047016212899251, 0.01039427540237795183, 0.01046808064262691115, 0.01054188588287587047, 0.01061569112312482979, 0.01076330160362274670, 0.01091091208412066360, 0.01105852256461858224, 0.01113232780486754156, 0.01120613304511650088, 0.01127993828536546020, 0.01135374352561441952, 0.01150135400611233816, 0.01157515924636129748, 0.01164896448661025506, 0.01172276972685921265, 0.01179657496710817197, 0.01194418544760609061, 0.01201799068785504992, 0.01209179592810400924, 0.01216560116835296856, 0.01223940640860192788, 0.01238701688909984652, 0.01246082212934880584, 0.01253462736959776343, 0.01260843260984672101, 0.01268223785009568033, 0.01275604309034463965, 0.01282984833059359897, 0.01290365357084255829, 0.01297745881109151761, 0.01312506929158943625, 0.01327267977208735489, 0.01334648501233631421, 0.01342029025258527179, 0.01349409549283422938, 0.01356790073308318870, 0.01371551121358110734, 0.01378931645383006666, 0.01386312169407902598, 0.01393692693432798529, 0.01401073217457694461, 0.01415834265507486325, 0.01423214789532382257, 0.01430595313557278016, 0.01445356361607069706, 0.01452736885631965638, 0.01460117409656861570, 0.01467497933681757502, 0.01474878457706653434, 0.01489639505756445298, 0.01497020029781341230, 0.01504400553806237162, 0.01511781077831133094, 0.01519161601856028852, 0.01533922649905820543, 0.01548683697955612407, 0.01563444746005404271, 0.01578205794055196134, 0.01592966842104987651, 0.01600347366129883583, 0.01607727890154779515, 0.01622488938204571379, 0.01637249986254363243, 0.01652011034304155107, 0.01659391558329051039, 0.01666772082353946971, 0.01681533130403738835, 0.01696294178453530699, 0.01711055226503322563, 0.01718435750528218495, 0.01725816274553114427, 0.01733196798578010359, 0.01740577322602906291, 0.01747957846627801876, 0.01755338370652697808, 0.01762718894677593739, 0.01766409156690041532, 0.01770099418702489324, 0.01784860466752281188, 0.01792240990777177120, 0.01799621514802073052, 0.01807002038826968984, 0.01814382562851864916, 0.01829143610901656780, 0.01836524134926552712, 0.01843904658951448644, 0.01851285182976344576, 0.01858665707001240508, 0.01873426755051032372 ),
 .UNSPECIFIED. ) ;
#5824 = CARTESIAN_POINT ( 'NONE',  ( -0.04593724754615396977, 0.009819996452168369694, -0.003792311402395794236 ) ) ;
#5825 = CARTESIAN_POINT ( 'NONE',  ( 0.1300290174920681052, 0.005573207497426954822, -0.009350698320867685889 ) ) ;
#5826 = CARTESIAN_POINT ( 'NONE',  ( -0.004335360148126085958, 0.001689094039691058091, 0.004687844135899217266 ) ) ;
#5827 = VERTEX_POINT ( 'NONE', #1846 ) ;
#5828 = CARTESIAN_POINT ( 'NONE',  ( 0.004514894927812031396, 0.007825196958850807322, 0.004357960528032968177 ) ) ;
#5829 = CARTESIAN_POINT ( 'NONE',  ( 0.003916095958502468014, 0.009088723192324104500, -0.0008330164711285354979 ) ) ;
#5830 = EDGE_LOOP ( 'NONE', ( #6752, #1605, #2515, #391 ) ) ;
#5831 = CARTESIAN_POINT ( 'NONE',  ( -0.004573808175507371176, 0.007649285579370074944, -0.004259434090775667675 ) ) ;
#5832 = DIRECTION ( 'NONE',  ( -1.000000000000000000, 9.484135310589723205E-16, 0.000000000000000000 ) ) ;
#5833 = VERTEX_POINT ( 'NONE', #4015 ) ;
#5834 = CARTESIAN_POINT ( 'NONE',  ( 0.07417808794454833210, 0.01044910688684812065, 0.003856311678072307791 ) ) ;
#5835 = CARTESIAN_POINT ( 'NONE',  ( 0.000000000000000000, 0.009900000000000000813, 0.000000000000000000 ) ) ;
#5836 = CARTESIAN_POINT ( 'NONE',  ( -0.01747578506825345560, 0.0001435717927740546532, 0.005273211948973607899 ) ) ;
#5837 = EDGE_CURVE ( 'NONE', #6215, #6894, #6196, .T. ) ;
#5838 = CARTESIAN_POINT ( 'NONE',  ( 0.03003121125890172854, -0.0006879891994974138844, -0.009102840579635994647 ) ) ;
#5839 = CARTESIAN_POINT ( 'NONE',  ( -0.001445268041901130772, 0.0007034714342214828811, 0.0002539999999999999398 ) ) ;
#5840 = FACE_OUTER_BOUND ( 'NONE', #44, .T. ) ;
#5841 = CARTESIAN_POINT ( 'NONE',  ( -0.005648977350837631854, 0.002933797464292121383, 0.003005693065923679096 ) ) ;
#5842 = CARTESIAN_POINT ( 'NONE',  ( -0.1037151144627889571, 0.009610985557760916287, -0.0002017652242061064431 ) ) ;
#5843 = AXIS2_PLACEMENT_3D ( 'NONE', #2180, #1607, #2143 ) ;
#5844 = CARTESIAN_POINT ( 'NONE',  ( 0.004449474290273913550, 0.007822943816799359656, 0.004389159904137817682 ) ) ;
#5845 = CARTESIAN_POINT ( 'NONE',  ( 0.003019028109135948098, 0.009431383814656298797, -0.0007082559149164596246 ) ) ;
#5846 = EDGE_CURVE ( 'NONE', #928, #6525, #1287, .T. ) ;
#5847 = MECHANICAL_DESIGN_GEOMETRIC_PRESENTATION_REPRESENTATION (  '', ( #6973 ), #978 ) ;
#5848 = CARTESIAN_POINT ( 'NONE',  ( -0.006112422045820584474, 0.006931348097047995878, -0.001329767992070228630 ) ) ;
#5849 = CARTESIAN_POINT ( 'NONE',  ( 0.006148591690496439666, 0.007011374677531369455, 0.001656009864881796559 ) ) ;
#5850 = DIRECTION ( 'NONE',  ( 0.000000000000000000, 1.000000000000000000, 0.000000000000000000 ) ) ;
#5851 = CARTESIAN_POINT ( 'NONE',  ( 0.002972412079418871450, 0.01083950841994542509, -0.001761212315299901920 ) ) ;
#5852 = CARTESIAN_POINT ( 'NONE',  ( 0.004533478676578539361, 0.007790342500445042624, 0.004348065225591842865 ) ) ;
#5853 = CARTESIAN_POINT ( 'NONE',  ( -0.002491575561246204672, 0.01011883870894245141, 0.001015684566701296121 ) ) ;
#5854 =( BOUNDED_SURFACE ( )  B_SPLINE_SURFACE ( 3, 2, ( 
 ( #5351, #4159, #3237 ),
 ( #1587, #3163, #4193 ),
 ( #1514, #6445, #3694 ),
 ( #488, #3763, #5852 ),
 ( #6877, #5918, #2525 ),
 ( #6311, #2021, #5816 ),
 ( #3125, #3834, #6021 ),
 ( #105, #5990, #5497 ),
 ( #3907, #2198, #6481 ),
 ( #2836, #4402, #2801 ),
 ( #6556, #2698, #7014 ),
 ( #4364, #1169, #525 ) ),
 .UNSPECIFIED., .F., .F., .F. ) 
 B_SPLINE_SURFACE_WITH_KNOTS ( ( 4, 2, 2, 2, 2, 4 ),
 ( 3, 3 ),
 ( -5.421010862427522170E-20, 0.0001587728356427172175, 0.0002381592534640758398, 0.0003175456712854344892, 0.0004763185069281517881, 0.0006350913425708690869 ),
 ( 0.000000000000000000, 1.000000000000000000 ),
 .UNSPECIFIED. ) 
 GEOMETRIC_REPRESENTATION_ITEM ( )  RATIONAL_B_SPLINE_SURFACE ( (
 ( 1.000000000000000000, 0.8044043929963243800, 1.000000000000000000),
 ( 1.000000000000000000, 0.8441767582420067750, 1.000000000000000000),
 ( 1.000000000000000000, 0.8803132409273711767, 1.000000000000000000),
 ( 1.000000000000000000, 0.9186077585197074402, 1.000000000000000000),
 ( 1.000000000000000000, 0.9285421665739268526, 1.000000000000000000),
 ( 1.000000000000000000, 0.9380351332828775757, 1.000000000000000000),
 ( 1.000000000000000000, 0.9373133881403185041, 1.000000000000000000),
 ( 1.000000000000000000, 0.9191324143898794707, 1.000000000000000000),
 ( 1.000000000000000000, 0.8888611130468145882, 1.000000000000000000),
 ( 1.000000000000000000, 0.8190004971931797995, 1.000000000000000000),
 ( 1.000000000000000000, 0.7774200805758531008, 1.000000000000000000),
 ( 1.000000000000000000, 0.7322297594401759868, 1.000000000000000000) ) ) 
 REPRESENTATION_ITEM ( '' )  SURFACE ( )  );
#5855 = CARTESIAN_POINT ( 'NONE',  ( 0.003202294619808969834, 0.009239316910672683986, -0.0004299770692428940859 ) ) ;
#5856 = ORIENTED_EDGE ( 'NONE', *, *, #2293, .F. ) ;
#5857 = CARTESIAN_POINT ( 'NONE',  ( -0.003629580813605165317, 0.009480210954738790829, 0.001404769707185429079 ) ) ;
#5858 = EDGE_CURVE ( 'NONE', #1435, #4936, #6159, .T. ) ;
#5859 = CARTESIAN_POINT ( 'NONE',  ( -0.1300000000000000600, 0.005925007879322497124, 0.008924140516987925237 ) ) ;
#5860 = CARTESIAN_POINT ( 'NONE',  ( 0.1302382141470019294, 0.005388705385009094628, -0.009573199745421312468 ) ) ;
#5861 = CARTESIAN_POINT ( 'NONE',  ( -0.006075346112953808331, 0.006280390620501740545, -0.001491264173842734653 ) ) ;
#5862 = ORIENTED_EDGE ( 'NONE', *, *, #5945, .F. ) ;
#5863 = CARTESIAN_POINT ( 'NONE',  ( -0.003252155068910089070, 0.009189035967590580486, -0.0002996204672524902337 ) ) ;
#5864 =( LENGTH_UNIT ( ) NAMED_UNIT ( * ) SI_UNIT ( $, .METRE. ) );
#5865 = DIRECTION ( 'NONE',  ( 9.484135310589723205E-16, 1.000000000000000000, -0.000000000000000000 ) ) ;
#5866 = ORIENTED_EDGE ( 'NONE', *, *, #4409, .T. ) ;
#5867 = CARTESIAN_POINT ( 'NONE',  ( 0.000000000000000000, 0.009900000000000000813, 0.000000000000000000 ) ) ;
#5868 = CARTESIAN_POINT ( 'NONE',  ( -0.003170360041895614253, 0.01025178127852084155, 0.001816789711075220918 ) ) ;
#5869 =( LENGTH_UNIT ( ) NAMED_UNIT ( * ) SI_UNIT ( $, .METRE. ) );
#5870 = ORIENTED_EDGE ( 'NONE', *, *, #1544, .F. ) ;
#5871 = CARTESIAN_POINT ( 'NONE',  ( 0.1103714546350786502, 0.009200790161546637536, -0.0009627541772322515713 ) ) ;
#5872 = CARTESIAN_POINT ( 'NONE',  ( -0.0002539999999999999940, 0.000000000000000000, -0.003954250593981113726 ) ) ;
#5873 = CARTESIAN_POINT ( 'NONE',  ( -0.002816011348061053278, 0.009662661765234909633, -0.0008864885865642206436 ) ) ;
#5874 = CARTESIAN_POINT ( 'NONE',  ( -0.1300000000000001155, 0.001072457435249923310, 0.01786584610186267227 ) ) ;
#5875 = CARTESIAN_POINT ( 'NONE',  ( 1.453498061152149071E-17, 0.005687855486936412540, -0.001040745975770953659 ) ) ;
#5876 = EDGE_CURVE ( 'NONE', #2255, #6246, #6724, .T. ) ;
#5877 = CARTESIAN_POINT ( 'NONE',  ( 0.1297010700374563452, 0.006204369966311156469, -0.008380174435353651349 ) ) ;
#5878 = CARTESIAN_POINT ( 'NONE',  ( 0.002341819305917475138, 0.01015018309780762670, -0.001015952571943354310 ) ) ;
#5879 = CARTESIAN_POINT ( 'NONE',  ( -0.005889852302724789788, 0.003362443566443843769, 0.002461263853916339107 ) ) ;
#5880 = B_SPLINE_CURVE_WITH_KNOTS ( 'NONE', 3,
 ( #5365, #3178, #1634, #467, #2608, #5292, #1001, #6893, #4764, #2673, #6456, #433 ),
 .UNSPECIFIED., .F., .F.,
 ( 4, 2, 2, 2, 2, 4 ),
 ( 0.000000000000000000, 0.0001573356829022127623, 0.0002360035243533191299, 0.0003146713658044230310, 0.0004720070487066356578, 0.0006293427316088482304 ),
 .UNSPECIFIED. ) ;
#5881 = CARTESIAN_POINT ( 'NONE',  ( -0.1239609262472851775, 0.008149533059239520011, 0.003118875881390725715 ) ) ;
#5882 = CARTESIAN_POINT ( 'NONE',  ( 0.003954250593981114593, 0.000000000000000000, -0.0002540000000000002651 ) ) ;
#5883 = CARTESIAN_POINT ( 'NONE',  ( 0.002563856023001971195, 0.01000152479027832837, -0.001003688791452116711 ) ) ;
#5884 = CARTESIAN_POINT ( 'NONE',  ( 0.005768440709695656955, 0.007456299572230278352, 0.002423555088117741382 ) ) ;
#5885 = CARTESIAN_POINT ( 'NONE',  ( 0.002865405890817064767, 0.009604128284953931949, -0.0008505951785850051792 ) ) ;
#5886 = CARTESIAN_POINT ( 'NONE',  ( 0.003682796689915626698, 0.009404249759056119984, -0.001325632381828879694 ) ) ;
#5887 = CARTESIAN_POINT ( 'NONE',  ( 0.000000000000000000, 0.006959600000000000682, 0.000000000000000000 ) ) ;
#5888 = CARTESIAN_POINT ( 'NONE',  ( 0.006059181400759755531, 0.006217796381735390954, 0.001554738810554673464 ) ) ;
#5889 = CARTESIAN_POINT ( 'NONE',  ( 0.003356375921406337063, 0.009907229369926336127, -0.001701295159176639555 ) ) ;
#5890 = VERTEX_POINT ( 'NONE', #6600 ) ;
#5891 = CARTESIAN_POINT ( 'NONE',  ( -0.003894511868846682340, 0.009116918716218986793, 0.0008942742359879695324 ) ) ;
#5892 = CARTESIAN_POINT ( 'NONE',  ( 0.003860302969660634256, 0.009161979179699701950, -0.0009820793623404669437 ) ) ;
#5893 = CARTESIAN_POINT ( 'NONE',  ( 0.1302803662995712652, 0.005510281877072190602, -0.009641145230398695185 ) ) ;
#5894 = FACE_OUTER_BOUND ( 'NONE', #4978, .T. ) ;
#5895 = EDGE_LOOP ( 'NONE', ( #607, #6255 ) ) ;
#5896 = CARTESIAN_POINT ( 'NONE',  ( 0.004544287887418525101, 0.007883826236072524404, 0.004342391572900089480 ) ) ;
#5897 = APPLICATION_PROTOCOL_DEFINITION ( 'draft international standard', 'automotive_design', 1998, #3079 ) ;
#5898 =( BOUNDED_SURFACE ( )  B_SPLINE_SURFACE ( 3, 2, ( 
 ( #4345, #6499, #1639 ),
 ( #5905, #1042, #3853 ),
 ( #2213, #1674, #85 ),
 ( #3215, #2249, #1005 ),
 ( #6531, #2104, #4905 ),
 ( #5368, #6004, #4422 ),
 ( #503, #2677, #3325 ),
 ( #6570, #1712, #4834 ),
 ( #6993, #1538, #1012 ),
 ( #6471, #6967, #1436 ),
 ( #3616, #1333, #5199 ),
 ( #338, #4068, #3511 ),
 ( #5767, #269, #800 ),
 ( #908, #6791, #2505 ),
 ( #1937, #4603, #1904 ),
 ( #301, #3075, #5232 ),
 ( #3545, #5699, #1866 ),
 ( #4673, #4031, #6191 ),
 ( #837, #3003, #5161 ),
 ( #2470, #4639, #4105 ),
 ( #6256, #3217, #5370 ),
 ( #2579, #2679, #4737 ),
 ( #3747, #404, #4241 ),
 ( #974, #3781, #472 ),
 ( #3255, #5907, #2068 ),
 ( #4836, #4277, #1499 ),
 ( #506, #6927, #2647 ),
 ( #4213, #439, #5937 ),
 ( #1044, #4769, #6995 ),
 ( #6961, #5834, #2614 ),
 ( #2106, #14, #3144 ),
 ( #2142, #6394, #4803 ),
 ( #1079, #4311, #3711 ),
 ( #6464, #5407, #5297 ),
 ( #6430, #3184, #1532 ),
 ( #1569, #2179, #1606 ),
 ( #5971, #544, #6501 ),
 ( #5871, #5335, #3819 ),
 ( #1118, #2717, #1007 ),
 ( #4872, #4347, #3293 ),
 ( #6898, #2037, #2252 ),
 ( #1786, #2321, #2894 ),
 ( #6650, #689, #4457 ),
 ( #4424, #2857, #2820 ),
 ( #2216, #618, #582 ),
 ( #5047, #1677, #4491 ),
 ( #6572, #5517, #4385 ),
 ( #6077, #1714, #196 ),
 ( #1154, #3856, #3891 ),
 ( #5481, #1227, #5011 ),
 ( #728, #6040, #6613 ),
 ( #1748, #4531, #3961 ),
 ( #4976, #1824, #1259 ),
 ( #3433, #5587, #3994 ),
 ( #6684, #6151, #2751 ),
 ( #1293, #5443, #4908 ),
 ( #52, #1393, #759 ),
 ( #231, #5619, #6250 ),
 ( #259, #3031, #4024 ),
 ( #5226, #5189, #825 ),
 ( #2462, #2995, #6182 ),
 ( #1360, #2498, #4133 ),
 ( #4596, #6718, #900 ),
 ( #3571, #6818, #2926 ),
 ( #5080, #2392, #6749 ),
 ( #1896, #4630, #5726 ),
 ( #6220, #861, #3607 ),
 ( #6320, #4565, #331 ),
 ( #1963, #6784, #3469 ),
 ( #4664, #1324, #6284 ),
 ( #1857, #1426, #1931 ),
 ( #3537, #2962, #5759 ),
 ( #5691, #3067, #3501 ),
 ( #4059, #4098, #5154 ),
 ( #294, #363, #5657 ),
 ( #2533, #4699, #6853 ),
 ( #1995, #4166, #793 ),
 ( #5114, #2429, #4862 ),
 ( #3, #1031, #2568 ),
 ( #4731, #2602, #1520 ),
 ( #1490, #6886, #5287 ),
 ( #4826, #5360, #5926 ),
 ( #2670, #6416, #463 ),
 ( #5825, #2637, #3700 ),
 ( #2169, #4231, #994 ),
 ( #4336, #5860, #5893 ),
 ( #3171, #6450, #2091 ),
 ( #3642, #4202, #3205 ) ),
 .UNSPECIFIED., .F., .F., .T. ) 
 B_SPLINE_SURFACE_WITH_KNOTS ( ( 4, 2, 2, 2, 2, 2, 2, 2, 2, 2, 2, 2, 2, 2, 2, 2, 2, 2, 2, 2, 2, 2, 2, 2, 2, 2, 2, 2, 2, 2, 2, 2, 2, 2, 2, 2, 2, 2, 2, 2, 2, 2, 2, 4 ),
 ( 3, 3 ),
 ( 0.01650551629102028559, 0.02057542338484593530, 0.02464533047867158849, 0.02871523757249723821, 0.03278514466632288793, 0.03685505176014854112, 0.04092495885397419431, 0.04499486594779984749, 0.04906477304162549374, 0.05313468013545113999, 0.05720458722927679318, 0.06127449432310244637, 0.06534440141692809956, 0.07348421560457940593, 0.08162402979223069843, 0.09790365816753329731, 0.1060434723551846037, 0.1141832865428359101, 0.1223231007304872026, 0.1263930078243128419, 0.1304629149181384951, 0.1345328220119641482, 0.1365677755588769748, 0.1386027291057898014, 0.1396202058792462286, 0.1406376826527026280, 0.1416551594261590274, 0.1426726361996154546, 0.1436901129730718818, 0.1441988513598000954, 0.1447075897465282812, 0.1452163281332564670, 0.1454706973266205738, 0.1455342896249616214, 0.1455501876995468624, 0.1455581367368394829, 0.1455660857741321312, 0.1455978819233026411, 0.1457250665199846806, 0.1458522511166667202, 0.1459158434150077399, 0.1459794357133487874, 0.1462338049067128942, 0.1467425432934411078 ),
 ( 0.000000000000000000, 1.000000000000000000 ),
 .UNSPECIFIED. ) 
 GEOMETRIC_REPRESENTATION_ITEM ( )  RATIONAL_B_SPLINE_SURFACE ( (
 ( 1.000000000000000000, 0.2711778773587291136, 1.000000000000000000),
 ( 1.000000000000000000, 0.2476022562033909080, 1.000000000000000000),
 ( 1.000000000000000000, 0.2170224207430847263, 1.000000000000000000),
 ( 1.000000000000000000, 0.1625253840709010578, 1.000000000000000000),
 ( 1.000000000000000000, 0.1391303448993663205, 1.000000000000000000),
 ( 1.000000000000000000, 0.1072725582125109989, 1.000000000000000000),
 ( 1.000000000000000000, 0.09844376212700814421, 1.000000000000000000),
 ( 1.000000000000000000, 0.08888242568616977479, 1.000000000000000000),
 ( 1.000000000000000000, 0.08772881864955353604, 1.000000000000000000),
 ( 1.000000000000000000, 0.08664241378702992880, 1.000000000000000000),
 ( 1.000000000000000000, 0.08669857822424283100, 1.000000000000000000),
 ( 1.000000000000000000, 0.08666190213476009097, 1.000000000000000000),
 ( 1.000000000000000000, 0.08672147363767082617, 1.000000000000000000),
 ( 1.000000000000000000, 0.08787972464512380788, 1.000000000000000000),
 ( 1.000000000000000000, 0.08902262750390438351, 1.000000000000000000),
 ( 1.000000000000000000, 0.09305498740882270359, 1.000000000000000000),
 ( 1.000000000000000000, 0.09593977591255882509, 1.000000000000000000),
 ( 1.000000000000000000, 0.1030940289561673578, 1.000000000000000000),
 ( 1.000000000000000000, 0.1073417285418166167, 1.000000000000000000),
 ( 1.000000000000000000, 0.1163067754931696451, 1.000000000000000000),
 ( 1.000000000000000000, 0.1210064527169089216, 1.000000000000000000),
 ( 1.000000000000000000, 0.1299497649309807601, 1.000000000000000000),
 ( 1.000000000000000000, 0.1341918484837630876, 1.000000000000000000),
 ( 1.000000000000000000, 0.1416280995209617255, 1.000000000000000000),
 ( 1.000000000000000000, 0.1447752044333546206, 1.000000000000000000),
 ( 1.000000000000000000, 0.1523909710395840722, 1.000000000000000000),
 ( 1.000000000000000000, 0.1552201618992667953, 1.000000000000000000),
 ( 1.000000000000000000, 0.1581535490689702783, 1.000000000000000000),
 ( 1.000000000000000000, 0.1582420545508377019, 1.000000000000000000),
 ( 1.000000000000000000, 0.1557816036229623946, 1.000000000000000000),
 ( 1.000000000000000000, 0.1505836622144573755, 1.000000000000000000),
 ( 1.000000000000000000, 0.1398382194490809804, 1.000000000000000000),
 ( 1.000000000000000000, 0.1357358986371680343, 1.000000000000000000),
 ( 1.000000000000000000, 0.1266744612013268323, 1.000000000000000000),
 ( 1.000000000000000000, 0.1217112969486798535, 1.000000000000000000),
 ( 1.000000000000000000, 0.1110868929716034986, 1.000000000000000000),
 ( 1.000000000000000000, 0.1054213594226241085, 1.000000000000000000),
 ( 1.000000000000000000, 0.09651424224463413248, 1.000000000000000000),
 ( 1.000000000000000000, 0.09347712561042552382, 1.000000000000000000),
 ( 1.000000000000000000, 0.08730791863416170751, 1.000000000000000000),
 ( 1.000000000000000000, 0.08417253579674939534, 1.000000000000000000),
 ( 1.000000000000000000, 0.07790548542478993588, 1.000000000000000000),
 ( 1.000000000000000000, 0.07477666939876409513, 1.000000000000000000),
 ( 1.000000000000000000, 0.07033393482217771553, 1.000000000000000000),
 ( 1.000000000000000000, 0.06889632159577575854, 1.000000000000000000),
 ( 1.000000000000000000, 0.06621964488543020944, 1.000000000000000000),
 ( 1.000000000000000000, 0.06497470095035365323, 1.000000000000000000),
 ( 1.000000000000000000, 0.06345197724739065626, 1.000000000000000000),
 ( 1.000000000000000000, 0.06300324895659381585, 1.000000000000000000),
 ( 1.000000000000000000, 0.06229954849824974328, 1.000000000000000000),
 ( 1.000000000000000000, 0.06204296903857108025, 1.000000000000000000),
 ( 1.000000000000000000, 0.06186780591453536204, 1.000000000000000000),
 ( 1.000000000000000000, 0.06194312261286186172, 1.000000000000000000),
 ( 1.000000000000000000, 0.06272003046003635229, 1.000000000000000000),
 ( 1.000000000000000000, 0.06340085774163549404, 1.000000000000000000),
 ( 1.000000000000000000, 0.06615257808321457766, 1.000000000000000000),
 ( 1.000000000000000000, 0.06809259392053398918, 1.000000000000000000),
 ( 1.000000000000000000, 0.07421599726742551806, 1.000000000000000000),
 ( 1.000000000000000000, 0.07679118073567424430, 1.000000000000000000),
 ( 1.000000000000000000, 0.08460125674035297305, 1.000000000000000000),
 ( 1.000000000000000000, 0.08959723300390171064, 1.000000000000000000),
 ( 1.000000000000000000, 0.1071228964948951201, 1.000000000000000000),
 ( 1.000000000000000000, 0.1177618492357246915, 1.000000000000000000),
 ( 1.000000000000000000, 0.1616064500867445131, 1.000000000000000000),
 ( 1.000000000000000000, 0.1806511112735467439, 1.000000000000000000),
 ( 1.000000000000000000, 0.2242062470903820048, 1.000000000000000000),
 ( 1.000000000000000000, 0.2339930683011494927, 1.000000000000000000),
 ( 1.000000000000000000, 0.2481731841639125968, 1.000000000000000000),
 ( 1.000000000000000000, 0.2511077207871657002, 1.000000000000000000),
 ( 1.000000000000000000, 0.2556729712638698415, 1.000000000000000000),
 ( 1.000000000000000000, 0.2572219540038888086, 1.000000000000000000),
 ( 1.000000000000000000, 0.2603773483527306865, 1.000000000000000000),
 ( 1.000000000000000000, 0.2627779020828400203, 1.000000000000000000),
 ( 1.000000000000000000, 0.2644768410148432558, 1.000000000000000000),
 ( 1.000000000000000000, 0.2658831590024315905, 1.000000000000000000),
 ( 1.000000000000000000, 0.2731725034377561201, 1.000000000000000000),
 ( 1.000000000000000000, 0.2798170561274887502, 1.000000000000000000),
 ( 1.000000000000000000, 0.2954687406438536446, 1.000000000000000000),
 ( 1.000000000000000000, 0.3044819663917126551, 1.000000000000000000),
 ( 1.000000000000000000, 0.3205242494073931581, 1.000000000000000000),
 ( 1.000000000000000000, 0.3262944743433660033, 1.000000000000000000),
 ( 1.000000000000000000, 0.3387778903392963392, 1.000000000000000000),
 ( 1.000000000000000000, 0.3436525142028077906, 1.000000000000000000),
 ( 1.000000000000000000, 0.3956905438994485213, 1.000000000000000000),
 ( 1.000000000000000000, 0.4443744582091224138, 1.000000000000000000),
 ( 1.000000000000000000, 0.5767094685642789598, 1.000000000000000000),
 ( 1.000000000000000000, 0.6397908737920575684, 1.000000000000000000),
 ( 1.000000000000000000, 0.6820779760543087544, 1.000000000000000000) ) ) 
 REPRESENTATION_ITEM ( '' )  SURFACE ( )  );
#5899 = ADVANCED_FACE ( 'NONE', ( #1216, #1383 ), #2523, .T. ) ;
#5900 = AXIS2_PLACEMENT_3D ( 'NONE', #3909, #107, #2303 ) ;
#5901 = CARTESIAN_POINT ( 'NONE',  ( 0.004045786627945549725, 0.008922694791185466212, 0.0001654485566061621811 ) ) ;
#5902 = ORIENTED_EDGE ( 'NONE', *, *, #5024, .F. ) ;
#5903 = CARTESIAN_POINT ( 'NONE',  ( -0.006227847829022520668, 0.004587644788906190471, 0.0007253779242770265825 ) ) ;
#5904 = CARTESIAN_POINT ( 'NONE',  ( 0.1300000000000001432, 0.004691362732167810891, -0.01270435550149765641 ) ) ;
#5905 = CARTESIAN_POINT ( 'NONE',  ( 0.005093212336641643988, 0.007743716775639178200, 0.004256924910383923233 ) ) ;
#5906 = ORIENTED_EDGE ( 'NONE', *, *, #1733, .T. ) ;
#5907 = CARTESIAN_POINT ( 'NONE',  ( 0.05102546669508118554, 0.01003162993456223687, 0.004568273625629943116 ) ) ;
#5908 = DIRECTION ( 'NONE',  ( -0.000000000000000000, 1.000000000000000000, -0.000000000000000000 ) ) ;
#5909 = VERTEX_POINT ( 'NONE', #5813 ) ;
#5910 = CARTESIAN_POINT ( 'NONE',  ( -0.002364208214925056072, 0.01038407905815851885, -0.0009911228726238723464 ) ) ;
#5911 = CARTESIAN_POINT ( 'NONE',  ( -0.004139964805134742180, 0.007854645106463329848, -0.004603617608370713134 ) ) ;
#5912 = CARTESIAN_POINT ( 'NONE',  ( 0.01751919680632353302, 0.003904984774575872859, -0.002019551362447870400 ) ) ;
#5913 = CARTESIAN_POINT ( 'NONE',  ( 0.1109457281489458352, 0.009365104688564105870, -0.001085952709088230462 ) ) ;
#5914 = CARTESIAN_POINT ( 'NONE',  ( -0.1294777020108683618, 0.006345454749019616668, 0.008097154699803578437 ) ) ;
#5915 = CYLINDRICAL_SURFACE ( 'NONE', #3165, 0.001015999999999999976 ) ;
#5916 = CARTESIAN_POINT ( 'NONE',  ( 0.004011248683941120996, 0.001622790558297058580, -0.004801859717694953282 ) ) ;
#5917 = CARTESIAN_POINT ( 'NONE',  ( 0.003201455715815975257, 0.01019638358173858249, -0.001796985675101567606 ) ) ;
#5918 = CARTESIAN_POINT ( 'NONE',  ( 0.004484779464370304732, 0.007789140975763521151, 0.004353233294785251520 ) ) ;
#5919 = CARTESIAN_POINT ( 'NONE',  ( 0.002823982109146756792, 0.0009933644470167784634, -0.005583875837520974744 ) ) ;
#5920 = CARTESIAN_POINT ( 'NONE',  ( 0.003343929828587252889, 0.009928735500791241106, -0.001710974352276899363 ) ) ;
#5921 = AXIS2_PLACEMENT_3D ( 'NONE', #129, #5087, #1833 ) ;
#5922 = CARTESIAN_POINT ( 'NONE',  ( -0.003866390285409193606, 0.009153876227319650977, 0.0009683398460032502288 ) ) ;
#5923 = DIRECTION ( 'NONE',  ( -0.000000000000000000, -1.000000000000000000, -0.000000000000000000 ) ) ;
#5924 = CARTESIAN_POINT ( 'NONE',  ( -0.004610064635948469755, 0.007947936832916257729, -0.004220366257251145434 ) ) ;
#5925 = CARTESIAN_POINT ( 'NONE',  ( -0.1299712280575561207, 0.005963161550226622754, 0.008855716924366348677 ) ) ;
#5926 = CARTESIAN_POINT ( 'NONE',  ( 0.1301262072165761952, 0.005755844196995324978, -0.009247630928323988600 ) ) ;
#5927 = ORIENTED_EDGE ( 'NONE', *, *, #2189, .T. ) ;
#5928 = CARTESIAN_POINT ( 'NONE',  ( 0.004518898096534946195, 0.007812647138592863569, 0.004355825333297772863 ) ) ;
#5929 = PRODUCT_CONTEXT ( 'NONE', #2850, 'mechanical' ) ;
#5930 = AXIS2_PLACEMENT_3D ( 'NONE', #5247, #5850, #6240 ) ;
#5931 = CARTESIAN_POINT ( 'NONE',  ( 0.004037218488056221709, 0.008933497912699492685, 0.0002713046687857166833 ) ) ;
#5932 = ORIENTED_EDGE ( 'NONE', *, *, #1329, .T. ) ;
#5933 = EDGE_CURVE ( 'NONE', #3435, #6652, #3740, .T. ) ;
#5934 = CARTESIAN_POINT ( 'NONE',  ( 0.004705720962754529786, 0.008031864869415107286, 0.004263647525381594749 ) ) ;
#5935 = CARTESIAN_POINT ( 'NONE',  ( 0.005332355166092344299, 0.007867430497915141319, 0.003479986587458788229 ) ) ;
#5936 = ORIENTED_EDGE ( 'NONE', *, *, #1660, .T. ) ;
#5937 = CARTESIAN_POINT ( 'NONE',  ( 0.06324715096322812424, 0.01042405403164093497, 0.003715306662049873074 ) ) ;
#5938 = CARTESIAN_POINT ( 'NONE',  ( 0.006964729014412642319, 0.001406712328755567107, -0.004585626297380547035 ) ) ;
#5939 = EDGE_LOOP ( 'NONE', ( #4384, #1078 ) ) ;
#5940 = CARTESIAN_POINT ( 'NONE',  ( -0.002586582398323541282, 0.009967143380570402805, -0.0009976519531898382642 ) ) ;
#5941 = CARTESIAN_POINT ( 'NONE',  ( -0.08789284118094627118, -0.0003125353848297423068, 0.02732323678129780151 ) ) ;
#5942 = CARTESIAN_POINT ( 'NONE',  ( 0.004038660161965006851, 0.001324592512692189788, -0.005082766898430767996 ) ) ;
#5943 = CARTESIAN_POINT ( 'NONE',  ( -0.005871754047980848323, 0.007314278592859816373, -0.002159758325130143198 ) ) ;
#5944 = CARTESIAN_POINT ( 'NONE',  ( -0.003309918748771290865, 0.009988811468067524194, -0.001735747880386962275 ) ) ;
#5945 = EDGE_CURVE ( 'NONE', #2170, #496, #4912, .T. ) ;
#5946 = CARTESIAN_POINT ( 'NONE',  ( -0.1297009918042066612, 0.005971814258429629894, 0.008439679131366149140 ) ) ;
#5947 = LINE ( 'NONE', #4324, #4408 ) ;
#5948 = CARTESIAN_POINT ( 'NONE',  ( 0.003295710488973521701, 0.001224379751373313226, -0.005319268151234517357 ) ) ;
#5949 = FACE_OUTER_BOUND ( 'NONE', #799, .T. ) ;
#5950 = CARTESIAN_POINT ( 'NONE',  ( -0.03967421650238070474, -0.0006114436324195257448, 0.01421244208435700797 ) ) ;
#5951 = CARTESIAN_POINT ( 'NONE',  ( 0.002583322866310613832, 0.009971680475250635847, 0.0009988896606208076071 ) ) ;
#5952 = DIRECTION ( 'NONE',  ( -0.000000000000000000, -1.000000000000000000, -0.000000000000000000 ) ) ;
#5953 = CARTESIAN_POINT ( 'NONE',  ( 0.004207103968099463673, 0.001718856176434893981, -0.004676920944817987078 ) ) ;
#5954 = AXIS2_PLACEMENT_3D ( 'NONE', #2069, #6361, #5801 ) ;
#5955 = CARTESIAN_POINT ( 'NONE',  ( 0.006112422045820576667, 0.006931348097047995878, 0.001329767992070273082 ) ) ;
#5956 = CARTESIAN_POINT ( 'NONE',  ( 0.002374986328726705082, 0.01035657601644173788, 0.0009969422125921168810 ) ) ;
#5957 = EDGE_CURVE ( 'NONE', #6353, #6451, #1851, .T. ) ;
#5958 = CARTESIAN_POINT ( 'NONE',  ( -0.003968461827738256793, 0.009021012485362937469, 0.0006566114866760976209 ) ) ;
#5959 = CARTESIAN_POINT ( 'NONE',  ( -0.002299809042694915193, 0.01103667738431634258, -0.0005136665478359145158 ) ) ;
#5960 = CARTESIAN_POINT ( 'NONE',  ( 0.003001862213655899937, 0.01071798703553169738, 0.001794196603031302916 ) ) ;
#5961 =( LENGTH_UNIT ( ) NAMED_UNIT ( * ) SI_UNIT ( $, .METRE. ) );
#5962 = ORIENTED_EDGE ( 'NONE', *, *, #826, .F. ) ;
#5963 = CARTESIAN_POINT ( 'NONE',  ( 0.004681097051766130827, 0.007931115313646399517, 0.004267229618723123938 ) ) ;
#5964 = DIRECTION ( 'NONE',  ( -0.2437426540179321033, 2.352524529652001296E-16, 0.9698399448425985003 ) ) ;
#5965 = CARTESIAN_POINT ( 'NONE',  ( 0.004050048178003729481, 0.008917327614406920372, 8.981649327535058778E-05 ) ) ;
#5966 = ORIENTED_EDGE ( 'NONE', *, *, #2342, .T. ) ;
#5967 = DIRECTION ( 'NONE',  ( -0.000000000000000000, 1.000000000000000000, -0.000000000000000000 ) ) ;
#5968 = CARTESIAN_POINT ( 'NONE',  ( -0.003880428775548476570, 0.009135371299819255997, 0.0009323475932260150058 ) ) ;
#5969 = CARTESIAN_POINT ( 'NONE',  ( 0.006352384462049380509, 0.005657262864474528127, -0.0001886651226593030945 ) ) ;
#5970 = ORIENTED_EDGE ( 'NONE', *, *, #6453, .T. ) ;
#5971 = CARTESIAN_POINT ( 'NONE',  ( 0.1063862723283849759, 0.009467121308088619069, -0.0002235783149723284853 ) ) ;
#5972 = PLANE ( 'NONE',  #5739 ) ;
#5973 = ORIENTED_EDGE ( 'NONE', *, *, #590, .T. ) ;
#5974 = CARTESIAN_POINT ( 'NONE',  ( -0.002749255675364842538, 0.009745033657208345204, -0.0009279022645909181660 ) ) ;
#5975 = CARTESIAN_POINT ( 'NONE',  ( -0.04666285610165234882, -0.0008791424137591352097, 0.01825543902424242582 ) ) ;
#5976 = CARTESIAN_POINT ( 'NONE',  ( 0.03879675669357112583, 0.009235459695114307810, -0.001218204951122627130 ) ) ;
#5977 = CARTESIAN_POINT ( 'NONE',  ( -0.006108777228182891116, 0.004735067534671994101, 0.001407199975757809007 ) ) ;
#5978 = CARTESIAN_POINT ( 'NONE',  ( -0.003872672032660730637, 0.009145651123737124147, -0.0009511028107664540841 ) ) ;
#5979 = FACE_OUTER_BOUND ( 'NONE', #6418, .T. ) ;
#5980 = CARTESIAN_POINT ( 'NONE',  ( -0.1303939259004872619, 0.005930775029381517294, 0.007947496464566538091 ) ) ;
#5981 = CARTESIAN_POINT ( 'NONE',  ( 0.000000000000000000, 0.005587999999999999218, 0.000000000000000000 ) ) ;
#5982 = CIRCLE ( 'NONE', #4073, 0.002981341975184092965 ) ;
#5983 = AXIS2_PLACEMENT_3D ( 'NONE', #1617, #2155, #5569 ) ;
#5984 = CARTESIAN_POINT ( 'NONE',  ( 0.0002539999999999999940, 0.005080000000000001181, -0.002884438135928730530 ) ) ;
#5985 = PRODUCT_DEFINITION_CONTEXT ( 'detailed design', #4667, 'design' ) ;
#5986 = AXIS2_PLACEMENT_3D ( 'NONE', #2748, #6530, #2353 ) ;
#5987 = CARTESIAN_POINT ( 'NONE',  ( 0.005233171198440086415, 0.002893284283471410281, -0.003426217093417988253 ) ) ;
#5988 = CARTESIAN_POINT ( 'NONE',  ( -0.1132709726663812394, 0.0006486805838273644945, 0.02138733699392527526 ) ) ;
#5989 = CARTESIAN_POINT ( 'NONE',  ( 0.003264911398912680781, 0.009176282226275431567, -0.0002563689327499317451 ) ) ;
#5990 = CARTESIAN_POINT ( 'NONE',  ( 0.004493375139439685466, 0.007899996864081982456, 0.004344379728132930461 ) ) ;
#5991 = CARTESIAN_POINT ( 'NONE',  ( 0.005311330253612535877, 0.002535364681575431964, -0.003304303609970287142 ) ) ;
#5992 = DIRECTION ( 'NONE',  ( 1.000000000000000000, -0.000000000000000000, 1.347951312663287604E-16 ) ) ;
#5993 = CARTESIAN_POINT ( 'NONE',  ( 0.002308149563497759096, 0.01056745902135477512, 0.0009308767482855933965 ) ) ;
#5994 = CARTESIAN_POINT ( 'NONE',  ( -0.002306065025374130686, 0.01057674512781317869, -0.0009267570113190478623 ) ) ;
#5995 = CARTESIAN_POINT ( 'NONE',  ( -0.002308337251136247797, 0.01107672391491226413, 0.0004382115648445479615 ) ) ;
#5996 = CARTESIAN_POINT ( 'NONE',  ( 1.686279258222847794E-18, 0.01447799999999999782, 0.000000000000000000 ) ) ;
#5997 = CARTESIAN_POINT ( 'NONE',  ( 0.003956700324351088149, 0.009036138208909572783, 0.0007006498132295811351 ) ) ;
#5998 = DIRECTION ( 'NONE',  ( 1.000000000000000000, -9.484135310589723205E-16, 0.000000000000000000 ) ) ;
#5999 = VERTEX_POINT ( 'NONE', #5717 ) ;
#6000 = CARTESIAN_POINT ( 'NONE',  ( -0.02944802541167831217, 0.008342673890923892055, -0.003136443887455384397 ) ) ;
#6001 = CARTESIAN_POINT ( 'NONE',  ( 0.003456214892252700531, 0.009742080252342915844, 0.001612438121736598342 ) ) ;
#6002 = ORIENTED_EDGE ( 'NONE', *, *, #4570, .T. ) ;
#6003 = CARTESIAN_POINT ( 'NONE',  ( 0.002954701211680996198, 0.01151283244804325243, 0.001253280565379846084 ) ) ;
#6004 = CARTESIAN_POINT ( 'NONE',  ( 0.01347810280380232380, 0.008160081109176622188, 0.004326133056384564787 ) ) ;
#6005 = ORIENTED_EDGE ( 'NONE', *, *, #2342, .F. ) ;
#6006 = LINE ( 'NONE', #2254, #3367 ) ;
#6007 = ORIENTED_EDGE ( 'NONE', *, *, #6024, .F. ) ;
#6008 = CARTESIAN_POINT ( 'NONE',  ( -0.002596990210633545303, 0.009951747528474936058, -0.0009945514417541141770 ) ) ;
#6009 = CARTESIAN_POINT ( 'NONE',  ( -7.267490305760745353E-18, 0.005687855486936412540, 0.001040745975770953659 ) ) ;
#6010 = AXIS2_PLACEMENT_3D ( 'NONE', #2079, #5417, #555 ) ;
#6011 = CARTESIAN_POINT ( 'NONE',  ( -0.004222557712381056969, 0.001777047460235250216, 0.004616044655870530332 ) ) ;
#6012 = CARTESIAN_POINT ( 'NONE',  ( -0.002943880569577228545, 0.01101660212333961143, -0.001685655146617465660 ) ) ;
#6013 = CARTESIAN_POINT ( 'NONE',  ( -0.004005838060586404230, 0.008973253551693170793, 0.0004883780877709574184 ) ) ;
#6014 = CARTESIAN_POINT ( 'NONE',  ( 0.003533809600394842952, 0.001216678548645407434, -0.005163555469405265753 ) ) ;
#6015 = CARTESIAN_POINT ( 'NONE',  ( -0.1298820801862289598, 0.005778877316678970345, 0.008875275372610954422 ) ) ;
#6016 = CARTESIAN_POINT ( 'NONE',  ( -0.005918200000000022748, 0.01016000000000000583, 0.000000000000000000 ) ) ;
#6017 = CARTESIAN_POINT ( 'NONE',  ( 0.004180590213687626275, 0.001615867326921772854, -0.004784155009158997350 ) ) ;
#6018 = CARTESIAN_POINT ( 'NONE',  ( 0.001568660672571735217, 0.0008526862710028701702, -0.006058146811311037813 ) ) ;
#6019 = CARTESIAN_POINT ( 'NONE',  ( -0.1300000000000000877, 0.005802604670491603479, 0.008888039591973760298 ) ) ;
#6020 = CARTESIAN_POINT ( 'NONE',  ( 0.002934496517383687955, 0.009524812368285437425, 0.0007931174686750785399 ) ) ;
#6021 = CARTESIAN_POINT ( 'NONE',  ( 0.004513737439938964036, 0.007841619508283804996, 0.004358596495676988342 ) ) ;
#6022 = CARTESIAN_POINT ( 'NONE',  ( 0.004573808175507339951, 0.007649285579370074077, 0.004259434090775701502 ) ) ;
#6023 = DIRECTION ( 'NONE',  ( 0.000000000000000000, 0.000000000000000000, -1.000000000000000000 ) ) ;
#6024 = EDGE_CURVE ( 'NONE', #6252, #2243, #487, .T. ) ;
#6025 = CARTESIAN_POINT ( 'NONE',  ( 0.003123282727022970700, 0.009320598770671409752, 0.0005726476016877314525 ) ) ;
#6026 = CARTESIAN_POINT ( 'NONE',  ( -0.003108054218043024026, 0.009336460351802399263, -0.0005958933421455543016 ) ) ;
#6027 = CARTESIAN_POINT ( 'NONE',  ( -0.002290816493402964091, 0.01098469662784150834, -0.0005938044380686213850 ) ) ;
#6028 = CARTESIAN_POINT ( 'NONE',  ( 0.02930792205695978772, 0.008746096427598371720, 0.004020156902415038952 ) ) ;
#6029 = CIRCLE ( 'NONE', #145, 0.001650999999999998389 ) ;
#6030 = CARTESIAN_POINT ( 'NONE',  ( 0.003752782079717762852, 0.009306869014838528575, 0.001207289031601777030 ) ) ;
#6031 = DIRECTION ( 'NONE',  ( 0.000000000000000000, -1.000000000000000000, 0.000000000000000000 ) ) ;
#6032 = VERTEX_POINT ( 'NONE', #4654 ) ;
#6033 = CARTESIAN_POINT ( 'NONE',  ( -0.01454817041232492857, 0.007861534352295685563, -0.003346659274227784669 ) ) ;
#6034 = AXIS2_PLACEMENT_3D ( 'NONE', #5434, #572, #5998 ) ;
#6035 = CARTESIAN_POINT ( 'NONE',  ( 0.003819265968916197782, 0.009216664481266918091, 0.001075720082030200836 ) ) ;
#6036 = ORIENTED_EDGE ( 'NONE', *, *, #3874, .T. ) ;
#6037 = CARTESIAN_POINT ( 'NONE',  ( 0.002032000000000023371, 0.01117600000000004527, 3.184181620198244007E-18 ) ) ;
#6038 = CARTESIAN_POINT ( 'NONE',  ( 0.003061340060767294910, 0.01189507105402040459, 1.243432941813064297E-15 ) ) ;
#6039 = CARTESIAN_POINT ( 'NONE',  ( -0.02930792205695981548, 0.008746096427598371720, -0.004020156902414834255 ) ) ;
#6040 = CARTESIAN_POINT ( 'NONE',  ( 0.1268922556389911749, 0.007611724939730855899, -0.004320965348110934572 ) ) ;
#6041 = CARTESIAN_POINT ( 'NONE',  ( -0.005918200000000022748, 0.01016000000000000583, 0.001015999999999999976 ) ) ;
#6042 = ORIENTED_EDGE ( 'NONE', *, *, #5348, .F. ) ;
#6043 = CARTESIAN_POINT ( 'NONE',  ( -0.002304126141956621462, 0.01105789706436188617, 0.0004757530210410324521 ) ) ;
#6044 = AXIS2_PLACEMENT_3D ( 'NONE', #5636, #6733, #210 ) ;
#6045 = CARTESIAN_POINT ( 'NONE',  ( -0.003131055927680332068, 0.009312415423211633375, 0.0005620013344901275600 ) ) ;
#6046 = CARTESIAN_POINT ( 'NONE',  ( -0.001568660672571621159, 0.0008526862710025367781, 0.006058146811311057763 ) ) ;
#6047 = CARTESIAN_POINT ( 'NONE',  ( -0.002953602712307566280, 0.01150664724053125990, -0.001262051093753503586 ) ) ;
#6048 = CARTESIAN_POINT ( 'NONE',  ( -1.480495503149308360E-17, 0.006469389508408842672, 0.001060076912540405727 ) ) ;
#6049 = CARTESIAN_POINT ( 'NONE',  ( 0.002433510077339108915, 0.001124163684815771220, -0.005764971622599681690 ) ) ;
#6050 = CARTESIAN_POINT ( 'NONE',  ( -0.1293681658939330736, 0.006405506956443774921, 0.007975619638804729364 ) ) ;
#6051 = DIRECTION ( 'NONE',  ( 0.000000000000000000, 0.000000000000000000, 1.000000000000000000 ) ) ;
#6052 = ADVANCED_FACE ( 'NONE', ( #6808, #1954 ), #4120, .F. ) ;
#6053 = LINE ( 'NONE', #1202, #2368 ) ;
#6054 = DIRECTION ( 'NONE',  ( 0.000000000000000000, 0.000000000000000000, 1.000000000000000000 ) ) ;
#6055 = CARTESIAN_POINT ( 'NONE',  ( 0.002498184986472332288, 0.0009180064463894327615, -0.005772550441344189917 ) ) ;
#6056 = CARTESIAN_POINT ( 'NONE',  ( 0.002769056977366352989, 0.009720379274978889830, -0.0009160226523658774158 ) ) ;
#6057 = CARTESIAN_POINT ( 'NONE',  ( 0.003067825428615370345, 0.009378979629008306340, 0.0006500175992022135842 ) ) ;
#6058 = CARTESIAN_POINT ( 'NONE',  ( -0.001785667394348170118, 0.01046305122213599982, -0.0009697504610784572245 ) ) ;
#6059 = CARTESIAN_POINT ( 'NONE',  ( -0.003783315149078851029, 0.009265086096615292657, 0.001150375523169305109 ) ) ;
#6060 = CARTESIAN_POINT ( 'NONE',  ( -1.047902110467058392E-17, 0.001651000000000004894, 0.000000000000000000 ) ) ;
#6061 = CARTESIAN_POINT ( 'NONE',  ( 0.006202703629421551720, 0.005178173571884331881, -0.0009072553299020808459 ) ) ;
#6062 = CARTESIAN_POINT ( 'NONE',  ( -0.003046615533742745661, 0.01185654178562653253, -0.0004294154034090712788 ) ) ;
#6063 = CARTESIAN_POINT ( 'NONE',  ( 0.003209006541084163076, 0.009232504410505285031, 0.0004150741478218066926 ) ) ;
#6064 = CARTESIAN_POINT ( 'NONE',  ( -0.002317165074988043923, 0.01052930761335685132, -0.0009471254197695784137 ) ) ;
#6065 = CARTESIAN_POINT ( 'NONE',  ( -0.002297310037618436902, 0.01102343565589241486, -0.0005354978055308017969 ) ) ;
#6066 = DIRECTION ( 'NONE',  ( 0.000000000000000000, 0.000000000000000000, -1.000000000000000000 ) ) ;
#6067 = CARTESIAN_POINT ( 'NONE',  ( 0.004139964805134710088, 0.007854645106463329848, 0.004603617608370741757 ) ) ;
#6068 = CARTESIAN_POINT ( 'NONE',  ( 0.003682445176985234530, 0.009404607500759854313, 0.001326866133071383453 ) ) ;
#6069 = CARTESIAN_POINT ( 'NONE',  ( -0.005080000000000000314, 0.000000000000000000, 0.0002539999999999998856 ) ) ;
#6070 = CARTESIAN_POINT ( 'NONE',  ( -0.05511438837440019861, 0.01023243039750907669, -0.003892272827382639404 ) ) ;
#6071 = CARTESIAN_POINT ( 'NONE',  ( -0.002329535983312043534, 0.01115628802529918841, 0.0001999151103976085889 ) ) ;
#6072 = VECTOR ( 'NONE', #4909, 1.000000000000000000 ) ;
#6073 = CARTESIAN_POINT ( 'NONE',  ( 0.003558032068204259983, 0.009585376740737444959, 0.001498891282744545901 ) ) ;
#6074 = ADVANCED_FACE ( 'NONE', ( #1653 ), #732, .T. ) ;
#6075 = VERTEX_POINT ( 'NONE', #560 ) ;
#6076 = EDGE_LOOP ( 'NONE', ( #3996, #6179, #4055, #3625, #4533 ) ) ;
#6077 = CARTESIAN_POINT ( 'NONE',  ( 0.1249056943479248810, 0.007519644530163392161, -0.005106618944388391541 ) ) ;
#6078 = CARTESIAN_POINT ( 'NONE',  ( -0.005372668406875430631, 0.002572478235780008369, 0.003472277508324752692 ) ) ;
#6079 = ORIENTED_EDGE ( 'NONE', *, *, #4935, .F. ) ;
#6080 = CARTESIAN_POINT ( 'NONE',  ( -0.002333023789208068730, 0.01116765639922990237, 0.0001311012882987551800 ) ) ;
#6081 = CARTESIAN_POINT ( 'NONE',  ( -0.002533127912099236018, 0.01004974619663205095, 0.001010237602209999733 ) ) ;
#6082 = CARTESIAN_POINT ( 'NONE',  ( -0.003532839608008468083, 0.001389800777083616268, 0.005163759021282252407 ) ) ;
#6083 = CARTESIAN_POINT ( 'NONE',  ( -0.003421889539310983899, 0.009797367633435943857, -0.001645505034272620347 ) ) ;
#6084 = CARTESIAN_POINT ( 'NONE',  ( -0.001447224898745791974, 0.0004689809571372345674, -0.0002540000000000002651 ) ) ;
#6085 = LINE ( 'NONE', #5489, #3561 ) ;
#6086 = CARTESIAN_POINT ( 'NONE',  ( -0.1302460699065431382, 0.005308357926584407818, 0.009971509585181254076 ) ) ;
#6087 = CARTESIAN_POINT ( 'NONE',  ( 0.003952008958169693671, 0.009042061539065138556, 0.0007222260579804843121 ) ) ;
#6088 = EDGE_CURVE ( 'NONE', #4420, #5265, #5001, .T. ) ;
#6089 = FACE_OUTER_BOUND ( 'NONE', #6679, .T. ) ;
#6090 = CARTESIAN_POINT ( 'NONE',  ( -0.003061339652629327043, 0.01189507120221239625, -1.799449169056443702E-15 ) ) ;
#6091 = AXIS2_PLACEMENT_3D ( 'NONE', #5363, #3704, #5326 ) ;
#6092 = CARTESIAN_POINT ( 'NONE',  ( 0.002580540886902587920, 0.009976152194143618132, -0.0009993849649723976405 ) ) ;
#6093 = CARTESIAN_POINT ( 'NONE',  ( 0.003149068016748991176, 0.009293800566151725825, 0.0005319851450289262698 ) ) ;
#6094 = VECTOR ( 'NONE', #1588, 1.000000000000000000 ) ;
#6095 = CARTESIAN_POINT ( 'NONE',  ( 0.000000000000000000, 0.000000000000000000, -0.005003799999999945444 ) ) ;
#6096 = CARTESIAN_POINT ( 'NONE',  ( 0.002652107418874874792, 0.009873357413367369120, 0.0009747962365830785359 ) ) ;
#6097 = CARTESIAN_POINT ( 'NONE',  ( -0.002965483353626837109, 0.01157228184493600855, -0.001167395621736800606 ) ) ;
#6098 = CONICAL_SURFACE ( 'NONE', #1448, 0.002552700000000010169, 1.029744258676654090 ) ;
#6099 = CARTESIAN_POINT ( 'NONE',  ( 0.003276331498088660543, 0.009164912182868925616, 0.0002057954123874233268 ) ) ;
#6100 = VERTEX_POINT ( 'NONE', #6976 ) ;
#6101 = CARTESIAN_POINT ( 'NONE',  ( -0.002727091995226881005, 0.009773277201069754949, -0.0009400284053367541576 ) ) ;
#6102 = CARTESIAN_POINT ( 'NONE',  ( -0.002333587264710884970, 0.01116952919085589975, 0.0001229681931895377372 ) ) ;
#6103 = CARTESIAN_POINT ( 'NONE',  ( -0.0002540000000000001566, 0.000000000000000000, 0.001451138256679907184 ) ) ;
#6104 = CARTESIAN_POINT ( 'NONE',  ( 0.003570789821857208151, 0.009566348508526702210, 0.001483058592282204607 ) ) ;
#6105 = CARTESIAN_POINT ( 'NONE',  ( -0.01726094088320778361, 0.007693068858117230874, -0.003258334877576023452 ) ) ;
#6106 = CARTESIAN_POINT ( 'NONE',  ( -0.002322719043755192177, 0.01050987456965391670, 0.0009540078987602693215 ) ) ;
#6107 = CARTESIAN_POINT ( 'NONE',  ( 0.002934117676993583997, 0.01132737266731878058, 0.001464145782999246199 ) ) ;
#6108 = ORIENTED_EDGE ( 'NONE', *, *, #477, .F. ) ;
#6109 = B_SPLINE_CURVE_WITH_KNOTS ( 'NONE', 3,
 ( #5683, #6175, #2420, #892, #3494, #3062, #4089, #5611, #5219, #752, #5646, #6742, #6675, #4557, #2919, #1316, #785, #819, #1924, #2988, #5107, #5719, #2454, #5147, #286, #1848, #4622, #1888, #6143, #356, #252, #4051, #6710, #4519, #6210, #6242, #3599, #6776, #2491, #1385, #3562, #6277, #854, #5070, #1956, #1816, #3024, #5182, #3987, #322, #3461, #224, #4656, #4123, #6810, #1419, #5752, #2382, #5281, #5315, #2664, #925, #4819, #419, #3094, #955, #455, #3727, #4752, #6945, #1065, #6410, #1454 ),
 .UNSPECIFIED., .F., .F.,
 ( 4, 2, 2, 2, 2, 2, 2, 2, 2, 2, 2, 2, 1, 2, 2, 2, 1, 2, 2, 2, 2, 2, 2, 2, 2, 2, 2, 2, 2, 2, 2, 2, 2, 2, 2, 1, 2, 4 ),
 ( 0.1493911743164058337, 0.1715294823879345842, 0.1936677904594633071, 0.2158060985309920576, 0.2379444066025208082, 0.2490135606382855027, 0.2600827146740501972, 0.2711518687098148361, 0.2822210227455795861, 0.2932901767813442251, 0.2960574652902854265, 0.2988247537992266833, 0.3043593308171085310, 0.3098939078349903786, 0.3112775520894607850, 0.3126611963439311914, 0.3154284848528720042, 0.3181957733618127615, 0.3209630618707535188, 0.3264976388886353664, 0.3375667929243987286, 0.3431013699422805763, 0.3486359469601623684, 0.3597051009959257861, 0.3707742550316892594, 0.4150508711747429302, 0.4371891792462699877, 0.4427237562641515023, 0.4482583332820331279, 0.4537929102999146425, 0.4593274873177962681, 0.4703966413535598523, 0.4814657953893234366, 0.4842330838982646934, 0.4870003724072059503, 0.4925349494250881310, 0.4980695264429703117, 0.5036041034608523814 ),
 .UNSPECIFIED. ) ;
#6110 = FACE_OUTER_BOUND ( 'NONE', #3328, .T. ) ;
#6111 = CARTESIAN_POINT ( 'NONE',  ( 0.002992959794582074080, 0.01169844839882544854, -0.0009573412352165545751 ) ) ;
#6112 = CARTESIAN_POINT ( 'NONE',  ( -0.004497842606212288860, 0.007964873179938158909, -0.004339818429991341639 ) ) ;
#6113 = EDGE_LOOP ( 'NONE', ( #2067, #5927, #3037, #2316 ) ) ;
#6114 = CARTESIAN_POINT ( 'NONE',  ( -0.003137823867113329578, 0.001134297997160831810, 0.005437399292343725495 ) ) ;
#6115 = CARTESIAN_POINT ( 'NONE',  ( -0.003342899728054489830, 0.001199529218105399586, 0.005477529740300197958 ) ) ;
#6116 = ORIENTED_EDGE ( 'NONE', *, *, #6201, .F. ) ;
#6117 = EDGE_CURVE ( 'NONE', #6393, #4512, #1201, .T. ) ;
#6118 = CARTESIAN_POINT ( 'NONE',  ( -0.002299302575759804013, 0.01103425285906249088, -0.0005179208386677363338 ) ) ;
#6119 = CARTESIAN_POINT ( 'NONE',  ( -0.002844114644554408995, 0.009629246155316462108, 0.0008663516151893953156 ) ) ;
#6120 = CARTESIAN_POINT ( 'NONE',  ( 2.569357970483111459E-19, 0.02476499999999999882, 0.001783079999999999821 ) ) ;
#6121 = CARTESIAN_POINT ( 'NONE',  ( -0.003054050645425514243, 0.01187628270884028177, -0.0003019802239645909378 ) ) ;
#6122 = CARTESIAN_POINT ( 'NONE',  ( 0.001449181636525680595, 0.0002344904790593442089, 0.0002539999999999998856 ) ) ;
#6123 = VECTOR ( 'NONE', #727, 1.000000000000000000 ) ;
#6124 = CARTESIAN_POINT ( 'NONE',  ( 0.001261359265311611097, 0.0008527947500280078346, -0.006121394677997212680 ) ) ;
#6125 = CARTESIAN_POINT ( 'NONE',  ( -0.1299074058732682668, 0.005742441775799454230, 0.008964162134164182713 ) ) ;
#6126 = CARTESIAN_POINT ( 'NONE',  ( 0.003542679473390048048, 0.009594515293921860449, 0.001542954466921522307 ) ) ;
#6127 = SHAPE_REPRESENTATION ( '1045inv_reverse', ( #989 ), #6772 ) ;
#6128 = VECTOR ( 'NONE', #6261, 1.000000000000000000 ) ;
#6129 = CARTESIAN_POINT ( 'NONE',  ( 0.006036068297447020475, 0.007936070404586322707, 0.004144522882137632348 ) ) ;
#6130 = B_SPLINE_CURVE_WITH_KNOTS ( 'NONE', 3,
 ( #4700, #1996, #4167, #5826, #4203, #5795, #933, #5260, #3135, #2569, #4732, #1521, #6352, #3672 ),
 .UNSPECIFIED., .F., .F.,
 ( 4, 2, 2, 2, 2, 2, 4 ),
 ( 3.744651315850495769E-15, 3.691269871932150484E-05, 7.382539743489835156E-05, 0.0001476507948660520585, 0.0002953015897283577107, 0.0005906031794529669008, 0.001181206358902183763 ),
 .UNSPECIFIED. ) ;
#6131 = CARTESIAN_POINT ( 'NONE',  ( -0.002283411130479268830, 0.01092314121509361212, 0.0006710818143550391530 ) ) ;
#6132 = CARTESIAN_POINT ( 'NONE',  ( -0.006352384462049380509, 0.005657262864474528995, 0.0001886651226593473842 ) ) ;
#6133 = CARTESIAN_POINT ( 'NONE',  ( 0.002313712980006270466, 0.01109906185557595938, 0.0003882216529301736954 ) ) ;
#6134 = DIRECTION ( 'NONE',  ( 1.000000000000000000, -0.000000000000000000, -0.000000000000000000 ) ) ;
#6135 = CARTESIAN_POINT ( 'NONE',  ( 0.003302012496573017517, 0.009139446530910498578, -2.969868423932742148E-05 ) ) ;
#6136 = CARTESIAN_POINT ( 'NONE',  ( -0.002991711256142406961, 0.01168442285484127575, 0.0009663836180705845337 ) ) ;
#6137 = CARTESIAN_POINT ( 'NONE',  ( 0.002283804911359130479, 0.01092702100653915147, -0.0006665100314527075583 ) ) ;
#6138 = CARTESIAN_POINT ( 'NONE',  ( -0.002661294147482191202, 0.009860702540910882760, -0.0009710395920064785998 ) ) ;
#6139 = CARTESIAN_POINT ( 'NONE',  ( 0.02601198461237473614, 0.008081795137616460886, 0.003088816190788434835 ) ) ;
#6140 = CARTESIAN_POINT ( 'NONE',  ( -0.002541531368423496657, 0.009171289465234475080, 0.0002682796696134716699 ) ) ;
#6141 = DIRECTION ( 'NONE',  ( -1.347951312663287604E-16, -0.000000000000000000, 1.000000000000000000 ) ) ;
#6142 = CARTESIAN_POINT ( 'NONE',  ( 0.002963598691664322184, 0.01156277928660503183, -0.001181977138022333217 ) ) ;
#6143 = CARTESIAN_POINT ( 'NONE',  ( 0.002300287509127309140, 0.01103911368518641425, -0.0005093404892899393473 ) ) ;
#6144 = CARTESIAN_POINT ( 'NONE',  ( -0.002455741101695713049, 0.01018355810415810803, 0.001016239183790094850 ) ) ;
#6145 = CARTESIAN_POINT ( 'NONE',  ( 0.002957493189939648919, 0.01152976245737105145, 0.001230257990328721815 ) ) ;
#6146 = ORIENTED_EDGE ( 'NONE', *, *, #4340, .T. ) ;
#6147 = CARTESIAN_POINT ( 'NONE',  ( 0.004538405647514068102, 0.001805713433888003240, -0.004515748454225706511 ) ) ;
#6148 = CARTESIAN_POINT ( 'NONE',  ( -0.004564087473111043056, 0.007898715524060892501, -0.004331874804346665109 ) ) ;
#6149 = CARTESIAN_POINT ( 'NONE',  ( -1.323154584528056268E-17, 0.004334694754204434196, 0.001894832674326236066 ) ) ;
#6150 = CARTESIAN_POINT ( 'NONE',  ( 0.002647809361168621586, 0.009879021146824325250, -0.0009768685973031913765 ) ) ;
#6151 = CARTESIAN_POINT ( 'NONE',  ( 0.1287402636155026148, 0.007100578305541507644, -0.005431541981441303894 ) ) ;
#6152 = CARTESIAN_POINT ( 'NONE',  ( -0.005231644283149823604, 0.002622695395092468698, 0.003430769614479808795 ) ) ;
#6153 = ADVANCED_FACE ( 'NONE', ( #3305 ), #5025, .T. ) ;
#6154 = ORIENTED_EDGE ( 'NONE', *, *, #6273, .F. ) ;
#6155 = CARTESIAN_POINT ( 'NONE',  ( -0.002294254238363608710, 0.01100692276426524889, -0.0005622994280734475029 ) ) ;
#6156 = DIRECTION ( 'NONE',  ( -1.000000000000000000, 1.037410630505414223E-15, 0.000000000000000000 ) ) ;
#6157 = EDGE_CURVE ( 'NONE', #2786, #6466, #2158, .T. ) ;
#6158 = CARTESIAN_POINT ( 'NONE',  ( 0.000000000000000000, 0.01000000000000000021, 0.000000000000000000 ) ) ;
#6159 = CIRCLE ( 'NONE', #3106, 0.001473200000000000030 ) ;
#6160 = CARTESIAN_POINT ( 'NONE',  ( 0.005623989946153872509, 0.003128413931979280669, -0.002773109212515395636 ) ) ;
#6161 = CARTESIAN_POINT ( 'NONE',  ( -0.1299995059124099961, 0.005925679847024371318, 0.008922679851910553586 ) ) ;
#6162 = EDGE_CURVE ( 'NONE', #3065, #6100, #967, .T. ) ;
#6163 = CARTESIAN_POINT ( 'NONE',  ( 0.04593724754615394201, 0.009819996452168364490, 0.003792311402396115159 ) ) ;
#6164 = CARTESIAN_POINT ( 'NONE',  ( -0.002447318157868319088, 0.01019924117671740932, 0.001015999999999911505 ) ) ;
#6165 = CARTESIAN_POINT ( 'NONE',  ( -0.006275825478620131008, 0.005024319311254077380, 0.0009442902331146616618 ) ) ;
#6166 = CARTESIAN_POINT ( 'NONE',  ( 0.002410881416328584156, 0.01027398422916417711, 0.001009722439853594960 ) ) ;
#6167 = CARTESIAN_POINT ( 'NONE',  ( -0.1298127619083415396, 0.005868946278140478416, 0.008661555687153382407 ) ) ;
#6168 = CARTESIAN_POINT ( 'NONE',  ( -0.002941494499465179078, 0.01141687517060494851, -0.001372087188885728372 ) ) ;
#6169 = CARTESIAN_POINT ( 'NONE',  ( 0.002326889699800529544, 0.01114739639015060318, 0.0002400170712445449613 ) ) ;
#6170 = ORIENTED_EDGE ( 'NONE', *, *, #3794, .F. ) ;
#6171 = CARTESIAN_POINT ( 'NONE',  ( 0.002296573956489997119, 0.01101960177122544501, -0.0005418834381610402760 ) ) ;
#6172 = CARTESIAN_POINT ( 'NONE',  ( 0.1294943584162570605, 0.006127226179555215688, -0.008113296217801510210 ) ) ;
#6173 = CARTESIAN_POINT ( 'NONE',  ( -0.002395737943609617306, 0.009640497300244349824, 0.0008830667711001068945 ) ) ;
#6174 = CARTESIAN_POINT ( 'NONE',  ( 0.003043053573635281193, 0.01184685550639916034, 0.0004791607416842366641 ) ) ;
#6175 = CARTESIAN_POINT ( 'NONE',  ( 0.002442661346970019607, 0.01020774495202662023, -0.001015999999999999976 ) ) ;
#6176 = CARTESIAN_POINT ( 'NONE',  ( -0.002330529598710326129, 0.01115956045265675128, 0.0001828620119867968889 ) ) ;
#6177 = EDGE_CURVE ( 'NONE', #6926, #5890, #1400, .T. ) ;
#6178 = CARTESIAN_POINT ( 'NONE',  ( 0.003054655926436987759, 0.01187786862372528125, 0.0002891739818857449020 ) ) ;
#6179 = ORIENTED_EDGE ( 'NONE', *, *, #4696, .F. ) ;
#6180 = FILL_AREA_STYLE_COLOUR ( '', #6602 ) ;
#6181 = CARTESIAN_POINT ( 'NONE',  ( 0.003019028109135948098, 0.009431383814656298797, -0.0007082559149164596246 ) ) ;
#6182 = CARTESIAN_POINT ( 'NONE',  ( 0.1294777020108726084, 0.006345454749019069363, -0.008097154699796656890 ) ) ;
#6183 = CARTESIAN_POINT ( 'NONE',  ( -0.003479667337995743463, 0.001400518588224844386, 0.005200511107927205043 ) ) ;
#6184 = ORIENTED_EDGE ( 'NONE', *, *, #6594, .T. ) ;
#6185 = CARTESIAN_POINT ( 'NONE',  ( -0.002898463004431469075, 0.009565711414695466513, 0.0008246467272536214246 ) ) ;
#6186 = FACE_OUTER_BOUND ( 'NONE', #6433, .T. ) ;
#6187 = CARTESIAN_POINT ( 'NONE',  ( -0.004050055813927261848, 0.001706163731720629741, 0.004768705363970594802 ) ) ;
#6188 = CIRCLE ( 'NONE', #3136, 0.003962399999999999603 ) ;
#6189 = CARTESIAN_POINT ( 'NONE',  ( 0.002032000000000006891, 0.01447799999999999608, 2.488482295867428121E-19 ) ) ;
#6190 = ORIENTED_EDGE ( 'NONE', *, *, #5876, .T. ) ;
#6191 = CARTESIAN_POINT ( 'NONE',  ( 0.03753242930772288793, 0.009223715061203228635, 0.003420009211423716538 ) ) ;
#6192 = CARTESIAN_POINT ( 'NONE',  ( 0.006250197231605190626, 0.005320802884494131059, 0.0002527904972207485937 ) ) ;
#6193 = CARTESIAN_POINT ( 'NONE',  ( -0.1300547680495734160, 0.005538539161956432949, 0.009428108469590601795 ) ) ;
#6194 = DIRECTION ( 'NONE',  ( -1.000000000000000000, 9.509597446299629225E-16, 0.000000000000000000 ) ) ;
#6195 = CARTESIAN_POINT ( 'NONE',  ( -0.002984768004972240124, 0.01165744438736282355, 0.001019921441481188001 ) ) ;
#6196 = B_SPLINE_CURVE_WITH_KNOTS ( 'NONE', 3,
 ( #817, #6740, #1283, #3458 ),
 .UNSPECIFIED., .F., .F.,
 ( 4, 4 ),
 ( 0.0002119569186995603702, 0.0008314383372711056739 ),
 .UNSPECIFIED. ) ;
#6197 = CARTESIAN_POINT ( 'NONE',  ( -0.002954114387530287680, 0.01094187009728577430, 0.001721122944836090719 ) ) ;
#6198 = CARTESIAN_POINT ( 'NONE',  ( -0.002288969060251520426, 0.01097128607637880802, 0.0006116921784181425081 ) ) ;
#6199 = CARTESIAN_POINT ( 'NONE',  ( -0.005793699832475088241, 0.007560750960394651589, -0.002647854150701965496 ) ) ;
#6200 = CARTESIAN_POINT ( 'NONE',  ( 0.002279818583487528989, 0.01077495021720168387, 0.0008089476979350954241 ) ) ;
#6201 = EDGE_CURVE ( 'NONE', #5263, #4567, #2879, .T. ) ;
#6202 = PRODUCT_DEFINITION ( 'UNKNOWN', '', #3149, #5276 ) ;
#6203 = DIRECTION ( 'NONE',  ( 9.484135310589723205E-16, 1.000000000000000000, -0.000000000000000000 ) ) ;
#6204 = CARTESIAN_POINT ( 'NONE',  ( -0.002933266849605165646, 0.01114619513709258491, 0.001609103664443582802 ) ) ;
#6205 = CARTESIAN_POINT ( 'NONE',  ( 0.002279503742485710933, 0.01086772431013078438, 0.0007297828295932235441 ) ) ;
#6206 = AXIS2_PLACEMENT_3D ( 'NONE', #2574, #6, #4304 ) ;
#6207 = CARTESIAN_POINT ( 'NONE',  ( 0.02734625492340144251, 0.008178868862865382172, 0.003099678945948026315 ) ) ;
#6208 = CARTESIAN_POINT ( 'NONE',  ( 0.002895600000000001645, 0.006985000000000000757, 0.000000000000000000 ) ) ;
#6209 = CARTESIAN_POINT ( 'NONE',  ( 0.003061596625185977836, 0.01189572240626590206, -3.179207651715843701E-05 ) ) ;
#6210 = CARTESIAN_POINT ( 'NONE',  ( 0.002305860139307459086, 0.01106575337551482172, -0.0004603484317658082373 ) ) ;
#6211 = CARTESIAN_POINT ( 'NONE',  ( -0.002327572280389482006, 0.01114971731448812821, -0.0002302520650417959141 ) ) ;
#6212 = PRESENTATION_LAYER_ASSIGNMENT (  '', '', ( #1913 ) ) ;
#6213 = AXIS2_PLACEMENT_3D ( 'NONE', #6552, #133, #2797 ) ;
#6214 = CARTESIAN_POINT ( 'NONE',  ( 0.003060923872197749470, 0.01189402561033782446, -9.654526018059876374E-05 ) ) ;
#6215 = VERTEX_POINT ( 'NONE', #171 ) ;
#6216 = CARTESIAN_POINT ( 'NONE',  ( -0.003730304713312608891, 0.009337533861775406535, -0.001250063597993481598 ) ) ;
#6217 = DIRECTION ( 'NONE',  ( 9.484135310589723205E-16, 1.000000000000000000, -0.000000000000000000 ) ) ;
#6218 = CARTESIAN_POINT ( 'NONE',  ( 0.003039162312812466668, 0.009409635159856570216, -0.0006851712005972985815 ) ) ;
#6219 = AXIS2_PLACEMENT_3D ( 'NONE', #5328, #2098, #3812 ) ;
#6220 = CARTESIAN_POINT ( 'NONE',  ( 0.1298733417647554012, 0.005791040338701080106, -0.008845816186789279625 ) ) ;
#6221 = CARTESIAN_POINT ( 'NONE',  ( -0.006357889971775150181, 0.005212086520591604870, 6.309335135544415652E-05 ) ) ;
#6222 = VERTEX_POINT ( 'NONE', #4546 ) ;
#6223 = CARTESIAN_POINT ( 'NONE',  ( -0.003281543020417676277, 0.009159733373640413512, 0.0001783209412001803072 ) ) ;
#6224 = SHAPE_REPRESENTATION_RELATIONSHIP ( 'NONE' , 'NONE' ,  #3472, #1906 ) ;
#6225 = DIRECTION ( 'NONE',  ( -0.000000000000000000, -1.000000000000000000, -0.000000000000000000 ) ) ;
#6226 = ORIENTED_EDGE ( 'NONE', *, *, #95, .T. ) ;
#6227 = CARTESIAN_POINT ( 'NONE',  ( 0.006171269257138145906, 0.005865372362347969111, 0.001023354613892958793 ) ) ;
#6228 = CARTESIAN_POINT ( 'NONE',  ( -0.1299954131956212733, 0.005931030352320626128, 0.008913287592239286031 ) ) ;
#6229 = DIRECTION ( 'NONE',  ( 0.000000000000000000, -0.9999662242671039092, -0.008218900473428250933 ) ) ;
#6230 = CARTESIAN_POINT ( 'NONE',  ( -0.002277704705428190875, 0.01078627604724075040, 0.0008044788249295810973 ) ) ;
#6231 = CARTESIAN_POINT ( 'NONE',  ( 0.002310316774322967483, 0.01108521996955201191, -0.0004201515903004392357 ) ) ;
#6232 = CARTESIAN_POINT ( 'NONE',  ( -0.04965549528832533671, 0.009978662698927253868, -0.004570687528925362203 ) ) ;
#6233 = CARTESIAN_POINT ( 'NONE',  ( -0.1269600081527296476, 0.007062612488921592678, 0.006132935165721765253 ) ) ;
#6234 = CARTESIAN_POINT ( 'NONE',  ( 0.003060830557101980494, 0.009386406592077361014, 0.0006591136304190998605 ) ) ;
#6235 = CARTESIAN_POINT ( 'NONE',  ( -0.003249806245630151250, 0.01010039661679660791, -0.001773232962526957246 ) ) ;
#6236 = CARTESIAN_POINT ( 'NONE',  ( 0.002296573956489997119, 0.01101960177122544501, -0.0005418834381610402760 ) ) ;
#6237 = CARTESIAN_POINT ( 'NONE',  ( -0.004512996490092948884, 0.007827767042315109114, -0.004358970646349226950 ) ) ;
#6238 = CARTESIAN_POINT ( 'NONE',  ( 0.002287471729310269850, 0.01096010086429615414, -0.0006264123803669107305 ) ) ;
#6239 = CARTESIAN_POINT ( 'NONE',  ( 0.04200338183724572350, 0.009378937312061864581, 0.003687307408354642546 ) ) ;
#6240 = DIRECTION ( 'NONE',  ( 0.000000000000000000, 0.000000000000000000, 1.000000000000000000 ) ) ;
#6241 = CARTESIAN_POINT ( 'NONE',  ( 0.003035442321778536283, 0.01182562107281699866, 0.0005721557211209582754 ) ) ;
#6242 = CARTESIAN_POINT ( 'NONE',  ( 0.002308063968298257503, 0.01107558650596302159, -0.0004406503984354436594 ) ) ;
#6243 = CARTESIAN_POINT ( 'NONE',  ( -0.003119977172426221645, 0.009323998561804568153, 0.0005782519216349645301 ) ) ;
#6244 = ADVANCED_FACE ( 'NONE', ( #135, #4439 ), #2333, .T. ) ;
#6245 = CARTESIAN_POINT ( 'NONE',  ( 0.003049522187725177240, 0.01186433547480997795, 0.0003844226074130085492 ) ) ;
#6246 = VERTEX_POINT ( 'NONE', #6662 ) ;
#6247 = CARTESIAN_POINT ( 'NONE',  ( -0.002977861189524426584, 0.01162993188367810425, 0.001072940392172893210 ) ) ;
#6248 = CARTESIAN_POINT ( 'NONE',  ( 0.002955307931380158227, 0.01092657929671224208, -0.001730067574270272458 ) ) ;
#6249 = CARTESIAN_POINT ( 'NONE',  ( -0.02334410917650953793, 0.008091746775262937535, -0.003003423662571538724 ) ) ;
#6250 = CARTESIAN_POINT ( 'NONE',  ( 0.1290172266604873164, 0.006574798295509522855, -0.007629163512025459795 ) ) ;
#6251 = CARTESIAN_POINT ( 'NONE',  ( -0.005006760630008802795, 0.007537957768151074510, -0.003791545655453868163 ) ) ;
#6252 = VERTEX_POINT ( 'NONE', #4470 ) ;
#6253 = CARTESIAN_POINT ( 'NONE',  ( -0.002963389362342185203, 0.009492466884509817571, 0.0007660961150097976569 ) ) ;
#6254 = CARTESIAN_POINT ( 'NONE',  ( 0.0002539999999999998314, 0.004272187755612158119, 0.001415477532827728174 ) ) ;
#6255 = ORIENTED_EDGE ( 'NONE', *, *, #5642, .F. ) ;
#6256 = CARTESIAN_POINT ( 'NONE',  ( 0.04294699984861521241, 0.009435611480552798941, 0.003716061106327863284 ) ) ;
#6257 = CARTESIAN_POINT ( 'NONE',  ( -0.002335870553884297676, 0.01015345462724923792, 0.001015984183931893095 ) ) ;
#6258 = CLOSED_SHELL ( 'NONE', ( #185, #1273, #2409, #1387, #1836, #4416, #3675, #1306, #5120, #4830, #7009, #6583, #409, #1599, #5115, #3224, #6153, #3966, #2588, #787, #6052, #3358, #3531, #3576, #6869, #3463, #2841, #2690, #2434 ) ) ;
#6259 = CARTESIAN_POINT ( 'NONE',  ( 0.004139964805134710088, 0.007854645106463329848, 0.004603617608370741757 ) ) ;
#6260 = CARTESIAN_POINT ( 'NONE',  ( -0.004518898096534976552, 0.007812647138592863569, -0.004355825333297741637 ) ) ;
#6261 = DIRECTION ( 'NONE',  ( -1.000000000000000000, -0.000000000000000000, -1.123292760552739721E-17 ) ) ;
#6262 = CIRCLE ( 'NONE', #3221, 0.002895600000000001645 ) ;
#6263 = CARTESIAN_POINT ( 'NONE',  ( 0.02999549905789165860, 0.008574042110853496990, 0.003078108803077407932 ) ) ;
#6264 = CARTESIAN_POINT ( 'NONE',  ( -0.005988000413838868823, 0.006380768032339924345, -0.001811297025449592427 ) ) ;
#6265 = CARTESIAN_POINT ( 'NONE',  ( 0.000000000000000000, 0.005587999999999999218, 0.000000000000000000 ) ) ;
#6266 = CARTESIAN_POINT ( 'NONE',  ( 0.002291762254253201531, 0.01099080452922531793, 0.0005850816206410799697 ) ) ;
#6267 = CARTESIAN_POINT ( 'NONE',  ( -0.1146525251771080556, 0.009147951776533068402, 0.0007316229057254750034 ) ) ;
#6268 = AXIS2_PLACEMENT_3D ( 'NONE', #2269, #2871, #2372 ) ;
#6269 = CARTESIAN_POINT ( 'NONE',  ( -0.1280502379732717244, 0.006738925866139226090, 0.006834337143307812022 ) ) ;
#6270 = CARTESIAN_POINT ( 'NONE',  ( 0.002971714995066264929, 0.009483240081154075199, 0.0007578852358169786002 ) ) ;
#6271 = CARTESIAN_POINT ( 'NONE',  ( -0.003309918748771290865, 0.009988811468067524194, -0.001735747880386962275 ) ) ;
#6272 = CARTESIAN_POINT ( 'NONE',  ( 0.002318524516110699943, 0.01111760665926016418, 0.0003399188124433678783 ) ) ;
#6273 = EDGE_CURVE ( 'NONE', #2170, #1826, #4579, .T. ) ;
#6274 = CARTESIAN_POINT ( 'NONE',  ( 0.03001296985280320698, 0.008389190466556912390, 0.003150570552540996137 ) ) ;
#6275 = DIRECTION ( 'NONE',  ( -1.000000000000000000, 9.509597446299629225E-16, 0.000000000000000000 ) ) ;
#6276 = CARTESIAN_POINT ( 'NONE',  ( 0.003051387769771470547, 0.01186928048285730564, 0.0003527245454461973837 ) ) ;
#6277 = CARTESIAN_POINT ( 'NONE',  ( 0.002321466998199750182, 0.01112838406516491151, -0.0003075778462359447752 ) ) ;
#6278 = CARTESIAN_POINT ( 'NONE',  ( -0.003241643978088121561, 0.009199576010174839377, -0.0003318574085030673282 ) ) ;
#6279 = CARTESIAN_POINT ( 'NONE',  ( 0.003035442321778536283, 0.01182562107281699866, 0.0005721557211209582754 ) ) ;
#6280 = EDGE_LOOP ( 'NONE', ( #3183, #1326, #4733, #4638 ) ) ;
#6281 = CARTESIAN_POINT ( 'NONE',  ( -0.003022696604370085725, 0.01178822923628067634, -0.0007037934438734000332 ) ) ;
#6282 = CARTESIAN_POINT ( 'NONE',  ( 0.003629553524954863206, 0.009477969200386996210, -0.001412190304603778198 ) ) ;
#6283 = CARTESIAN_POINT ( 'NONE',  ( 0.000000000000000000, 0.006985000000000001624, 0.000000000000000000 ) ) ;
#6284 = CARTESIAN_POINT ( 'NONE',  ( 0.1299954131956213288, 0.005931030352320626996, -0.008913287592238505405 ) ) ;
#6285 = CARTESIAN_POINT ( 'NONE',  ( -0.005066454628631716743, 0.007558736237522056638, -0.003831882436806858042 ) ) ;
#6286 = EDGE_LOOP ( 'NONE', ( #6290, #2578, #5334, #1666 ) ) ;
#6287 = CARTESIAN_POINT ( 'NONE',  ( -0.002709589483756790797, 0.009796184287052313658, 0.0009487556237776332982 ) ) ;
#6288 = EDGE_CURVE ( 'NONE', #1640, #5263, #5624, .T. ) ;
#6289 = ORIENTED_EDGE ( 'NONE', *, *, #6576, .F. ) ;
#6290 = ORIENTED_EDGE ( 'NONE', *, *, #3479, .T. ) ;
#6291 = CARTESIAN_POINT ( 'NONE',  ( 0.0002539999999999996688, 0.005080000000000001181, 0.002884438135928730530 ) ) ;
#6292 = ADVANCED_BREP_SHAPE_REPRESENTATION ( '', ( #2440, #989 ), #2126 ) ;
#6293 = CARTESIAN_POINT ( 'NONE',  ( -0.004515100855777766549, 0.007838729152295860828, -0.004357867323499171539 ) ) ;
#6294 = CARTESIAN_POINT ( 'NONE',  ( 0.01747116790468656450, -0.0002564826568249305334, -0.005619263127459314146 ) ) ;
#6295 = EDGE_CURVE ( 'NONE', #3776, #2433, #4194, .T. ) ;
#6296 = AXIS2_PLACEMENT_3D ( 'NONE', #6465, #545, #4348 ) ;
#6297 = CARTESIAN_POINT ( 'NONE',  ( 0.1298658826965221058, 0.006070563175639824907, -0.008645698670406725198 ) ) ;
#6298 = CYLINDRICAL_SURFACE ( 'NONE', #4406, 0.006032499999999997933 ) ;
#6299 = AXIS2_PLACEMENT_3D ( 'NONE', #5397, #495, #932 ) ;
#6300 = ORIENTED_EDGE ( 'NONE', *, *, #4589, .F. ) ;
#6301 = CARTESIAN_POINT ( 'NONE',  ( -0.1186838344170741133, 0.008794122077993243511, 0.001609821696845940972 ) ) ;
#6302 = CARTESIAN_POINT ( 'NONE',  ( -0.03134539965912682552, 0.008502439054037795596, -0.003191278423858536026 ) ) ;
#6303 = CARTESIAN_POINT ( 'NONE',  ( -0.005254657356637374398, 0.002845878027203616566, 0.003393345003011476353 ) ) ;
#6304 = CARTESIAN_POINT ( 'NONE',  ( -0.003064693821842326242, 0.01051717330069334988, -0.001822430946636155631 ) ) ;
#6305 = CARTESIAN_POINT ( 'NONE',  ( 0.002402686964321732073, 0.01029183075196065528, -0.001007546389526458837 ) ) ;
#6306 = FACE_OUTER_BOUND ( 'NONE', #2712, .T. ) ;
#6307 = CARTESIAN_POINT ( 'NONE',  ( 0.002315802178316091978, 0.01053582422465828769, -0.0009440875230122192834 ) ) ;
#6308 = CARTESIAN_POINT ( 'NONE',  ( 0.005979195137542226389, 0.004034370659306607369, -0.002066617072385479315 ) ) ;
#6309 = CARTESIAN_POINT ( 'NONE',  ( -0.003055926306533548586, 0.009391645083465615176, -0.0006651310704027406156 ) ) ;
#6310 = CARTESIAN_POINT ( 'NONE',  ( 0.002936491667490558760, 0.01136737453793745974, -0.001425996149608676046 ) ) ;
#6311 = CARTESIAN_POINT ( 'NONE',  ( 0.004449438757215794411, 0.007823112418021136924, 0.004389196015911722183 ) ) ;
#6312 = CARTESIAN_POINT ( 'NONE',  ( -0.003295184709018054384, 0.009146208502703749577, 7.531944377903815010E-05 ) ) ;
#6313 = CARTESIAN_POINT ( 'NONE',  ( 0.003007536393742716273, 0.01174012328528786092, -0.0008388157908502277783 ) ) ;
#6314 = ORIENTED_EDGE ( 'NONE', *, *, #3913, .T. ) ;
#6315 = CARTESIAN_POINT ( 'NONE',  ( -0.002933472827854268546, 0.01131523242439700337, 0.001475464265581863691 ) ) ;
#6316 = CARTESIAN_POINT ( 'NONE',  ( 6.757784734714966680E-19, 0.002044699999999995219, 0.005003800000000000088 ) ) ;
#6317 = CONICAL_SURFACE ( 'NONE', #5535, 0.006032499999999999668, 0.7853981633974503884 ) ;
#6318 = DIRECTION ( 'NONE',  ( -1.123292760552739875E-17, 0.000000000000000000, 1.000000000000000000 ) ) ;
#6319 = CARTESIAN_POINT ( 'NONE',  ( -0.007366059013318349349, 0.007933722903739864885, -0.004024813178409394378 ) ) ;
#6320 = CARTESIAN_POINT ( 'NONE',  ( 0.1298806390066545302, 0.005780902538757726888, -0.008870356032872801083 ) ) ;
#6321 = CARTESIAN_POINT ( 'NONE',  ( -0.005791528779266754204, 0.006921841858289549433, -0.002568173872652984146 ) ) ;
#6322 = ORIENTED_EDGE ( 'NONE', *, *, #4525, .T. ) ;
#6323 = CARTESIAN_POINT ( 'NONE',  ( -0.002832249336180586632, 0.009643186068656503865, 0.0008752764168892376764 ) ) ;
#6324 = VECTOR ( 'NONE', #5672, 1.000000000000000000 ) ;
#6325 = ORIENTED_EDGE ( 'NONE', *, *, #1914, .T. ) ;
#6326 = VECTOR ( 'NONE', #4372, 1.000000000000000000 ) ;
#6327 = EDGE_CURVE ( 'NONE', #2563, #5909, #3790, .T. ) ;
#6328 = ORIENTED_EDGE ( 'NONE', *, *, #6201, .T. ) ;
#6329 = CARTESIAN_POINT ( 'NONE',  ( -0.004036832004298614163, 0.001118981680153370703, 0.005288743522345971428 ) ) ;
#6330 = EDGE_CURVE ( 'NONE', #3219, #5664, #2990, .T. ) ;
#6331 = CARTESIAN_POINT ( 'NONE',  ( -0.001451138256679907184, 0.000000000000000000, 0.0002539999999999999398 ) ) ;
#6332 = FACE_OUTER_BOUND ( 'NONE', #6113, .T. ) ;
#6333 = CARTESIAN_POINT ( 'NONE',  ( -0.09858045858046539378, 0.01002040086850528207, -0.001736145732732418063 ) ) ;
#6334 = CARTESIAN_POINT ( 'NONE',  ( -0.004643745105021958482, 0.007741020651064428430, -0.004287909438225783257 ) ) ;
#6335 = EDGE_CURVE ( 'NONE', #5890, #6926, #3226, .T. ) ;
#6336 = CARTESIAN_POINT ( 'NONE',  ( -0.005538133692860671385, 0.007805973285639316792, -0.002911791649313137057 ) ) ;
#6337 = CARTESIAN_POINT ( 'NONE',  ( 0.002691526639983348075, 0.009819976801599286306, -0.0009575392505497848936 ) ) ;
#6338 = CARTESIAN_POINT ( 'NONE',  ( 0.006101906734001914627, 0.006833382870104565479, 0.001379367767546927975 ) ) ;
#6339 = CARTESIAN_POINT ( 'NONE',  ( -0.002842781771011361480, 0.009630820821429051520, -0.0008673175693702207204 ) ) ;
#6340 = CARTESIAN_POINT ( 'NONE',  ( 0.003432378053966715463, 0.009780602692841372167, -0.001635162874588154186 ) ) ;
#6341 = CARTESIAN_POINT ( 'NONE',  ( -0.0002540000000000001566, 0.0004689809571372346758, -0.001447224898745791757 ) ) ;
#6342 = CARTESIAN_POINT ( 'NONE',  ( -0.003292838490853609683, 0.009148530906341264396, -9.742488443262672547E-05 ) ) ;
#6343 = CIRCLE ( 'NONE', #4207, 0.0001000000000000001132 ) ;
#6344 =( BOUNDED_SURFACE ( )  B_SPLINE_SURFACE ( 3, 2, ( 
 ( #4156, #4686, #1548 ),
 ( #6874, #3091, #3724 ),
 ( #452, #4291, #2047 ),
 ( #2018, #952, #5347 ),
 ( #2626, #4781, #4189 ),
 ( #2119, #5884, #6372 ),
 ( #1022, #6941, #3197 ),
 ( #3690, #2082, #5849 ),
 ( #6907, #6338, #1511 ),
 ( #353, #1584, #1480 ),
 ( #3661, #5749, #5812 ),
 ( #1985, #484, #3122 ),
 ( #2661, #4816, #5278 ),
 ( #6975, #3059, #984 ),
 ( #5216, #3160, #4254 ),
 ( #6842, #416, #6308 ),
 ( #1450, #2592, #3632 ),
 ( #5782, #1618, #4849 ),
 ( #1094, #3797, #4922 ),
 ( #5987, #1166, #2299 ),
 ( #2694, #63, #628 ),
 ( #5422, #521, #3341 ),
 ( #7010, #1724, #1694 ),
 ( #6625, #6553, #102 ),
 ( #3867, #5916, #3233 ),
 ( #3376, #2194, #2229 ),
 ( #5386, #5948, #2156 ),
 ( #558, #5494, #4325 ),
 ( #3270, #4399, #6055 ),
 ( #2798, #4469, #4956 ),
 ( #6018, #2268, #4438 ),
 ( #6477, #6587, #594 ) ),
 .UNSPECIFIED., .F., .F., .T. ) 
 B_SPLINE_SURFACE_WITH_KNOTS ( ( 4, 2, 2, 2, 2, 2, 2, 2, 2, 2, 2, 2, 2, 2, 2, 4 ),
 ( 3, 3 ),
 ( 0.02409240873125259585, 0.02505789734155313905, 0.02602338595185368225, 0.02698887456215422892, 0.02795436317245477212, 0.02891985178275531532, 0.02988534039305586198, 0.03181631761365694838, 0.03278180622395748811, 0.03374729483425803478, 0.03471278344455858145, 0.03567827205485912812, 0.03664376066515967478, 0.03760924927546021451, 0.03857473788576075424, 0.03954022649606130091 ),
 ( 0.000000000000000000, 1.000000000000000000 ),
 .UNSPECIFIED. ) 
 GEOMETRIC_REPRESENTATION_ITEM ( )  RATIONAL_B_SPLINE_SURFACE ( (
 ( 1.000000000000000000, 0.7322297594518936137, 1.000000000000000000),
 ( 1.000000000000000000, 0.6992704778749073702, 1.000000000000000000),
 ( 1.000000000000000000, 0.6777685506686383921, 1.000000000000000000),
 ( 1.000000000000000000, 0.6524535928506149940, 1.000000000000000000),
 ( 1.000000000000000000, 0.6486009596172136460, 1.000000000000000000),
 ( 1.000000000000000000, 0.6490714023479468020, 1.000000000000000000),
 ( 1.000000000000000000, 0.6535021707347252740, 1.000000000000000000),
 ( 1.000000000000000000, 0.6656908681879343259, 1.000000000000000000),
 ( 1.000000000000000000, 0.6734996979694005681, 1.000000000000000000),
 ( 1.000000000000000000, 0.6904893125632300954, 1.000000000000000000),
 ( 1.000000000000000000, 0.6997438130123200262, 1.000000000000000000),
 ( 1.000000000000000000, 0.7186566050794631622, 1.000000000000000000),
 ( 1.000000000000000000, 0.7282475365341791740, 1.000000000000000000),
 ( 1.000000000000000000, 0.7568348016207535611, 1.000000000000000000),
 ( 1.000000000000000000, 0.7756265951614916832, 1.000000000000000000),
 ( 1.000000000000000000, 0.8025859844872312854, 1.000000000000000000),
 ( 1.000000000000000000, 0.8113992107384273567, 1.000000000000000000),
 ( 1.000000000000000000, 0.8282574486678748737, 1.000000000000000000),
 ( 1.000000000000000000, 0.8363427240497692816, 1.000000000000000000),
 ( 1.000000000000000000, 0.8517864668411877505, 1.000000000000000000),
 ( 1.000000000000000000, 0.8591457388078449497, 1.000000000000000000),
 ( 1.000000000000000000, 0.8730734463044280691, 1.000000000000000000),
 ( 1.000000000000000000, 0.8796745163050363470, 1.000000000000000000),
 ( 1.000000000000000000, 0.8916635909332457643, 1.000000000000000000),
 ( 1.000000000000000000, 0.8967823891518761359, 1.000000000000000000),
 ( 1.000000000000000000, 0.9055830556393328346, 1.000000000000000000),
 ( 1.000000000000000000, 0.9093657533914021318, 1.000000000000000000),
 ( 1.000000000000000000, 0.9152286399339368828, 1.000000000000000000),
 ( 1.000000000000000000, 0.9173520241917965112, 1.000000000000000000),
 ( 1.000000000000000000, 0.9198787003281123642, 1.000000000000000000),
 ( 1.000000000000000000, 0.9202488047264516524, 1.000000000000000000),
 ( 1.000000000000000000, 0.9197575182843896746, 1.000000000000000000) ) ) 
 REPRESENTATION_ITEM ( '' )  SURFACE ( )  );
#6345 = CARTESIAN_POINT ( 'NONE',  ( 0.003682796689915626698, 0.009404249759056119984, -0.001325632381828879694 ) ) ;
#6346 = ORIENTED_EDGE ( 'NONE', *, *, #3977, .T. ) ;
#6347 = CARTESIAN_POINT ( 'NONE',  ( -0.003986613849087775746, 0.008997762482430620920, -0.0005814881710396251849 ) ) ;
#6348 = ADVANCED_FACE ( 'NONE', ( #1566 ), #2103, .T. ) ;
#6349 = CARTESIAN_POINT ( 'NONE',  ( -0.003484110967893811871, 0.009694432791503610272, -0.001590191566833693828 ) ) ;
#6350 = CARTESIAN_POINT ( 'NONE',  ( 0.004046758603396333892, 0.008921470372101305418, -0.0001512152916902166665 ) ) ;
#6351 = DIRECTION ( 'NONE',  ( 9.484135310589723205E-16, 1.000000000000000000, -0.000000000000000000 ) ) ;
#6352 = CARTESIAN_POINT ( 'NONE',  ( -0.003612428097124800383, 0.001332217421028622463, 0.005158276795785794733 ) ) ;
#6353 = VERTEX_POINT ( 'NONE', #4274 ) ;
#6354 = CARTESIAN_POINT ( 'NONE',  ( 0.004514570775051540176, 0.007833236097659413907, 0.004358141489069544683 ) ) ;
#6355 = B_SPLINE_CURVE_WITH_KNOTS ( 'NONE', 1,
 ( #2503, #5264 ),
 .UNSPECIFIED., .F., .F.,
 ( 2, 2 ),
 ( 0.000000000000000000, 1.000000000000000000 ),
 .UNSPECIFIED. ) ;
#6356 = CARTESIAN_POINT ( 'NONE',  ( 0.003978121516677733845, 0.009008626978149327641, 0.0006178776612347094228 ) ) ;
#6357 = VERTEX_POINT ( 'NONE', #1041 ) ;
#6358 = DIRECTION ( 'NONE',  ( 0.000000000000000000, 0.000000000000000000, 1.000000000000000000 ) ) ;
#6359 = CARTESIAN_POINT ( 'NONE',  ( 0.001785667394348145831, 0.01046305122213599982, 0.0009697504610784572245 ) ) ;
#6360 = ORIENTED_EDGE ( 'NONE', *, *, #5092, .F. ) ;
#6361 = DIRECTION ( 'NONE',  ( 9.484135310589723205E-16, 1.000000000000000000, -0.000000000000000000 ) ) ;
#6362 = CARTESIAN_POINT ( 'NONE',  ( -0.004040488319631328415, 0.001530203345231008873, 0.004876790274515621811 ) ) ;
#6363 = CARTESIAN_POINT ( 'NONE',  ( 0.03969885801307424661, -0.0008853041735336457385, -0.01457878531354412852 ) ) ;
#6364 = DIRECTION ( 'NONE',  ( 0.000000000000000000, 0.000000000000000000, 1.000000000000000000 ) ) ;
#6365 = CARTESIAN_POINT ( 'NONE',  ( -0.004050872798929809095, 0.008916291661684564579, 6.034618988865796572E-12 ) ) ;
#6366 = EDGE_CURVE ( 'NONE', #6525, #928, #1735, .T. ) ;
#6367 = CARTESIAN_POINT ( 'NONE',  ( -0.1119656913264819448, 0.009343943171369061690, 0.0002237126229560843296 ) ) ;
#6368 = CARTESIAN_POINT ( 'NONE',  ( 0.004631615120819066074, 0.008031864869414852282, 0.004196503469866334941 ) ) ;
#6369 = EDGE_CURVE ( 'NONE', #1522, #4760, #5710, .T. ) ;
#6370 = CARTESIAN_POINT ( 'NONE',  ( 0.002295627109051914805, 0.01062971436653429615, -0.0009010695450804499622 ) ) ;
#6371 = CARTESIAN_POINT ( 'NONE',  ( -0.005820213171601473778, 0.003934187922710419803, 0.002290555658695618991 ) ) ;
#6372 = CARTESIAN_POINT ( 'NONE',  ( 0.005878689323403091076, 0.007472981479511894669, 0.002460234497598521360 ) ) ;
#6373 = CARTESIAN_POINT ( 'NONE',  ( -0.002685842997045296068, 0.009827493487683768014, -0.0009602621891118010098 ) ) ;
#6374 = CARTESIAN_POINT ( 'NONE',  ( 0.002934866552689850434, 0.01111685165875217311, -0.001628221774028236046 ) ) ;
#6375 = AXIS2_PLACEMENT_3D ( 'NONE', #60, #2076, #4812 ) ;
#6376 = FACE_OUTER_BOUND ( 'NONE', #1150, .T. ) ;
#6377 = CARTESIAN_POINT ( 'NONE',  ( -0.003292009740108806093, 0.009149348996525273614, 0.0001097139801873422602 ) ) ;
#6378 = CARTESIAN_POINT ( 'NONE',  ( 0.003148739835554050653, 0.009294179350893926397, -0.0005318587023707323919 ) ) ;
#6379 = ORIENTED_EDGE ( 'NONE', *, *, #5669, .T. ) ;
#6380 = CARTESIAN_POINT ( 'NONE',  ( -0.003714946293824595517, 0.009359057444650386443, 0.001274210092820289445 ) ) ;
#6381 = CARTESIAN_POINT ( 'NONE',  ( -0.03929034311183281225, 0.009370260538300683589, -0.003512099717480308969 ) ) ;
#6382 =( LENGTH_UNIT ( ) NAMED_UNIT ( * ) SI_UNIT ( $, .METRE. ) );
#6383 = DIRECTION ( 'NONE',  ( 0.000000000000000000, 0.000000000000000000, -1.000000000000000000 ) ) ;
#6384 = ORIENTED_EDGE ( 'NONE', *, *, #2510, .F. ) ;
#6385 = CARTESIAN_POINT ( 'NONE',  ( -0.006445504718978260078, 0.007745090864006277595, -0.004149858404700834669 ) ) ;
#6386 = DIRECTION ( 'NONE',  ( 0.000000000000000000, 0.000000000000000000, 1.000000000000000000 ) ) ;
#6387 = EDGE_CURVE ( 'NONE', #1865, #2323, #3087, .T. ) ;
#6388 = CARTESIAN_POINT ( 'NONE',  ( 0.004040113310162848220, 0.008929845475427499943, -0.0002413133302804866607 ) ) ;
#6389 = VERTEX_POINT ( 'NONE', #5831 ) ;
#6390 = CARTESIAN_POINT ( 'NONE',  ( 0.002884438135928730530, 0.005080000000000001181, 0.0002539999999999999398 ) ) ;
#6391 = CARTESIAN_POINT ( 'NONE',  ( -0.002935520076731703513, 0.01103707356631764350, 0.001686858701521036204 ) ) ;
#6392 = CARTESIAN_POINT ( 'NONE',  ( 0.0002539999999999998314, 0.0002344904790593441547, 0.001449181636525680595 ) ) ;
#6393 = VERTEX_POINT ( 'NONE', #1496 ) ;
#6394 = CARTESIAN_POINT ( 'NONE',  ( 0.08772060685185986695, 0.01031004758733810103, 0.002850356545373358089 ) ) ;
#6395 = CARTESIAN_POINT ( 'NONE',  ( 0.000000000000000000, 0.009900000000000000813, 0.006150000000000000085 ) ) ;
#6396 = CARTESIAN_POINT ( 'NONE',  ( -0.003910147532885634158, 0.009096439165035559438, -0.0008518174184517712192 ) ) ;
#6397 = CARTESIAN_POINT ( 'NONE',  ( -0.05327344350638441028, 0.005292510282000338281, 0.01135476068321980558 ) ) ;
#6398 = CARTESIAN_POINT ( 'NONE',  ( 0.01747578506825349376, 0.0001435717927740546532, -0.005273211948973485601 ) ) ;
#6399 = CARTESIAN_POINT ( 'NONE',  ( 0.1249156652488368352, 0.007718363101035686548, -0.005140995293272712305 ) ) ;
#6400 = CARTESIAN_POINT ( 'NONE',  ( -0.002335870553884297676, 0.01015345462724923792, -0.001015984183931893095 ) ) ;
#6401 = CARTESIAN_POINT ( 'NONE',  ( 0.003003670439367996797, 0.01173126836995033381, 0.0008907770938891771805 ) ) ;
#6402 = CARTESIAN_POINT ( 'NONE',  ( -0.1221260098538425598, 0.008193175353582051249, 0.004034788111951495906 ) ) ;
#6403 = CIRCLE ( 'NONE', #1206, 0.006150000000000000085 ) ;
#6404 = CARTESIAN_POINT ( 'NONE',  ( 0.003241398377801033882, 0.003386741698954053893, -0.0002540000000000002109 ) ) ;
#6405 = CARTESIAN_POINT ( 'NONE',  ( 0.002288628895217028128, 0.01067529750272464516, -0.0008757988370351192826 ) ) ;
#6406 = PLANE ( 'NONE',  #4064 ) ;
#6407 = DIRECTION ( 'NONE',  ( 0.000000000000000000, -1.000000000000000000, 0.000000000000000000 ) ) ;
#6408 = EDGE_CURVE ( 'NONE', #2928, #6529, #5364, .T. ) ;
#6409 = CARTESIAN_POINT ( 'NONE',  ( 0.003106703092177108983, 0.01040759914745558422, -0.001823309082234992424 ) ) ;
#6410 = CARTESIAN_POINT ( 'NONE',  ( 0.002283518490820815854, 0.01092371638255250181, 0.0006701890667111427575 ) ) ;
#6411 = CARTESIAN_POINT ( 'NONE',  ( 0.1300000000000001155, 0.005770239531609913132, -0.008930525295360798241 ) ) ;
#6412 = CARTESIAN_POINT ( 'NONE',  ( 0.003584439525778824586, 0.009545936938645947084, -0.001466238856866944502 ) ) ;
#6413 = ORIENTED_EDGE ( 'NONE', *, *, #998, .T. ) ;
#6414 = CARTESIAN_POINT ( 'NONE',  ( -0.003041797148665537076, 0.01058352791155158304, 0.001817081551245737546 ) ) ;
#6415 = CARTESIAN_POINT ( 'NONE',  ( -0.1030820960487133925, 0.009840270031552082047, -0.0002761885417645763082 ) ) ;
#6416 = CARTESIAN_POINT ( 'NONE',  ( 0.1302199633541157586, 0.005524644233836948498, -0.009128250947585465902 ) ) ;
#6417 = CARTESIAN_POINT ( 'NONE',  ( 0.002341819305917475138, 0.01015018309780762670, -0.001015952571943354310 ) ) ;
#6418 = EDGE_LOOP ( 'NONE', ( #1595, #2378 ) ) ;
#6419 = CARTESIAN_POINT ( 'NONE',  ( -0.003175241927825858332, 0.009266889172238544983, -0.0004854962464003893786 ) ) ;
#6420 = CARTESIAN_POINT ( 'NONE',  ( -0.002299302575759804013, 0.01103425285906249088, -0.0005179208386677363338 ) ) ;
#6421 = CARTESIAN_POINT ( 'NONE',  ( 0.003288080152557949429, 0.009153245829851349921, -0.0001378413581891806106 ) ) ;
#6422 = CARTESIAN_POINT ( 'NONE',  ( 0.004044884154847374833, 0.008923831018013467578, -0.0001812643263185437106 ) ) ;
#6423 = EDGE_LOOP ( 'NONE', ( #5372, #4414, #6036, #6704 ) ) ;
#6424 = CARTESIAN_POINT ( 'NONE',  ( 0.002341819305917652513, 0.01015018309780834661, 0.001015952571939930400 ) ) ;
#6425 = CARTESIAN_POINT ( 'NONE',  ( -0.004573808175507371176, 0.007649285579370074944, -0.004259434090775667675 ) ) ;
#6426 = AXIS2_PLACEMENT_3D ( 'NONE', #1524, #6493, #4762 ) ;
#6427 = DIRECTION ( 'NONE',  ( -1.000000000000000000, 0.000000000000000000, -6.982962677686266711E-15 ) ) ;
#6428 = CARTESIAN_POINT ( 'NONE',  ( 0.004705164914189722582, 0.007932383614030431851, 0.004253490230609704471 ) ) ;
#6429 = ORIENTED_EDGE ( 'NONE', *, *, #5550, .F. ) ;
#6430 = CARTESIAN_POINT ( 'NONE',  ( 0.09835374023540524591, 0.009852686421644959655, 0.0009633194851195454704 ) ) ;
#6431 = AXIS2_PLACEMENT_3D ( 'NONE', #2730, #5530, #2228 ) ;
#6432 = CARTESIAN_POINT ( 'NONE',  ( -0.002022799905562023409, 0.01115792287581657792, 0.0002192297312212104646 ) ) ;
#6433 = EDGE_LOOP ( 'NONE', ( #465, #5007, #4375, #368 ) ) ;
#6434 = CARTESIAN_POINT ( 'NONE',  ( -0.002650432957785823183, 0.009875628743357031322, -0.0009755169890936382128 ) ) ;
#6435 = CARTESIAN_POINT ( 'NONE',  ( -0.02282582766954642517, 0.008377499798608800674, -0.003943434724946907194 ) ) ;
#6436 = CARTESIAN_POINT ( 'NONE',  ( 0.05300341564773764641, -0.001171446303208050930, -0.02150446686256528295 ) ) ;
#6437 = AXIS2_PLACEMENT_3D ( 'NONE', #604, #1737, #3386 ) ;
#6438 = DIRECTION ( 'NONE',  ( 0.000000000000000000, 0.000000000000000000, 1.000000000000000000 ) ) ;
#6439 = CARTESIAN_POINT ( 'NONE',  ( 0.000000000000000000, 0.005588000000000000085, 0.000000000000000000 ) ) ;
#6440 = CARTESIAN_POINT ( 'NONE',  ( -0.1283572832118396456, 0.006633874120884022084, 0.007058432388276390974 ) ) ;
#6441 = CARTESIAN_POINT ( 'NONE',  ( 0.002361661718077612271, 0.01039080849187338541, -0.0009895783342603581799 ) ) ;
#6442 = CARTESIAN_POINT ( 'NONE',  ( -0.005624838970525485558, 0.003526541534156862195, 0.002735454833135364527 ) ) ;
#6443 = CARTESIAN_POINT ( 'NONE',  ( -0.05048707696088445412, -0.0005425209098756299210, 0.01946833671770490867 ) ) ;
#6444 = CARTESIAN_POINT ( 'NONE',  ( 0.003136764520438584808, 0.01033679650565574350, -0.001818066334504343188 ) ) ;
#6445 = CARTESIAN_POINT ( 'NONE',  ( 0.004528824379571823495, 0.007734001704217307628, 0.004307480449913589707 ) ) ;
#6446 = CARTESIAN_POINT ( 'NONE',  ( -0.001962719652611935768, 0.01036036183956806980, -0.001001841338202653876 ) ) ;
#6447 = CARTESIAN_POINT ( 'NONE',  ( 0.003255764695245018207, 0.009185411555706401998, -0.0002890811103501134387 ) ) ;
#6448 = CARTESIAN_POINT ( 'NONE',  ( -0.003075424107654293245, 0.01048787753045566165, 0.001823624347193772898 ) ) ;
#6449 = CARTESIAN_POINT ( 'NONE',  ( -0.05792551874866848360, 0.01031194606181322880, -0.003851947696812056936 ) ) ;
#6450 = CARTESIAN_POINT ( 'NONE',  ( 0.1302777883062354036, 0.005326091218770042691, -0.009751539626270863334 ) ) ;
#6451 = VERTEX_POINT ( 'NONE', #3253 ) ;
#6452 = CARTESIAN_POINT ( 'NONE',  ( 0.004534035258214786854, 0.007873401054975977253, 0.004347847215045639452 ) ) ;
#6453 = EDGE_CURVE ( 'NONE', #2667, #1826, #4467, .T. ) ;
#6454 = APPLICATION_PROTOCOL_DEFINITION ( 'draft international standard', 'automotive_design', 1998, #3583 ) ;
#6455 = AXIS2_PLACEMENT_3D ( 'NONE', #4472, #775, #1764 ) ;
#6456 = CARTESIAN_POINT ( 'NONE',  ( -0.004596149272576542828, 0.008028005718706480998, -0.004235646570824616770 ) ) ;
#6457 = EDGE_CURVE ( 'NONE', #5800, #542, #1308, .T. ) ;
#6458 = ORIENTED_EDGE ( 'NONE', *, *, #3786, .F. ) ;
#6459 = B_SPLINE_CURVE_WITH_KNOTS ( 'NONE', 3,
 ( #3185, #3111, #6826, #5872 ),
 .UNSPECIFIED., .F., .F.,
 ( 4, 4 ),
 ( 0.007917244418264276010, 0.01310866743548944925 ),
 .UNSPECIFIED. ) ;
#6460 = CARTESIAN_POINT ( 'NONE',  ( -0.004849712202230361743, 0.002040227300300785467, 0.003951474600853601207 ) ) ;
#6461 = CARTESIAN_POINT ( 'NONE',  ( -0.002984768004972240124, 0.01165744438736282355, 0.001019921441481188001 ) ) ;
#6462 = CARTESIAN_POINT ( 'NONE',  ( 0.005966404597411172420, 0.007348074848417672500, 0.002228337014489761327 ) ) ;
#6463 = EDGE_LOOP ( 'NONE', ( #83, #1175, #2500, #4100, #2458, #5052 ) ) ;
#6464 = CARTESIAN_POINT ( 'NONE',  ( 0.09566279257863899432, 0.009950181909153135371, 0.001298862058443148344 ) ) ;
#6465 = CARTESIAN_POINT ( 'NONE',  ( 0.000000000000000000, 0.000000000000000000, 0.000000000000000000 ) ) ;
#6466 = VERTEX_POINT ( 'NONE', #5332 ) ;
#6467 = CARTESIAN_POINT ( 'NONE',  ( -0.002287513562929171292, 0.01068395146838577864, -0.0008706478565152415451 ) ) ;
#6468 = CARTESIAN_POINT ( 'NONE',  ( -0.02978125322163856920, 0.003593040637191406879, 0.004575598783114499628 ) ) ;
#6469 = CARTESIAN_POINT ( 'NONE',  ( 0.06412884795887029143, 0.005784826162598508299, -0.01345366178295508315 ) ) ;
#6470 = CARTESIAN_POINT ( 'NONE',  ( -0.006195395076836686561, 0.006475132652147894477, -0.0008658843208119993947 ) ) ;
#6471 = CARTESIAN_POINT ( 'NONE',  ( 0.02132910202668979183, 0.007809861740303298237, 0.003119068212783136611 ) ) ;
#6472 = CARTESIAN_POINT ( 'NONE',  ( -0.003040256633881291935, 0.01058934179303940883, -0.001815736618103461946 ) ) ;
#6473 = CARTESIAN_POINT ( 'NONE',  ( -0.004050588271479159397, 0.008916649675692021881, -4.933943487111433479E-05 ) ) ;
#6474 = DIRECTION ( 'NONE',  ( -0.000000000000000000, -1.000000000000000000, -0.000000000000000000 ) ) ;
#6475 = CARTESIAN_POINT ( 'NONE',  ( -0.1261328014190469249, 0.007456979566437055978, 0.005730860520609695058 ) ) ;
#6476 = CARTESIAN_POINT ( 'NONE',  ( 0.003954250593981114593, 0.000000000000000000, -0.0002540000000000002651 ) ) ;
#6477 = CARTESIAN_POINT ( 'NONE',  ( 0.001259950427023999843, 0.0008491904402841762975, -0.006121684810690765019 ) ) ;
#6478 = CARTESIAN_POINT ( 'NONE',  ( -0.002944242790952215742, 0.01146481718444479318, -0.001332457790758303021 ) ) ;
#6479 = CARTESIAN_POINT ( 'NONE',  ( 0.003011909164732892372, 0.009439107260811867295, -0.0007161901128298077922 ) ) ;
#6480 = CARTESIAN_POINT ( 'NONE',  ( 0.003222466931897592732, 0.009218864669565588962, -0.0003842280635719064956 ) ) ;
#6481 = CARTESIAN_POINT ( 'NONE',  ( 0.004564087473110964126, 0.007898715524060885562, 0.004331874804346713681 ) ) ;
#6482 = MECHANICAL_DESIGN_GEOMETRIC_PRESENTATION_REPRESENTATION (  '', ( #4115 ), #5788 ) ;
#6483 = CARTESIAN_POINT ( 'NONE',  ( 0.1300000000000000877, 0.005927442345092199388, -0.008868187992636666905 ) ) ;
#6484 = CARTESIAN_POINT ( 'NONE',  ( -1.071991814155956250E-17, 0.001397000000000005876, 0.000000000000000000 ) ) ;
#6485 = CARTESIAN_POINT ( 'NONE',  ( 0.003508804095010532777, 0.009659842293826409465, -0.001556953248939392997 ) ) ;
#6486 = CIRCLE ( 'NONE', #3450, 0.005918200000000010605 ) ;
#6487 = CARTESIAN_POINT ( 'NONE',  ( -0.004041003362132971656, 0.008928722959713928167, -0.0002313569717782052403 ) ) ;
#6488 = CARTESIAN_POINT ( 'NONE',  ( -0.002321804342209725629, 0.01050307870738682002, -0.0009602748380723198770 ) ) ;
#6489 = CARTESIAN_POINT ( 'NONE',  ( -0.09515540398858472748, 0.01016473786977874216, -0.001342754358399724001 ) ) ;
#6490 = PLANE ( 'NONE',  #6034 ) ;
#6491 = VERTEX_POINT ( 'NONE', #469 ) ;
#6492 = CARTESIAN_POINT ( 'NONE',  ( 0.004589360123112051597, 0.007909297641174775628, 0.004318106009102741505 ) ) ;
#6493 = DIRECTION ( 'NONE',  ( 0.9249744552214607118, -1.162343374909416733E-15, -0.3800292846449633277 ) ) ;
#6494 = AXIS2_PLACEMENT_3D ( 'NONE', #4238, #2714, #2676 ) ;
#6495 = CARTESIAN_POINT ( 'NONE',  ( 0.003964524861216826672, 0.009026038392584485870, -0.0006734956322367849271 ) ) ;
#6496 = ORIENTED_EDGE ( 'NONE', *, *, #4435, .T. ) ;
#6497 = CARTESIAN_POINT ( 'NONE',  ( -0.003142679679265038099, 0.009300459297902293615, -0.0005417063608978237585 ) ) ;
#6498 = CARTESIAN_POINT ( 'NONE',  ( -0.003848026886900612464, 0.009178224688986753518, 0.001011919407912804459 ) ) ;
#6499 = CARTESIAN_POINT ( 'NONE',  ( 0.003763601721568887639, 0.007875193081213661614, 0.004680795898177035966 ) ) ;
#6500 = ORIENTED_EDGE ( 'NONE', *, *, #1350, .F. ) ;
#6501 = CARTESIAN_POINT ( 'NONE',  ( 0.1063935417557396457, 0.009664304065494651666, -0.0002486617073292567539 ) ) ;
#6502 = CARTESIAN_POINT ( 'NONE',  ( 0.03967421650238080189, -0.0006114436324195257448, -0.01421244208435673041 ) ) ;
#6503 = ORIENTED_EDGE ( 'NONE', *, *, #4253, .F. ) ;
#6504 = CARTESIAN_POINT ( 'NONE',  ( -0.002555904029731738674, 0.01001348443974222485, -0.001005868615384311908 ) ) ;
#6505 = CARTESIAN_POINT ( 'NONE',  ( -0.01751919680632351914, 0.003904984774575872859, 0.002019551362447992698 ) ) ;
#6506 = CARTESIAN_POINT ( 'NONE',  ( 0.01756029996261012152, 0.007414369570261522546, 0.001088935588566240743 ) ) ;
#6507 = CARTESIAN_POINT ( 'NONE',  ( -0.006208020339598349299, 0.005097475776261716114, 0.0008684542454155268253 ) ) ;
#6508 = CARTESIAN_POINT ( 'NONE',  ( -0.003586925800568853320, 0.009542457545342445530, -0.001462456907333217456 ) ) ;
#6509 = CARTESIAN_POINT ( 'NONE',  ( 0.01084006560096537411, 0.006400136686716212386, 0.001213086708602718325 ) ) ;
#6510 = DIRECTION ( 'NONE',  ( 8.659560562355019140E-17, -0.7071067811865404673, 0.7071067811865545671 ) ) ;
#6511 = CARTESIAN_POINT ( 'NONE',  ( -0.1252283567499269112, 0.007652411322176318198, 0.005290188279139172202 ) ) ;
#6512 = CARTESIAN_POINT ( 'NONE',  ( 0.004325143315290244476, 0.001685009813977312101, -0.004693432354453110078 ) ) ;
#6513 =( LENGTH_UNIT ( ) NAMED_UNIT ( * ) SI_UNIT ( $, .METRE. ) );
#6514 = CARTESIAN_POINT ( 'NONE',  ( -0.05303068498432558092, -0.0005186699241482085106, 0.02047947723571142201 ) ) ;
#6515 = CARTESIAN_POINT ( 'NONE',  ( 0.003096256849149381808, 0.009348901923179086734, 0.0006120764809180551883 ) ) ;
#6516 = CARTESIAN_POINT ( 'NONE',  ( 3.546087271611077838E-19, 0.02225040000000000351, -0.002895600000000001645 ) ) ;
#6517 = CARTESIAN_POINT ( 'NONE',  ( -1.204485184444895089E-17, 1.142350046887600466E-32, -0.002552700000000011037 ) ) ;
#6518 = CIRCLE ( 'NONE', #5843, 0.002031999999999999085 ) ;
#6519 = CARTESIAN_POINT ( 'NONE',  ( 0.005513835252135760104, 0.003326354111145920275, -0.002953199584081232700 ) ) ;
#6520 = CARTESIAN_POINT ( 'NONE',  ( 0.002320078451593773818, 0.01051952249122421919, 0.0009504199027117301093 ) ) ;
#6521 = CARTESIAN_POINT ( 'NONE',  ( -0.002287513562929171292, 0.01068395146838577864, -0.0008706478565152415451 ) ) ;
#6522 = CARTESIAN_POINT ( 'NONE',  ( -0.002292904691748516230, 0.01099832557739983084, -0.0005745537914338483612 ) ) ;
#6523 = CARTESIAN_POINT ( 'NONE',  ( 0.003234471269454799666, 0.01012961700998151957, 0.001781927706079117039 ) ) ;
#6524 = CARTESIAN_POINT ( 'NONE',  ( -0.003954250593981114593, 0.000000000000000000, -0.0002540000000000005361 ) ) ;
#6525 = VERTEX_POINT ( 'NONE', #4904 ) ;
#6526 = CARTESIAN_POINT ( 'NONE',  ( -0.02266321540579153623, 0.008489722507001895221, -0.004072411118937721390 ) ) ;
#6527 = SHAPE_DEFINITION_REPRESENTATION ( #2546, #6127 ) ;
#6528 = CARTESIAN_POINT ( 'NONE',  ( 0.003519828026752709876, 0.009643167293125044434, 0.001544022371341972292 ) ) ;
#6529 = VERTEX_POINT ( 'NONE', #2749 ) ;
#6530 = DIRECTION ( 'NONE',  ( 0.000000000000000000, -1.000000000000000000, -0.000000000000000000 ) ) ;
#6531 = CARTESIAN_POINT ( 'NONE',  ( 0.01049972554098056385, 0.007721951607484991466, 0.003790916410590818800 ) ) ;
#6532 = EDGE_LOOP ( 'NONE', ( #870, #833, #2747, #4602 ) ) ;
#6533 = CARTESIAN_POINT ( 'NONE',  ( 0.002395334538336317629, 0.01030829705758119427, -0.001005258516288010801 ) ) ;
#6534 = LINE ( 'NONE', #2752, #6072 ) ;
#6535 = VERTEX_POINT ( 'NONE', #4800 ) ;
#6536 = CARTESIAN_POINT ( 'NONE',  ( -0.002294064670271056278, 0.01063894933714473398, -0.0008961926786326445196 ) ) ;
#6537 = CARTESIAN_POINT ( 'NONE',  ( -0.04641813849848654833, 0.004857877546924750309, 0.009759036189727088653 ) ) ;
#6538 = CARTESIAN_POINT ( 'NONE',  ( -0.005111711200802894831, 0.002655171503690067526, 0.003606137500025983003 ) ) ;
#6539 = CARTESIAN_POINT ( 'NONE',  ( 0.006051082469286236769, 0.007102932192692156671, 0.001588317604756974213 ) ) ;
#6540 = CARTESIAN_POINT ( 'NONE',  ( -0.004494157283333967759, 0.007772813227457363652, -0.004343568646308412079 ) ) ;
#6541 = CARTESIAN_POINT ( 'NONE',  ( -0.003832832042649656368, 0.009198425953284008680, -0.001046992743211510842 ) ) ;
#6542 = CARTESIAN_POINT ( 'NONE',  ( -0.004037508081357416012, 0.008933133197152066593, 0.0002671768755400123351 ) ) ;
#6543 = ADVANCED_BREP_SHAPE_REPRESENTATION ( '', ( #4804, #989 ), #6772 ) ;
#6544 = CARTESIAN_POINT ( 'NONE',  ( 0.002541531368423479310, 0.009171289465234462937, -0.0002682796696134058046 ) ) ;
#6545 = LINE ( 'NONE', #23, #3785 ) ;
#6546 = CARTESIAN_POINT ( 'NONE',  ( -0.1298806390066541416, 0.005780902538757835309, 0.008870356032873727425 ) ) ;
#6547 = CARTESIAN_POINT ( 'NONE',  ( 0.003013089992128961930, 0.01067694096939290904, 0.001802959550170801523 ) ) ;
#6548 = EDGE_CURVE ( 'NONE', #3579, #5228, #5045, .T. ) ;
#6549 = AXIS2_PLACEMENT_3D ( 'NONE', #209, #3550, #2371 ) ;
#6550 = AXIS2_PLACEMENT_3D ( 'NONE', #6484, #2738, #5429 ) ;
#6551 = CYLINDRICAL_SURFACE ( 'NONE', #5421, 0.001015999999999999976 ) ;
#6552 = CARTESIAN_POINT ( 'NONE',  ( 0.000000000000000000, 0.001015999999999999976, 0.000000000000000000 ) ) ;
#6553 = CARTESIAN_POINT ( 'NONE',  ( 0.004222557712381123755, 0.001777047460235175189, -0.004616044655870465280 ) ) ;
#6554 = CARTESIAN_POINT ( 'NONE',  ( 0.002888136928879971553, 0.009577732987708290416, -0.0008326538038993733237 ) ) ;
#6555 = CARTESIAN_POINT ( 'NONE',  ( 0.002835158024137244669, 0.009639844546445446027, 0.0008728878326822455628 ) ) ;
#6556 = CARTESIAN_POINT ( 'NONE',  ( 0.004596748948942645276, 0.008028070936806859514, 0.004234984717416227784 ) ) ;
#6557 = CARTESIAN_POINT ( 'NONE',  ( 0.004987832740086520049, 0.007468801637794629349, 0.003814851806374571028 ) ) ;
#6558 = CARTESIAN_POINT ( 'NONE',  ( 0.002495414461667525875, 0.01011251102925722622, 0.001015152377126747217 ) ) ;
#6559 = CARTESIAN_POINT ( 'NONE',  ( 0.002779410513338134540, 0.009707318886662702831, 0.0009100995550391413180 ) ) ;
#6560 = UNCERTAINTY_MEASURE_WITH_UNIT (LENGTH_MEASURE( 1.000000000000000082E-05 ), #4703, 'distance_accuracy_value', 'NONE');
#6561 = CARTESIAN_POINT ( 'NONE',  ( -0.002882747497495105182, 0.009583941833562701837, -0.0008370517537101623221 ) ) ;
#6562 = CARTESIAN_POINT ( 'NONE',  ( -0.002278703490701073937, 0.01085033460193650379, -0.0007470012514959816592 ) ) ;
#6563 = CARTESIAN_POINT ( 'NONE',  ( 0.003633512207665336082, 0.009474537661314886422, 0.001399205110270582749 ) ) ;
#6564 = ORIENTED_EDGE ( 'NONE', *, *, #6387, .F. ) ;
#6565 = CARTESIAN_POINT ( 'NONE',  ( -0.02674527357372583763, 0.008134485904960919028, -0.003093400368820550111 ) ) ;
#6566 = CARTESIAN_POINT ( 'NONE',  ( 0.003380534401333905054, 0.009865788406959919224, 0.001682056801871697864 ) ) ;
#6567 = ORIENTED_EDGE ( 'NONE', *, *, #4814, .F. ) ;
#6568 = DIRECTION ( 'NONE',  ( 1.000000000000000000, 0.000000000000000000, 0.000000000000000000 ) ) ;
#6569 = CARTESIAN_POINT ( 'NONE',  ( 0.006238188852438482195, 0.006095484392481825657, 0.001201344628646578826 ) ) ;
#6570 = CARTESIAN_POINT ( 'NONE',  ( 0.01726094088320778708, 0.007693068858114537716, 0.003258334877571989786 ) ) ;
#6571 = CARTESIAN_POINT ( 'NONE',  ( -0.01084006560096538278, 0.006400136686716212386, -0.001213086708602642647 ) ) ;
#6572 = CARTESIAN_POINT ( 'NONE',  ( 0.1239869227384445272, 0.007694288733837028119, -0.004706278961625665752 ) ) ;
#6573 = FACE_OUTER_BOUND ( 'NONE', #3211, .T. ) ;
#6574 = EDGE_LOOP ( 'NONE', ( #4708, #1366, #4061, #2504, #6108 ) ) ;
#6575 = CARTESIAN_POINT ( 'NONE',  ( -0.002326121300765077345, 0.01114477850897695188, 0.0002505286908297589283 ) ) ;
#6576 = EDGE_CURVE ( 'NONE', #1715, #1571, #2585, .T. ) ;
#6577 = CARTESIAN_POINT ( 'NONE',  ( -0.002848372306548924756, 0.009624206260034736532, 0.0008632437853825919438 ) ) ;
#6578 = CONICAL_SURFACE ( 'NONE', #3534, 0.006032499999999999668, 0.7853981633974503884 ) ;
#6579 = CARTESIAN_POINT ( 'NONE',  ( -0.002762243376616142082, 0.001025190827790084351, 0.005614714073378044776 ) ) ;
#6580 = CARTESIAN_POINT ( 'NONE',  ( -0.003181870217703427171, 0.01023661289298401222, -0.001805310851370969675 ) ) ;
#6581 = CARTESIAN_POINT ( 'NONE',  ( 0.004005988419309221282, 0.001438295604184123330, -0.004806471903780172757 ) ) ;
#6582 = CARTESIAN_POINT ( 'NONE',  ( -0.1296160028671025644, 0.006035899532391123326, 0.008306089185587844578 ) ) ;
#6583 = ADVANCED_FACE ( 'NONE', ( #4488 ), #5616, .T. ) ;
#6584 = CARTESIAN_POINT ( 'NONE',  ( 0.003069356607499918073, 0.01050550628812560623, 0.001822173302748422968 ) ) ;
#6585 = B_SPLINE_CURVE_WITH_KNOTS ( 'NONE', 3,
 ( #1802, #874, #6731, #2369, #1873, #6195 ),
 .UNSPECIFIED., .F., .F.,
 ( 4, 2, 4 ),
 ( 0.4156417846678249206, 0.4593845100104945178, 0.5031272353531640595 ),
 .UNSPECIFIED. ) ;
#6586 = DIRECTION ( 'NONE',  ( -0.000000000000000000, -1.000000000000000000, -0.000000000000000000 ) ) ;
#6587 = CARTESIAN_POINT ( 'NONE',  ( 0.001260406688489421230, 0.0008065200966336846930, -0.006121590904054606888 ) ) ;
#6588 = EDGE_CURVE ( 'NONE', #828, #2999, #5273, .T. ) ;
#6589 = DIRECTION ( 'NONE',  ( 0.000000000000000000, -0.000000000000000000, 1.000000000000000000 ) ) ;
#6590 = CARTESIAN_POINT ( 'NONE',  ( 0.003260231172205351260, 0.009180959395742207055, 0.0002720714305829622748 ) ) ;
#6591 = LINE ( 'NONE', #6516, #4235 ) ;
#6592 = CARTESIAN_POINT ( 'NONE',  ( -0.003516497518452245917, 0.009648065745623778805, 0.001548352208332865083 ) ) ;
#6593 = CARTESIAN_POINT ( 'NONE',  ( 0.002341819305917652513, 0.01015018309780834661, 0.001015952571939930400 ) ) ;
#6594 = EDGE_CURVE ( 'NONE', #828, #2563, #2308, .T. ) ;
#6595 = CARTESIAN_POINT ( 'NONE',  ( 0.005263018588936630750, 0.002935482064655335014, -0.003380000340772180631 ) ) ;
#6596 = CARTESIAN_POINT ( 'NONE',  ( -0.003061461253750153398, 0.01189538552720019633, 5.139087042563522233E-05 ) ) ;
#6597 = CARTESIAN_POINT ( 'NONE',  ( 0.003272703928879602212, 0.009168521230953616263, 0.0002225229692702600367 ) ) ;
#6598 = CARTESIAN_POINT ( 'NONE',  ( -0.002683118220028894371, 0.009831183123074240318, -0.0009614449178648375128 ) ) ;
#6599 = CARTESIAN_POINT ( 'NONE',  ( -0.002330133060089060321, 0.01115842873281270263, -0.0001938701604478050653 ) ) ;
#6600 = CARTESIAN_POINT ( 'NONE',  ( 0.000000000000000000, 0.000000000000000000, 0.002449999999999999921 ) ) ;
#6601 = CARTESIAN_POINT ( 'NONE',  ( 0.05058187948339233631, 0.009997201225576183431, 0.004526969189275058779 ) ) ;
#6602 = COLOUR_RGB ( '',0.8980392156862745390, 0.9176470588235293713, 0.9294117647058823817 ) ;
#6603 = CARTESIAN_POINT ( 'NONE',  ( 0.004008026001311729841, 0.008970471746155353476, 0.0004765575360903924126 ) ) ;
#6604 = CARTESIAN_POINT ( 'NONE',  ( 0.002884438135928730530, 0.02225040000000000351, -0.0002540000000000002109 ) ) ;
#6605 = CARTESIAN_POINT ( 'NONE',  ( -0.02538098234136415207, 0.008218918572430834041, -0.003000758610419389585 ) ) ;
#6606 = CARTESIAN_POINT ( 'NONE',  ( -0.002297238256086859675, 0.01102328475599034276, 0.0005359994567564274962 ) ) ;
#6607 = AXIS2_PLACEMENT_3D ( 'NONE', #3687, #2622, #3153 ) ;
#6608 = CARTESIAN_POINT ( 'NONE',  ( 0.002931072454018328419, 0.01124563051666461859, 0.001536675533537400608 ) ) ;
#6609 = ORIENTED_EDGE ( 'NONE', *, *, #6699, .F. ) ;
#6610 = LINE ( 'NONE', #1151, #5079 ) ;
#6611 = CARTESIAN_POINT ( 'NONE',  ( 0.006138229036930837115, 0.003946936019942957723, -0.001720256714490965176 ) ) ;
#6612 = CARTESIAN_POINT ( 'NONE',  ( 0.002884438135928730530, 0.005080000000000001181, -0.0002540000000000002109 ) ) ;
#6613 = CARTESIAN_POINT ( 'NONE',  ( 0.1261328014190424285, 0.007456979566436346477, -0.005730860520615640823 ) ) ;
#6614 = CARTESIAN_POINT ( 'NONE',  ( -0.002800133352412416746, 0.001052799477019102266, 0.005775579887503790380 ) ) ;
#6615 = EDGE_CURVE ( 'NONE', #6855, #3544, #1064, .T. ) ;
#6616 = ORIENTED_EDGE ( 'NONE', *, *, #1364, .T. ) ;
#6617 = CARTESIAN_POINT ( 'NONE',  ( -0.002285379602550495319, 0.01094235499010988433, 0.0006484447611093405650 ) ) ;
#6618 = CARTESIAN_POINT ( 'NONE',  ( -0.002894819203264567802, 0.009570022661957536605, 0.0008272162078155066408 ) ) ;
#6619 = CARTESIAN_POINT ( 'NONE',  ( -0.003549173904744155113, 0.001347322492279327301, 0.005152622016669546751 ) ) ;
#6620 = CARTESIAN_POINT ( 'NONE',  ( -0.003721269701872048034, 0.009350285407418333292, -0.001263578789529923004 ) ) ;
#6621 = CARTESIAN_POINT ( 'NONE',  ( 0.002884438135928730530, 0.02225040000000000351, 0.0002539999999999999398 ) ) ;
#6622 = CARTESIAN_POINT ( 'NONE',  ( 0.003602521546831042275, 0.001293906774779700298, -0.005308525682841204289 ) ) ;
#6623 = CARTESIAN_POINT ( 'NONE',  ( -0.1301328607310699714, 0.005436764982790792504, 0.009661240724375429190 ) ) ;
#6624 = DIRECTION ( 'NONE',  ( -0.000000000000000000, -1.000000000000000000, -0.000000000000000000 ) ) ;
#6625 = CARTESIAN_POINT ( 'NONE',  ( 0.004202739846019216963, 0.001820225672589251189, -0.004634016130043550064 ) ) ;
#6626 = CARTESIAN_POINT ( 'NONE',  ( -0.005309679860805709140, 0.002809478748725491130, 0.003424032576362116918 ) ) ;
#6627 = CARTESIAN_POINT ( 'NONE',  ( 0.003228324449996007334, 0.009212975800058888914, 0.0003683568940342838013 ) ) ;
#6628 = CARTESIAN_POINT ( 'NONE',  ( 0.1300000000000001155, 0.005925007879322497124, -0.008924140516987017976 ) ) ;
#6629 = B_SPLINE_CURVE_WITH_KNOTS ( 'NONE', 3,
 ( #235, #5055, #5086, #3969, #164, #6122, #1864 ),
 .UNSPECIFIED., .F., .F.,
 ( 4, 3, 4 ),
 ( 0.008729009194748192646, 0.01361370798839668661, 0.01431720391460388278 ),
 .UNSPECIFIED. ) ;
#6630 = CARTESIAN_POINT ( 'NONE',  ( 0.002481872773314986250, 0.01013615328982499231, 0.001016000000000038574 ) ) ;
#6631 = CARTESIAN_POINT ( 'NONE',  ( -0.002945900570677907702, 0.01145383308889713452, -0.001329179628902086435 ) ) ;
#6632 = CARTESIAN_POINT ( 'NONE',  ( 0.003245417641797944657, 0.009195787815756759423, 0.0003206813170564039328 ) ) ;
#6633 = EDGE_CURVE ( 'NONE', #5800, #2889, #6728, .T. ) ;
#6634 = UNCERTAINTY_MEASURE_WITH_UNIT (LENGTH_MEASURE( 1.000000000000000082E-05 ), #6382, 'distance_accuracy_value', 'NONE');
#6635 = CARTESIAN_POINT ( 'NONE',  ( -0.003958878011040965761, 0.009033332825958135040, -0.0006927232688659650970 ) ) ;
#6636 = CARTESIAN_POINT ( 'NONE',  ( -0.002320243259922102983, 0.01112394856399413247, 0.0003212523122577446788 ) ) ;
#6637 = CARTESIAN_POINT ( 'NONE',  ( 0.000000000000000000, 0.005587999999999999218, 0.000000000000000000 ) ) ;
#6638 = CARTESIAN_POINT ( 'NONE',  ( 0.003741289401293045307, 0.009322678181067682590, 0.001227979522388006253 ) ) ;
#6639 = CARTESIAN_POINT ( 'NONE',  ( 0.001821018484063715312, 0.01067135029387308864, -0.0009046560983601219068 ) ) ;
#6640 = CARTESIAN_POINT ( 'NONE',  ( -0.02132684012436857068, 0.008432904295875929407, -0.004085503555129555917 ) ) ;
#6641 = CARTESIAN_POINT ( 'NONE',  ( -0.002309354965902051492, 0.01108114728783054365, 0.0004290026014835594619 ) ) ;
#6642 = CIRCLE ( 'NONE', #4496, 0.002032000000000005156 ) ;
#6643 = CARTESIAN_POINT ( 'NONE',  ( 0.003330827372616178110, 0.009951292265255862884, 0.001721302674050790953 ) ) ;
#6644 = ORIENTED_EDGE ( 'NONE', *, *, #2384, .T. ) ;
#6645 = CARTESIAN_POINT ( 'NONE',  ( 0.0002539999999999999940, 0.001693388050948601989, -0.003597906215379685115 ) ) ;
#6646 = COLOUR_RGB ( '',0.2509803921568627416, 0.2509803921568627416, 0.2509803921568627416 ) ;
#6647 = CARTESIAN_POINT ( 'NONE',  ( 0.005453759096179324785, 0.002659954625098878873, -0.003356201328050143536 ) ) ;
#6648 = DIRECTION ( 'NONE',  ( 0.000000000000000000, 0.9940594317963843407, 0.1088386239193120941 ) ) ;
#6649 = CARTESIAN_POINT ( 'NONE',  ( 0.002780865044170530067, 0.009705693992955132660, -0.0009089011869499060130 ) ) ;
#6650 = CARTESIAN_POINT ( 'NONE',  ( 0.1195634098420427088, 0.008347883871238912998, -0.003154825060665884633 ) ) ;
#6651 = CARTESIAN_POINT ( 'NONE',  ( -0.005225001978862514433, 0.002401934752376145860, 0.003695622737893722656 ) ) ;
#6652 = VERTEX_POINT ( 'NONE', #1424 ) ;
#6653 = CARTESIAN_POINT ( 'NONE',  ( -0.002279223990366031297, 0.01085944792331076242, 0.0007377190893356849700 ) ) ;
#6654 = CARTESIAN_POINT ( 'NONE',  ( -0.002983291352023220364, 0.009470419234028554234, 0.0007464687582572087808 ) ) ;
#6655 = CARTESIAN_POINT ( 'NONE',  ( -0.003002165313322880877, 0.01172193931856708136, 0.0008832186610947267719 ) ) ;
#6656 = CARTESIAN_POINT ( 'NONE',  ( -0.001404488224300015587, 0.005588000000000000085, -0.0002540000000000002109 ) ) ;
#6657 = CARTESIAN_POINT ( 'NONE',  ( 0.001565649392794900459, 0.0008442347942932884987, -0.006058693415975422054 ) ) ;
#6658 = CARTESIAN_POINT ( 'NONE',  ( -0.1302382141469997368, 0.005388705385008743347, 0.009573199745422828616 ) ) ;
#6659 = CYLINDRICAL_SURFACE ( 'NONE', #888, 0.005003799999999945444 ) ;
#6660 = CARTESIAN_POINT ( 'NONE',  ( 0.000000000000000000, 0.001015999999999999976, 0.000000000000000000 ) ) ;
#6661 = CIRCLE ( 'NONE', #2363, 0.002552700000000010169 ) ;
#6662 = CARTESIAN_POINT ( 'NONE',  ( 0.000000000000000000, 0.002044699999999995219, -0.005003800000000000088 ) ) ;
#6663 = CARTESIAN_POINT ( 'NONE',  ( 0.002296605074138616427, 0.01101980384816982420, 0.0005415700679674342053 ) ) ;
#6664 = AXIS2_PLACEMENT_3D ( 'NONE', #5867, #5330, #3009 ) ;
#6665 = VECTOR ( 'NONE', #240, 1.000000000000000000 ) ;
#6666 = CARTESIAN_POINT ( 'NONE',  ( 0.000000000000000000, 0.000000000000000000, 0.006150000000000000085 ) ) ;
#6667 = CARTESIAN_POINT ( 'NONE',  ( 0.003166176361274438029, 0.009276203246125533375, 0.0005016932909982105499 ) ) ;
#6668 = CARTESIAN_POINT ( 'NONE',  ( -0.002958614746840200829, 0.01153610953735802712, 0.001221258203761894966 ) ) ;
#6669 = CIRCLE ( 'NONE', #2939, 0.006250000000000000347 ) ;
#6670 = CARTESIAN_POINT ( 'NONE',  ( 0.003096256849149381808, 0.009348901923179086734, 0.0006120764809180551883 ) ) ;
#6671 = CARTESIAN_POINT ( 'NONE',  ( -0.002849394440885682448, 0.009622955344594844723, -0.0008626002101913235898 ) ) ;
#6672 = CARTESIAN_POINT ( 'NONE',  ( 0.03134539965912578469, 0.008502439054037717533, 0.003191278423858728147 ) ) ;
#6673 = CARTESIAN_POINT ( 'NONE',  ( -0.002984768004972240124, 0.01165744438736282355, 0.001019921441481188001 ) ) ;
#6674 = CARTESIAN_POINT ( 'NONE',  ( 0.002983389798523935696, 0.01165215941846946095, -0.001030534262619670419 ) ) ;
#6675 = CARTESIAN_POINT ( 'NONE',  ( 0.002278913781471119185, 0.01080171148121491717, -0.0007880827152178846535 ) ) ;
#6676 = CARTESIAN_POINT ( 'NONE',  ( -0.01737579629630926076, 0.008298939977047796804, -0.004195895463829899669 ) ) ;
#6677 = CARTESIAN_POINT ( 'NONE',  ( -0.002365787952905255408, 0.01037994385333798272, 0.0009920524876101107035 ) ) ;
#6678 = CARTESIAN_POINT ( 'NONE',  ( 0.003840170800595781031, 0.009188715472854339095, 0.001029408643615455522 ) ) ;
#6679 = EDGE_LOOP ( 'NONE', ( #2431, #3074, #1933, #2716 ) ) ;
#6680 = CARTESIAN_POINT ( 'NONE',  ( 0.004965556143773008566, 0.007602246546930377727, 0.003940733629627533353 ) ) ;
#6681 = CARTESIAN_POINT ( 'NONE',  ( -0.004630846614589142693, 0.007923578971032539664, -0.004295400837000118086 ) ) ;
#6682 = CARTESIAN_POINT ( 'NONE',  ( -0.02287490453231738954, 0.006963006536424388299, -0.001319017261706345199 ) ) ;
#6683 = FACE_OUTER_BOUND ( 'NONE', #864, .T. ) ;
#6684 = CARTESIAN_POINT ( 'NONE',  ( 0.1278257825849557494, 0.006810435974012834896, -0.006680621794347308719 ) ) ;
#6685 = CARTESIAN_POINT ( 'NONE',  ( -0.004564415487620735075, 0.001997526599959128287, 0.004279117558910098575 ) ) ;
#6686 = EDGE_LOOP ( 'NONE', ( #2362, #3858, #5775, #6825, #6322, #3284, #1568, #5366 ) ) ;
#6687 = CARTESIAN_POINT ( 'NONE',  ( -0.002314736036725771259, 0.01110311731149617523, -0.0003782624658883431811 ) ) ;
#6688 = DIRECTION ( 'NONE',  ( 9.484135310589723205E-16, 1.000000000000000000, -0.000000000000000000 ) ) ;
#6689 = EDGE_CURVE ( 'NONE', #2243, #6252, #3620, .T. ) ;
#6690 = EDGE_LOOP ( 'NONE', ( #4659, #508, #6116, #3927, #327 ) ) ;
#6691 = CARTESIAN_POINT ( 'NONE',  ( -0.001878279215515853487, 0.0008813317064717174527, 0.005969465255237766874 ) ) ;
#6692 = CYLINDRICAL_SURFACE ( 'NONE', #3036, 0.006250000000000000347 ) ;
#6693 = CARTESIAN_POINT ( 'NONE',  ( 0.004301401203185995642, 0.001641717120241406461, -0.004753302610472454753 ) ) ;
#6694 = CARTESIAN_POINT ( 'NONE',  ( -0.1299962451754294035, 0.005617505187206684250, 0.009254833219561746024 ) ) ;
#6695 = CARTESIAN_POINT ( 'NONE',  ( 0.003061885393919765597, 0.01052621205716662046, 0.001821118193023855839 ) ) ;
#6696 = CARTESIAN_POINT ( 'NONE',  ( 0.000000000000000000, 0.000000000000000000, 0.000000000000000000 ) ) ;
#6697 = CARTESIAN_POINT ( 'NONE',  ( -0.004207103968099430713, 0.001718856176434893981, 0.004676920944818016568 ) ) ;
#6698 = CARTESIAN_POINT ( 'NONE',  ( 0.002328135181205572089, 0.01115165062406295315, -0.0002237847723608431261 ) ) ;
#6699 = EDGE_CURVE ( 'NONE', #3854, #573, #724, .T. ) ;
#6700 = LINE ( 'NONE', #6095, #2388 ) ;
#6701 = CARTESIAN_POINT ( 'NONE',  ( 0.003260279818155173859, 0.009180885850519274541, 0.0002755381610521902779 ) ) ;
#6702 = CARTESIAN_POINT ( 'NONE',  ( -0.002931945553696786808, 0.01127461209679984054, 0.001511551364526611237 ) ) ;
#6703 = CARTESIAN_POINT ( 'NONE',  ( 0.002293331660248902441, 0.01100069098894812525, 0.0005707883764807737724 ) ) ;
#6704 = ORIENTED_EDGE ( 'NONE', *, *, #4647, .F. ) ;
#6705 = CARTESIAN_POINT ( 'NONE',  ( -0.004523037382382915847, 0.007802071375435422167, -0.004353619276715076612 ) ) ;
#6706 = CARTESIAN_POINT ( 'NONE',  ( 0.002328638207622672589, 0.01048811706891573242, -0.0009621600966625673719 ) ) ;
#6707 = CARTESIAN_POINT ( 'NONE',  ( 0.01932734171920917274, 0.007736299889715866386, 0.003171847984021924482 ) ) ;
#6708 = DIRECTION ( 'NONE',  ( 0.000000000000000000, -0.000000000000000000, -1.000000000000000000 ) ) ;
#6709 = CARTESIAN_POINT ( 'NONE',  ( 0.003057513218649221109, 0.01188528450071860143, -0.0002266971086168799096 ) ) ;
#6710 = CARTESIAN_POINT ( 'NONE',  ( 0.002303306819717188415, 0.01105392431902991676, -0.0004829231768009855925 ) ) ;
#6711 = CARTESIAN_POINT ( 'NONE',  ( -0.002316355087703711024, 0.01110938980378429856, -0.0003622310852280825346 ) ) ;
#6712 = CARTESIAN_POINT ( 'NONE',  ( 0.003026888055851604739, 0.01180079998830271641, 0.0006629131151232735449 ) ) ;
#6713 = ORIENTED_EDGE ( 'NONE', *, *, #1648, .T. ) ;
#6714 = B_SPLINE_CURVE_WITH_KNOTS ( 'NONE', 3,
 ( #3011, #2478, #4644, #1760, #6833, #411, #5342 ),
 .UNSPECIFIED., .F., .F.,
 ( 4, 3, 4 ),
 ( 0.008729009194748192646, 0.01361370798839668661, 0.01431720391460388278 ),
 .UNSPECIFIED. ) ;
#6715 = DIRECTION ( 'NONE',  ( -0.000000000000000000, -1.000000000000000000, -0.000000000000000000 ) ) ;
#6716 = DIRECTION ( 'NONE',  ( -1.000000000000000000, 1.050710766793948317E-15, 0.000000000000000000 ) ) ;
#6717 = CARTESIAN_POINT ( 'NONE',  ( 0.002584401885374340308, 0.009970395056698734201, -0.0009982762949246476187 ) ) ;
#6718 = CARTESIAN_POINT ( 'NONE',  ( 0.1303939259004580631, 0.005930775029443243959, -0.007947496464652672316 ) ) ;
#6719 = CARTESIAN_POINT ( 'NONE',  ( -0.004707160350237158015, 0.001922613833708418807, 0.004346462900338258530 ) ) ;
#6720 = EDGE_LOOP ( 'NONE', ( #264, #1744 ) ) ;
#6721 = CARTESIAN_POINT ( 'NONE',  ( -0.002329535983312043534, 0.01115628802529918841, 0.0001999151103976085889 ) ) ;
#6722 = CARTESIAN_POINT ( 'NONE',  ( -0.002648588522329388840, 0.009878084287586423942, 0.0009763646595381444407 ) ) ;
#6723 = CARTESIAN_POINT ( 'NONE',  ( 0.005080000000000000314, 0.000000000000000000, -0.0002540000000000003193 ) ) ;
#6724 = CIRCLE ( 'NONE', #38, 0.005003800000000000088 ) ;
#6725 = EDGE_LOOP ( 'NONE', ( #2386, #1295, #5966, #4267, #5932, #1631, #1081, #5798 ) ) ;
#6726 = PRODUCT_RELATED_PRODUCT_CATEGORY ( 'part', '', ( #1507 ) ) ;
#6727 = CARTESIAN_POINT ( 'NONE',  ( 0.006180296061369117307, 0.005940348166624885573, 0.0009701746072310322468 ) ) ;
#6728 = B_SPLINE_CURVE_WITH_KNOTS ( 'NONE', 1,
 ( #4662, #2531 ),
 .UNSPECIFIED., .F., .F.,
 ( 2, 2 ),
 ( 0.000000000000000000, 1.000000000000000000 ),
 .UNSPECIFIED. ) ;
#6729 = CARTESIAN_POINT ( 'NONE',  ( 0.06650994533263808461, 0.01047777061362243148, 0.004315580539924817813 ) ) ;
#6730 = CARTESIAN_POINT ( 'NONE',  ( -0.1298849213467061225, 0.005774832518196421245, 0.008885140006053978204 ) ) ;
#6731 = CARTESIAN_POINT ( 'NONE',  ( -0.003052831560446738271, 0.01187432929044408662, 0.0003633057325906754250 ) ) ;
#6732 = FACE_OUTER_BOUND ( 'NONE', #2744, .T. ) ;
#6733 = DIRECTION ( 'NONE',  ( 0.000000000000000000, 1.000000000000000000, 0.000000000000000000 ) ) ;
#6734 = CARTESIAN_POINT ( 'NONE',  ( 0.002315369661089306409, 0.01110559388345381225, -0.0003720336488824173282 ) ) ;
#6735 = DIRECTION ( 'NONE',  ( 0.000000000000000000, 1.000000000000000000, 0.000000000000000000 ) ) ;
#6736 = CARTESIAN_POINT ( 'NONE',  ( -0.004705164914178954286, 0.007932383614031429317, -0.004253490230600537325 ) ) ;
#6737 = CARTESIAN_POINT ( 'NONE',  ( -0.002931431431069992603, 0.01121164643581852409, 0.001562340607535643491 ) ) ;
#6738 = CARTESIAN_POINT ( 'NONE',  ( 0.002310316774322967483, 0.01108521996955201191, -0.0004201515903004392357 ) ) ;
#6739 = CARTESIAN_POINT ( 'NONE',  ( 0.1189831728395061433, 0.008416790307849071270, -0.002985547927741427372 ) ) ;
#6740 = CARTESIAN_POINT ( 'NONE',  ( -0.001962719652611928395, 0.01036036183956807327, 0.001001841338202653442 ) ) ;
#6741 = CARTESIAN_POINT ( 'NONE',  ( 0.002960459910740765709, 0.01154620854587126710, 0.001206651201017871176 ) ) ;
#6742 = CARTESIAN_POINT ( 'NONE',  ( 0.002279357033753574673, 0.01078412217915370418, -0.0008021044869713695770 ) ) ;
#6743 = CARTESIAN_POINT ( 'NONE',  ( -0.002284568792844665630, 0.01070979631141726583, 0.0008545643755641858016 ) ) ;
#6744 = CARTESIAN_POINT ( 'NONE',  ( 0.002949261748314423778, 0.01147824960847120337, -0.001299052372765649487 ) ) ;
#6745 = VERTEX_POINT ( 'NONE', #6746 ) ;
#6746 = CARTESIAN_POINT ( 'NONE',  ( 7.654042494670957930E-19, 0.009900000000000000813, 0.006250000000000000347 ) ) ;
#6747 = CARTESIAN_POINT ( 'NONE',  ( -0.03001791880397795473, -0.0004603294020596733049, 0.008862087538974151163 ) ) ;
#6748 = CARTESIAN_POINT ( 'NONE',  ( 0.000000000000000000, 0.006959600000000000682, 0.000000000000000000 ) ) ;
#6749 = CARTESIAN_POINT ( 'NONE',  ( 0.1299295637189702701, 0.006009160560076765717, -0.008766647534798378133 ) ) ;
#6750 = CARTESIAN_POINT ( 'NONE',  ( -0.006254931681980878053, 0.005211539447124068948, 6.850080460947923422E-05 ) ) ;
#6751 = VECTOR ( 'NONE', #798, 1.000000000000000000 ) ;
#6752 = ORIENTED_EDGE ( 'NONE', *, *, #1048, .F. ) ;
#6753 = CARTESIAN_POINT ( 'NONE',  ( -0.003119977172426221645, 0.009323998561804568153, 0.0005782519216349645301 ) ) ;
#6754 = DIRECTION ( 'NONE',  ( 0.000000000000000000, 1.000000000000000000, 0.000000000000000000 ) ) ;
#6755 = ORIENTED_EDGE ( 'NONE', *, *, #2122, .T. ) ;
#6756 = MECHANICAL_DESIGN_GEOMETRIC_PRESENTATION_REPRESENTATION (  '', ( #4942 ), #635 ) ;
#6757 = DIRECTION ( 'NONE',  ( 0.000000000000000000, 0.000000000000000000, 1.000000000000000000 ) ) ;
#6758 = VERTEX_POINT ( 'NONE', #2959 ) ;
#6759 = CARTESIAN_POINT ( 'NONE',  ( 0.006252905932429558486, 0.005399538671557606133, 0.0001910796958078768426 ) ) ;
#6760 = CARTESIAN_POINT ( 'NONE',  ( -0.004681097051766160318, 0.007931115313646399517, -0.004267229618723090978 ) ) ;
#6761 = CARTESIAN_POINT ( 'NONE',  ( 0.000000000000000000, 0.01000000000000000021, 0.000000000000000000 ) ) ;
#6762 = CARTESIAN_POINT ( 'NONE',  ( 0.0002539999999999999940, 0.02225040000000000351, -0.002884438135928730530 ) ) ;
#6763 = CARTESIAN_POINT ( 'NONE',  ( -0.002944096468215282730, 0.01101123215058540800, 0.001689253739045311863 ) ) ;
#6764 = LINE ( 'NONE', #3412, #6324 ) ;
#6765 = CARTESIAN_POINT ( 'NONE',  ( 0.002279166116925964575, 0.01078361365814713840, 0.0008029294645620163205 ) ) ;
#6766 = CARTESIAN_POINT ( 'NONE',  ( 0.002293331660248902441, 0.01100069098894812525, 0.0005707883764807737724 ) ) ;
#6767 = ADVANCED_FACE ( 'NONE', ( #5111 ), #1854, .F. ) ;
#6768 = DIRECTION ( 'NONE',  ( 0.000000000000000000, 0.000000000000000000, -1.000000000000000000 ) ) ;
#6769 = CARTESIAN_POINT ( 'NONE',  ( 0.002827390844916019032, 0.009649141941007200948, 0.0008783193042755830463 ) ) ;
#6770 = CARTESIAN_POINT ( 'NONE',  ( -0.003536095446610728384, 0.009618408830444036620, -0.001525217969197584103 ) ) ;
#6771 = CARTESIAN_POINT ( 'NONE',  ( 0.002312042311909561377, 0.01109234522641490764, 0.0004040855043976991092 ) ) ;
#6772 =( GEOMETRIC_REPRESENTATION_CONTEXT ( 3 ) GLOBAL_UNCERTAINTY_ASSIGNED_CONTEXT ( ( #28 ) ) GLOBAL_UNIT_ASSIGNED_CONTEXT ( ( #5731, #3035, #4669 ) ) REPRESENTATION_CONTEXT ( 'NONE', 'WORKASPACE' ) );
#6773 = CARTESIAN_POINT ( 'NONE',  ( 0.1269600081527297586, 0.007062612488921619566, -0.006132935165720812890 ) ) ;
#6774 = CARTESIAN_POINT ( 'NONE',  ( -0.002797478475534963347, 0.009685221162450097579, -0.0008985448646774604189 ) ) ;
#6775 = CARTESIAN_POINT ( 'NONE',  ( 0.002934506549456445106, 0.01111639727168812174, 0.001629424532777408322 ) ) ;
#6776 = CARTESIAN_POINT ( 'NONE',  ( 0.002312483809368672504, 0.01109418626568868874, -0.0004000095599102207250 ) ) ;
#6777 = CARTESIAN_POINT ( 'NONE',  ( -0.003248498379813569321, 0.009192699694853530973, 0.0003112448480756925887 ) ) ;
#6778 = AXIS2_PLACEMENT_3D ( 'NONE', #877, #4145, #3685 ) ;
#6779 = CARTESIAN_POINT ( 'NONE',  ( 0.003057513218649221109, 0.01188528450071860143, -0.0002266971086168799096 ) ) ;
#6780 = ORIENTED_EDGE ( 'NONE', *, *, #1156, .F. ) ;
#6781 = CARTESIAN_POINT ( 'NONE',  ( -0.003042085055071243934, 0.01184418529987246553, -0.0004919081105665480983 ) ) ;
#6782 = CARTESIAN_POINT ( 'NONE',  ( -0.02279801190476183140, 0.001651000000000000774, -2.791951230608981360E-18 ) ) ;
#6783 = CARTESIAN_POINT ( 'NONE',  ( -0.02201138876983876544, 0.008019039151232087992, -0.003015813601982650794 ) ) ;
#6784 = CARTESIAN_POINT ( 'NONE',  ( 0.1302258381392524811, 0.005685096052427167368, -0.008728200699258250456 ) ) ;
#6785 = CARTESIAN_POINT ( 'NONE',  ( 0.002329923591208379798, 0.01015672691987399255, -0.001015999999999998024 ) ) ;
#6786 = ORIENTED_EDGE ( 'NONE', *, *, #4390, .T. ) ;
#6787 = CARTESIAN_POINT ( 'NONE',  ( -0.003025801077342632137, 0.009423986628056281109, 0.0007010951126986956399 ) ) ;
#6788 = SHAPE_REPRESENTATION_RELATIONSHIP ( 'NONE' , 'NONE' ,  #1464, #2404 ) ;
#6789 = DIRECTION ( 'NONE',  ( -0.000000000000000000, -1.000000000000000000, -0.000000000000000000 ) ) ;
#6790 = ORIENTED_EDGE ( 'NONE', *, *, #1138, .F. ) ;
#6791 = CARTESIAN_POINT ( 'NONE',  ( 0.02937221823149219549, 0.008851556571016185732, 0.004146953208793771432 ) ) ;
#6792 = CARTESIAN_POINT ( 'NONE',  ( 0.01751919680632353302, 0.003515337008628383053, -0.001851233438260948888 ) ) ;
#6793 = CARTESIAN_POINT ( 'NONE',  ( 0.006271100950131719767, 0.005948481997931592651, 0.0009841113066239876722 ) ) ;
#6794 = CARTESIAN_POINT ( 'NONE',  ( 0.02282582766954639741, 0.008377499798608800674, 0.003943434724947066788 ) ) ;
#6795 = CARTESIAN_POINT ( 'NONE',  ( -0.004519997069403048837, 0.007810329660799018338, -0.004355239953538117721 ) ) ;
#6796 = FACE_OUTER_BOUND ( 'NONE', #2218, .T. ) ;
#6797 = B_SPLINE_CURVE_WITH_KNOTS ( 'NONE', 3,
 ( #4278, #53, #2785, #3748, #2217, #6432, #6997, #2718 ),
 .UNSPECIFIED., .F., .F.,
 ( 4, 2, 2, 4 ),
 ( 0.001924064230044946703, 0.002577971406696196767, 0.002904924995021820281, 0.003231878583347443795 ),
 .UNSPECIFIED. ) ;
#6798 = CARTESIAN_POINT ( 'NONE',  ( 0.0002539999999999996688, 0.005587999999999999218, 0.002884438135928730530 ) ) ;
#6799 = CARTESIAN_POINT ( 'NONE',  ( 0.002355026210800616627, 0.009883465708888398635, -0.0009865185062197176502 ) ) ;
#6800 = CARTESIAN_POINT ( 'NONE',  ( -0.004880128923450752568, 0.007950008072834515924, -0.004071296859789256574 ) ) ;
#6801 = CARTESIAN_POINT ( 'NONE',  ( 0.002282177303165566686, 0.01073297884940507818, 0.0008397315668755016456 ) ) ;
#6802 = CARTESIAN_POINT ( 'NONE',  ( -0.1117051283836022757, 0.009300169981821386836, 0.001256040242635885710 ) ) ;
#6803 = CARTESIAN_POINT ( 'NONE',  ( 0.004573808175507339951, 0.007649285579370074077, 0.004259434090775701502 ) ) ;
#6804 = CARTESIAN_POINT ( 'NONE',  ( 0.003115998633295716247, 0.009328088390252793627, -0.0005851624530829488370 ) ) ;
#6805 = CARTESIAN_POINT ( 'NONE',  ( -0.003767281135076068748, 0.009286912425972031551, -0.001181200116085551850 ) ) ;
#6806 = CARTESIAN_POINT ( 'NONE',  ( 0.002329158218601148043, 0.01115503384772809428, 0.0002060707586099297134 ) ) ;
#6807 = CARTESIAN_POINT ( 'NONE',  ( 0.06605429780081298330, 0.01026487727017976262, 0.003618214410260304700 ) ) ;
#6808 = FACE_OUTER_BOUND ( 'NONE', #4237, .T. ) ;
#6809 = CARTESIAN_POINT ( 'NONE',  ( 0.003026946663750927462, 0.01180096145150513753, -0.0006623725122087095220 ) ) ;
#6810 = CARTESIAN_POINT ( 'NONE',  ( 0.002317284653677795670, 0.01111293455431651422, 0.0003526116729487868804 ) ) ;
#6811 = EDGE_CURVE ( 'NONE', #2896, #403, #6661, .T. ) ;
#6812 = CARTESIAN_POINT ( 'NONE',  ( -0.002809998754665978763, 0.009669905747119771772, 0.0008905123717995019807 ) ) ;
#6813 = CARTESIAN_POINT ( 'NONE',  ( 0.003000849218461929414, 0.01171791421373451388, 0.0008944066714572447736 ) ) ;
#6814 = ORIENTED_EDGE ( 'NONE', *, *, #4063, .T. ) ;
#6815 = CARTESIAN_POINT ( 'NONE',  ( -0.003012394988727106100, 0.01175602262191538343, 0.0007973326765683486431 ) ) ;
#6816 = CARTESIAN_POINT ( 'NONE',  ( 0.0002539999999999995603, 0.001693388050948602640, 0.003597906215379685115 ) ) ;
#6817 = SURFACE_STYLE_USAGE ( .BOTH. , #3499 ) ;
#6818 = CARTESIAN_POINT ( 'NONE',  ( 0.1303334609867851657, 0.005783176745061627960, -0.008362736118493413820 ) ) ;
#6819 = CARTESIAN_POINT ( 'NONE',  ( -0.005336986972679427614, 0.007310105800623515303, -0.003301017783446123354 ) ) ;
#6820 = ORIENTED_EDGE ( 'NONE', *, *, #4591, .T. ) ;
#6821 = CARTESIAN_POINT ( 'NONE',  ( -0.003292009740108806093, 0.009149348996525273614, 0.0001097139801873422602 ) ) ;
#6822 =( NAMED_UNIT ( * ) SI_UNIT ( $, .STERADIAN. ) SOLID_ANGLE_UNIT ( ) );
#6823 = ORIENTED_EDGE ( 'NONE', *, *, #1553, .F. ) ;
#6824 =( NAMED_UNIT ( * ) SI_UNIT ( $, .STERADIAN. ) SOLID_ANGLE_UNIT ( ) );
#6825 = ORIENTED_EDGE ( 'NONE', *, *, #5041, .F. ) ;
#6826 = CARTESIAN_POINT ( 'NONE',  ( -0.0002540000000000001024, 0.001693388050948602640, -0.003597906215379685115 ) ) ;
#6827 = CARTESIAN_POINT ( 'NONE',  ( 0.03835802678916631209, 0.009378482947929952032, 0.004352954126074100837 ) ) ;
#6828 = CARTESIAN_POINT ( 'NONE',  ( -0.004038660161964971289, 0.001324592512692189788, 0.005082766898430796619 ) ) ;
#6829 = CARTESIAN_POINT ( 'NONE',  ( 0.002954701211680996198, 0.01151283244804325243, 0.001253280565379846084 ) ) ;
#6830 = AXIS2_PLACEMENT_3D ( 'NONE', #5426, #670, #4854 ) ;
#6831 = CARTESIAN_POINT ( 'NONE',  ( 0.003452957942434810735, 0.001265715187916218116, -0.005252063797436566824 ) ) ;
#6832 = CARTESIAN_POINT ( 'NONE',  ( 0.001728172079411880325, 0.0008532092281801213459, -0.006018883405228899960 ) ) ;
#6833 = CARTESIAN_POINT ( 'NONE',  ( 0.0002540000000000000482, 0.0004689809571372345674, -0.001447224898745791974 ) ) ;
#6834 = CARTESIAN_POINT ( 'NONE',  ( 0.002384893025148827374, 0.01033177384900316881, 0.001001964619733241441 ) ) ;
#6835 = EDGE_LOOP ( 'NONE', ( #2424, #5902, #1261, #2963 ) ) ;
#6836 = CARTESIAN_POINT ( 'NONE',  ( -0.1249056943479481679, 0.007519644530164755654, 0.005106618944378880920 ) ) ;
#6837 = VECTOR ( 'NONE', #5532, 1.000000000000000000 ) ;
#6838 = CARTESIAN_POINT ( 'NONE',  ( -0.09537156056058374021, 0.009959841868657151945, -0.001333503035619166026 ) ) ;
#6839 = CARTESIAN_POINT ( 'NONE',  ( -0.005979195137542234195, 0.004034370659306483337, 0.002066617072385657991 ) ) ;
#6840 = CARTESIAN_POINT ( 'NONE',  ( -0.003010649535161263619, 0.01068614516421625797, -0.001800852310811748656 ) ) ;
#6841 = CARTESIAN_POINT ( 'NONE',  ( 0.002287471729310269850, 0.01096010086429615414, -0.0006264123803669107305 ) ) ;
#6842 = CARTESIAN_POINT ( 'NONE',  ( 0.005891314644897137354, 0.004107546256656409780, -0.002100863989804018384 ) ) ;
#6843 = CARTESIAN_POINT ( 'NONE',  ( -0.002959028677721761355, 0.009497288910433865014, -0.0007704095993492513297 ) ) ;
#6844 = CARTESIAN_POINT ( 'NONE',  ( 0.003718702081091504116, 0.009353954015087694376, -0.001267151766715020247 ) ) ;
#6845 = DIRECTION ( 'NONE',  ( -1.000000000000000000, 0.000000000000000000, -1.123292760552739567E-17 ) ) ;
#6846 = CARTESIAN_POINT ( 'NONE',  ( -0.003169577531507330580, 0.009272722171040545178, 0.0004952446918536710773 ) ) ;
#6847 = EDGE_CURVE ( 'NONE', #4672, #3648, #4522, .T. ) ;
#6848 = CARTESIAN_POINT ( 'NONE',  ( 0.002932011827790507140, 0.01128806451058820583, -0.001500919394075117021 ) ) ;
#6849 = EDGE_LOOP ( 'NONE', ( #2099, #3850, #360, #1028 ) ) ;
#6850 = CARTESIAN_POINT ( 'NONE',  ( -0.002958614746840200829, 0.01153610953735802712, 0.001221258203761894966 ) ) ;
#6851 = CARTESIAN_POINT ( 'NONE',  ( 0.0002539999999999995061, 0.000000000000000000, 0.003954250593981114593 ) ) ;
#6852 = DIRECTION ( 'NONE',  ( 0.000000000000000000, 0.000000000000000000, 1.000000000000000000 ) ) ;
#6853 = CARTESIAN_POINT ( 'NONE',  ( 0.1300233425668433918, 0.005893529477034131596, -0.008991657652146638896 ) ) ;
#6854 = DIRECTION ( 'NONE',  ( -1.224646799147353207E-16, 1.161471595079409288E-31, 1.000000000000000000 ) ) ;
#6855 = VERTEX_POINT ( 'NONE', #4164 ) ;
#6856 = CARTESIAN_POINT ( 'NONE',  ( -0.002353554614260010367, 0.01041290827691107070, 0.0009841648240534993115 ) ) ;
#6857 = VERTEX_POINT ( 'NONE', #1459 ) ;
#6858 = CARTESIAN_POINT ( 'NONE',  ( 0.001885778644356523063, 0.01084759725830311550, 0.0007779050028492278659 ) ) ;
#6859 = ORIENTED_EDGE ( 'NONE', *, *, #1160, .T. ) ;
#6860 = LINE ( 'NONE', #975, #2334 ) ;
#6861 = EDGE_CURVE ( 'NONE', #4046, #2551, #4541, .T. ) ;
#6862 = CARTESIAN_POINT ( 'NONE',  ( -0.03974814103446101810, -0.001433025255761885726, 0.01531147177191920228 ) ) ;
#6863 = CARTESIAN_POINT ( 'NONE',  ( -0.005918200000000022748, 0.01016000000000000583, 0.001015999999999999976 ) ) ;
#6864 = AXIS2_PLACEMENT_3D ( 'NONE', #3068, #364, #6383 ) ;
#6865 = CARTESIAN_POINT ( 'NONE',  ( 0.1298266528507340256, 0.006104748320354931070, -0.008577975949577876236 ) ) ;
#6866 = DIRECTION ( 'NONE',  ( 0.000000000000000000, 0.000000000000000000, -1.000000000000000000 ) ) ;
#6867 = CARTESIAN_POINT ( 'NONE',  ( -0.09835374023542395316, 0.009852686421643379322, -0.0009633194851145942443 ) ) ;
#6868 = CARTESIAN_POINT ( 'NONE',  ( -0.1176990062136979570, 0.008559591814644447461, 0.002630795105903253189 ) ) ;
#6869 = ADVANCED_FACE ( 'NONE', ( #5949 ), #5823, .T. ) ;
#6870 = CARTESIAN_POINT ( 'NONE',  ( -0.006347366135717611747, 0.005688791402773544018, 0.0001469178696067197933 ) ) ;
#6871 = CARTESIAN_POINT ( 'NONE',  ( -0.002933005915215889867, 0.01115199936154070981, -0.001605182551861066096 ) ) ;
#6872 = B_SPLINE_CURVE_WITH_KNOTS ( 'NONE', 3,
 ( #33, #3275, #563, #2766, #2736, #4888, #597, #4925, #66, #1054, #4320, #1016, #1088, #3228, #5381, #447, #5879, #5841, #516, #5454, #4777, #2187, #5415, #3192, #2688, #4248, #4357, #2152 ),
 .UNSPECIFIED., .F., .F.,
 ( 4, 2, 2, 2, 2, 2, 2, 2, 2, 2, 2, 2, 2, 4 ),
 ( 7.009012762833653670E-17, 0.001449727588185703532, 0.002174591382278520061, 0.002899455176371336807, 0.004349182764556971600, 0.005798910352742606827, 0.007248637940928241187, 0.007973501735021057066, 0.008698365529113873812, 0.01014809311729950730, 0.01087295691139232405, 0.01123538880843873329, 0.01141660475696193618, 0.01159782070548514253 ),
 .UNSPECIFIED. ) ;
#6873 = CARTESIAN_POINT ( 'NONE',  ( 0.002626337266487839030, 0.009909085142535387775, -0.0009850278098841498426 ) ) ;
#6874 = CARTESIAN_POINT ( 'NONE',  ( 0.004848150851063203273, 0.008055426792898992203, 0.003957516377493387576 ) ) ;
#6875 = CARTESIAN_POINT ( 'NONE',  ( -0.002907632349408590441, 0.009555326702196054178, -0.0008165338842401715725 ) ) ;
#6876 = CARTESIAN_POINT ( 'NONE',  ( 0.002932636884197496654, 0.01116107344397750285, -0.001598977111349732944 ) ) ;
#6877 = CARTESIAN_POINT ( 'NONE',  ( 0.004459048949732567942, 0.007771694378536826882, 0.004379432541345766768 ) ) ;
#6878 = CARTESIAN_POINT ( 'NONE',  ( -0.003025801077342632137, 0.009423986628056281109, 0.0007010951126986956399 ) ) ;
#6879 = CARTESIAN_POINT ( 'NONE',  ( 0.003235707610063497542, 0.01012773267066146426, -0.001780784909908754779 ) ) ;
#6880 = EDGE_LOOP ( 'NONE', ( #5652, #459, #4597, #3510 ) ) ;
#6881 = B_SPLINE_CURVE_WITH_KNOTS ( 'NONE', 3,
 ( #6985, #5963, #2133, #4303, #2606, #6492, #3737, #4794, #5896, #6452, #1493, #1035, #3773, #2745, #1073, #5, #466, #6354, #3674, #5828, #5290, #3703, #5928, #4338, #3207, #3247, #3138, #427, #2640, #5362, #2672, #4829, #4761, #1107 ),
 .UNSPECIFIED., .F., .F.,
 ( 4, 3, 3, 3, 3, 3, 3, 3, 3, 3, 3, 4 ),
 ( 9.096966653664782989E-18, 8.322723327809991578E-05, 0.0001603318222097284364, 0.0002072331317638634643, 0.0002333499095983895203, 0.0002484780760499880861, 0.0002565982948221008945, 0.0002724303627939132842, 0.0002801529473205260977, 0.0003128518191586697732, 0.0003607778595445379271, 0.0004383771544393324647 ),
 .UNSPECIFIED. ) ;
#6882 = CARTESIAN_POINT ( 'NONE',  ( -0.002991711256142406961, 0.01168442285484127575, 0.0009663836180705845337 ) ) ;
#6883 = DIRECTION ( 'NONE',  ( 0.000000000000000000, 1.000000000000000000, 0.000000000000000000 ) ) ;
#6884 = CARTESIAN_POINT ( 'NONE',  ( -0.002985999988938711335, 0.01077964485544515884, -0.001779171884929776990 ) ) ;
#6885 = CARTESIAN_POINT ( 'NONE',  ( 0.003819792036286183065, 0.009215893353883739328, -0.001075575442349632456 ) ) ;
#6886 = CARTESIAN_POINT ( 'NONE',  ( 0.1302212324095478324, 0.005551676276571175864, -0.009067324510149901359 ) ) ;
#6887 = CARTESIAN_POINT ( 'NONE',  ( -0.1300000000000000877, 0.001072457435249923310, 0.01786584610186266880 ) ) ;
#6888 = ORIENTED_EDGE ( 'NONE', *, *, #576, .T. ) ;
#6889 = CARTESIAN_POINT ( 'NONE',  ( -0.003257026946166589193, 0.009184162359689844804, -0.0002833491413799333280 ) ) ;
#6890 = AXIS2_PLACEMENT_3D ( 'NONE', #4515, #749, #1351 ) ;
#6891 = AXIS2_PLACEMENT_3D ( 'NONE', #1652, #6586, #4992 ) ;
#6892 =( LENGTH_UNIT ( ) NAMED_UNIT ( * ) SI_UNIT ( $, .METRE. ) );
#6893 = CARTESIAN_POINT ( 'NONE',  ( -0.004467695270506922244, 0.007926255816717716132, -0.004370638315285457938 ) ) ;
#6894 = VERTEX_POINT ( 'NONE', #1596 ) ;
#6895 = CIRCLE ( 'NONE', #3847, 0.002032000000000005156 ) ;
#6896 = LINE ( 'NONE', #5197, #3026 ) ;
#6897 = VERTEX_POINT ( 'NONE', #1562 ) ;
#6898 = CARTESIAN_POINT ( 'NONE',  ( 0.1156517893596740731, 0.008767186210924704515, -0.002106468347394285009 ) ) ;
#6899 = EDGE_CURVE ( 'NONE', #1522, #1715, #6881, .T. ) ;
#6900 = CARTESIAN_POINT ( 'NONE',  ( -0.08762460498691745925, -0.0006362504837998157357, 0.02791254606686999554 ) ) ;
#6901 = B_SPLINE_SURFACE_WITH_KNOTS ( 'NONE', 3, 3, ( 
 ( #1153, #5516, #3326, #5480, #2355, #6039, #120, #2819, #1190, #2319, #4528, #617, #726, #3361 ),
 ( #2784, #5585, #6571, #1784, #6682, #1226, #4944, #86, #4975, #1713, #3890, #1747, #2892, #4456 ),
 ( #6149, #2750, #3925, #3397, #5555, #2855, #1822, #3958, #1257, #4906, #50, #3992, #1291, #3467 ),
 ( #2214, #581, #1425, #1322, #4563, #6747, #2497, #5225, #4097, #257, #2390, #1855, #4132, #330 ) ),
 .UNSPECIFIED., .F., .F., .F.,
 ( 4, 4 ),
 ( 4, 1, 1, 1, 1, 1, 1, 1, 1, 1, 1, 4 ),
 ( 0.000000000000000000, 1.000000000000000000 ),
 ( 0.000000000000000000, 0.09375000000000000000, 0.1536846834549344121, 0.1562500000000000000, 0.2187500000000000000, 0.3125000000000000000, 0.3750000000000000000, 0.3846922576685049000, 0.4062500000000000000, 0.4375000000000000000, 0.6250000000000000000, 1.000000000000000000 ),
 .UNSPECIFIED. ) ;
#6902 = CARTESIAN_POINT ( 'NONE',  ( 0.08816107737497526353, 1.117971414033112204E-05, -0.02673392749572499338 ) ) ;
#6903 = CARTESIAN_POINT ( 'NONE',  ( 0.001451138256679907184, 0.000000000000000000, -0.0002540000000000001024 ) ) ;
#6904 = CARTESIAN_POINT ( 'NONE',  ( -0.002323978452039403720, 0.01015999999999832142, -0.001016000000007534097 ) ) ;
#6905 = CARTESIAN_POINT ( 'NONE',  ( -0.08758570107990178155, 0.01036598619995791545, -0.002153516407088531138 ) ) ;
#6906 = CARTESIAN_POINT ( 'NONE',  ( 0.002395334538336317629, 0.01030829705758119427, -0.001005258516288010801 ) ) ;
#6907 = CARTESIAN_POINT ( 'NONE',  ( 0.006115192270577073964, 0.006922959209915009217, 0.001317313423111916241 ) ) ;
#6908 = ADVANCED_FACE ( 'NONE', ( #5399 ), #4418, .T. ) ;
#6909 = CARTESIAN_POINT ( 'NONE',  ( -0.002936881817516157761, 0.009522141435067115606, -0.0007908904386149885526 ) ) ;
#6910 = CARTESIAN_POINT ( 'NONE',  ( 0.003179227998736996932, 0.01024286356849903913, -0.001805741178172188838 ) ) ;
#6911 = FACE_OUTER_BOUND ( 'NONE', #4271, .T. ) ;
#6912 = CARTESIAN_POINT ( 'NONE',  ( -0.003258332020054168464, 0.009182857028719232720, 0.0002788096788596294059 ) ) ;
#6913 = VECTOR ( 'NONE', #3514, 1.000000000000000000 ) ;
#6914 = EDGE_CURVE ( 'NONE', #3567, #4765, #6991, .T. ) ;
#6915 = CARTESIAN_POINT ( 'NONE',  ( 0.003061628923136841974, 0.01052681613213525720, -0.001821162303342988616 ) ) ;
#6916 = ORIENTED_EDGE ( 'NONE', *, *, #5685, .F. ) ;
#6917 = CARTESIAN_POINT ( 'NONE',  ( -0.003219660559766173141, 0.01015896818955057575, 0.001789278389373057066 ) ) ;
#6918 = CARTESIAN_POINT ( 'NONE',  ( 0.003907275139042349667, 0.009100223907378643742, -0.0008586716636901099015 ) ) ;
#6919 = CARTESIAN_POINT ( 'NONE',  ( -0.1300000000000000600, 0.005612429250701393181, 0.009265824011769558180 ) ) ;
#6920 = ORIENTED_EDGE ( 'NONE', *, *, #4175, .F. ) ;
#6921 = CARTESIAN_POINT ( 'NONE',  ( -0.003223975995918409391, 0.009217362902583077500, -0.0003794456074372178317 ) ) ;
#6922 = CARTESIAN_POINT ( 'NONE',  ( 0.003907275139042349667, 0.009100223907378643742, -0.0008586716636901099015 ) ) ;
#6923 = ORIENTED_EDGE ( 'NONE', *, *, #1428, .F. ) ;
#6924 = CARTESIAN_POINT ( 'NONE',  ( -0.003496522505797418877, 0.009676308361876552813, 0.001577945648643885868 ) ) ;
#6925 = DIRECTION ( 'NONE',  ( 9.484135310589723205E-16, 1.000000000000000000, -0.000000000000000000 ) ) ;
#6926 = VERTEX_POINT ( 'NONE', #271 ) ;
#6927 = CARTESIAN_POINT ( 'NONE',  ( 0.05781324457456067656, 0.01024362227021923498, 0.004487696636673291564 ) ) ;
#6928 = FACE_OUTER_BOUND ( 'NONE', #2032, .T. ) ;
#6929 = CARTESIAN_POINT ( 'NONE',  ( -0.002278886355060904222, 0.01083682806084576046, -0.0007579348224298869266 ) ) ;
#6930 = CARTESIAN_POINT ( 'NONE',  ( -0.01747116790468652633, -0.0002564826568249305334, 0.005619263127459436444 ) ) ;
#6931 = CARTESIAN_POINT ( 'NONE',  ( 0.05327344350638448661, 0.005292510282000338281, -0.01135476068321943435 ) ) ;
#6932 = EDGE_CURVE ( 'NONE', #5263, #2207, #4860, .T. ) ;
#6933 = PRODUCT_DEFINITION ( 'UNKNOWN', '', #3612, #4154 ) ;
#6934 = DIRECTION ( 'NONE',  ( -1.000000000000000000, 0.000000000000000000, 0.000000000000000000 ) ) ;
#6935 = CLOSED_SHELL ( 'NONE', ( #3851, #2304, #306, #2693, #3334, #3952, #1765, #936, #6244, #5208 ) ) ;
#6936 = CARTESIAN_POINT ( 'NONE',  ( 7.387681815856407387E-19, 0.001015999999999999976, 0.006032499999999999668 ) ) ;
#6937 = PLANE ( 'NONE',  #6375 ) ;
#6938 = CARTESIAN_POINT ( 'NONE',  ( -0.1219751266319694105, 0.008422974929126693724, 0.002489138945336051307 ) ) ;
#6939 = CIRCLE ( 'NONE', #267, 0.002895600000000001645 ) ;
#6940 = DIRECTION ( 'NONE',  ( 0.000000000000000000, 0.000000000000000000, 1.000000000000000000 ) ) ;
#6941 = CARTESIAN_POINT ( 'NONE',  ( 0.005871754047979992237, 0.007314278592860195410, 0.002159758325131263396 ) ) ;
#6942 = CARTESIAN_POINT ( 'NONE',  ( -0.1300000000000000600, 0.005926571993014000291, 0.008897263527583449891 ) ) ;
#6943 = CARTESIAN_POINT ( 'NONE',  ( 0.003508804095010532777, 0.009659842293826409465, -0.001556953248939392997 ) ) ;
#6944 = AXIS2_PLACEMENT_3D ( 'NONE', #5169, #2550, #1004 ) ;
#6945 = CARTESIAN_POINT ( 'NONE',  ( 0.002285886621793996060, 0.01094661549164028559, 0.0006431333968005381162 ) ) ;
#6946 = CARTESIAN_POINT ( 'NONE',  ( 0.1300000000000000600, 0.005904154690828469949, -0.008834757188422338869 ) ) ;
#6947 = CARTESIAN_POINT ( 'NONE',  ( 0.003419587008494665015, 0.009801388534784195514, -0.001647132411848828198 ) ) ;
#6948 = ORIENTED_EDGE ( 'NONE', *, *, #1544, .T. ) ;
#6949 = CARTESIAN_POINT ( 'NONE',  ( -0.004038195380998271626, 0.008932264487106699249, -0.0002615800747908871601 ) ) ;
#6950 = CARTESIAN_POINT ( 'NONE',  ( 0.004044884154847374833, 0.008923831018013467578, -0.0001812643263185437106 ) ) ;
#6951 = CARTESIAN_POINT ( 'NONE',  ( -1.204485184444895089E-17, 0.01046305122213599982, -0.002032000000000005156 ) ) ;
#6952 = DIRECTION ( 'NONE',  ( -0.000000000000000000, -1.000000000000000000, -0.000000000000000000 ) ) ;
#6953 = ORIENTED_EDGE ( 'NONE', *, *, #6117, .F. ) ;
#6954 = CARTESIAN_POINT ( 'NONE',  ( -0.003197138939060347688, 0.009244557521545250164, -0.0004410191919543820366 ) ) ;
#6955 = DIRECTION ( 'NONE',  ( 0.000000000000000000, 0.000000000000000000, -1.000000000000000000 ) ) ;
#6956 = ORIENTED_EDGE ( 'NONE', *, *, #49, .F. ) ;
#6957 = CARTESIAN_POINT ( 'NONE',  ( 0.002395721687852974194, 0.009640712759295299444, 0.0008830971951592885829 ) ) ;
#6958 = CARTESIAN_POINT ( 'NONE',  ( -0.006167883653569798848, 0.005878809481221454643, -0.001043121878010625295 ) ) ;
#6959 = DIRECTION ( 'NONE',  ( 9.484135310589723205E-16, 1.000000000000000000, -0.000000000000000000 ) ) ;
#6960 = EDGE_LOOP ( 'NONE', ( #6989, #3394, #4593, #584, #1183 ) ) ;
#6961 = CARTESIAN_POINT ( 'NONE',  ( 0.07408325903387794065, 0.01032527103799796633, 0.003238121984489148245 ) ) ;
#6962 = CARTESIAN_POINT ( 'NONE',  ( 0.08816107737497526353, 1.117971414033112204E-05, -0.02673392749572499338 ) ) ;
#6963 = ORIENTED_EDGE ( 'NONE', *, *, #1350, .T. ) ;
#6964 = CARTESIAN_POINT ( 'NONE',  ( -0.003891999765550464754, 0.009120155644115491428, -0.0009023139836220493357 ) ) ;
#6965 = CARTESIAN_POINT ( 'NONE',  ( -0.1129577742712004479, 0.0004505384362519189228, 0.02173038406297834665 ) ) ;
#6966 = CARTESIAN_POINT ( 'NONE',  ( -4.194196770983250220E-17, 0.008737115150035060923, 0.003003164247451594812 ) ) ;
#6967 = CARTESIAN_POINT ( 'NONE',  ( 0.02132684012462740877, 0.008432904295916228768, 0.004085503555197738355 ) ) ;
#6968 = CARTESIAN_POINT ( 'NONE',  ( 0.08985630470273504866, 0.01031579584713636019, 0.001929537871833255161 ) ) ;
#6969 = CARTESIAN_POINT ( 'NONE',  ( 0.001437170998174991648, 0.001673741513759882150, -0.0002540000000000001024 ) ) ;
#6970 = CARTESIAN_POINT ( 'NONE',  ( -0.1299167089456189361, 0.006537327284187293384, 0.006631297768250322272 ) ) ;
#6971 = AXIS2_PLACEMENT_3D ( 'NONE', #1679, #1120, #507 ) ;
#6972 = CARTESIAN_POINT ( 'NONE',  ( 0.002301448367630593711, 0.01059867453915427742, -0.0009165810253048320942 ) ) ;
#6973 = STYLED_ITEM ( 'NONE', ( #4801 ), #4882 ) ;
#6974 = ADVANCED_FACE ( 'NONE', ( #5737 ), #3054, .T. ) ;
#6975 = CARTESIAN_POINT ( 'NONE',  ( 0.006198681410896659735, 0.005152975784618976304, -0.0009363172339847187402 ) ) ;
#6976 = CARTESIAN_POINT ( 'NONE',  ( 0.002468811352581104946, 0.01015999993208476469, -0.001016000136871583921 ) ) ;
#6977 = CARTESIAN_POINT ( 'NONE',  ( 0.003235707610063497542, 0.01012773267066146426, -0.001780784909908754779 ) ) ;
#6978 = CARTESIAN_POINT ( 'NONE',  ( -0.004705164914189752072, 0.007932383614030431851, -0.004253490230609671512 ) ) ;
#6979 = CARTESIAN_POINT ( 'NONE',  ( 0.1300000000000000877, 0.005755426887902887617, -0.008952558389661122162 ) ) ;
#6980 = CARTESIAN_POINT ( 'NONE',  ( 0.003776134118509498656, 0.009274974657528838734, -0.001163206936511627975 ) ) ;
#6981 = CARTESIAN_POINT ( 'NONE',  ( -0.003738282954768582227, 0.009326733736154000851, 0.001234109559827624956 ) ) ;
#6982 = CARTESIAN_POINT ( 'NONE',  ( -0.1057122080684926996, 0.009702818056394196811, 0.0001360247276188976666 ) ) ;
#6983 = CARTESIAN_POINT ( 'NONE',  ( 1.768995590974932184E-19, 0.006985000000000000757, 0.001415789041095890559 ) ) ;
#6984 = EDGE_LOOP ( 'NONE', ( #5743, #5698, #691, #1680 ) ) ;
#6985 = CARTESIAN_POINT ( 'NONE',  ( 0.004705164914189722582, 0.007932383614030431851, 0.004253490230609704471 ) ) ;
#6986 = CARTESIAN_POINT ( 'NONE',  ( -0.002283388753738973924, 0.01092257438670909964, -0.0006715911094964233498 ) ) ;
#6987 = DIRECTION ( 'NONE',  ( 1.000000000000000000, 0.000000000000000000, 0.000000000000000000 ) ) ;
#6988 = CARTESIAN_POINT ( 'NONE',  ( 0.004044802407392937213, 0.008923934678939217033, 0.0001805904025080642364 ) ) ;
#6989 = ORIENTED_EDGE ( 'NONE', *, *, #5024, .T. ) ;
#6990 = CARTESIAN_POINT ( 'NONE',  ( -0.006151673642179572403, 0.004205456975675721416, 0.001209887709902520651 ) ) ;
#6991 = CIRCLE ( 'NONE', #885, 0.001650999999999998389 ) ;
#6992 = CARTESIAN_POINT ( 'NONE',  ( 0.1300000000000001155, 0.005612429250701393181, -0.009265824011768650920 ) ) ;
#6993 = CARTESIAN_POINT ( 'NONE',  ( 0.01861608777355414079, 0.007717195717082983748, 0.003197402920493406554 ) ) ;
#6994 = VERTEX_POINT ( 'NONE', #5591 ) ;
#6995 = CARTESIAN_POINT ( 'NONE',  ( 0.06595790132501765102, 0.01046124022253379880, 0.003614448341089412930 ) ) ;
#6996 = CIRCLE ( 'NONE', #2591, 0.003962399999999999603 ) ;
#6997 = CARTESIAN_POINT ( 'NONE',  ( -0.002032000000000099699, 0.01117600000000019446, 0.0001091942417355149994 ) ) ;
#6998 = ORIENTED_EDGE ( 'NONE', *, *, #5733, .T. ) ;
#6999 = CARTESIAN_POINT ( 'NONE',  ( -0.002289471261360871267, 0.01066910753803042983, -0.0008794107713018871168 ) ) ;
#7000 = CARTESIAN_POINT ( 'NONE',  ( 2.097098385491625110E-17, 0.008737115150035060923, -0.003003164247451594812 ) ) ;
#7001 = CARTESIAN_POINT ( 'NONE',  ( 0.02297581468733143548, -0.0002735950502497374887, -0.006549384423005530018 ) ) ;
#7002 = APPLICATION_CONTEXT ( 'automotive_design' ) ;
#7003 = VECTOR ( 'NONE', #3420, 1.000000000000000000 ) ;
#7004 = CARTESIAN_POINT ( 'NONE',  ( -0.005037974496978413035, 0.007920845681492606413, -0.003711042443976628798 ) ) ;
#7005 = CARTESIAN_POINT ( 'NONE',  ( -0.002960652799300908262, 0.01090024968116606006, -0.001739162641908065373 ) ) ;
#7006 = CARTESIAN_POINT ( 'NONE',  ( 0.002552762759189096224, 0.009143842317443343429, 0.0001319858781474645120 ) ) ;
#7007 = CARTESIAN_POINT ( 'NONE',  ( -0.1270109578820427798, 0.007241659005401531769, 0.006208263910112936726 ) ) ;
#7008 = DIRECTION ( 'NONE',  ( -0.000000000000000000, 1.000000000000000000, -0.000000000000000000 ) ) ;
#7009 = ADVANCED_FACE ( 'NONE', ( #6186 ), #1861, .T. ) ;
#7010 = CARTESIAN_POINT ( 'NONE',  ( 0.004591035247673125319, 0.002152777602616105703, -0.004249649757502893185 ) ) ;
#7011 = CARTESIAN_POINT ( 'NONE',  ( -0.003017412243884319990, 0.01066191448271995232, -0.001805777596647077828 ) ) ;
#7012 = DIRECTION ( 'NONE',  ( -1.000000000000000000, 9.484135310589723205E-16, 0.000000000000000000 ) ) ;
#7013 = CARTESIAN_POINT ( 'NONE',  ( 0.002668962376913858615, 0.009850034691014341801, 0.0009680570934294732829 ) ) ;
#7014 = CARTESIAN_POINT ( 'NONE',  ( 0.004668370661546310599, 0.007930444673145619142, 0.004274494609201919156 ) ) ;
#7015 = CARTESIAN_POINT ( 'NONE',  ( 0.006167883653569791909, 0.005878809481221455510, 0.001043121878010669747 ) ) ;
#7016 = CARTESIAN_POINT ( 'NONE',  ( -0.002299815848522619981, 0.01103708612089373056, 0.0005135115369675552965 ) ) ;
#7017 = NEXT_ASSEMBLY_USAGE_OCCURRENCE ( 'NAUO1', ' ', ' ', #2741, #6202, $ ) ;
#7018 = NEXT_ASSEMBLY_USAGE_OCCURRENCE ( 'NAUO2', ' ', ' ', #2741, #6933, $ ) ;
#7019 = NEXT_ASSEMBLY_USAGE_OCCURRENCE ( 'NAUO3', ' ', ' ', #2741, #2220, $ ) ;
#7020 = NEXT_ASSEMBLY_USAGE_OCCURRENCE ( 'NAUO4', ' ', ' ', #2741, #1692, $ ) ;
ENDSEC;
END-ISO-10303-21;
