ISO-10303-21;
HEADER;
FILE_DESCRIPTION (( 'STEP AP214' ),
    '1' );
FILE_NAME ('Propeller.STEP',
    '2025-03-22T02:01:30',
    ( '' ),
    ( '' ),
    'SwSTEP 2.0',
    'SolidWorks 2024',
    '' );
FILE_SCHEMA (( 'AUTOMOTIVE_DESIGN' ));
ENDSEC;

DATA;
#1 = CARTESIAN_POINT ( 'NONE',  ( 0.1289777606255969600, 0.006385357791711884778, 0.007580803821544192592 ) ) ;
#2 = CARTESIAN_POINT ( 'NONE',  ( -0.002765400311556779397, 0.009724746726198180841, 0.0009185636229733552555 ) ) ;
#3 = CARTESIAN_POINT ( 'NONE',  ( -0.002377113466108625364, 0.01035132102300484642, -0.0009979640466859774055 ) ) ;
#4 = CARTESIAN_POINT ( 'NONE',  ( 0.002521597148248742263, 0.01006856966100948964, -0.001012058916511853314 ) ) ;
#5 = CARTESIAN_POINT ( 'NONE',  ( -0.01398235782834594300, 0.007688195979833568547, 0.003480903704121157249 ) ) ;
#6 = LINE ( 'NONE', #1109, #2757 ) ;
#7 = CARTESIAN_POINT ( 'NONE',  ( 0.002930465394950789674, 0.01120571621170035094, -0.001569608256209453290 ) ) ;
#8 = CARTESIAN_POINT ( 'NONE',  ( -0.003281543020417676277, 0.009159733373640413512, 0.0001783209412001803072 ) ) ;
#9 = CARTESIAN_POINT ( 'NONE',  ( -0.1299906822993034117, 0.005625812159381150639, -0.009235587138851720015 ) ) ;
#10 = CARTESIAN_POINT ( 'NONE',  ( -0.003064693821842326242, 0.01051717330069334988, -0.001822430946636155631 ) ) ;
#11 = CARTESIAN_POINT ( 'NONE',  ( 0.005535273220568443127, 0.007808125484203056084, -0.002917232399636838450 ) ) ;
#12 = ORIENTED_EDGE ( 'NONE', *, *, #5305, .T. ) ;
#13 = CARTESIAN_POINT ( 'NONE',  ( 0.01002433056918132503, 0.007914730946392833921, -0.003772070134042914986 ) ) ;
#14 = B_SPLINE_CURVE_WITH_KNOTS ( 'NONE', 3,
 ( #5520, #5149, #2868, #1998 ),
 .UNSPECIFIED., .F., .F.,
 ( 4, 4 ),
 ( 0.007917244418264274275, 0.01310866743548944925 ),
 .UNSPECIFIED. ) ;
#15 = CARTESIAN_POINT ( 'NONE',  ( -0.02674510002148306614, 0.008134473302024231717, 0.003093398849057610485 ) ) ;
#16 = CARTESIAN_POINT ( 'NONE',  ( 0.003007746832880606007, 0.01174113757204994259, 0.0008381021175177967835 ) ) ;
#17 = CARTESIAN_POINT ( 'NONE',  ( 0.002331610021094891044, 0.01116310363475273709, -0.0001631790858010509200 ) ) ;
#18 = CARTESIAN_POINT ( 'NONE',  ( -0.005918200000000022748, 1.081707138744364207E-17, 0.000000000000000000 ) ) ;
#19 = EDGE_LOOP ( 'NONE', ( #1842, #101, #3138 ) ) ;
#20 = EDGE_LOOP ( 'NONE', ( #3207, #1265, #3838, #4179 ) ) ;
#21 = CARTESIAN_POINT ( 'NONE',  ( -0.004049858754310665075, 0.008917567470591969414, -7.960907708004508134E-05 ) ) ;
#22 = FACE_OUTER_BOUND ( 'NONE', #5683, .T. ) ;
#23 = CARTESIAN_POINT ( 'NONE',  ( -0.02279801190476183140, 0.001651000000000000774, -2.791951230608981360E-18 ) ) ;
#24 =( NAMED_UNIT ( * ) SI_UNIT ( $, .STERADIAN. ) SOLID_ANGLE_UNIT ( ) );
#25 = CARTESIAN_POINT ( 'NONE',  ( -0.003041851853664284157, 0.009406726647375421302, -0.0006821095783389292348 ) ) ;
#26 = CARTESIAN_POINT ( 'NONE',  ( -0.0002540000000000001566, 0.0002344904790593442089, 0.001449181636525680595 ) ) ;
#27 = ADVANCED_FACE ( 'NONE', ( #905 ), #6111, .T. ) ;
#28 = ORIENTED_EDGE ( 'NONE', *, *, #1301, .F. ) ;
#29 = CARTESIAN_POINT ( 'NONE',  ( -0.002287464697085254874, 0.01095986428726407509, -0.0006265953604772786425 ) ) ;
#30 = CARTESIAN_POINT ( 'NONE',  ( -0.003832832042649656368, 0.009198425953284008680, -0.001046992743211510842 ) ) ;
#31 = CARTESIAN_POINT ( 'NONE',  ( 0.003730506583952771307, 0.009337577526758532309, -0.001246928682829073027 ) ) ;
#32 = CARTESIAN_POINT ( 'NONE',  ( 0.004139964805134806365, 0.007854645106463329848, -0.004603617608370655888 ) ) ;
#33 = CIRCLE ( 'NONE', #951, 0.002552700000000010169 ) ;
#34 = CARTESIAN_POINT ( 'NONE',  ( -0.04641813849848647894, 0.003936173805662198689, -0.009641971191332148958 ) ) ;
#35 = CARTESIAN_POINT ( 'NONE',  ( 0.005315674072912879994, 0.007244451643314000870, -0.003335601678175878840 ) ) ;
#36 = CARTESIAN_POINT ( 'NONE',  ( 0.1249056840120727069, 0.007519646565623818238, 0.005106614300120900125 ) ) ;
#37 = CARTESIAN_POINT ( 'NONE',  ( -0.003294370596442086716, 0.009147014388843797625, -8.010631814595174400E-05 ) ) ;
#38 = CARTESIAN_POINT ( 'NONE',  ( -0.002334938252973350978, 0.01117375026059693258, -7.585950703594508335E-05 ) ) ;
#39 = CARTESIAN_POINT ( 'NONE',  ( 0.005401357656183830222, 0.007331937592521182469, -0.003339917052617736096 ) ) ;
#40 = VERTEX_POINT ( 'NONE', #4197 ) ;
#41 = CIRCLE ( 'NONE', #846, 0.001783079999999999821 ) ;
#42 = CARTESIAN_POINT ( 'NONE',  ( 0.000000000000000000, 0.001015999999999999976, 0.000000000000000000 ) ) ;
#43 = CARTESIAN_POINT ( 'NONE',  ( -0.002803380664916951641, 0.001030159530646435105, -0.005610204526596379061 ) ) ;
#44 = CARTESIAN_POINT ( 'NONE',  ( 0.002927115764163555449, 0.01128200044381236916, 0.001517661014291603284 ) ) ;
#45 = CARTESIAN_POINT ( 'NONE',  ( -0.004449449230357750522, 0.007823290589355207103, 0.004389185248267631588 ) ) ;
#46 = CIRCLE ( 'NONE', #1302, 0.006150000000000000085 ) ;
#47 = CARTESIAN_POINT ( 'NONE',  ( 0.001266273330375001496, 0.0007769883957697978428, 0.006151838881855674172 ) ) ;
#48 = DIRECTION ( 'NONE',  ( 0.000000000000000000, -1.000000000000000000, 0.000000000000000000 ) ) ;
#49 = CARTESIAN_POINT ( 'NONE',  ( -0.002941318703130145311, 0.01103973701391228711, -0.001673440489573415875 ) ) ;
#50 = CARTESIAN_POINT ( 'NONE',  ( 0.005389284909125449663, 0.007904665487892410455, -0.003180403303488153928 ) ) ;
#51 = VERTEX_POINT ( 'NONE', #2488 ) ;
#52 = CARTESIAN_POINT ( 'NONE',  ( -0.09028159185989821645, 0.01030566338704907818, 0.001886200855606518347 ) ) ;
#53 = CARTESIAN_POINT ( 'NONE',  ( 0.003222466931897592732, 0.009218864669565588962, -0.0003842280635719064956 ) ) ;
#54 = CARTESIAN_POINT ( 'NONE',  ( 0.002306237626345787779, 0.01106769025710979334, 0.0004572360341079320526 ) ) ;
#55 = CARTESIAN_POINT ( 'NONE',  ( -0.002520296771696946356, 0.01007061013469278191, 0.001012314539196354285 ) ) ;
#56 = EDGE_LOOP ( 'NONE', ( #1411, #421, #3449, #1088, #3367, #966 ) ) ;
#57 = ORIENTED_EDGE ( 'NONE', *, *, #3741, .F. ) ;
#58 = CARTESIAN_POINT ( 'NONE',  ( -0.003966263648891978598, 0.009023836900612191084, -0.0006651043714127600516 ) ) ;
#59 = CARTESIAN_POINT ( 'NONE',  ( -0.003278319284838581132, 0.001122275183649597101, -0.005329921330969234275 ) ) ;
#60 = CARTESIAN_POINT ( 'NONE',  ( 0.0002539999999999998314, 0.004930093882071130522, 0.001409983389151052598 ) ) ;
#61 = CARTESIAN_POINT ( 'NONE',  ( 0.002341819305917475138, 0.01015018309780762670, -0.001015952571943354310 ) ) ;
#62 = CARTESIAN_POINT ( 'NONE',  ( 0.02200408438259501484, 0.007841788160536648788, -0.003108202707318784286 ) ) ;
#63 = DIRECTION ( 'NONE',  ( 9.484135310589723205E-16, 1.000000000000000000, -0.000000000000000000 ) ) ;
#64 = EDGE_LOOP ( 'NONE', ( #4241, #1739, #3846, #2882, #369 ) ) ;
#65 = CARTESIAN_POINT ( 'NONE',  ( -0.002413878116497767973, 0.01026741897510838157, -0.001010550134638586988 ) ) ;
#66 = CARTESIAN_POINT ( 'NONE',  ( 0.000000000000000000, 0.002044699999999995219, -0.005003800000000000088 ) ) ;
#67 = CARTESIAN_POINT ( 'NONE',  ( 0.002321524728190195799, 0.01112862447981521376, 0.0003071187435427551941 ) ) ;
#68 = CARTESIAN_POINT ( 'NONE',  ( 0.05058187948339244039, 0.009997201225576183431, -0.004526969189273999730 ) ) ;
#69 = ADVANCED_FACE ( 'NONE', ( #6785 ), #6721, .T. ) ;
#70 = CARTESIAN_POINT ( 'NONE',  ( 0.005249251399229693492, 0.007902092979433573625, -0.004604778610333895746 ) ) ;
#71 = FILL_AREA_STYLE_COLOUR ( '', #4202 ) ;
#72 = CARTESIAN_POINT ( 'NONE',  ( 0.1298849211659599823, 0.005774832777154413448, 0.008885139373261194753 ) ) ;
#73 = CARTESIAN_POINT ( 'NONE',  ( -0.002407192651261643845, 0.01028131976660789232, 0.001009262060190574016 ) ) ;
#74 = CARTESIAN_POINT ( 'NONE',  ( -0.002346571720763212555, 0.01043287951499927146, -0.0009788128653646500747 ) ) ;
#75 = CARTESIAN_POINT ( 'NONE',  ( 0.006076425673419877035, 0.006277757856243750510, -0.001487083827504141536 ) ) ;
#76 = CARTESIAN_POINT ( 'NONE',  ( 0.003086844871994780248, 0.009358680704415088189, -0.0006263125782154909662 ) ) ;
#77 = CARTESIAN_POINT ( 'NONE',  ( -0.0002540000000000000482, 0.005588000000000000085, -0.001404488224300015371 ) ) ;
#78 = CARTESIAN_POINT ( 'NONE',  ( -0.03001282018049291483, 0.008389178048727855691, 0.003150566583750013649 ) ) ;
#79 = CARTESIAN_POINT ( 'NONE',  ( 0.002983341347281003031, 0.01078698913342405162, 0.001778807848569996910 ) ) ;
#80 = B_SPLINE_CURVE_WITH_KNOTS ( 'NONE', 3,
 ( #4066, #299, #3051, #1390, #5662, #2449, #869, #3014, #2484, #6751, #2558, #1944, #6224, #1422 ),
 .UNSPECIFIED., .F., .F.,
 ( 4, 2, 2, 2, 2, 2, 4 ),
 ( 0.000000000000000000, 0.0005898026618873717904, 0.0008847039928310569809, 0.001032154658302898926, 0.001105879991038820603, 0.001142742657406781550, 0.001179605323774742280 ),
 .UNSPECIFIED. ) ;
#81 = CARTESIAN_POINT ( 'NONE',  ( 0.002758464773753961045, 0.009733597306359680762, -0.0009223214058927554221 ) ) ;
#82 = CARTESIAN_POINT ( 'NONE',  ( 0.001574901523071196461, 0.0008101933006409962152, 0.006056873109292342482 ) ) ;
#83 = CARTESIAN_POINT ( 'NONE',  ( -0.003006369072519768457, 0.01173622642550725854, -0.0008485822253147584562 ) ) ;
#84 = CARTESIAN_POINT ( 'NONE',  ( 0.004458923075266497948, 0.007772136466713669249, -0.004379560549415580095 ) ) ;
#85 = ORIENTED_EDGE ( 'NONE', *, *, #5656, .F. ) ;
#86 = EDGE_CURVE ( 'NONE', #4039, #4775, #3830, .T. ) ;
#87 = ORIENTED_EDGE ( 'NONE', *, *, #4924, .T. ) ;
#88 = CARTESIAN_POINT ( 'NONE',  ( -0.04965535818719969685, 0.009978657201942953830, 0.004570687508392133440 ) ) ;
#89 = CARTESIAN_POINT ( 'NONE',  ( 0.003694831726868768283, 0.009387312040392359683, -0.001306526087592945612 ) ) ;
#90 = CARTESIAN_POINT ( 'NONE',  ( 0.002318616153204089946, 0.01111793906347172817, -0.0003387495152789311826 ) ) ;
#91 = CARTESIAN_POINT ( 'NONE',  ( -0.002779309958254050101, 0.009707632337493341326, 0.0009098276045810791985 ) ) ;
#92 = B_SPLINE_CURVE_WITH_KNOTS ( 'NONE', 3,
 ( #1298, #3864, #5530, #5982, #4535, #6625, #4497, #2349, #735, #2952, #3338, #2316, #2388, #6089, #4932, #1812, #5035, #120, #2280, #6515, #5005, #3448, #6657, #4423, #3972, #6551, #4967, #3378, #5566, #1264, #770, #1742, #2914, #2844, #6123, #3899, #6054, #6019, #1226, #239, #5494, #3416, #162, #1703, #5598, #1330, #1847, #5456, #699, #3483, #4463, #805, #272, #5067, #4383, #6591, #2881, #200, #1289, #2232, #76, #3962 ),
 .UNSPECIFIED., .F., .F.,
 ( 4, 2, 2, 2, 2, 2, 2, 1, 2, 2, 2, 2, 1, 2, 2, 1, 2, 2, 2, 2, 2, 1, 2, 2, 2, 2, 2, 2, 2, 2, 2, 2, 4 ),
 ( 0.6341920721396951954, 0.6457452507541415754, 0.6572984293685879553, 0.6688516079830344463, 0.6804047865974808262, 0.6861813759047039607, 0.6919579652119270952, 0.6977345545191502296, 0.7006228491727618524, 0.7035111438263734751, 0.7150643224408190779, 0.7208409117480418793, 0.7266175010552646807, 0.7323940903624874821, 0.7352823850160991048, 0.7381706796697107276, 0.7497238582841561083, 0.7555004475913790207, 0.7612770368986019331, 0.7728302155130473139, 0.7843833941274926946, 0.7959365727419380754, 0.8074897513563835671, 0.8190429299708289479, 0.8421492871997200425, 0.8652556444286110260, 0.9114683588863931041, 0.9345747161152840876, 0.9576810733441749601, 0.9634576626513979836, 0.9692342519586208960, 0.9807874305730668318, 1.003893787801958482 ),
 .UNSPECIFIED. ) ;
#93 = CARTESIAN_POINT ( 'NONE',  ( -0.004037508081357416012, 0.008933133197152066593, 0.0002671768755400123351 ) ) ;
#94 = CARTESIAN_POINT ( 'NONE',  ( -0.006254808641225179447, 0.005206889983837044954, -7.485578370822247802E-05 ) ) ;
#95 = AXIS2_PLACEMENT_3D ( 'NONE', #3875, #4399, #4908 ) ;
#96 = LINE ( 'NONE', #5852, #225 ) ;
#97 = CARTESIAN_POINT ( 'NONE',  ( 0.005886985839374755426, 0.003357017069040545750, 0.002468144199579365861 ) ) ;
#98 = CARTESIAN_POINT ( 'NONE',  ( -0.003142679679265038099, 0.009300459297902293615, -0.0005417063608978237585 ) ) ;
#99 = FACE_OUTER_BOUND ( 'NONE', #5036, .T. ) ;
#100 = ADVANCED_FACE ( 'NONE', ( #4592 ), #3579, .T. ) ;
#101 = ORIENTED_EDGE ( 'NONE', *, *, #166, .T. ) ;
#102 = VECTOR ( 'NONE', #2139, 1.000000000000000000 ) ;
#103 = CARTESIAN_POINT ( 'NONE',  ( 0.003003670439367996797, 0.01173126836995033381, 0.0008907770938891771805 ) ) ;
#104 = CARTESIAN_POINT ( 'NONE',  ( 0.002308149563497759096, 0.01056745902135477512, 0.0009308767482855933965 ) ) ;
#105 = CARTESIAN_POINT ( 'NONE',  ( -0.001820772261231249972, 0.01066989947615140134, 0.0009051094851862127909 ) ) ;
#106 = CARTESIAN_POINT ( 'NONE',  ( 0.009148596562841575588, 0.007734718761733951758, -0.003917451043206413019 ) ) ;
#107 = CONICAL_SURFACE ( 'NONE', #3713, 0.003962399999999999603, 0.2069921942198206244 ) ;
#108 = DIRECTION ( 'NONE',  ( 0.000000000000000000, 1.000000000000000000, 0.000000000000000000 ) ) ;
#109 = CARTESIAN_POINT ( 'NONE',  ( 0.1302156527758024096, 0.005674951544642833565, 0.008767787067762405906 ) ) ;
#110 = CARTESIAN_POINT ( 'NONE',  ( -0.002743062462558733174, 0.009752854450792654978, 0.0009313728463546772866 ) ) ;
#111 = CARTESIAN_POINT ( 'NONE',  ( -0.002341152660057356418, 0.01044905572679238719, -0.0009741601063735455621 ) ) ;
#112 = CARTESIAN_POINT ( 'NONE',  ( 0.004706843373244782788, 0.001922406229978828717, 0.004346768010899831371 ) ) ;
#113 = ORIENTED_EDGE ( 'NONE', *, *, #3184, .F. ) ;
#114 = FACE_OUTER_BOUND ( 'NONE', #6050, .T. ) ;
#115 = CARTESIAN_POINT ( 'NONE',  ( -0.002961311690811364167, 0.01089745241005083548, -0.001739954519520540022 ) ) ;
#116 = CARTESIAN_POINT ( 'NONE',  ( 0.003023897020303455314, 0.01179185972840860255, -0.0006922897079817448562 ) ) ;
#117 = CARTESIAN_POINT ( 'NONE',  ( 0.002954701211680996198, 0.01151283244804325243, 0.001253280565379846084 ) ) ;
#118 = CARTESIAN_POINT ( 'NONE',  ( 0.004379991594527760969, 0.001699275456554631431, 0.004671122133219602658 ) ) ;
#119 = CARTESIAN_POINT ( 'NONE',  ( -0.003231899909131461836, 0.009209374488890078800, 0.0003589574262433802444 ) ) ;
#120 = CARTESIAN_POINT ( 'NONE',  ( 0.002739115634655852911, 0.009758136919991900957, 0.0009331573690275634953 ) ) ;
#121 = VERTEX_POINT ( 'NONE', #1002 ) ;
#122 = CARTESIAN_POINT ( 'NONE',  ( -0.03974814103446092095, -0.001433025255761889629, -0.01531147177191948504 ) ) ;
#123 = EDGE_CURVE ( 'NONE', #587, #535, #1719, .T. ) ;
#124 = PRODUCT_DEFINITION_SHAPE ( 'NONE', 'NONE',  #6951 ) ;
#125 = CARTESIAN_POINT ( 'NONE',  ( 0.002293331660248902441, 0.01100069098894812525, 0.0005707883764807737724 ) ) ;
#126 = EDGE_CURVE ( 'NONE', #3687, #227, #2293, .T. ) ;
#127 = ORIENTED_EDGE ( 'NONE', *, *, #86, .F. ) ;
#128 = CARTESIAN_POINT ( 'NONE',  ( -0.1063862299449823412, 0.009467123803103764945, -0.0002235711368571072352 ) ) ;
#129 = CARTESIAN_POINT ( 'NONE',  ( 0.003343929828587252889, 0.009928735500791241106, -0.001710974352276899363 ) ) ;
#130 = CARTESIAN_POINT ( 'NONE',  ( 0.002308063968298257503, 0.01107558650596302159, -0.0004406503984354436594 ) ) ;
#131 = CARTESIAN_POINT ( 'NONE',  ( -0.003294903239980208950, 0.009146480888669978118, 8.541198372810841180E-05 ) ) ;
#132 = CARTESIAN_POINT ( 'NONE',  ( -0.004004334578558422543, 0.008975167081319151974, -0.0004963424577522683673 ) ) ;
#133 = DIRECTION ( 'NONE',  ( -0.000000000000000000, 1.000000000000000000, -0.000000000000000000 ) ) ;
#134 = CARTESIAN_POINT ( 'NONE',  ( 0.004449413750241893936, 0.007823458923108659105, -0.004389221306125198549 ) ) ;
#135 = CARTESIAN_POINT ( 'NONE',  ( 0.004044884154847374833, 0.008923831018013467578, -0.0001812643263185437106 ) ) ;
#136 = CARTESIAN_POINT ( 'NONE',  ( 0.01798929285220532415, 0.007704547684439687176, -0.003223220127303149957 ) ) ;
#137 = DIRECTION ( 'NONE',  ( 0.000000000000000000, -1.000000000000000000, 0.000000000000000000 ) ) ;
#138 = EDGE_LOOP ( 'NONE', ( #2459, #6407, #5332 ) ) ;
#139 = CARTESIAN_POINT ( 'NONE',  ( -0.002321804342209725629, 0.01050307870738682002, -0.0009602748380723198770 ) ) ;
#140 = CARTESIAN_POINT ( 'NONE',  ( -0.003789631356622708263, 0.009256535976721136025, -0.001137997609227374462 ) ) ;
#141 = CARTESIAN_POINT ( 'NONE',  ( 0.002879730864603377658, 0.009587441940680679550, 0.0008394503833385082289 ) ) ;
#142 = CARTESIAN_POINT ( 'NONE',  ( 0.000000000000000000, 0.005587999999999999218, 0.000000000000000000 ) ) ;
#143 = EDGE_CURVE ( 'NONE', #6626, #3128, #6204, .T. ) ;
#144 = CARTESIAN_POINT ( 'NONE',  ( -0.002323978452039403720, 0.01015999999999832142, 0.001016000000007534097 ) ) ;
#145 = CARTESIAN_POINT ( 'NONE',  ( 0.000000000000000000, 0.01000000000000000021, 0.000000000000000000 ) ) ;
#146 = DIRECTION ( 'NONE',  ( -0.000000000000000000, -1.000000000000000000, -0.000000000000000000 ) ) ;
#147 = CARTESIAN_POINT ( 'NONE',  ( -0.002329535983312043534, 0.01115628802529918841, 0.0001999151103976085889 ) ) ;
#148 = CARTESIAN_POINT ( 'NONE',  ( 0.004301997297838715609, 0.001642117958166990858, 0.004752717630180636026 ) ) ;
#149 = APPLICATION_CONTEXT ( 'automotive_design' ) ;
#150 = EDGE_LOOP ( 'NONE', ( #690, #2305, #821, #2045 ) ) ;
#151 = DIRECTION ( 'NONE',  ( 1.224646799147353207E-16, -1.161471595079409288E-31, -1.000000000000000000 ) ) ;
#152 = CARTESIAN_POINT ( 'NONE',  ( -0.003061340797459990905, 0.01189506903150486065, -0.0001069962597987423507 ) ) ;
#153 = CARTESIAN_POINT ( 'NONE',  ( 0.003054803795946385656, 0.01187831008038043798, -0.0002909386609007295682 ) ) ;
#154 = CARTESIAN_POINT ( 'NONE',  ( 0.001989873789050210662, 0.01108937556517323141, -0.0004246328456469991314 ) ) ;
#155 = CARTESIAN_POINT ( 'NONE',  ( 0.003047678522633674898, 0.009400484184604443461, -0.0006750708922877107863 ) ) ;
#156 = CARTESIAN_POINT ( 'NONE',  ( 0.02297305825785924890, -6.618838861039471537E-05, 0.006358794152084697344 ) ) ;
#157 = EDGE_LOOP ( 'NONE', ( #3039, #3934 ) ) ;
#158 = CARTESIAN_POINT ( 'NONE',  ( 0.005088532082463847160, 0.002699990240642653576, 0.003638371759382248976 ) ) ;
#159 = CARTESIAN_POINT ( 'NONE',  ( 0.09537142199669516873, 0.009959846506972869565, -0.001333519595868118543 ) ) ;
#160 = CARTESIAN_POINT ( 'NONE',  ( -0.002991711256142406961, 0.01168442285484127575, 0.0009663836180705845337 ) ) ;
#161 = PRESENTATION_LAYER_ASSIGNMENT (  '', '', ( #1846 ) ) ;
#162 = CARTESIAN_POINT ( 'NONE',  ( 0.003177795474989637218, 0.009264288175736970846, 0.0004801973252834837121 ) ) ;
#163 = VERTEX_POINT ( 'NONE', #441 ) ;
#164 = CARTESIAN_POINT ( 'NONE',  ( -0.08762460498691725108, -0.0006362504837998190967, -0.02791254606687060963 ) ) ;
#165 = MANIFOLD_SOLID_BREP ( '#10-24 Roscas Standard Taladro1', #3776 ) ;
#166 = EDGE_CURVE ( 'NONE', #2710, #5555, #2061, .T. ) ;
#167 = AXIS2_PLACEMENT_3D ( 'NONE', #970, #4161, #6320 ) ;
#168 = EDGE_CURVE ( 'NONE', #1933, #1813, #2912, .T. ) ;
#169 = CARTESIAN_POINT ( 'NONE',  ( -0.1146524957972425429, 0.009147954085906625371, -0.0007316170308680478625 ) ) ;
#170 = CARTESIAN_POINT ( 'NONE',  ( 0.002290049505349860213, 0.01097897524729504401, -0.0006013149779431407839 ) ) ;
#171 = CARTESIAN_POINT ( 'NONE',  ( -0.003247693472826238079, 0.009193488339789371647, 0.0003165023915794956894 ) ) ;
#172 = CARTESIAN_POINT ( 'NONE',  ( -0.003929804074428739497, 0.009070904646158317250, 0.0007911688481970778663 ) ) ;
#173 = CARTESIAN_POINT ( 'NONE',  ( -0.001921001573250516372, 0.0009343732418055852732, -0.006125572011285009520 ) ) ;
#174 = B_SPLINE_CURVE_WITH_KNOTS ( 'NONE', 3,
 ( #3190, #1041, #4343, #5416, #4270, #545, #2088, #4306, #2628, #6508, #4235, #5903, #1108, #2731, #2197, #3714, #5832, #5306, #2236, #6471, #3748, #4856, #4895, #511, #6918, #2660, #4760, #480, #4790, #1075 ),
 .UNSPECIFIED., .F., .F.,
 ( 4, 2, 2, 2, 2, 2, 2, 2, 2, 2, 2, 2, 2, 2, 4 ),
 ( 0.000000000000000000, 0.0009543926845421561202, 0.001908785369084312240, 0.002863178053626467927, 0.003817570738168624481, 0.004771963422710781035, 0.005726356107252934986, 0.007635141476337243757, 0.008589534160879397709, 0.009543926845421553395, 0.01145271221450586303, 0.01240710489904801872, 0.01336149758359017441, 0.01431589026813233183, 0.01527028295267448751 ),
 .UNSPECIFIED. ) ;
#175 = CARTESIAN_POINT ( 'NONE',  ( -0.004050873079457608869, 0.008916290607941934968, -0.0001694365363957644436 ) ) ;
#176 = CARTESIAN_POINT ( 'NONE',  ( 0.003798403255366750858, 0.009244656330547287859, -0.001120266233669080583 ) ) ;
#177 = CARTESIAN_POINT ( 'NONE',  ( -0.002913674661711259349, 0.009548429649185369295, -0.0008113956460411783644 ) ) ;
#178 = CARTESIAN_POINT ( 'NONE',  ( -0.0002540000000000001566, 0.005588000000000000085, 0.001404488224300015587 ) ) ;
#179 = ORIENTED_EDGE ( 'NONE', *, *, #3689, .F. ) ;
#180 = CARTESIAN_POINT ( 'NONE',  ( -0.002445640285076073651, 0.01020320210449351429, -0.001015301894856410680 ) ) ;
#181 = CARTESIAN_POINT ( 'NONE',  ( 0.003058007395407861140, 0.01188676194692107370, 0.0002311531539647543852 ) ) ;
#182 = CARTESIAN_POINT ( 'NONE',  ( 0.002779410513338134540, 0.009707318886662702831, 0.0009100995550391413180 ) ) ;
#183 = CARTESIAN_POINT ( 'NONE',  ( -1.173223625603060539E-17, 0.01015018309780834661, 0.002552700000000010169 ) ) ;
#184 = FACE_OUTER_BOUND ( 'NONE', #1684, .T. ) ;
#185 = CARTESIAN_POINT ( 'NONE',  ( -0.002335870553884297676, 0.01015345462724923792, 0.001015984183931893095 ) ) ;
#186 = MANIFOLD_SOLID_BREP ( 'Cut-Extrude1', #4448 ) ;
#187 = CARTESIAN_POINT ( 'NONE',  ( 0.1300233423927875942, 0.005893529708057894216, 0.008991657172327149200 ) ) ;
#188 = DIRECTION ( 'NONE',  ( -1.000000000000000000, 8.537024980200825762E-16, 0.000000000000000000 ) ) ;
#189 = CARTESIAN_POINT ( 'NONE',  ( 0.003603741299698999707, 0.001294394854283514732, 0.005307684029598784374 ) ) ;
#190 = EDGE_LOOP ( 'NONE', ( #5856, #4248 ) ) ;
#191 = CARTESIAN_POINT ( 'NONE',  ( -0.004532770357480770881, 0.007879700853608794658, 0.004348545423956122480 ) ) ;
#192 = CARTESIAN_POINT ( 'NONE',  ( -0.003039892821719123502, 0.01183872440781736507, -0.0005267919237586194889 ) ) ;
#193 = CARTESIAN_POINT ( 'NONE',  ( 0.002972743368678491295, 0.01083789649466550091, 0.001761782056206823849 ) ) ;
#194 = B_SPLINE_CURVE_WITH_KNOTS ( 'NONE', 3,
 ( #178, #3353, #4845, #711, #4363, #26, #3879 ),
 .UNSPECIFIED., .F., .F.,
 ( 4, 3, 4 ),
 ( 0.008729009194748192646, 0.01361370798839668661, 0.01431720391460388278 ),
 .UNSPECIFIED. ) ;
#195 = CARTESIAN_POINT ( 'NONE',  ( -0.002552762759189123112, 0.009143842317443334755, -0.0001319858781474111422 ) ) ;
#196 = CARTESIAN_POINT ( 'NONE',  ( 4.199313874276273308E-19, 0.000000000000000000, -0.003047999999999999928 ) ) ;
#197 = ORIENTED_EDGE ( 'NONE', *, *, #4605, .F. ) ;
#198 = CARTESIAN_POINT ( 'NONE',  ( 0.004654626829063297430, 0.002082001512246830881, 0.004247692174917520533 ) ) ;
#199 = CARTESIAN_POINT ( 'NONE',  ( -0.003005693975896508389, 0.01070388724685575332, 0.001797253008676117725 ) ) ;
#200 = CARTESIAN_POINT ( 'NONE',  ( 0.003164181202231997492, 0.009278256717542411255, -0.0005052767384558589942 ) ) ;
#201 = VERTEX_POINT ( 'NONE', #6948 ) ;
#202 = CARTESIAN_POINT ( 'NONE',  ( 0.1299999999999999489, 0.005612429250701388844, 0.009265824011771390048 ) ) ;
#203 = CARTESIAN_POINT ( 'NONE',  ( 0.002282177303165566686, 0.01073297884940507818, 0.0008397315668755016456 ) ) ;
#204 = CARTESIAN_POINT ( 'NONE',  ( -0.1037216449842899846, 0.009808324966721869431, 0.0001788243813238022946 ) ) ;
#205 = CYLINDRICAL_SURFACE ( 'NONE', #2028, 0.001015999999999999976 ) ;
#206 = CARTESIAN_POINT ( 'NONE',  ( -0.002827674923868611027, 0.009648764510276342660, 0.0008781352513685711887 ) ) ;
#207 = EDGE_CURVE ( 'NONE', #2276, #2027, #2058, .T. ) ;
#208 = CARTESIAN_POINT ( 'NONE',  ( -0.002325110902749821535, 0.01114128822966220338, -0.0002638745836311629715 ) ) ;
#209 = CARTESIAN_POINT ( 'NONE',  ( -0.006352944357898662221, 0.005394639822921323651, 0.0001882591878436321161 ) ) ;
#210 = CARTESIAN_POINT ( 'NONE',  ( -0.1299999999999999767, 0.001072457435249923310, -0.01786584610186357780 ) ) ;
#211 = CARTESIAN_POINT ( 'NONE',  ( 0.006349055680162668525, 0.005542335954107887978, -0.0003913077162223794992 ) ) ;
#212 = FACE_OUTER_BOUND ( 'NONE', #1358, .T. ) ;
#213 = EDGE_CURVE ( 'NONE', #4514, #4873, #3090, .T. ) ;
#214 = EDGE_CURVE ( 'NONE', #2329, #3866, #33, .T. ) ;
#215 = ORIENTED_EDGE ( 'NONE', *, *, #6855, .F. ) ;
#216 = CARTESIAN_POINT ( 'NONE',  ( 0.000000000000000000, 0.000000000000000000, 0.000000000000000000 ) ) ;
#217 = CARTESIAN_POINT ( 'NONE',  ( -0.003002937280599490052, 0.01172461232716292406, -0.0008768731300110087050 ) ) ;
#218 = CIRCLE ( 'NONE', #5499, 0.002412999999999997612 ) ;
#219 = CARTESIAN_POINT ( 'NONE',  ( 0.002901829777285058233, 0.009561949208600395780, 0.0008214827636058507580 ) ) ;
#220 = CARTESIAN_POINT ( 'NONE',  ( -0.001989965966649217925, 0.01108956718775915007, 0.0004240478564630402870 ) ) ;
#221 = CARTESIAN_POINT ( 'NONE',  ( 0.02132666045355946852, 0.008432897158993982872, -0.004085506249787596023 ) ) ;
#222 = EDGE_CURVE ( 'NONE', #2317, #337, #1315, .T. ) ;
#223 = CARTESIAN_POINT ( 'NONE',  ( 0.0002539999999999999398, 0.005588000000000000085, -0.001404488224300015371 ) ) ;
#224 = CARTESIAN_POINT ( 'NONE',  ( 0.08762460498691705679, -0.0006362504837998190967, 0.02791254606687122025 ) ) ;
#225 = VECTOR ( 'NONE', #5889, 1.000000000000000000 ) ;
#226 = CARTESIAN_POINT ( 'NONE',  ( 0.004082399880964117204, 0.001515707343338109714, 0.004945487857180291304 ) ) ;
#227 = VERTEX_POINT ( 'NONE', #5553 ) ;
#228 = DIRECTION ( 'NONE',  ( 1.000000000000000000, -0.000000000000000000, -0.000000000000000000 ) ) ;
#229 = CARTESIAN_POINT ( 'NONE',  ( 0.004941353327014543807, 0.002375997840569936924, 0.003912181869159011074 ) ) ;
#230 = CARTESIAN_POINT ( 'NONE',  ( 0.003038097166436734206, 0.01183310390015271558, 0.0005413971359078862842 ) ) ;
#231 = DIRECTION ( 'NONE',  ( 9.484135310589723205E-16, 1.000000000000000000, -0.000000000000000000 ) ) ;
#232 = AXIS2_PLACEMENT_3D ( 'NONE', #4218, #2672, #3760 ) ;
#233 = CARTESIAN_POINT ( 'NONE',  ( 0.002852791091924244612, 0.009618913607448847936, -0.0008601498976112228112 ) ) ;
#234 = DIRECTION ( 'NONE',  ( 1.000000000000000000, 0.000000000000000000, 1.123292760552739875E-17 ) ) ;
#235 = VERTEX_POINT ( 'NONE', #756 ) ;
#236 = CARTESIAN_POINT ( 'NONE',  ( 0.006148784753685822974, 0.007010982767235707062, -0.001655361687800939625 ) ) ;
#237 = CARTESIAN_POINT ( 'NONE',  ( 0.07408284621655053526, 0.01052268294842600635, -0.003230364177223111512 ) ) ;
#238 = CARTESIAN_POINT ( 'NONE',  ( -0.003018922339492966130, 0.01177665956917924549, 0.0007390712356286598117 ) ) ;
#239 = CARTESIAN_POINT ( 'NONE',  ( 0.003118392811372887059, 0.009325595755666002754, 0.0005811727803008943450 ) ) ;
#240 = ORIENTED_EDGE ( 'NONE', *, *, #3408, .F. ) ;
#241 = CARTESIAN_POINT ( 'NONE',  ( -0.01747347648646994933, -5.645543202543995944E-05, -0.005446237538216646204 ) ) ;
#242 = AXIS2_PLACEMENT_3D ( 'NONE', #252, #6671, #1277 ) ;
#243 = CIRCLE ( 'NONE', #810, 0.0001000000000000000726 ) ;
#244 = CARTESIAN_POINT ( 'NONE',  ( -0.1119656575298651480, 0.009343945481379534526, -0.0002237065339634699862 ) ) ;
#245 = DIRECTION ( 'NONE',  ( 1.000000000000000000, -0.000000000000000000, -0.000000000000000000 ) ) ;
#246 = CARTESIAN_POINT ( 'NONE',  ( 0.08720154580222796992, 0.01037353232320397875, -0.002189717430577855367 ) ) ;
#247 = CARTESIAN_POINT ( 'NONE',  ( -0.002405664156919543398, 0.01028528575671054830, -0.001008382249743305188 ) ) ;
#248 = CARTESIAN_POINT ( 'NONE',  ( -0.07923661467528092528, 0.01049948552543667792, 0.002885361775512477935 ) ) ;
#249 = CARTESIAN_POINT ( 'NONE',  ( 0.004513834932629716933, 0.007841908605045294980, -0.004358545206616376046 ) ) ;
#250 = CARTESIAN_POINT ( 'NONE',  ( 0.002938471294662384561, 0.01138653692602110794, 0.001405067347367898629 ) ) ;
#251 = CARTESIAN_POINT ( 'NONE',  ( -0.07940699017819789762, 0.01030074004316823902, 0.002882317463731708541 ) ) ;
#252 = CARTESIAN_POINT ( 'NONE',  ( 0.000000000000000000, 0.005588000000000000085, 0.000000000000000000 ) ) ;
#253 = VERTEX_POINT ( 'NONE', #3990 ) ;
#254 = CARTESIAN_POINT ( 'NONE',  ( -0.003032428501397171818, 0.01061361187834861108, -0.001812755247026967987 ) ) ;
#255 = CARTESIAN_POINT ( 'NONE',  ( 0.002311870810098185739, 0.01055163439750913222, -0.0009376421062632329462 ) ) ;
#256 = DIRECTION ( 'NONE',  ( 0.000000000000000000, 0.000000000000000000, -1.000000000000000000 ) ) ;
#257 = CARTESIAN_POINT ( 'NONE',  ( 0.04699111981715894254, 0.009879596909282743755, -0.003821739623136007416 ) ) ;
#258 = EDGE_CURVE ( 'NONE', #1377, #4187, #3196, .T. ) ;
#259 = DIRECTION ( 'NONE',  ( -0.000000000000000000, -1.000000000000000000, -0.000000000000000000 ) ) ;
#260 = CARTESIAN_POINT ( 'NONE',  ( 0.1301865634197378607, 0.005371750542525259749, 0.009817535505666325282 ) ) ;
#261 = DIRECTION ( 'NONE',  ( 9.484135310589723205E-16, 1.000000000000000000, -0.000000000000000000 ) ) ;
#262 = ORIENTED_EDGE ( 'NONE', *, *, #950, .T. ) ;
#263 = CARTESIAN_POINT ( 'NONE',  ( -0.002317188062973297991, 0.01111254155407584952, 0.0003535964964239473262 ) ) ;
#264 =( NAMED_UNIT ( * ) SI_UNIT ( $, .STERADIAN. ) SOLID_ANGLE_UNIT ( ) );
#265 = CARTESIAN_POINT ( 'NONE',  ( 0.003000849218461929414, 0.01171791421373451388, 0.0008944066714572447736 ) ) ;
#266 = DIRECTION ( 'NONE',  ( -1.000000000000000000, 9.509597446299629225E-16, 0.000000000000000000 ) ) ;
#267 = CARTESIAN_POINT ( 'NONE',  ( 0.003011909164732892372, 0.009439107260811867295, -0.0007161901128298077922 ) ) ;
#268 = DIRECTION ( 'NONE',  ( -1.123292760552739875E-17, 0.000000000000000000, 1.000000000000000000 ) ) ;
#269 = CARTESIAN_POINT ( 'NONE',  ( 0.005703260428365518331, 0.003413599007056782042, 0.002754528877293635318 ) ) ;
#270 = CARTESIAN_POINT ( 'NONE',  ( 0.003078115731349158075, 0.009367996807980016188, -0.0006371779800283507373 ) ) ;
#271 = CARTESIAN_POINT ( 'NONE',  ( -0.002931521853666893985, 0.01125389639158021725, 0.001528927921345487988 ) ) ;
#272 = CARTESIAN_POINT ( 'NONE',  ( 0.003227865975270885653, 0.009213367760162521555, -0.0003723363108874021602 ) ) ;
#273 = VERTEX_POINT ( 'NONE', #3327 ) ;
#274 = CARTESIAN_POINT ( 'NONE',  ( -0.03005779616874902638, -0.001143308794372898621, -0.009584346660960521222 ) ) ;
#275 = AXIS2_PLACEMENT_3D ( 'NONE', #4521, #650, #6040 ) ;
#276 = CARTESIAN_POINT ( 'NONE',  ( -0.1261122881291124320, 0.007263906041862334441, -0.005684506083309670554 ) ) ;
#277 = DIRECTION ( 'NONE',  ( 0.000000000000000000, 0.000000000000000000, -1.000000000000000000 ) ) ;
#278 = CARTESIAN_POINT ( 'NONE',  ( 0.1283331127322855092, 0.006856757162163289523, 0.007042957548705519252 ) ) ;
#279 = CARTESIAN_POINT ( 'NONE',  ( -0.002334938252973350978, 0.01117375026059693258, -7.585950703594508335E-05 ) ) ;
#280 = CARTESIAN_POINT ( 'NONE',  ( -0.007365901090102826461, 0.007933723153848817530, 0.004024827400553573735 ) ) ;
#281 = CARTESIAN_POINT ( 'NONE',  ( 0.004494020663777013001, 0.007773018935076030957, -0.004343709992550952304 ) ) ;
#282 = CARTESIAN_POINT ( 'NONE',  ( 0.003880020477674028887, 0.009135889504243993250, 0.0009338890384073809297 ) ) ;
#283 = CARTESIAN_POINT ( 'NONE',  ( -0.1300000000000000044, 0.005612429250701388844, -0.009265824011770482788 ) ) ;
#284 = AXIS2_PLACEMENT_3D ( 'NONE', #4032, #231, #5487 ) ;
#285 = DIRECTION ( 'NONE',  ( 1.006525015729457280E-18, -0.9999662242671039092, 0.008218900473428250933 ) ) ;
#286 = ORIENTED_EDGE ( 'NONE', *, *, #2363, .F. ) ;
#287 = CARTESIAN_POINT ( 'NONE',  ( 0.000000000000000000, 0.000000000000000000, 0.000000000000000000 ) ) ;
#288 = CARTESIAN_POINT ( 'NONE',  ( -0.002932204166578406771, 0.01117375959029129513, -0.001590114021223669200 ) ) ;
#289 = CARTESIAN_POINT ( 'NONE',  ( 0.002282080741152333215, 0.01073382425081880615, -0.0008391482403004594994 ) ) ;
#290 = DIRECTION ( 'NONE',  ( 0.000000000000000000, 0.000000000000000000, 1.000000000000000000 ) ) ;
#291 = CARTESIAN_POINT ( 'NONE',  ( 0.02943455295585597001, 0.008527113162493304629, -0.003062205767295413539 ) ) ;
#292 = DIRECTION ( 'NONE',  ( -1.000000000000000000, 0.000000000000000000, -1.123292760552739567E-17 ) ) ;
#293 = CARTESIAN_POINT ( 'NONE',  ( 0.1123313774808385596, 5.425414110102468957E-05, 0.02241647820108606456 ) ) ;
#294 = ORIENTED_EDGE ( 'NONE', *, *, #2702, .F. ) ;
#295 = CARTESIAN_POINT ( 'NONE',  ( 0.000000000000000000, 0.000000000000000000, 0.000000000000000000 ) ) ;
#296 = CARTESIAN_POINT ( 'NONE',  ( -0.004379991594527793929, 0.001699275456554631431, -0.004671122133219572300 ) ) ;
#297 = EDGE_CURVE ( 'NONE', #2445, #337, #4181, .T. ) ;
#298 = CARTESIAN_POINT ( 'NONE',  ( 0.002931945260041330954, 0.01118283100939237128, -0.001583646352819262706 ) ) ;
#299 = CARTESIAN_POINT ( 'NONE',  ( -0.003612449835235131274, 0.001332226486253931374, -0.005158264011248204703 ) ) ;
#300 = CARTESIAN_POINT ( 'NONE',  ( 0.003058739815433263003, 0.009388678591500707049, -0.0006613012057985512586 ) ) ;
#301 = CARTESIAN_POINT ( 'NONE',  ( 0.003819792036286183065, 0.009215893353883739328, -0.001075575442349632456 ) ) ;
#302 = SURFACE_STYLE_FILL_AREA ( #1455 ) ;
#303 = CARTESIAN_POINT ( 'NONE',  ( 0.006035014353891239233, 0.004521754181125602588, 0.001643023991572936573 ) ) ;
#304 = CARTESIAN_POINT ( 'NONE',  ( 0.1116961773502377769, 0.009103489964294934900, 0.001226213706575424991 ) ) ;
#305 = CARTESIAN_POINT ( 'NONE',  ( 0.003168306242598018570, 0.01026632458198359354, -0.001809492057636363348 ) ) ;
#306 = CARTESIAN_POINT ( 'NONE',  ( 0.09566738294591577152, 0.01014777357052135814, -0.001281591188185860885 ) ) ;
#307 = CARTESIAN_POINT ( 'NONE',  ( -0.002999170161164872901, 0.01072810435700627223, 0.001791896905950709053 ) ) ;
#308 = VERTEX_POINT ( 'NONE', #223 ) ;
#309 = CARTESIAN_POINT ( 'NONE',  ( -0.06293829927198607566, -0.0004111327656885649948, -0.02381863383957509919 ) ) ;
#310 = EDGE_CURVE ( 'NONE', #3484, #1115, #1837, .T. ) ;
#311 = CARTESIAN_POINT ( 'NONE',  ( 0.002321550932043183867, 0.01112870908973647398, -0.0003068483097994549429 ) ) ;
#312 = EDGE_CURVE ( 'NONE', #1049, #5250, #6661, .T. ) ;
#313 = CARTESIAN_POINT ( 'NONE',  ( -0.1302783959498699518, 0.006207248024761730272, -0.007335387314314218386 ) ) ;
#314 = CARTESIAN_POINT ( 'NONE',  ( 0.002279396200615702809, 0.01086625042807452986, 0.0007313295888908031639 ) ) ;
#315 = CARTESIAN_POINT ( 'NONE',  ( 0.04593524839810261134, 0.009819880181704425393, -0.003792251613638472456 ) ) ;
#316 = B_SPLINE_SURFACE_WITH_KNOTS ( 'NONE', 3, 3, ( 
 ( #5371, #3740, #5862, #3120, #1100, #439, #4814, #2587, #4725, #4196, #5336, #5761, #1069, #6321 ),
 ( #3676, #5297, #5792, #505, #1001, #539, #2655, #2080, #3640, #2723, #576, #1919, #3151, #473 ),
 ( #5264, #5898, #4229, #4785, #4851, #6356, #4335, #34, #2620, #4753, #1551, #1034, #3292, #683 ),
 ( #2866, #4409, #3325, #2899, #2225, #3400, #3432, #6498, #5444, #1690, #5408, #5932, #3851, #6533 ) ),
 .UNSPECIFIED., .F., .F., .F.,
 ( 4, 4 ),
 ( 4, 1, 1, 1, 1, 1, 1, 1, 1, 1, 1, 4 ),
 ( 0.000000000000000000, 1.000000000000000000 ),
 ( 0.000000000000000000, 0.09375000000000000000, 0.1536846834549344121, 0.1562500000000000000, 0.2187500000000000000, 0.3125000000000000000, 0.3750000000000000000, 0.3846922576685049000, 0.4062500000000000000, 0.4375000000000000000, 0.6250000000000000000, 1.000000000000000000 ),
 .UNSPECIFIED. ) ;
#317 = CARTESIAN_POINT ( 'NONE',  ( -0.002283388753738973924, 0.01092257438670909964, -0.0006715911094964233498 ) ) ;
#318 = CARTESIAN_POINT ( 'NONE',  ( -0.002282142272275590987, 0.01090792028534174826, 0.0006878783630492581397 ) ) ;
#319 = CARTESIAN_POINT ( 'NONE',  ( 0.004572298980022770215, 0.007761052548408467998, -0.004327229423817429213 ) ) ;
#320 = CARTESIAN_POINT ( 'NONE',  ( 0.002959526298997615813, 0.01090904794061763397, 0.001734863350460766644 ) ) ;
#321 = DIRECTION ( 'NONE',  ( 0.000000000000000000, 0.000000000000000000, -1.000000000000000000 ) ) ;
#322 = CARTESIAN_POINT ( 'NONE',  ( 0.005833099582324588299, 0.003932313111713535772, 0.002294998625926753921 ) ) ;
#323 = FACE_OUTER_BOUND ( 'NONE', #3198, .T. ) ;
#324 = ORIENTED_EDGE ( 'NONE', *, *, #1199, .T. ) ;
#325 = CARTESIAN_POINT ( 'NONE',  ( -0.003036728079110046462, 0.01182935867984995226, 0.0005598126942331020216 ) ) ;
#326 = CARTESIAN_POINT ( 'NONE',  ( 0.002563856023001971195, 0.01000152479027832837, -0.001003688791452116711 ) ) ;
#327 = CARTESIAN_POINT ( 'NONE',  ( 0.03471704953770083507, 0.009179348548889664991, -0.004296066273239393211 ) ) ;
#328 = CARTESIAN_POINT ( 'NONE',  ( 0.003645839096809719640, 0.009456817146996856702, 0.001381482536072599354 ) ) ;
#329 = CARTESIAN_POINT ( 'NONE',  ( -0.005689013876084863218, 0.007053903804381757639, 0.002804822874823427025 ) ) ;
#330 = ORIENTED_EDGE ( 'NONE', *, *, #2102, .F. ) ;
#331 = CARTESIAN_POINT ( 'NONE',  ( -0.002335417595140131843, 0.01117529101691817385, -5.925694176382939951E-05 ) ) ;
#332 = CARTESIAN_POINT ( 'NONE',  ( -0.002473893968021402632, 0.0009456743923299298004, -0.005748275032202409748 ) ) ;
#333 = CARTESIAN_POINT ( 'NONE',  ( 0.003007536393742716273, 0.01174012328528786092, -0.0008388157908502277783 ) ) ;
#334 = CARTESIAN_POINT ( 'NONE',  ( 0.0002539999999999999940, 0.02225040000000000351, -0.002884438135928730530 ) ) ;
#335 = CARTESIAN_POINT ( 'NONE',  ( 0.003776134118509498656, 0.009274974657528838734, -0.001163206936511627975 ) ) ;
#336 = AXIS2_PLACEMENT_3D ( 'NONE', #5993, #1162, #566 ) ;
#337 = VERTEX_POINT ( 'NONE', #5055 ) ;
#338 = CARTESIAN_POINT ( 'NONE',  ( -0.002516386262464457950, 0.01007633493793473958, -0.001013532761234415712 ) ) ;
#339 = CARTESIAN_POINT ( 'NONE',  ( 0.003215672197546786803, 0.009225754347623255774, 0.0003996585633361472625 ) ) ;
#340 = CARTESIAN_POINT ( 'NONE',  ( -0.004050723559133197205, 0.008916479364914764796, 4.133238679373506524E-05 ) ) ;
#341 = CARTESIAN_POINT ( 'NONE',  ( 0.1037216449842899013, 0.009808324966722003005, -0.0001788243813094180759 ) ) ;
#342 = CARTESIAN_POINT ( 'NONE',  ( -0.04641813849848647894, 0.004857877546924750309, -0.009759036189727413046 ) ) ;
#343 = VECTOR ( 'NONE', #4113, 1.000000000000000000 ) ;
#344 = CARTESIAN_POINT ( 'NONE',  ( 0.002286753490854169686, 0.01069013961626395781, -0.0008668948656510378284 ) ) ;
#345 = CARTESIAN_POINT ( 'NONE',  ( -0.002302374769257612298, 0.01104960422271111797, 0.0004910825178881569452 ) ) ;
#346 = CARTESIAN_POINT ( 'NONE',  ( -0.1293015203094416421, 0.006878196121128482728, -0.005907236005721427409 ) ) ;
#347 = EDGE_CURVE ( 'NONE', #2041, #4524, #718, .T. ) ;
#348 = AXIS2_PLACEMENT_3D ( 'NONE', #3215, #137, #2717 ) ;
#349 = CARTESIAN_POINT ( 'NONE',  ( 0.002279166116925964575, 0.01078361365814713840, 0.0008029294645620163205 ) ) ;
#350 = ORIENTED_EDGE ( 'NONE', *, *, #1974, .F. ) ;
#351 = AXIS2_PLACEMENT_3D ( 'NONE', #3522, #5640, #3654 ) ;
#352 = CARTESIAN_POINT ( 'NONE',  ( 0.02600515461725372637, 0.008262325248603583083, -0.003004530034860738042 ) ) ;
#353 = CARTESIAN_POINT ( 'NONE',  ( 0.1103714189839943155, 0.009200792712852221000, 0.0009627472230701596915 ) ) ;
#354 = CARTESIAN_POINT ( 'NONE',  ( -0.002280720953564345944, 0.01088724860135185414, -0.0007096942394510051110 ) ) ;
#355 = CARTESIAN_POINT ( 'NONE',  ( -0.002289266738347702727, 0.01097489180290836010, 0.0006077887586816685438 ) ) ;
#356 = CARTESIAN_POINT ( 'NONE',  ( 0.000000000000000000, 0.01000000000000000021, 0.000000000000000000 ) ) ;
#357 = CARTESIAN_POINT ( 'NONE',  ( 0.003645839096809719640, 0.009456817146996856702, 0.001381482536072599354 ) ) ;
#358 = CARTESIAN_POINT ( 'NONE',  ( -0.07407131639491806863, 0.01032469753050989890, 0.003237908868392566468 ) ) ;
#359 = CARTESIAN_POINT ( 'NONE',  ( 0.001662511594821023580, 0.0008592331919686965183, 0.006033394239086721858 ) ) ;
#360 = CARTESIAN_POINT ( 'NONE',  ( 0.004379991594527760969, 0.001699275456554631431, 0.004671122133219602658 ) ) ;
#361 = ORIENTED_EDGE ( 'NONE', *, *, #6218, .T. ) ;
#362 = CARTESIAN_POINT ( 'NONE',  ( -0.002931387034915670323, 0.01121659166278491000, -0.001558561301713590067 ) ) ;
#363 = CARTESIAN_POINT ( 'NONE',  ( 0.002280280344811709981, 0.01087944761540662192, -0.0007176039575505964658 ) ) ;
#364 = CARTESIAN_POINT ( 'NONE',  ( 0.04965535818671582696, 0.009978657201905060531, -0.004570687508390056976 ) ) ;
#365 = CARTESIAN_POINT ( 'NONE',  ( -0.003091433392166506935, 0.01044633949897171184, 0.001823806539823999385 ) ) ;
#366 = CARTESIAN_POINT ( 'NONE',  ( -0.005235714666251163434, 0.007437918538954933594, 0.003573026952427522680 ) ) ;
#367 = DIRECTION ( 'NONE',  ( 0.000000000000000000, 0.000000000000000000, 1.000000000000000000 ) ) ;
#368 = UNCERTAINTY_MEASURE_WITH_UNIT (LENGTH_MEASURE( 1.000000000000000082E-05 ), #4621, 'distance_accuracy_value', 'NONE');
#369 = ORIENTED_EDGE ( 'NONE', *, *, #1382, .F. ) ;
#370 = CARTESIAN_POINT ( 'NONE',  ( -0.002314032409999226131, 0.01110034035067884901, -0.0003851115099755647543 ) ) ;
#371 = CARTESIAN_POINT ( 'NONE',  ( 0.000000000000000000, 0.006985000000000001624, 0.002895600000000001645 ) ) ;
#372 = ADVANCED_FACE ( 'NONE', ( #2867 ), #6644, .T. ) ;
#373 = CARTESIAN_POINT ( 'NONE',  ( 0.002993752778326125904, 0.01169201096486740393, -0.0009503634097348591814 ) ) ;
#374 = DIRECTION ( 'NONE',  ( 0.000000000000000000, 1.000000000000000000, 0.000000000000000000 ) ) ;
#375 = CARTESIAN_POINT ( 'NONE',  ( 0.003916095958502468014, 0.009088723192324104500, -0.0008330164711285354979 ) ) ;
#376 = CARTESIAN_POINT ( 'NONE',  ( -0.003241398377801033882, 0.003386741698954053026, 0.0002539999999999998856 ) ) ;
#377 = CARTESIAN_POINT ( 'NONE',  ( 0.001447224898745791974, 0.0004689809571372345674, 0.0002539999999999998856 ) ) ;
#378 = CARTESIAN_POINT ( 'NONE',  ( 0.1146524957958135887, 0.009147954086081230493, 0.0007316170299741450722 ) ) ;
#379 = CARTESIAN_POINT ( 'NONE',  ( 0.002395918587111990020, 0.01030697496488415868, 0.001005451076010904906 ) ) ;
#380 = CARTESIAN_POINT ( 'NONE',  ( -0.002849394440885682448, 0.009622955344594844723, -0.0008626002101913235898 ) ) ;
#381 = CARTESIAN_POINT ( 'NONE',  ( 0.09585621127625595927, 0.01011112847860859768, -0.002047717944511110062 ) ) ;
#382 = CARTESIAN_POINT ( 'NONE',  ( -0.06650994533263814013, 0.01047777061362243148, 0.004315580539923889736 ) ) ;
#383 = CARTESIAN_POINT ( 'NONE',  ( 0.002361661718077612271, 0.01039080849187338541, -0.0009895783342603581799 ) ) ;
#384 = CARTESIAN_POINT ( 'NONE',  ( -0.002931066511842277296, 0.009528682455016160291, 0.0007962024391814730671 ) ) ;
#385 = CARTESIAN_POINT ( 'NONE',  ( -0.1302150670369129348, 0.005679800732107719539, -0.008755661904072561258 ) ) ;
#386 = CARTESIAN_POINT ( 'NONE',  ( 0.000000000000000000, 0.005080000000000001181, 0.000000000000000000 ) ) ;
#387 = ORIENTED_EDGE ( 'NONE', *, *, #5438, .F. ) ;
#388 = CARTESIAN_POINT ( 'NONE',  ( 0.1187006501418226140, 0.008646366429278563165, 0.002938669170366929422 ) ) ;
#389 = EDGE_CURVE ( 'NONE', #5527, #5394, #1507, .T. ) ;
#390 = COLOUR_RGB ( '',0.8980392156862745390, 0.9176470588235293713, 0.9294117647058823817 ) ;
#391 = CARTESIAN_POINT ( 'NONE',  ( -0.02267442618797701689, 0.008054338252231721049, 0.003008880292817407275 ) ) ;
#392 = CARTESIAN_POINT ( 'NONE',  ( 0.003519828026752709876, 0.009643167293125044434, 0.001544022371341972292 ) ) ;
#393 = CARTESIAN_POINT ( 'NONE',  ( -0.002291445986579400667, 0.01098879252437441438, 0.0005880005331607119582 ) ) ;
#394 = DIRECTION ( 'NONE',  ( 8.659560562354951347E-17, -0.7071067811865460184, 0.7071067811865490160 ) ) ;
#395 = FACE_BOUND ( 'NONE', #6346, .T. ) ;
#396 = CONICAL_SURFACE ( 'NONE', #4315, 0.002412999999999997612, 0.7853981633974582710 ) ;
#397 = ORIENTED_EDGE ( 'NONE', *, *, #3964, .F. ) ;
#398 = PRODUCT_CONTEXT ( 'NONE', #149, 'mechanical' ) ;
#399 = CARTESIAN_POINT ( 'NONE',  ( -0.003326822452781586208, 0.009958706645786755129, 0.001723746675943185497 ) ) ;
#400 = CIRCLE ( 'NONE', #1960, 0.002412999999999997612 ) ;
#401 = CARTESIAN_POINT ( 'NONE',  ( 0.03079810708461316188, 0.008455929179801705692, -0.003173438236543183258 ) ) ;
#402 = LINE ( 'NONE', #827, #3988 ) ;
#403 = CARTESIAN_POINT ( 'NONE',  ( 0.004042316477297619622, 0.001735814177769827958, 0.004670813650600504248 ) ) ;
#404 = EDGE_LOOP ( 'NONE', ( #85, #3518, #5756, #2184 ) ) ;
#405 = CARTESIAN_POINT ( 'NONE',  ( 0.0002539999999999999940, 0.005080000000000001181, -0.002884438135928730530 ) ) ;
#406 = CARTESIAN_POINT ( 'NONE',  ( -0.004047544919455092934, 0.001596433714299896542, -0.004822843306384968880 ) ) ;
#407 = CARTESIAN_POINT ( 'NONE',  ( 0.003017557764026571748, 0.01177240061400186555, -0.0007515607182131089610 ) ) ;
#408 = LINE ( 'NONE', #2010, #5989 ) ;
#409 = CARTESIAN_POINT ( 'NONE',  ( 0.08816107737497472230, 1.117971414033112204E-05, 0.02673392749572683566 ) ) ;
#410 =( NAMED_UNIT ( * ) SI_UNIT ( $, .STERADIAN. ) SOLID_ANGLE_UNIT ( ) );
#411 = CARTESIAN_POINT ( 'NONE',  ( 0.002712853699151567249, 0.009791707486276947717, 0.0009474037717239816841 ) ) ;
#412 = CARTESIAN_POINT ( 'NONE',  ( -0.002284568792844665630, 0.01070979631141726583, 0.0008545643755641858016 ) ) ;
#413 = CARTESIAN_POINT ( 'NONE',  ( -0.003108054218043024026, 0.009336460351802399263, -0.0005958933421455543016 ) ) ;
#414 = CARTESIAN_POINT ( 'NONE',  ( -1.925929944387235853E-33, 0.01270000000000000122, 0.000000000000000000 ) ) ;
#415 = B_SPLINE_CURVE_WITH_KNOTS ( 'NONE', 3,
 ( #300, #155, #5663, #267, #2876, #3015, #2311, #3411, #5001, #5592, #4458, #6153, #764, #1875, #2908, #233, #4530, #1840, #3999, #911, #4171, #4041, #3618, #4698, #1492, #2955, #5070, #6163, #5106, #1107, #582, #5271, #2730, #4268, #6398, #5237, #4855, #2596, #4, #4733, #6854, #1591, #479 ),
 .UNSPECIFIED., .F., .F.,
 ( 4, 2, 2, 2, 2, 1, 2, 2, 2, 2, 2, 2, 2, 2, 2, 2, 2, 2, 2, 2, 2, 4 ),
 ( 0.003893787801958500158, 0.01298737445911243155, 0.02208096111626636077, 0.03117454777342028999, 0.03572134110199747664, 0.04026813443057465636, 0.04481492775915183607, 0.04936172108772901579, 0.05845530774488350012, 0.06072870440917223916, 0.06300210107346097821, 0.06754889440203780404, 0.07209568773061462987, 0.07664248105919146958, 0.08573606771634446899, 0.09028286104492067032, 0.09482965437349685778, 0.1130168276877998312, 0.1221104143449513318, 0.1312040010021028325, 0.1402975876592543469, 0.1493911743164058059 ),
 .UNSPECIFIED. ) ;
#416 = CARTESIAN_POINT ( 'NONE',  ( -0.07391691699430263940, 0.01052206422971512650, 0.003239247349296973076 ) ) ;
#417 = CARTESIAN_POINT ( 'NONE',  ( 0.002278763417591097608, 0.01084204607446353358, -0.0007538357070249483618 ) ) ;
#418 = CARTESIAN_POINT ( 'NONE',  ( -0.002698437149855809764, 0.009810825424398726680, 0.0009542414049167947422 ) ) ;
#419 = CARTESIAN_POINT ( 'NONE',  ( -0.1298932965027087272, 0.005762712875475714189, -0.008914822464394385124 ) ) ;
#420 = CARTESIAN_POINT ( 'NONE',  ( -0.003872672032660730637, 0.009145651123737124147, -0.0009511028107664540841 ) ) ;
#421 = ORIENTED_EDGE ( 'NONE', *, *, #1706, .T. ) ;
#422 = CARTESIAN_POINT ( 'NONE',  ( -0.006649000951996486379, 0.007933212014411496552, 0.004542422058017920282 ) ) ;
#423 = CARTESIAN_POINT ( 'NONE',  ( 0.002949261748314423778, 0.01147824960847120337, -0.001299052372765649487 ) ) ;
#424 = CARTESIAN_POINT ( 'NONE',  ( -0.002283411130479268830, 0.01092314121509361212, 0.0006710818143550391530 ) ) ;
#425 = DIRECTION ( 'NONE',  ( 0.000000000000000000, 1.000000000000000000, 0.000000000000000000 ) ) ;
#426 = VERTEX_POINT ( 'NONE', #4916 ) ;
#427 = APPLICATION_PROTOCOL_DEFINITION ( 'draft international standard', 'automotive_design', 1998, #4604 ) ;
#428 = CARTESIAN_POINT ( 'NONE',  ( -0.002981387071025747189, 0.01080038746764883095, 0.001772775423132336332 ) ) ;
#429 = CARTESIAN_POINT ( 'NONE',  ( 0.002847703506163210344, 0.009624833766616415487, -0.0008641758744784481085 ) ) ;
#430 = EDGE_CURVE ( 'NONE', #3588, #3900, #2636, .T. ) ;
#431 = DIRECTION ( 'NONE',  ( 0.000000000000000000, 1.000000000000000000, 0.000000000000000000 ) ) ;
#432 = CARTESIAN_POINT ( 'NONE',  ( 0.08816107737497472230, 1.117971414033112204E-05, 0.02673392749572683566 ) ) ;
#433 = EDGE_CURVE ( 'NONE', #6947, #2206, #3871, .T. ) ;
#434 = VERTEX_POINT ( 'NONE', #3920 ) ;
#435 = CARTESIAN_POINT ( 'NONE',  ( -0.006148784753685523734, 0.007010982767235602979, 0.001655361687800793475 ) ) ;
#436 = CARTESIAN_POINT ( 'NONE',  ( 0.003007915566816559728, 0.01069586463251987613, -0.001798916287740547331 ) ) ;
#437 = EDGE_CURVE ( 'NONE', #5599, #2437, #1318, .T. ) ;
#438 = CARTESIAN_POINT ( 'NONE',  ( 0.002884438135928730530, 0.005080000000000001181, 0.0002539999999999999398 ) ) ;
#439 = CARTESIAN_POINT ( 'NONE',  ( -0.02930792205695984323, 0.008746096427598371720, 0.004020156902414629557 ) ) ;
#440 = DIRECTION ( 'NONE',  ( 0.000000000000000000, 0.000000000000000000, -1.000000000000000000 ) ) ;
#441 = CARTESIAN_POINT ( 'NONE',  ( -0.0002539999999999999940, 0.000000000000000000, -0.003954250593981113726 ) ) ;
#442 = CARTESIAN_POINT ( 'NONE',  ( 0.1200187083324728704, 0.008656894706506585921, 0.001939906620181765240 ) ) ;
#443 = CARTESIAN_POINT ( 'NONE',  ( 0.003038419623088051743, 0.009410435734676066491, 0.0006860486690922286456 ) ) ;
#444 = CARTESIAN_POINT ( 'NONE',  ( -0.004045596440757511479, 0.008922933706666464140, -0.0001705421974516355620 ) ) ;
#445 = CARTESIAN_POINT ( 'NONE',  ( -0.09293689007689250048, 0.005774766865610635874, -0.01624156727721189075 ) ) ;
#446 = B_SPLINE_CURVE_WITH_KNOTS ( 'NONE', 3,
 ( #607, #2790, #3949, #6068, #3395, #3250, #1756, #569, #3913, #5996 ),
 .UNSPECIFIED., .F., .F.,
 ( 4, 3, 3, 4 ),
 ( 0.01291021206184760767, 0.01361370798805195542, 0.01652461958139217132, 0.01849840678158934382 ),
 .UNSPECIFIED. ) ;
#447 = LINE ( 'NONE', #3649, #2187 ) ;
#448 = AXIS2_PLACEMENT_3D ( 'NONE', #2748, #5362, #4360 ) ;
#449 = CARTESIAN_POINT ( 'NONE',  ( 0.002280990602888466248, 0.01089166199733070974, -0.0007051472780031017027 ) ) ;
#450 = CARTESIAN_POINT ( 'NONE',  ( -0.003064991122414890273, 0.009381933151580543542, 0.0006541115454553151102 ) ) ;
#451 = CARTESIAN_POINT ( 'NONE',  ( -0.1303093450996533620, 0.005745995210986245237, -0.008474876595307156979 ) ) ;
#452 = FACE_OUTER_BOUND ( 'NONE', #2554, .T. ) ;
#453 = EDGE_LOOP ( 'NONE', ( #3728, #6449, #1343, #5983 ) ) ;
#454 = CIRCLE ( 'NONE', #4379, 0.006032499999999999668 ) ;
#455 = AXIS2_PLACEMENT_3D ( 'NONE', #6337, #3236, #4143 ) ;
#456 = DIRECTION ( 'NONE',  ( 0.000000000000000000, 0.000000000000000000, 1.000000000000000000 ) ) ;
#457 = CARTESIAN_POINT ( 'NONE',  ( 0.002993752778326125904, 0.01169201096486740393, -0.0009503634097348591814 ) ) ;
#458 = CARTESIAN_POINT ( 'NONE',  ( -0.002282318018094419386, 0.01091076495816321705, 0.0006849207966290428917 ) ) ;
#459 = CARTESIAN_POINT ( 'NONE',  ( -0.005809669785874297873, 0.006688293152296031358, 0.002320395334110408013 ) ) ;
#460 = ORIENTED_EDGE ( 'NONE', *, *, #4176, .T. ) ;
#461 = AXIS2_PLACEMENT_3D ( 'NONE', #6406, #2544, #4676 ) ;
#462 = AXIS2_PLACEMENT_3D ( 'NONE', #873, #4779, #4069 ) ;
#463 = CARTESIAN_POINT ( 'NONE',  ( -0.002977861189524426584, 0.01162993188367810425, 0.001072940392172893210 ) ) ;
#464 = CARTESIAN_POINT ( 'NONE',  ( 0.002680532727605699876, 0.009834647396860929716, -0.0009626229722167551272 ) ) ;
#465 = AXIS2_PLACEMENT_3D ( 'NONE', #6278, #3074, #4712 ) ;
#466 = CARTESIAN_POINT ( 'NONE',  ( 0.000000000000000000, 0.000000000000000000, -0.005003799999999945444 ) ) ;
#467 = CARTESIAN_POINT ( 'NONE',  ( 0.03923548659797580079, 0.004264507786225816069, 0.007689882168275825013 ) ) ;
#468 = ORIENTED_EDGE ( 'NONE', *, *, #4124, .F. ) ;
#469 = CARTESIAN_POINT ( 'NONE',  ( -0.005817630825544670668, 0.003895851186151772470, -0.002334818179623920995 ) ) ;
#470 = CARTESIAN_POINT ( 'NONE',  ( 0.003264911398912680781, 0.009176282226275431567, -0.0002563689327499317451 ) ) ;
#471 = CARTESIAN_POINT ( 'NONE',  ( 0.03835802678916639535, 0.009378482947929952032, -0.004352954126073296792 ) ) ;
#472 = ADVANCED_FACE ( 'NONE', ( #1173, #6075 ), #5445, .T. ) ;
#473 = CARTESIAN_POINT ( 'NONE',  ( -0.1300000000000000044, 0.005127331716599461790, -0.01208255149432893062 ) ) ;
#474 = CARTESIAN_POINT ( 'NONE',  ( 0.002821539555768968685, 0.0009927952886710246765, 0.005585108079769984975 ) ) ;
#475 = CARTESIAN_POINT ( 'NONE',  ( 0.1303679002824292277, 0.006016976735974961799, 0.007761060383189966917 ) ) ;
#476 = CARTESIAN_POINT ( 'NONE',  ( 0.003289134432085352722, 0.009152201024052326536, 0.0001291244324850944415 ) ) ;
#477 = CARTESIAN_POINT ( 'NONE',  ( -0.003980115134275320245, 0.009006072993929992512, -0.0006095401172181789517 ) ) ;
#478 = CARTESIAN_POINT ( 'NONE',  ( 0.002552762759189096224, 0.009143842317443343429, 0.0001319858781474645120 ) ) ;
#479 = CARTESIAN_POINT ( 'NONE',  ( 0.002468811352581104946, 0.01015999993208476469, -0.001016000136871583921 ) ) ;
#480 = CARTESIAN_POINT ( 'NONE',  ( -0.005046672350763310201, 0.008028910260974660498, 0.003700061511462580336 ) ) ;
#481 = CARTESIAN_POINT ( 'NONE',  ( -0.06325680537098905820, 0.01042399117712167721, 0.003714640986387979932 ) ) ;
#482 = CARTESIAN_POINT ( 'NONE',  ( 0.002450360099324067151, 0.01019371271935037675, -0.001015966471353915409 ) ) ;
#483 = CARTESIAN_POINT ( 'NONE',  ( -0.002297238256086859675, 0.01102328475599034276, 0.0005359994567564274962 ) ) ;
#484 = CARTESIAN_POINT ( 'NONE',  ( -0.02279801190476183140, 0.001651000000000000774, -2.791951230608981360E-18 ) ) ;
#485 = DIRECTION ( 'NONE',  ( 0.000000000000000000, 0.000000000000000000, 1.000000000000000000 ) ) ;
#486 = VERTEX_POINT ( 'NONE', #4410 ) ;
#487 = CARTESIAN_POINT ( 'NONE',  ( -0.03888232752086844685, 0.009333251564011244700, 0.003492277650959902963 ) ) ;
#488 = CARTESIAN_POINT ( 'NONE',  ( 0.002932636884197496654, 0.01116107344397750285, -0.001598977111349732944 ) ) ;
#489 = CARTESIAN_POINT ( 'NONE',  ( 0.000000000000000000, 0.009900000000000000813, 0.000000000000000000 ) ) ;
#490 = CARTESIAN_POINT ( 'NONE',  ( -0.001658978999887285788, 0.0008459597251040122841, -0.006034174935398446855 ) ) ;
#491 = ORIENTED_EDGE ( 'NONE', *, *, #6418, .T. ) ;
#492 = SHAPE_DEFINITION_REPRESENTATION ( #5008, #4881 ) ;
#493 = EDGE_LOOP ( 'NONE', ( #4342, #5140, #350, #3463, #6479 ) ) ;
#494 = CARTESIAN_POINT ( 'NONE',  ( -0.003005693975896508389, 0.01070388724685575332, 0.001797253008676117725 ) ) ;
#495 = CARTESIAN_POINT ( 'NONE',  ( -0.006310327156284270371, 0.005762813343398584184, 0.0007114305669314153167 ) ) ;
#496 = CARTESIAN_POINT ( 'NONE',  ( -0.003496522505797418877, 0.009676308361876552813, 0.001577945648643885868 ) ) ;
#497 = DIRECTION ( 'NONE',  ( 9.484135310589723205E-16, 1.000000000000000000, -0.000000000000000000 ) ) ;
#498 = CARTESIAN_POINT ( 'NONE',  ( 0.001431680676413782903, 0.002331647672120191160, 0.0002539999999999998856 ) ) ;
#499 = CARTESIAN_POINT ( 'NONE',  ( 0.02292398139508832269, 0.003626584589718851847, 0.002965428689144451561 ) ) ;
#500 = ORIENTED_EDGE ( 'NONE', *, *, #2191, .T. ) ;
#501 = CARTESIAN_POINT ( 'NONE',  ( -0.006311467678400428140, 0.005283842630404624735, -0.0006364666244367779210 ) ) ;
#502 = VECTOR ( 'NONE', #2934, 1.000000000000000000 ) ;
#503 = CARTESIAN_POINT ( 'NONE',  ( 0.003234545996157402355, 0.009206699248990882212, -0.0003529992978815911378 ) ) ;
#504 = CARTESIAN_POINT ( 'NONE',  ( -0.001962719652611935768, 0.01036036183956806980, -0.001001841338202653876 ) ) ;
#505 = CARTESIAN_POINT ( 'NONE',  ( -0.01756029996261013193, 0.006687074999683217599, 0.001397719483208428306 ) ) ;
#506 = CARTESIAN_POINT ( 'NONE',  ( 0.004064902764790762416, 0.001471024114773024664, 0.004756567442938890167 ) ) ;
#507 = CARTESIAN_POINT ( 'NONE',  ( 0.1275287102013501761, 0.007459158799023615956, 0.004655231708912029032 ) ) ;
#508 = CARTESIAN_POINT ( 'NONE',  ( -0.002405664156919543398, 0.01028528575671054830, -0.001008382249743305188 ) ) ;
#509 = DIRECTION ( 'NONE',  ( -0.000000000000000000, -1.000000000000000000, -0.000000000000000000 ) ) ;
#510 = ADVANCED_FACE ( 'NONE', ( #1211, #6534 ), #4953, .T. ) ;
#511 = CARTESIAN_POINT ( 'NONE',  ( -0.005887812081270561541, 0.007419980071114911334, 0.002114770996119322635 ) ) ;
#512 = CARTESIAN_POINT ( 'NONE',  ( -0.005310430788245222231, 0.002810148844496039664, -0.003423257348830880276 ) ) ;
#513 = CARTESIAN_POINT ( 'NONE',  ( 0.002713662598496399941, 0.009790869080295401192, -0.0009466992945842700197 ) ) ;
#514 = CARTESIAN_POINT ( 'NONE',  ( -0.003274938174305999563, 0.009166298164591121789, 0.0002123962718920055504 ) ) ;
#515 = CARTESIAN_POINT ( 'NONE',  ( -0.1299426700885823183, 0.005693055802480314655, -0.009081255325846627341 ) ) ;
#516 = EDGE_CURVE ( 'NONE', #5847, #3866, #2772, .T. ) ;
#517 = CARTESIAN_POINT ( 'NONE',  ( -0.0002540000000000002109, 0.001693388050948601989, 0.003597906215379685115 ) ) ;
#518 = CARTESIAN_POINT ( 'NONE',  ( 0.005887812081270575419, 0.007419980071114911334, -0.002114770996119289242 ) ) ;
#519 = EDGE_LOOP ( 'NONE', ( #4288, #992 ) ) ;
#520 = ADVANCED_FACE ( 'NONE', ( #3401 ), #6210, .F. ) ;
#521 = EDGE_LOOP ( 'NONE', ( #4487, #6443, #4211, #2408, #2719, #1312, #6378 ) ) ;
#522 = CARTESIAN_POINT ( 'NONE',  ( -0.05782552834153849297, 0.01030956242363735911, 0.003854080126083123722 ) ) ;
#523 = CARTESIAN_POINT ( 'NONE',  ( 0.002931049439826370010, 0.01124686981973989884, -0.001535656029870756736 ) ) ;
#524 = CARTESIAN_POINT ( 'NONE',  ( 0.1299999999999998657, 0.003412172131807019067, 0.01488276731027078810 ) ) ;
#525 = CARTESIAN_POINT ( 'NONE',  ( 7.654042494670957930E-19, 0.01000000000000000021, 0.006250000000000000347 ) ) ;
#526 = SHAPE_REPRESENTATION ( 'BLDCMotorPropThread', ( #3950 ), #6630 ) ;
#527 = ORIENTED_EDGE ( 'NONE', *, *, #6061, .T. ) ;
#528 = APPLICATION_PROTOCOL_DEFINITION ( 'draft international standard', 'automotive_design', 1998, #3170 ) ;
#529 = VERTEX_POINT ( 'NONE', #3112 ) ;
#530 = CARTESIAN_POINT ( 'NONE',  ( -0.003026411892659106474, 0.01063155813434482101, 0.001810972462207171294 ) ) ;
#531 = CARTESIAN_POINT ( 'NONE',  ( 0.003058740138896383007, 0.009388678719891949132, -0.0006613013555501493163 ) ) ;
#532 = DIRECTION ( 'NONE',  ( -0.000000000000000000, -1.000000000000000000, -0.000000000000000000 ) ) ;
#533 = DIRECTION ( 'NONE',  ( 0.000000000000000000, 0.000000000000000000, 1.000000000000000000 ) ) ;
#534 = CARTESIAN_POINT ( 'NONE',  ( 0.02954458763929918713, 0.007785119534559170433, 0.0003634031287784351711 ) ) ;
#535 = VERTEX_POINT ( 'NONE', #5623 ) ;
#536 = CARTESIAN_POINT ( 'NONE',  ( -0.1300000000000000044, 0.005851314908187126018, -0.008842212033246798011 ) ) ;
#537 = CARTESIAN_POINT ( 'NONE',  ( 0.003293847003791342161, 0.009147532679869452288, -8.638553419384216306E-05 ) ) ;
#538 = CARTESIAN_POINT ( 'NONE',  ( -1.323154584528056268E-17, 0.004334694754204434196, 0.001894832674326236066 ) ) ;
#539 = CARTESIAN_POINT ( 'NONE',  ( -0.02954458763929919060, 0.007376516437751856094, 0.0009154508390315443814 ) ) ;
#540 = CARTESIAN_POINT ( 'NONE',  ( 0.1233659020034230530, 0.007800558503888345950, 0.004459100501629575247 ) ) ;
#541 = CARTESIAN_POINT ( 'NONE',  ( -0.003025801077342632137, 0.009423986628056281109, 0.0007010951126986956399 ) ) ;
#542 = CARTESIAN_POINT ( 'NONE',  ( -0.002294064670271056278, 0.01063894933714473398, -0.0008961926786326445196 ) ) ;
#543 = CARTESIAN_POINT ( 'NONE',  ( 0.006253204365155518724, 0.005392202688915391333, -0.0001808438952540959027 ) ) ;
#544 = CARTESIAN_POINT ( 'NONE',  ( 0.005310430788245190138, 0.002810148844496040965, 0.003423257348830913236 ) ) ;
#545 = CARTESIAN_POINT ( 'NONE',  ( -0.003353492722193829063, 0.001300235774685167640, -0.005282684869355658806 ) ) ;
#546 = CARTESIAN_POINT ( 'NONE',  ( 0.004031349922793608931, 0.008940903597093518770, 0.0003254442851834459601 ) ) ;
#547 = CARTESIAN_POINT ( 'NONE',  ( 0.002992959794582074080, 0.01169844839882544854, -0.0009573412352165545751 ) ) ;
#548 = ORIENTED_EDGE ( 'NONE', *, *, #2140, .F. ) ;
#549 = CARTESIAN_POINT ( 'NONE',  ( -0.01214347421701060699, 0.0008365766189408140822, -0.004523400128172766141 ) ) ;
#550 = FACE_OUTER_BOUND ( 'NONE', #2176, .T. ) ;
#551 = CARTESIAN_POINT ( 'NONE',  ( -0.003052027975285892536, 0.01187097118087758127, 0.0003412055869268234643 ) ) ;
#552 = CARTESIAN_POINT ( 'NONE',  ( 0.006101911951445279994, 0.004762815874256878801, 0.001373663574648906378 ) ) ;
#553 = ORIENTED_EDGE ( 'NONE', *, *, #430, .F. ) ;
#554 = CARTESIAN_POINT ( 'NONE',  ( 0.1277827926012309046, 0.006823277093425680374, 0.006652804852883648264 ) ) ;
#555 = ADVANCED_FACE ( 'NONE', ( #5723 ), #4090, .T. ) ;
#556 = ORIENTED_EDGE ( 'NONE', *, *, #2884, .T. ) ;
#557 = CARTESIAN_POINT ( 'NONE',  ( -0.07417799015210255198, 0.01044910696211273290, 0.003856317415490639888 ) ) ;
#558 = CIRCLE ( 'NONE', #95, 0.003047999999999999928 ) ;
#559 = CARTESIAN_POINT ( 'NONE',  ( 0.002986904467302882882, 0.01166609716097508770, 0.001003570356424015372 ) ) ;
#560 = CARTESIAN_POINT ( 'NONE',  ( 0.002419511253505529126, 0.01025436675252428161, -0.001012631724979145241 ) ) ;
#561 = DIRECTION ( 'NONE',  ( -0.000000000000000000, -1.000000000000000000, -0.000000000000000000 ) ) ;
#562 = ORIENTED_EDGE ( 'NONE', *, *, #213, .F. ) ;
#563 = CARTESIAN_POINT ( 'NONE',  ( -0.003968461827738256793, 0.009021012485362937469, 0.0006566114866760976209 ) ) ;
#564 = AXIS2_PLACEMENT_3D ( 'NONE', #6898, #5917, #2610 ) ;
#565 = CARTESIAN_POINT ( 'NONE',  ( 0.003039162312812466668, 0.009409635159856570216, -0.0006851712005972985815 ) ) ;
#566 = DIRECTION ( 'NONE',  ( -1.000000000000000000, 1.050710766793948120E-15, 0.000000000000000000 ) ) ;
#567 = DIRECTION ( 'NONE',  ( 1.123292760552739721E-17, -0.000000000000000000, -1.000000000000000000 ) ) ;
#568 = FACE_OUTER_BOUND ( 'NONE', #5286, .T. ) ;
#569 = CARTESIAN_POINT ( 'NONE',  ( -0.001415477532827728174, 0.004272187755612158119, 0.0002539999999999999398 ) ) ;
#570 = AXIS2_PLACEMENT_3D ( 'NONE', #2825, #4947, #749 ) ;
#571 = CONICAL_SURFACE ( 'NONE', #3945, 0.006032499999999999668, 0.7853981633974503884 ) ;
#572 = ORIENTED_EDGE ( 'NONE', *, *, #3491, .F. ) ;
#573 = CARTESIAN_POINT ( 'NONE',  ( -0.006103048436449784106, 0.006830248113877192100, 0.001374612878644258795 ) ) ;
#574 = CARTESIAN_POINT ( 'NONE',  ( 0.003292220368802936323, 0.009149143015124419284, -0.0001035488386329224298 ) ) ;
#575 = CARTESIAN_POINT ( 'NONE',  ( 0.1188473151109205456, 0.003617810749556280275, 0.01568515845839964229 ) ) ;
#576 = CARTESIAN_POINT ( 'NONE',  ( -0.06531939664575411864, 0.009000763105967776387, -0.003825746732501970199 ) ) ;
#577 = CARTESIAN_POINT ( 'NONE',  ( 0.1286141267449266434, 0.006539841686231329804, 0.007257558278080729341 ) ) ;
#578 = CARTESIAN_POINT ( 'NONE',  ( -0.003243206777598101141, 0.009198006247181986575, 0.0003272725288385308347 ) ) ;
#579 = CARTESIAN_POINT ( 'NONE',  ( -0.002331638798992262136, 0.01116318375790659005, -0.0001618097939724984062 ) ) ;
#580 = DIRECTION ( 'NONE',  ( -1.000000000000000000, 1.050710766793947923E-15, 0.000000000000000000 ) ) ;
#581 = ORIENTED_EDGE ( 'NONE', *, *, #3577, .T. ) ;
#582 = CARTESIAN_POINT ( 'NONE',  ( 0.002692520556924063620, 0.009818710451970228195, -0.0009569981594618336314 ) ) ;
#583 = CARTESIAN_POINT ( 'NONE',  ( -0.03134525155565633103, 0.008502426413623635770, 0.003191273413345059682 ) ) ;
#584 = CARTESIAN_POINT ( 'NONE',  ( 0.003308591897669961417, 0.009986769086458131828, 0.001742899370175343948 ) ) ;
#585 = CARTESIAN_POINT ( 'NONE',  ( -0.004497270330426406983, 0.007964327916900108134, 0.004340415435215562619 ) ) ;
#586 = B_SPLINE_CURVE_WITH_KNOTS ( 'NONE', 3,
 ( #2147, #4326, #6419, #61 ),
 .UNSPECIFIED., .F., .F.,
 ( 4, 4 ),
 ( 0.0008338466488414295443, 0.0008541473376109499178 ),
 .UNSPECIFIED. ) ;
#587 = VERTEX_POINT ( 'NONE', #3570 ) ;
#588 = B_SPLINE_CURVE_WITH_KNOTS ( 'NONE', 3,
 ( #4307, #5871, #1076, #546, #5382, #1658, #6400, #2693, #623, #1183, #4825, #3784, #5307, #584, #4791, #5452, #5417, #4236, #2805, #2770, #4896, #6364, #79, #6436, #1626, #4926, #44, #2237, #117 ),
 .UNSPECIFIED., .F., .F.,
 ( 4, 2, 2, 2, 2, 2, 2, 2, 2, 2, 1, 2, 2, 2, 4 ),
 ( 0.1082266406775849177, 0.1324768813048315952, 0.1446020016184549895, 0.1567271219320783837, 0.1809773625593252555, 0.2052276031865721273, 0.3022285656955594479, 0.3507290469500531360, 0.3749792875772999245, 0.3810418477341115939, 0.3871044078909232633, 0.3992295282045471572, 0.4234797688317945008, 0.4477300094590418444, 0.4962304907135360876 ),
 .UNSPECIFIED. ) ;
#589 = CARTESIAN_POINT ( 'NONE',  ( 0.001259301152305651594, 0.0008491831240098165123, 0.006121818406960592186 ) ) ;
#590 = CARTESIAN_POINT ( 'NONE',  ( -0.0002540000000000001566, 0.000000000000000000, 0.0002539999999999999398 ) ) ;
#591 = CARTESIAN_POINT ( 'NONE',  ( -0.003119939789320748478, 0.01037546651940603193, -0.001821734198160926453 ) ) ;
#592 = CARTESIAN_POINT ( 'NONE',  ( 0.004295177044003527234, 0.001672370460142711540, 0.004710495105953471998 ) ) ;
#593 = ORIENTED_EDGE ( 'NONE', *, *, #4296, .T. ) ;
#594 = CARTESIAN_POINT ( 'NONE',  ( 0.1215148921840914081, 0.008090800208774168514, 0.003775806684857495408 ) ) ;
#595 = EDGE_LOOP ( 'NONE', ( #4901, #3790, #3080, #6932, #872 ) ) ;
#596 = CARTESIAN_POINT ( 'NONE',  ( -0.02673268677002232224, 0.008315535860534501930, 0.003011052171628140258 ) ) ;
#597 = CARTESIAN_POINT ( 'NONE',  ( 0.003279641354377383147, 0.009161621775963520870, -0.0001892058142312201693 ) ) ;
#598 = CARTESIAN_POINT ( 'NONE',  ( 0.002318395171565287589, 0.01111711168211811269, 0.0003410740666468927242 ) ) ;
#599 = CARTESIAN_POINT ( 'NONE',  ( 0.000000000000000000, 0.006985000000000001624, 0.002413000000000001515 ) ) ;
#600 = ADVANCED_FACE ( 'NONE', ( #3078 ), #2421, .T. ) ;
#601 = EDGE_LOOP ( 'NONE', ( #6529, #4384, #5809, #2840, #1834, #3004 ) ) ;
#602 = CARTESIAN_POINT ( 'NONE',  ( -0.003070485184504664986, 0.009376100612516395302, -0.0006471528141045824805 ) ) ;
#603 = CARTESIAN_POINT ( 'NONE',  ( -0.002744031671765883012, 0.0009752243410726804196, -0.005623675747410329662 ) ) ;
#604 = CARTESIAN_POINT ( 'NONE',  ( 1.768995590974932184E-19, 0.006985000000000000757, 0.001415789041095890559 ) ) ;
#605 = DIRECTION ( 'NONE',  ( -1.000000000000000000, 1.050710766793947923E-15, 0.000000000000000000 ) ) ;
#606 = CARTESIAN_POINT ( 'NONE',  ( -0.003121036864026654253, 0.009322860244064628404, -0.0005772506067847979353 ) ) ;
#607 = CARTESIAN_POINT ( 'NONE',  ( -0.001451138256679907184, 0.000000000000000000, 0.0002539999999999999398 ) ) ;
#608 = ORIENTED_EDGE ( 'NONE', *, *, #2363, .T. ) ;
#609 = CARTESIAN_POINT ( 'NONE',  ( -0.002296882368402326964, 0.01102109765569434310, -0.0005392430578741445098 ) ) ;
#610 = CARTESIAN_POINT ( 'NONE',  ( -0.002031999999999914517, 0.01117599999999981976, -0.0001091107083966958130 ) ) ;
#611 = CARTESIAN_POINT ( 'NONE',  ( 0.003682796689915626698, 0.009404249759056119984, -0.001325632381828879694 ) ) ;
#612 = CARTESIAN_POINT ( 'NONE',  ( 0.05351620202844322577, 0.008721237902784624574, 0.002423009713667784865 ) ) ;
#613 = DIRECTION ( 'NONE',  ( 0.7318093080824030761, 0.000000000000000000, -0.6815094545227927680 ) ) ;
#614 = EDGE_CURVE ( 'NONE', #4827, #201, #6849, .T. ) ;
#615 = CARTESIAN_POINT ( 'NONE',  ( 0.1299924092187486890, 0.005934915315140380614, 0.008906235574323169077 ) ) ;
#616 = CARTESIAN_POINT ( 'NONE',  ( -0.002549816886612790452, 0.01002294739702710297, 0.001007216317738179748 ) ) ;
#617 = CARTESIAN_POINT ( 'NONE',  ( -0.002279773941403985277, 0.01076995843281699713, -0.0008132626711905220325 ) ) ;
#618 = CARTESIAN_POINT ( 'NONE',  ( 0.002341819305917652513, 0.01015018309780834661, 0.001015952571939930400 ) ) ;
#619 = MECHANICAL_DESIGN_GEOMETRIC_PRESENTATION_REPRESENTATION (  '', ( #3651 ), #2865 ) ;
#620 = DIRECTION ( 'NONE',  ( 0.000000000000000000, 0.000000000000000000, -1.000000000000000000 ) ) ;
#621 = DIRECTION ( 'NONE',  ( 0.000000000000000000, -0.000000000000000000, 1.000000000000000000 ) ) ;
#622 = CARTESIAN_POINT ( 'NONE',  ( -0.02200408438259500443, 0.007841788160536659197, 0.003108202707318949518 ) ) ;
#623 = CARTESIAN_POINT ( 'NONE',  ( 0.003952008958169693671, 0.009042061539065138556, 0.0007222260579804843121 ) ) ;
#624 = CARTESIAN_POINT ( 'NONE',  ( 0.002780865044170530067, 0.009705693992955132660, -0.0009089011869499060130 ) ) ;
#625 = AXIS2_PLACEMENT_3D ( 'NONE', #6256, #5760, #5729 ) ;
#626 = CARTESIAN_POINT ( 'NONE',  ( -0.04664984232644123902, -0.0005740548876334664605, -0.01780361097771101034 ) ) ;
#627 = LINE ( 'NONE', #590, #2475 ) ;
#628 = CARTESIAN_POINT ( 'NONE',  ( -0.002956425430158976519, 0.01152356514472073663, -0.001238936826845228080 ) ) ;
#629 = CARTESIAN_POINT ( 'NONE',  ( 0.004450176510418592940, 0.007850927307275256187, -0.004388450605383609031 ) ) ;
#630 = ORIENTED_EDGE ( 'NONE', *, *, #123, .T. ) ;
#631 = FACE_OUTER_BOUND ( 'NONE', #2345, .T. ) ;
#632 = CARTESIAN_POINT ( 'NONE',  ( -0.05102533192453265892, 0.01003162493143072535, 0.004568274144182624813 ) ) ;
#633 = CARTESIAN_POINT ( 'NONE',  ( 0.003201455715815975257, 0.01019638358173858249, -0.001796985675101567606 ) ) ;
#634 = CARTESIAN_POINT ( 'NONE',  ( 0.002300287509127309140, 0.01103911368518641425, -0.0005093404892899393473 ) ) ;
#635 = CARTESIAN_POINT ( 'NONE',  ( -0.003272101333443389569, 0.009169104039010715634, 0.0002290059992527994088 ) ) ;
#636 = CARTESIAN_POINT ( 'NONE',  ( -0.003891999765550464754, 0.009120155644115491428, -0.0009023139836220493357 ) ) ;
#637 = CARTESIAN_POINT ( 'NONE',  ( -0.001606363899545520295, 0.0009229401714948819039, -0.006215309846980123648 ) ) ;
#638 = PRODUCT ( 'BLDCMotorPropNut', 'BLDCMotorPropNut', '', ( #398 ) ) ;
#639 = CARTESIAN_POINT ( 'NONE',  ( 0.0002539999999999998314, 0.003614281620921026839, 0.001420970690457919921 ) ) ;
#640 = CARTESIAN_POINT ( 'NONE',  ( 0.005454502793924082688, 0.002660944264506205290, 0.003354926427216036681 ) ) ;
#641 = CARTESIAN_POINT ( 'NONE',  ( -0.002727915784032723754, 0.009772484502592486411, -0.0009392111675909948099 ) ) ;
#642 = DIRECTION ( 'NONE',  ( 0.000000000000000000, -1.000000000000000000, 0.000000000000000000 ) ) ;
#643 = ORIENTED_EDGE ( 'NONE', *, *, #4085, .F. ) ;
#644 = DIRECTION ( 'NONE',  ( -0.000000000000000000, 1.000000000000000000, -0.000000000000000000 ) ) ;
#645 = CARTESIAN_POINT ( 'NONE',  ( -0.003346855716561899802, 0.009923657102535595256, -0.001708727553858117084 ) ) ;
#646 = CARTESIAN_POINT ( 'NONE',  ( 0.002278816189135238202, 0.01082909938888515500, 0.0007647659135991910235 ) ) ;
#647 = CARTESIAN_POINT ( 'NONE',  ( 0.003954250593981114593, 0.000000000000000000, 0.0002539999999999999398 ) ) ;
#648 = CARTESIAN_POINT ( 'NONE',  ( 0.009426599334887937609, 0.008009055870394193519, -0.004437051654207317675 ) ) ;
#649 = EDGE_CURVE ( 'NONE', #5470, #3672, #1178, .T. ) ;
#650 = DIRECTION ( 'NONE',  ( 0.000000000000000000, 1.000000000000000000, 0.000000000000000000 ) ) ;
#651 = CARTESIAN_POINT ( 'NONE',  ( 0.1300805665313556903, 0.005818104978906438705, 0.009139891346619971255 ) ) ;
#652 = CARTESIAN_POINT ( 'NONE',  ( -0.002570067766199897897, 0.009991702639085850088, 0.001002454954212248775 ) ) ;
#653 = CARTESIAN_POINT ( 'NONE',  ( -0.002291077255015942261, 0.01098730708226308521, -0.0005907710048684735975 ) ) ;
#654 = CARTESIAN_POINT ( 'NONE',  ( 0.004806643112390000284, 0.002001179726772516366, 0.004003988437599187780 ) ) ;
#655 = CARTESIAN_POINT ( 'NONE',  ( -0.005918200000000022748, 0.01016000000000000583, 0.000000000000000000 ) ) ;
#656 = EDGE_CURVE ( 'NONE', #5689, #5847, #402, .T. ) ;
#657 = CARTESIAN_POINT ( 'NONE',  ( -0.003202458581821693729, 0.01019400876425943271, -0.001796859321923427628 ) ) ;
#658 = CARTESIAN_POINT ( 'NONE',  ( 0.003017565602440582927, 0.01177243806575488036, 0.0007514376982240019267 ) ) ;
#659 = DIRECTION ( 'NONE',  ( 0.000000000000000000, 0.000000000000000000, -1.000000000000000000 ) ) ;
#660 = DIRECTION ( 'NONE',  ( 0.000000000000000000, 0.000000000000000000, 1.000000000000000000 ) ) ;
#661 = CARTESIAN_POINT ( 'NONE',  ( -0.003262874106545906889, 0.009178320873670245753, 0.0002624022121030073710 ) ) ;
#662 = CARTESIAN_POINT ( 'NONE',  ( -0.002962365704314931687, 0.01155638246770107451, -0.001191609110145879554 ) ) ;
#663 = FACE_OUTER_BOUND ( 'NONE', #2582, .T. ) ;
#664 = ORIENTED_EDGE ( 'NONE', *, *, #166, .F. ) ;
#665 = CARTESIAN_POINT ( 'NONE',  ( -0.01747116790468648123, -0.0002564826568249335692, -0.005619263127459561344 ) ) ;
#666 = CARTESIAN_POINT ( 'NONE',  ( -0.1275508874564809936, 0.006892859495999820521, -0.006502199618442438059 ) ) ;
#667 = CARTESIAN_POINT ( 'NONE',  ( 0.003212757884034182342, 0.01017336681926123837, -0.001791987285765120428 ) ) ;
#668 = CARTESIAN_POINT ( 'NONE',  ( 0.002285121768289119591, 0.01094039070418443768, -0.0006509626038472663984 ) ) ;
#669 = CARTESIAN_POINT ( 'NONE',  ( -0.002751285093325662751, 0.009742539475812272975, 0.0009266335841652067161 ) ) ;
#670 = ADVANCED_FACE ( 'NONE', ( #4650 ), #6777, .F. ) ;
#671 = CARTESIAN_POINT ( 'NONE',  ( -0.003994509648430161382, 0.008987682254972531246, 0.0005452975101050846173 ) ) ;
#672 = CARTESIAN_POINT ( 'NONE',  ( -0.004163702507134776042, 0.001729579184724106640, -0.004670452494006492247 ) ) ;
#673 = AXIS2_PLACEMENT_3D ( 'NONE', #5836, #2167, #6922 ) ;
#674 = PLANE ( 'NONE',  #448 ) ;
#675 = CARTESIAN_POINT ( 'NONE',  ( 0.004703547860959196927, 0.001907059821498042346, 0.004364070817075651337 ) ) ;
#676 = CARTESIAN_POINT ( 'NONE',  ( -0.002830144446473596958, 0.009645846448163146805, -0.0008763457859554051954 ) ) ;
#677 = LINE ( 'NONE', #3802, #4935 ) ;
#678 = EDGE_LOOP ( 'NONE', ( #3343, #468, #4478, #5531, #5194 ) ) ;
#679 = AXIS2_PLACEMENT_3D ( 'NONE', #6317, #1583, #1516 ) ;
#680 = LINE ( 'NONE', #3916, #6619 ) ;
#681 = CARTESIAN_POINT ( 'NONE',  ( 0.002291762254253201531, 0.01099080452922531793, 0.0005850816206410799697 ) ) ;
#682 = DIRECTION ( 'NONE',  ( 0.000000000000000000, 1.000000000000000000, 0.000000000000000000 ) ) ;
#683 = CARTESIAN_POINT ( 'NONE',  ( -0.1300000000000000044, 0.003099894575924692659, -0.01497419879809625508 ) ) ;
#684 = CARTESIAN_POINT ( 'NONE',  ( 0.002803380664916915212, 0.001030159530646424263, 0.005610204526596400745 ) ) ;
#685 = CARTESIAN_POINT ( 'NONE',  ( 0.1299787256290298176, 0.005642746836620712511, 0.009197109298227089044 ) ) ;
#686 = EDGE_CURVE ( 'NONE', #1167, #163, #5784, .T. ) ;
#687 = CARTESIAN_POINT ( 'NONE',  ( -0.003258332020054168464, 0.009182857028719232720, 0.0002788096788596294059 ) ) ;
#688 = CARTESIAN_POINT ( 'NONE',  ( -0.002322211489041341517, 0.01113117412114010205, 0.0003004439393393818413 ) ) ;
#689 = CARTESIAN_POINT ( 'NONE',  ( 0.002744031671766190925, 0.0009752243410733339767, 0.005623675747410150985 ) ) ;
#690 = ORIENTED_EDGE ( 'NONE', *, *, #3255, .F. ) ;
#691 = FACE_OUTER_BOUND ( 'NONE', #1563, .T. ) ;
#692 = CARTESIAN_POINT ( 'NONE',  ( -0.003047798491838858703, 0.01185985633676098563, -0.0004234997414318935607 ) ) ;
#693 = EDGE_CURVE ( 'NONE', #1222, #2538, #586, .T. ) ;
#694 = CARTESIAN_POINT ( 'NONE',  ( 0.003007746832880606007, 0.01174113757204994259, 0.0008381021175177967835 ) ) ;
#695 = CARTESIAN_POINT ( 'NONE',  ( -0.002395737943609617306, 0.009640497300244349824, 0.0008830667711001068945 ) ) ;
#696 = ORIENTED_EDGE ( 'NONE', *, *, #2005, .F. ) ;
#697 = CARTESIAN_POINT ( 'NONE',  ( 0.003546386081645629389, 0.001345703579371698580, 0.005154698817306313866 ) ) ;
#698 = CARTESIAN_POINT ( 'NONE',  ( -0.003013079195718223417, 0.01175823841726152293, -0.0007913301563083651510 ) ) ;
#699 = CARTESIAN_POINT ( 'NONE',  ( 0.003302012496573017517, 0.009139446530910498578, -2.969868423932742148E-05 ) ) ;
#700 = VERTEX_POINT ( 'NONE', #4191 ) ;
#701 = CARTESIAN_POINT ( 'NONE',  ( -0.02297857111680339653, -0.0004810017118890824034, -0.006739974693927166735 ) ) ;
#702 = CARTESIAN_POINT ( 'NONE',  ( -0.1269877777904856730, 0.007049153091565708851, -0.006160805095342023439 ) ) ;
#703 = CARTESIAN_POINT ( 'NONE',  ( 0.003195210741913849777, 0.009246519917045729203, -0.0004450714650875559324 ) ) ;
#704 = CARTESIAN_POINT ( 'NONE',  ( 0.002296894185495193703, 0.01061841332860251515, -0.0009080126270685077213 ) ) ;
#705 = FACE_OUTER_BOUND ( 'NONE', #4619, .T. ) ;
#706 = CARTESIAN_POINT ( 'NONE',  ( -0.004024970458256898684, 0.008948979342460141109, 0.0003719263761566563497 ) ) ;
#707 = CARTESIAN_POINT ( 'NONE',  ( -0.006124915505661666058, 0.004253562835510436672, -0.001339102134602626355 ) ) ;
#708 = CARTESIAN_POINT ( 'NONE',  ( 0.004610106925833896627, 0.007947922451334200541, -0.004220319455391264782 ) ) ;
#709 = CARTESIAN_POINT ( 'NONE',  ( 0.004026575849956268681, 0.008946947584119112687, 0.0003603580860214893782 ) ) ;
#710 = CARTESIAN_POINT ( 'NONE',  ( -0.002839807222923497985, 0.009634348357156072989, -0.0008694632270731980335 ) ) ;
#711 = CARTESIAN_POINT ( 'NONE',  ( -0.0002540000000000001566, 0.0007034714342214826643, 0.001445268041901130989 ) ) ;
#712 = ORIENTED_EDGE ( 'NONE', *, *, #2501, .F. ) ;
#713 = CARTESIAN_POINT ( 'NONE',  ( -0.002281072151993682705, 0.01074419401162657502, -0.0008325250900283588749 ) ) ;
#714 = CARTESIAN_POINT ( 'NONE',  ( -0.001785667394348170118, 0.01046305122213599982, -0.0009697504610784572245 ) ) ;
#715 = CARTESIAN_POINT ( 'NONE',  ( 0.002395918587111990020, 0.01030697496488415868, 0.001005451076010904906 ) ) ;
#716 = CARTESIAN_POINT ( 'NONE',  ( 4.665904304751414786E-19, 0.006959600000000000682, -0.003809999999999999585 ) ) ;
#717 = CARTESIAN_POINT ( 'NONE',  ( 0.006649000951974052935, 0.007933212014398812253, -0.004542422058026025777 ) ) ;
#718 = LINE ( 'NONE', #1830, #3647 ) ;
#719 = CARTESIAN_POINT ( 'NONE',  ( 0.1298842143070207678, 0.005775843508050173235, 0.008882671048644274342 ) ) ;
#720 = CARTESIAN_POINT ( 'NONE',  ( -0.005918200000000022748, 0.01016000000000000583, -0.001015999999999999976 ) ) ;
#721 = CARTESIAN_POINT ( 'NONE',  ( 0.005280102838502709166, 0.002496522474554007352, 0.003354067925791304802 ) ) ;
#722 = ORIENTED_EDGE ( 'NONE', *, *, #2062, .T. ) ;
#723 = CARTESIAN_POINT ( 'NONE',  ( -0.004449413750241711790, 0.007823458923108574103, 0.004389221306125384164 ) ) ;
#724 = CARTESIAN_POINT ( 'NONE',  ( 0.004524218918954280716, 0.001968272969243855391, 0.004380551281543164539 ) ) ;
#725 =( GEOMETRIC_REPRESENTATION_CONTEXT ( 3 ) GLOBAL_UNCERTAINTY_ASSIGNED_CONTEXT ( ( #6746 ) ) GLOBAL_UNIT_ASSIGNED_CONTEXT ( ( #5665, #972, #410 ) ) REPRESENTATION_CONTEXT ( 'NONE', 'WORKASPACE' ) );
#726 = CARTESIAN_POINT ( 'NONE',  ( 0.003126761842672012934, 0.01035936959359001763, 0.001820606409496748797 ) ) ;
#727 = CARTESIAN_POINT ( 'NONE',  ( -0.002341819305917676799, 0.01015018309780834661, -0.001015952571939930400 ) ) ;
#728 = CARTESIAN_POINT ( 'NONE',  ( -0.003024295141406433199, 0.01179442391265277806, 0.0007066815376303336093 ) ) ;
#729 = DIRECTION ( 'NONE',  ( 0.000000000000000000, 0.000000000000000000, -1.000000000000000000 ) ) ;
#730 = ORIENTED_EDGE ( 'NONE', *, *, #2011, .T. ) ;
#731 = CARTESIAN_POINT ( 'NONE',  ( 0.006249274557927572173, 0.006368226384580747725, -0.0005346355391676710063 ) ) ;
#732 = CARTESIAN_POINT ( 'NONE',  ( 0.1059589541688735620, 0.009491339175421088792, 0.0001530984249916077732 ) ) ;
#733 = CARTESIAN_POINT ( 'NONE',  ( -0.002934432071958663259, 0.01112395311358321467, 0.001623694013057517052 ) ) ;
#734 = AXIS2_PLACEMENT_3D ( 'NONE', #3895, #268, #234 ) ;
#735 = CARTESIAN_POINT ( 'NONE',  ( 0.002627944404420472918, 0.009906992796634376403, 0.0009842693007287304022 ) ) ;
#736 = ORIENTED_EDGE ( 'NONE', *, *, #1580, .F. ) ;
#737 = CARTESIAN_POINT ( 'NONE',  ( 0.1288132878355969513, 0.006460599825596181726, 0.007424071211228593613 ) ) ;
#738 = CIRCLE ( 'NONE', #3437, 0.002552700000000010169 ) ;
#739 = CARTESIAN_POINT ( 'NONE',  ( -0.1156517625873537125, 0.008767188766587802329, -0.002106461816989338605 ) ) ;
#740 = EDGE_CURVE ( 'NONE', #5780, #5029, #5399, .T. ) ;
#741 = PLANE ( 'NONE',  #2007 ) ;
#742 = CARTESIAN_POINT ( 'NONE',  ( 0.0002539999999999993435, 0.005588000000000000085, 0.005080000000000000314 ) ) ;
#743 = EDGE_CURVE ( 'NONE', #5631, #1862, #6877, .T. ) ;
#744 = CARTESIAN_POINT ( 'NONE',  ( -0.002332274874134798465, 0.01116524912538825395, 0.0001484423130363730946 ) ) ;
#745 = CARTESIAN_POINT ( 'NONE',  ( -0.006223678324391646206, 0.004559914676453251034, -0.0007610934426508916481 ) ) ;
#746 = PLANE ( 'NONE',  #1119 ) ;
#747 = CARTESIAN_POINT ( 'NONE',  ( 0.003978121516677733845, 0.009008626978149327641, 0.0006178776612347094228 ) ) ;
#748 = CARTESIAN_POINT ( 'NONE',  ( 0.1299999999999999212, 0.005755508000098094601, 0.008952434688443649743 ) ) ;
#749 = DIRECTION ( 'NONE',  ( 0.000000000000000000, 0.000000000000000000, 1.000000000000000000 ) ) ;
#750 = ORIENTED_EDGE ( 'NONE', *, *, #2347, .F. ) ;
#751 = CARTESIAN_POINT ( 'NONE',  ( -0.002284305665470556627, 0.01070665052244311986, -0.0008575963842009879387 ) ) ;
#752 = CARTESIAN_POINT ( 'NONE',  ( -0.002941494499465179078, 0.01141687517060494851, -0.001372087188885728372 ) ) ;
#753 = CARTESIAN_POINT ( 'NONE',  ( 0.002388695566155867988, 0.01032358573225846017, 0.001002884658607794497 ) ) ;
#754 = PLANE ( 'NONE',  #1617 ) ;
#755 = DIRECTION ( 'NONE',  ( -0.000000000000000000, -1.000000000000000000, -0.000000000000000000 ) ) ;
#756 = CARTESIAN_POINT ( 'NONE',  ( -0.0002540000000000001566, 0.005588000000000000085, 0.001404488224300015587 ) ) ;
#757 = CARTESIAN_POINT ( 'NONE',  ( 0.005918199999999998462, -4.087305315827995016E-19, 7.247704686713878810E-19 ) ) ;
#758 = ORIENTED_EDGE ( 'NONE', *, *, #1580, .T. ) ;
#759 = CARTESIAN_POINT ( 'NONE',  ( -0.004561586167874603394, 0.008014687931665907122, 0.004272770874677067274 ) ) ;
#760 = CARTESIAN_POINT ( 'NONE',  ( -0.003841155028356686100, 0.009187218856661070673, -0.001030668155010006125 ) ) ;
#761 = ADVANCED_FACE ( 'NONE', ( #1543 ), #3700, .F. ) ;
#762 = CARTESIAN_POINT ( 'NONE',  ( 0.002990406343489199897, 0.01167951791396299593, 0.0009765396952465639968 ) ) ;
#763 = CARTESIAN_POINT ( 'NONE',  ( 0.001885778644356523063, 0.01084759725830311550, 0.0007779050028492278659 ) ) ;
#764 = CARTESIAN_POINT ( 'NONE',  ( 0.002888136928879971553, 0.009577732987708290416, -0.0008326538038993733237 ) ) ;
#765 = CARTESIAN_POINT ( 'NONE',  ( 0.003629553524954863206, 0.009477969200386996210, -0.001412190304603778198 ) ) ;
#766 = ORIENTED_EDGE ( 'NONE', *, *, #6428, .T. ) ;
#767 = CARTESIAN_POINT ( 'NONE',  ( 0.004261479935671051364, 0.001751227275958628943, 0.004636223576612395064 ) ) ;
#768 = CARTESIAN_POINT ( 'NONE',  ( 0.04200323365013039489, 0.009378926905558861507, -0.003687301045253524052 ) ) ;
#769 = CARTESIAN_POINT ( 'NONE',  ( -0.002954114387530287680, 0.01094187009728577430, 0.001721122944836090719 ) ) ;
#770 = CARTESIAN_POINT ( 'NONE',  ( 0.002946594071780064827, 0.009511232320694906067, 0.0007819637842942827244 ) ) ;
#771 = EDGE_LOOP ( 'NONE', ( #6090, #330, #1029, #1607, #5358 ) ) ;
#772 = CARTESIAN_POINT ( 'NONE',  ( -0.06287143143848675231, -0.0007591322675566515663, -0.02440078829771920310 ) ) ;
#773 = B_SPLINE_CURVE_WITH_KNOTS ( 'NONE', 3,
 ( #1019, #2099, #3169, #5283 ),
 .UNSPECIFIED., .F., .F.,
 ( 4, 4 ),
 ( 0.1075172629733311958, 1.000000000000000000 ),
 .UNSPECIFIED. ) ;
#774 = CARTESIAN_POINT ( 'NONE',  ( -0.09566738294600958536, 0.01014777357051800145, 0.001281591188202229085 ) ) ;
#775 = DIRECTION ( 'NONE',  ( 1.000000000000000000, 0.000000000000000000, 1.123292760552739875E-17 ) ) ;
#776 = CARTESIAN_POINT ( 'NONE',  ( 0.1277989808283762352, 0.007024624151863868848, 0.006682156025586264737 ) ) ;
#777 = EDGE_CURVE ( 'NONE', #535, #587, #41, .T. ) ;
#778 = CARTESIAN_POINT ( 'NONE',  ( -0.002346571720763212555, 0.01043287951499927146, -0.0009788128653646500747 ) ) ;
#779 = EDGE_CURVE ( 'NONE', #3116, #5293, #4097, .T. ) ;
#780 = CARTESIAN_POINT ( 'NONE',  ( -0.09780144001868902592, 0.01007147210535138532, 0.001016191672388156927 ) ) ;
#781 = CARTESIAN_POINT ( 'NONE',  ( 0.004636094515475755289, 0.007939092956796033052, -0.004191559632175526420 ) ) ;
#782 = CARTESIAN_POINT ( 'NONE',  ( 0.004040113310162848220, 0.008929845475427499943, -0.0002413133302804866607 ) ) ;
#783 = CARTESIAN_POINT ( 'NONE',  ( -0.1112071494882469758, 0.009148577783937912600, -0.001110401749797600536 ) ) ;
#784 = CARTESIAN_POINT ( 'NONE',  ( 0.002831590365319650113, 0.001093258614591581567, 0.005579853839461666049 ) ) ;
#785 = ORIENTED_EDGE ( 'NONE', *, *, #3024, .F. ) ;
#786 = CARTESIAN_POINT ( 'NONE',  ( -0.003082331169683598555, 0.01046960566402750821, -0.001823980383665971825 ) ) ;
#787 =( GEOMETRIC_REPRESENTATION_CONTEXT ( 3 ) GLOBAL_UNCERTAINTY_ASSIGNED_CONTEXT ( ( #6315 ) ) GLOBAL_UNIT_ASSIGNED_CONTEXT ( ( #6100, #4801, #989 ) ) REPRESENTATION_CONTEXT ( 'NONE', 'WORKASPACE' ) );
#788 = CARTESIAN_POINT ( 'NONE',  ( 0.002279818583487528989, 0.01077495021720168387, 0.0008089476979350954241 ) ) ;
#789 = CARTESIAN_POINT ( 'NONE',  ( 0.004207103968099364794, 0.001718856176434893981, 0.004676920944818075548 ) ) ;
#790 = CARTESIAN_POINT ( 'NONE',  ( 0.06324703689896163383, 0.01042405221560847514, -0.003715310511657009609 ) ) ;
#791 = CARTESIAN_POINT ( 'NONE',  ( 0.001348694731337154356, 0.0008508732707223393317, 0.006102747129093864450 ) ) ;
#792 = CARTESIAN_POINT ( 'NONE',  ( 0.05300341564773719538, -0.001171446303208054400, 0.02150446686256639664 ) ) ;
#793 = CIRCLE ( 'NONE', #4153, 0.006150000000000000085 ) ;
#794 = CARTESIAN_POINT ( 'NONE',  ( 0.001921001573250616119, 0.0009343732418048474736, 0.006125572011285945404 ) ) ;
#795 = ORIENTED_EDGE ( 'NONE', *, *, #4820, .T. ) ;
#796 = DIRECTION ( 'NONE',  ( -0.000000000000000000, -1.000000000000000000, -0.000000000000000000 ) ) ;
#797 = CARTESIAN_POINT ( 'NONE',  ( 0.002933090403191551503, 0.01130715779029881247, 0.001482864465607500442 ) ) ;
#798 = CARTESIAN_POINT ( 'NONE',  ( -0.001650999999999997088, 0.01447799999999999955, 0.000000000000000000 ) ) ;
#799 = CIRCLE ( 'NONE', #232, 0.006032499999999999668 ) ;
#800 = CARTESIAN_POINT ( 'NONE',  ( 0.0002539999999999996688, 0.005587999999999999218, 0.002884438135928730530 ) ) ;
#801 = ORIENTED_EDGE ( 'NONE', *, *, #5569, .T. ) ;
#802 = CARTESIAN_POINT ( 'NONE',  ( 0.003994263789187220415, 0.001666948713685182477, 0.004815895014840170484 ) ) ;
#803 = CARTESIAN_POINT ( 'NONE',  ( 0.06337943112971722304, 0.01022865551003517177, -0.003718906538813702978 ) ) ;
#804 = CARTESIAN_POINT ( 'NONE',  ( -0.002939209022302432823, 0.01105678756232067808, 0.001664942561562569000 ) ) ;
#805 = CARTESIAN_POINT ( 'NONE',  ( 0.003244033295037086675, 0.009197157843289350751, -0.0003283726140195780815 ) ) ;
#806 = ORIENTED_EDGE ( 'NONE', *, *, #2102, .T. ) ;
#807 = CARTESIAN_POINT ( 'NONE',  ( 0.1299527842549103307, 0.005678911938819695623, 0.009114693916153436201 ) ) ;
#808 =( BOUNDED_SURFACE ( )  B_SPLINE_SURFACE ( 3, 2, ( 
 ( #1248, #2760, #6573 ),
 ( #4886, #70, #1650 ),
 ( #4990, #717, #3956 ),
 ( #1764, #648, #106 ),
 ( #6038, #3360, #2334 ),
 ( #4483, #4370, #2796 ),
 ( #5475, #4915, #2830 ),
 ( #6608, #4952, #2262 ),
 ( #5025, #1284, #6074 ),
 ( #6003, #221, #1210 ),
 ( #2370, #3808, #2477 ),
 ( #3569, #1866, #4615 ),
 ( #1414, #6247, #6643 ),
 ( #291, #5686, #4024 ),
 ( #1380, #5189, #401 ),
 ( #2442, #3503, #6710 ),
 ( #6144, #327, #1969 ),
 ( #3537, #5120, #6677 ),
 ( #6183, #1348, #5621 ),
 ( #2971, #5654, #1444 ),
 ( #4519, #6743, #1937 ),
 ( #896, #3043, #5155 ),
 ( #257, #826, #3989 ),
 ( #1902, #364, #4059 ),
 ( #2935, #861, #4123 ),
 ( #4649, #6776, #2514 ),
 ( #6108, #1317, #5087 ),
 ( #790, #2405, #862 ),
 ( #1479, #5054, #4495 ),
 ( #237, #875, #1844 ),
 ( #4004, #4563, #6052 ),
 ( #1328, #3481, #6690 ),
 ( #5596, #1880, #3019 ),
 ( #306, #381, #840 ),
 ( #2990, #5699, #5102 ),
 ( #341, #5669, #4630 ),
 ( #2458, #877, #6790 ),
 ( #5206, #6294, #353 ),
 ( #6158, #5099, #304 ),
 ( #3612, #378, #5731 ),
 ( #938, #3551, #4755 ),
 ( #3122, #973, #1070 ),
 ( #2116, #442, #3643 ),
 ( #1037, #2591, #3186 ),
 ( #3221, #5299, #6880 ),
 ( #5374, #5899, #540 ),
 ( #5232, #1587, #5764 ),
 ( #1103, #4728, #36 ),
 ( #5338, #1521, #4264 ),
 ( #5864, #3257, #6291 ),
 ( #2082, #2687, #3678 ),
 ( #6848, #507, #1553 ),
 ( #5828, #2657, #4816 ),
 ( #4231, #5794, #2046 ),
 ( #4166, #4198, #6324 ),
 ( #4787, #4302, #6913 ),
 ( #2622, #6394, #577 ),
 ( #4853, #3743, #1 ),
 ( #1003, #2156, #3153 ),
 ( #1487, #6430, #6358 ),
 ( #3710, #1621, #3778 ),
 ( #5266, #475, #2725 ),
 ( #4372, #2227, #5519 ),
 ( #5446, #2901, #2762 ),
 ( #6500, #6006, #5027 ),
 ( #1251, #3921, #3402 ),
 ( #4889, #1692, #3434 ),
 ( #4917, #4447, #6535 ),
 ( #615, #1727, #1802 ),
 ( #2336, #4485, #719 ),
 ( #4992, #4954, #72 ),
 ( #1139, #6465, #2193 ),
 ( #1652, #5410, #4338 ),
 ( #6076, #109, #3853 ),
 ( #3363, #3810, #5934 ),
 ( #187, #6041, #5970 ),
 ( #6610, #1174, #3328 ),
 ( #2832, #3959, #1286 ),
 ( #651, #6575, #2264 ),
 ( #4411, #1766, #1212 ),
 ( #5477, #3293, #685 ),
 ( #2301, #4061, #3468 ),
 ( #5056, #4092, #6185 ),
 ( #2374, #1447, #1973 ),
 ( #6645, #6145, #6745 ),
 ( #898, #3079, #6216 ),
 ( #6110, #1904, #260 ),
 ( #5585, #1939, #4125 ) ),
 .UNSPECIFIED., .F., .F., .F. ) 
 B_SPLINE_SURFACE_WITH_KNOTS ( ( 4, 2, 2, 2, 2, 2, 2, 2, 2, 2, 2, 2, 2, 2, 2, 2, 2, 2, 2, 2, 2, 2, 2, 2, 2, 2, 2, 2, 2, 2, 2, 2, 2, 2, 2, 2, 2, 2, 2, 2, 2, 2, 2, 4 ),
 ( 3, 3 ),
 ( 0.01650530441075253110, 0.02057521816532715403, 0.02464513191990178043, 0.02871504567447640335, 0.03278495942905102628, 0.03685487318362565268, 0.04092478693820027214, 0.04499470069277489853, 0.04906461444734952493, 0.05313452820192415132, 0.05720444195649877772, 0.06127435571107340412, 0.06534426946564803051, 0.07348409697479726943, 0.08162392448394652222, 0.09790357950224501393, 0.1060434070113942667, 0.1141832345205435195, 0.1223230620296927584, 0.1263929757842673918, 0.1304628895388419974, 0.1345328032934166307, 0.1365677601707039335, 0.1386027170479912640, 0.1396201954866349015, 0.1406376739252785668, 0.1416551523639222321, 0.1426726308025658696, 0.1436901092412095349, 0.1441988484605313814, 0.1447075876798532001, 0.1452163268991750189, 0.1454706965088359283, 0.1455342889112511418, 0.1455501870118549590, 0.1455581360621568676, 0.1455660851124587762, 0.1455978813136663830, 0.1457250661184968377, 0.1458522509233272924, 0.1459158433257425336, 0.1459794357281577470, 0.1462338053378186564, 0.1467425445571405029 ),
 ( 0.000000000000000000, 1.000000000000000000 ),
 .UNSPECIFIED. ) 
 GEOMETRIC_REPRESENTATION_ITEM ( )  RATIONAL_B_SPLINE_SURFACE ( (
 ( 1.000000000000000000, 0.2711815509156179638, 1.000000000000000000),
 ( 1.000000000000000000, 0.2476066592428570190, 1.000000000000000000),
 ( 1.000000000000000000, 0.2170268999418168976, 1.000000000000000000),
 ( 1.000000000000000000, 0.1625291487359582232, 1.000000000000000000),
 ( 1.000000000000000000, 0.1391333602887280807, 1.000000000000000000),
 ( 1.000000000000000000, 0.1072742056619482576, 1.000000000000000000),
 ( 1.000000000000000000, 0.09844480667051710987, 1.000000000000000000),
 ( 1.000000000000000000, 0.08888273365805371418, 1.000000000000000000),
 ( 1.000000000000000000, 0.08772897099349064032, 1.000000000000000000),
 ( 1.000000000000000000, 0.08664240979314755120, 1.000000000000000000),
 ( 1.000000000000000000, 0.08669858966579171988, 1.000000000000000000),
 ( 1.000000000000000000, 0.08666189552212608116, 1.000000000000000000),
 ( 1.000000000000000000, 0.08672144364391602689, 1.000000000000000000),
 ( 1.000000000000000000, 0.08787960786843941607, 1.000000000000000000),
 ( 1.000000000000000000, 0.08902244614624159336, 1.000000000000000000),
 ( 1.000000000000000000, 0.09305467758334627637, 1.000000000000000000),
 ( 1.000000000000000000, 0.09593940330899418389, 1.000000000000000000),
 ( 1.000000000000000000, 0.1030935652147606102, 1.000000000000000000),
 ( 1.000000000000000000, 0.1073412361399102566, 1.000000000000000000),
 ( 1.000000000000000000, 0.1163062638756292011, 1.000000000000000000),
 ( 1.000000000000000000, 0.1210059510980162900, 1.000000000000000000),
 ( 1.000000000000000000, 0.1299493088704653798, 1.000000000000000000),
 ( 1.000000000000000000, 0.1341914276703371489, 1.000000000000000000),
 ( 1.000000000000000000, 0.1416277605440648957, 1.000000000000000000),
 ( 1.000000000000000000, 0.1447749165467481502, 1.000000000000000000),
 ( 1.000000000000000000, 0.1523908060705057577, 1.000000000000000000),
 ( 1.000000000000000000, 0.1552200544385435865, 1.000000000000000000),
 ( 1.000000000000000000, 0.1581535282742013160, 1.000000000000000000),
 ( 1.000000000000000000, 0.1582420636236143985, 1.000000000000000000),
 ( 1.000000000000000000, 0.1557816809717436635, 1.000000000000000000),
 ( 1.000000000000000000, 0.1505837575603709566, 1.000000000000000000),
 ( 1.000000000000000000, 0.1398383275460203246, 1.000000000000000000),
 ( 1.000000000000000000, 0.1357360082371499022, 1.000000000000000000),
 ( 1.000000000000000000, 0.1266745698280268562, 1.000000000000000000),
 ( 1.000000000000000000, 0.1217114030619413367, 1.000000000000000000),
 ( 1.000000000000000000, 0.1110869905628722176, 1.000000000000000000),
 ( 1.000000000000000000, 0.1054214513439788031, 1.000000000000000000),
 ( 1.000000000000000000, 0.09651432333074647096, 1.000000000000000000),
 ( 1.000000000000000000, 0.09347720282502663958, 1.000000000000000000),
 ( 1.000000000000000000, 0.08730798711939430357, 1.000000000000000000),
 ( 1.000000000000000000, 0.08417259981881355935, 1.000000000000000000),
 ( 1.000000000000000000, 0.07790553864371686787, 1.000000000000000000),
 ( 1.000000000000000000, 0.07477671680010644639, 1.000000000000000000),
 ( 1.000000000000000000, 0.07033397242134394045, 1.000000000000000000),
 ( 1.000000000000000000, 0.06889635572929386775, 1.000000000000000000),
 ( 1.000000000000000000, 0.06621967147466147063, 1.000000000000000000),
 ( 1.000000000000000000, 0.06497472353431757441, 1.000000000000000000),
 ( 1.000000000000000000, 0.06345199302344570191, 1.000000000000000000),
 ( 1.000000000000000000, 0.06300326232643856106, 1.000000000000000000),
 ( 1.000000000000000000, 0.06229955669147235753, 1.000000000000000000),
 ( 1.000000000000000000, 0.06204297438950321514, 1.000000000000000000),
 ( 1.000000000000000000, 0.06186780507119491596, 1.000000000000000000),
 ( 1.000000000000000000, 0.06194311837943435733, 1.000000000000000000),
 ( 1.000000000000000000, 0.06272001851582680032, 1.000000000000000000),
 ( 1.000000000000000000, 0.06340084141847882049, 1.000000000000000000),
 ( 1.000000000000000000, 0.06615255061824064364, 1.000000000000000000),
 ( 1.000000000000000000, 0.06809255996205285100, 1.000000000000000000),
 ( 1.000000000000000000, 0.07421594686947043107, 1.000000000000000000),
 ( 1.000000000000000000, 0.07679112377267273415, 1.000000000000000000),
 ( 1.000000000000000000, 0.08460118017665216317, 1.000000000000000000),
 ( 1.000000000000000000, 0.08959714581111620502, 1.000000000000000000),
 ( 1.000000000000000000, 0.1071227701020232431, 1.000000000000000000),
 ( 1.000000000000000000, 0.1177616970279549147, 1.000000000000000000),
 ( 1.000000000000000000, 0.1616062071211592788, 1.000000000000000000),
 ( 1.000000000000000000, 0.1806508308108414063, 1.000000000000000000),
 ( 1.000000000000000000, 0.2242058971251346677, 1.000000000000000000),
 ( 1.000000000000000000, 0.2339927032222528791, 1.000000000000000000),
 ( 1.000000000000000000, 0.2481727979968377240, 1.000000000000000000),
 ( 1.000000000000000000, 0.2511073302909863081, 1.000000000000000000),
 ( 1.000000000000000000, 0.2556725740876679143, 1.000000000000000000),
 ( 1.000000000000000000, 0.2572215545709033435, 1.000000000000000000),
 ( 1.000000000000000000, 0.2603769443388829208, 1.000000000000000000),
 ( 1.000000000000000000, 0.2627778171667933260, 1.000000000000000000),
 ( 1.000000000000000000, 0.2644767564230906531, 1.000000000000000000),
 ( 1.000000000000000000, 0.2658830747404583028, 1.000000000000000000),
 ( 1.000000000000000000, 0.2731724212046992006, 1.000000000000000000),
 ( 1.000000000000000000, 0.2798169767465010227, 1.000000000000000000),
 ( 1.000000000000000000, 0.2954686718002322299, 1.000000000000000000),
 ( 1.000000000000000000, 0.3044819052329069131, 1.000000000000000000),
 ( 1.000000000000000000, 0.3205242068270292011, 1.000000000000000000),
 ( 1.000000000000000000, 0.3262944391586425907, 1.000000000000000000),
 ( 1.000000000000000000, 0.3387778729546221390, 1.000000000000000000),
 ( 1.000000000000000000, 0.3436525042521557660, 1.000000000000000000),
 ( 1.000000000000000000, 0.3956906200552046116, 1.000000000000000000),
 ( 1.000000000000000000, 0.4443746254450012811, 1.000000000000000000),
 ( 1.000000000000000000, 0.5767098069379973380, 1.000000000000000000),
 ( 1.000000000000000000, 0.6397911964126858919, 1.000000000000000000),
 ( 1.000000000000000000, 0.6820783048046361596, 1.000000000000000000) ) ) 
 REPRESENTATION_ITEM ( '' )  SURFACE ( )  );
#809 = VECTOR ( 'NONE', #4796, 1.000000000000000000 ) ;
#810 = AXIS2_PLACEMENT_3D ( 'NONE', #4076, #2996, #4503 ) ;
#811 = CARTESIAN_POINT ( 'NONE',  ( -0.09835895051580051396, 0.01005022945800982184, 0.0009442815990514573593 ) ) ;
#812 = CARTESIAN_POINT ( 'NONE',  ( 0.002142560847799784320, 0.01025987896634354864, 0.001016000000000057005 ) ) ;
#813 = CARTESIAN_POINT ( 'NONE',  ( 0.03928838923248059722, 0.009370105975740280341, -0.003511994938936509759 ) ) ;
#814 = CARTESIAN_POINT ( 'NONE',  ( -0.002294064670271056278, 0.01063894933714473398, -0.0008961926786326445196 ) ) ;
#815 = CARTESIAN_POINT ( 'NONE',  ( -0.02200953777386516902, 0.008018946854354737017, 0.003015838176265005482 ) ) ;
#816 = CARTESIAN_POINT ( 'NONE',  ( 0.004579114682840687220, 0.007948341603019078508, -0.004254013250294238525 ) ) ;
#817 = CARTESIAN_POINT ( 'NONE',  ( 0.003898649647252074978, 0.009111460307960353444, 0.0008842531518466554673 ) ) ;
#818 = CARTESIAN_POINT ( 'NONE',  ( -0.1285652108075734934, 0.006557542889887987489, -0.007220108600491225576 ) ) ;
#819 = CARTESIAN_POINT ( 'NONE',  ( -0.0002540000000000001566, 0.0004689809571372346758, -0.001447224898745791757 ) ) ;
#820 = ADVANCED_FACE ( 'NONE', ( #1025 ), #1092, .F. ) ;
#821 = ORIENTED_EDGE ( 'NONE', *, *, #5402, .T. ) ;
#822 =( NAMED_UNIT ( * ) PLANE_ANGLE_UNIT ( ) SI_UNIT ( $, .RADIAN. ) );
#823 = CARTESIAN_POINT ( 'NONE',  ( -0.003046615533742745661, 0.01185654178562653253, -0.0004294154034090712788 ) ) ;
#824 = CARTESIAN_POINT ( 'NONE',  ( 0.002286162550278584855, 0.01094932465655906219, -0.0006399401884008604257 ) ) ;
#825 = DIRECTION ( 'NONE',  ( -1.000000000000000000, 9.484135310589725177E-16, 0.000000000000000000 ) ) ;
#826 = CARTESIAN_POINT ( 'NONE',  ( 0.04693685783165081615, 0.009861439526219524174, -0.004559218814545342065 ) ) ;
#827 = CARTESIAN_POINT ( 'NONE',  ( -0.005918200000000022748, 0.01016000000000000583, 0.001015999999999999976 ) ) ;
#828 = CARTESIAN_POINT ( 'NONE',  ( 0.04666285610165209208, -0.0008791424137591367276, 0.01825543902424307807 ) ) ;
#829 = ORIENTED_EDGE ( 'NONE', *, *, #1465, .T. ) ;
#830 = CARTESIAN_POINT ( 'NONE',  ( -0.002319846361478045821, 0.01112249568492034227, -0.0003255726422637804547 ) ) ;
#831 = CARTESIAN_POINT ( 'NONE',  ( -0.003994263789187611595, 0.001666948713684980165, -0.004815895014839872111 ) ) ;
#832 = CARTESIAN_POINT ( 'NONE',  ( 0.002934866552689850434, 0.01111685165875217311, -0.001628221774028236046 ) ) ;
#833 = EDGE_CURVE ( 'NONE', #6626, #235, #3768, .T. ) ;
#834 = CARTESIAN_POINT ( 'NONE',  ( -0.002395721687853003250, 0.009640712759295282097, -0.0008830971951592791504 ) ) ;
#835 = CARTESIAN_POINT ( 'NONE',  ( 0.004013121271743879705, 0.008964000266788946583, 0.0004477753070320720499 ) ) ;
#836 = ORIENTED_EDGE ( 'NONE', *, *, #6039, .F. ) ;
#837 = CARTESIAN_POINT ( 'NONE',  ( 0.006049369316858547833, 0.004464068374055862529, 0.001590867629812845255 ) ) ;
#838 = CARTESIAN_POINT ( 'NONE',  ( 0.003087858420316615463, 0.01045510172365944276, -0.001824137505159370261 ) ) ;
#839 = CARTESIAN_POINT ( 'NONE',  ( -0.002944096468215282730, 0.01101123215058540800, 0.001689253739045311863 ) ) ;
#840 = CARTESIAN_POINT ( 'NONE',  ( 0.09566273219626905688, 0.009950183982232031418, -0.001298869373171071973 ) ) ;
#841 = ORIENTED_EDGE ( 'NONE', *, *, #3451, .F. ) ;
#842 = CARTESIAN_POINT ( 'NONE',  ( -0.03001791880397789228, -0.0004603294020596733049, -0.008862087538974361065 ) ) ;
#843 = AXIS2_PLACEMENT_3D ( 'NONE', #1424, #4132, #5793 ) ;
#844 = B_SPLINE_CURVE_WITH_KNOTS ( 'NONE', 3,
 ( #1808, #1259, #1325, #2414 ),
 .UNSPECIFIED., .F., .F.,
 ( 4, 4 ),
 ( 0.0002119569186995603702, 0.0008314383372711056739 ),
 .UNSPECIFIED. ) ;
#845 = CARTESIAN_POINT ( 'NONE',  ( 0.002305111702041018947, 0.01106246439476214934, -0.0004670255017329298154 ) ) ;
#846 = AXIS2_PLACEMENT_3D ( 'NONE', #6312, #6872, #6941 ) ;
#847 = CARTESIAN_POINT ( 'NONE',  ( -0.1303334613224246818, 0.005783177273608519110, -0.008362734506096146034 ) ) ;
#848 = CARTESIAN_POINT ( 'NONE',  ( 0.002293504723761709448, 0.01100152239068151981, 0.0005693208274942959625 ) ) ;
#849 = DIRECTION ( 'NONE',  ( 0.000000000000000000, 0.000000000000000000, -1.000000000000000000 ) ) ;
#850 = VECTOR ( 'NONE', #2863, 1.000000000000000222 ) ;
#851 = CARTESIAN_POINT ( 'NONE',  ( -0.002445228830612217706, 0.01020360670910386985, -0.001015571442872046379 ) ) ;
#852 = ADVANCED_FACE ( 'NONE', ( #3800, #2648 ), #4778, .F. ) ;
#853 = DIRECTION ( 'NONE',  ( 0.000000000000000000, 0.000000000000000000, 1.000000000000000000 ) ) ;
#854 = CARTESIAN_POINT ( 'NONE',  ( 0.003405662098901983230, 0.009823970630100162596, 0.001660274849624139700 ) ) ;
#855 = CARTESIAN_POINT ( 'NONE',  ( -0.05803012424345176112, 0.01011731497771480373, 0.003860444025835198332 ) ) ;
#856 = CIRCLE ( 'NONE', #5543, 0.003809999999999999585 ) ;
#857 = CARTESIAN_POINT ( 'NONE',  ( 0.005641145102812678697, 0.003525147851916868389, 0.002736144911366487301 ) ) ;
#858 = CARTESIAN_POINT ( 'NONE',  ( -0.003241643978088121561, 0.009199576010174839377, -0.0003318574085030673282 ) ) ;
#859 = CARTESIAN_POINT ( 'NONE',  ( -0.003046172936083847357, 0.01185533839239468444, 0.0004359227056944474225 ) ) ;
#860 = CARTESIAN_POINT ( 'NONE',  ( 0.002286753490854169686, 0.01069013961626395781, -0.0008668948656510378284 ) ) ;
#861 = CARTESIAN_POINT ( 'NONE',  ( 0.05102533192409516166, 0.01003162493141820412, -0.004568274144181243973 ) ) ;
#862 = CARTESIAN_POINT ( 'NONE',  ( 0.06325050444880342404, 0.01022676594580353149, -0.003723538156875220908 ) ) ;
#863 = DIRECTION ( 'NONE',  ( 0.000000000000000000, 0.000000000000000000, 1.000000000000000000 ) ) ;
#864 = CARTESIAN_POINT ( 'NONE',  ( 0.01747347648646991117, -5.645543202543995944E-05, 0.005446237538216768502 ) ) ;
#865 = EDGE_LOOP ( 'NONE', ( #2778, #127, #5963, #2417, #5439 ) ) ;
#866 = CARTESIAN_POINT ( 'NONE',  ( 0.000000000000000000, 0.002044699999999995219, 0.000000000000000000 ) ) ;
#867 = CARTESIAN_POINT ( 'NONE',  ( -0.001876066586108139905, 0.0008811849340587212366, -0.005970044175151549386 ) ) ;
#868 = CARTESIAN_POINT ( 'NONE',  ( 0.003343929828587252889, 0.009928735500791241106, -0.001710974352276899363 ) ) ;
#869 = CARTESIAN_POINT ( 'NONE',  ( -0.004218195335533824787, 0.001635278888555809001, -0.004759063909364287873 ) ) ;
#870 = EDGE_CURVE ( 'NONE', #4768, #426, #4878, .T. ) ;
#871 = CARTESIAN_POINT ( 'NONE',  ( 0.003978121516677733845, 0.009008626978149327641, 0.0006178776612347094228 ) ) ;
#872 = ORIENTED_EDGE ( 'NONE', *, *, #6649, .F. ) ;
#873 = CARTESIAN_POINT ( 'NONE',  ( 0.001473200000000000030, 0.000000000000000000, 0.000000000000000000 ) ) ;
#874 = CARTESIAN_POINT ( 'NONE',  ( 0.003282763959744812877, 0.009158519794411505710, 0.0001720142363162778358 ) ) ;
#875 = CARTESIAN_POINT ( 'NONE',  ( 0.07417799015359202719, 0.01044910696210368112, -0.003856317415515390489 ) ) ;
#876 = CARTESIAN_POINT ( 'NONE',  ( -0.003026411892659106474, 0.01063155813434482101, 0.001810972462207171294 ) ) ;
#877 = CARTESIAN_POINT ( 'NONE',  ( 0.1066997934512860513, 0.009666654527432882310, -0.0006538739551362554797 ) ) ;
#878 = DIRECTION ( 'NONE',  ( -1.000000000000000000, 1.050710766793948317E-15, 0.000000000000000000 ) ) ;
#879 = ADVANCED_FACE ( 'NONE', ( #5255 ), #4843, .T. ) ;
#880 = CARTESIAN_POINT ( 'NONE',  ( 0.002333542113244790363, 0.01116932440896879590, -0.0001214286181772172640 ) ) ;
#881 = CARTESIAN_POINT ( 'NONE',  ( -0.003137223079854329060, 0.009306070366613355613, 0.0005514714017243256723 ) ) ;
#882 = CARTESIAN_POINT ( 'NONE',  ( -0.1300035457770759850, 0.005920187975200398231, -0.008934626602003246931 ) ) ;
#883 = CARTESIAN_POINT ( 'NONE',  ( 0.002293021354410340173, 0.01099853860888437736, 0.0005737030096728286789 ) ) ;
#884 = ORIENTED_EDGE ( 'NONE', *, *, #6859, .T. ) ;
#885 = CARTESIAN_POINT ( 'NONE',  ( 0.07391691699430241735, 0.01052206422971512650, -0.003239247349296458731 ) ) ;
#886 = CARTESIAN_POINT ( 'NONE',  ( -0.002377113466108625364, 0.01035132102300484642, -0.0009979640466859774055 ) ) ;
#887 = LINE ( 'NONE', #3034, #2694 ) ;
#888 = CARTESIAN_POINT ( 'NONE',  ( 0.002931130423585095058, 0.01120333548624212298, 0.001569560205682938572 ) ) ;
#889 = CARTESIAN_POINT ( 'NONE',  ( -0.1299066290600135176, 0.005743418380057679039, -0.008962369153525922422 ) ) ;
#890 = CARTESIAN_POINT ( 'NONE',  ( -0.0002540000000000001566, 0.0007034714342214828811, -0.001445268041901130772 ) ) ;
#891 = CARTESIAN_POINT ( 'NONE',  ( 0.001445268041901130772, 0.0007034714342214828811, -0.0002540000000000001024 ) ) ;
#892 = EDGE_CURVE ( 'NONE', #5227, #6908, #2854, .T. ) ;
#893 = ORIENTED_EDGE ( 'NONE', *, *, #4204, .F. ) ;
#894 = CARTESIAN_POINT ( 'NONE',  ( -0.002932410020672311397, 0.01129984016163597220, -0.001490486783555690017 ) ) ;
#895 = CARTESIAN_POINT ( 'NONE',  ( 0.002381192823446066833, 0.01034138734349134003, -0.0009998180896523840150 ) ) ;
#896 = CARTESIAN_POINT ( 'NONE',  ( 0.04563860098873365190, 0.009802583740623250358, -0.003783311865702160270 ) ) ;
#897 = SURFACE_SIDE_STYLE ('',( #5657 ) ) ;
#898 = CARTESIAN_POINT ( 'NONE',  ( 0.1302803665092209517, 0.005510281516509505859, 0.009641145841451053203 ) ) ;
#899 = EDGE_LOOP ( 'NONE', ( #294, #6901, #3309 ) ) ;
#900 = CARTESIAN_POINT ( 'NONE',  ( -0.002328819837138554859, 0.01115393053412670060, 0.0002119241635260792327 ) ) ;
#901 = CARTESIAN_POINT ( 'NONE',  ( 0.003106703092177108983, 0.01040759914745558422, -0.001823309082234992424 ) ) ;
#902 = CARTESIAN_POINT ( 'NONE',  ( 0.003920112958774452962, 0.009083303227918346559, -0.0008262229603328952827 ) ) ;
#903 = CARTESIAN_POINT ( 'NONE',  ( 0.003889046688987923741, 0.009124088196172891116, -0.0009090159383989556514 ) ) ;
#904 = AXIS2_PLACEMENT_3D ( 'NONE', #3476, #1774, #1391 ) ;
#905 = FACE_OUTER_BOUND ( 'NONE', #1279, .T. ) ;
#906 = CARTESIAN_POINT ( 'NONE',  ( -0.002642911524170885908, 0.009886110016840341658, -0.0009784548575039752911 ) ) ;
#907 = CARTESIAN_POINT ( 'NONE',  ( 0.003250613114700566172, 0.009190580884007920962, 0.0003045816007658209371 ) ) ;
#908 = CARTESIAN_POINT ( 'NONE',  ( -0.002990396284644857797, 0.009462543319621454646, -0.0007394490235212214163 ) ) ;
#909 = CARTESIAN_POINT ( 'NONE',  ( -0.02930792205695984323, 0.008746096427598371720, 0.004020156902414629557 ) ) ;
#910 = ADVANCED_FACE ( 'NONE', ( #6099 ), #5637, .T. ) ;
#911 = CARTESIAN_POINT ( 'NONE',  ( 0.002820133611354169820, 0.009657879835635091795, -0.0008832551440596662137 ) ) ;
#912 = CARTESIAN_POINT ( 'NONE',  ( 0.002316985863297929809, 0.01111180270346635336, -0.0003558461915131551009 ) ) ;
#913 = CARTESIAN_POINT ( 'NONE',  ( -0.002279595665322030253, 0.01078045839948021598, 0.0008047270713102455588 ) ) ;
#914 = CARTESIAN_POINT ( 'NONE',  ( -0.1302161056456711818, 0.005671038407646067717, -0.008777536174431908866 ) ) ;
#915 = AXIS2_PLACEMENT_3D ( 'NONE', #5517, #5968, #4445 ) ;
#916 = CYLINDRICAL_SURFACE ( 'NONE', #2257, 0.002895600000000001645 ) ;
#917 = ORIENTED_EDGE ( 'NONE', *, *, #1055, .F. ) ;
#918 = VECTOR ( 'NONE', #6130, 1.000000000000000000 ) ;
#919 = CARTESIAN_POINT ( 'NONE',  ( 0.1297010585244354752, 0.006204405419614793075, 0.008380106257347169629 ) ) ;
#920 = CARTESIAN_POINT ( 'NONE',  ( -0.002314414787190942086, 0.01110184146215096278, 0.0003814286618648463035 ) ) ;
#921 = CARTESIAN_POINT ( 'NONE',  ( -0.01468926106792252037, 0.008207620271896431258, 0.004289518856859511273 ) ) ;
#922 = CARTESIAN_POINT ( 'NONE',  ( 0.003380534401333905054, 0.009865788406959919224, 0.001682056801871697864 ) ) ;
#923 = CARTESIAN_POINT ( 'NONE',  ( -0.1299527842549104695, 0.005678911938819675674, -0.009114693916152549757 ) ) ;
#924 = CARTESIAN_POINT ( 'NONE',  ( 0.006113470051590695446, 0.006928345356560686175, -0.001325262706882058108 ) ) ;
#925 = CARTESIAN_POINT ( 'NONE',  ( 0.001415477532827728174, 0.004272187755612158119, -0.0002540000000000001024 ) ) ;
#926 = VERTEX_POINT ( 'NONE', #5418 ) ;
#927 = ITEM_DEFINED_TRANSFORMATION ( 'NONE', 'NONE', #4278,  #3950 ) ;
#928 = CARTESIAN_POINT ( 'NONE',  ( -0.003041797148665537076, 0.01058352791155158304, 0.001817081551245737546 ) ) ;
#929 = CARTESIAN_POINT ( 'NONE',  ( 0.002333542113244790363, 0.01116932440896879590, -0.0001214286181772172640 ) ) ;
#930 = CARTESIAN_POINT ( 'NONE',  ( 0.003633512207665336082, 0.009474537661314886422, 0.001399205110270582749 ) ) ;
#931 = CARTESIAN_POINT ( 'NONE',  ( 0.06280456360498724855, -0.001107131769424738246, 0.02498294275586374416 ) ) ;
#932 = VERTEX_POINT ( 'NONE', #4897 ) ;
#933 = CARTESIAN_POINT ( 'NONE',  ( -0.004643745105030024078, 0.007741020651062791719, 0.004287909438221309405 ) ) ;
#934 =( NAMED_UNIT ( * ) PLANE_ANGLE_UNIT ( ) SI_UNIT ( $, .RADIAN. ) );
#935 = CARTESIAN_POINT ( 'NONE',  ( 0.002963598691664322184, 0.01156277928660503183, -0.001181977138022333217 ) ) ;
#936 = DIRECTION ( 'NONE',  ( -1.000000000000000000, 9.484135310589723205E-16, 0.000000000000000000 ) ) ;
#937 = CARTESIAN_POINT ( 'NONE',  ( 0.003933012063640841348, 0.009066744686877823561, 0.0007809919257440499710 ) ) ;
#938 = CARTESIAN_POINT ( 'NONE',  ( 0.1156621983150369903, 0.008963334337392887818, 0.002140188144140990276 ) ) ;
#939 = CARTESIAN_POINT ( 'NONE',  ( 0.002945249107597691218, 0.009512724164460924225, 0.0007832836943168746801 ) ) ;
#940 = CARTESIAN_POINT ( 'NONE',  ( -0.004047361965605063110, 0.008920710591436245562, -0.0001402223337147733039 ) ) ;
#941 = CARTESIAN_POINT ( 'NONE',  ( -0.02978125322163853797, 0.003593040637191406879, -0.004575598783114707795 ) ) ;
#942 = CARTESIAN_POINT ( 'NONE',  ( -0.005043503486655526169, 0.007938029871693409387, 0.003875549129046373682 ) ) ;
#943 = CARTESIAN_POINT ( 'NONE',  ( 0.002312038967899692887, 0.01109231967837226614, -0.0004041523174360616105 ) ) ;
#944 = CARTESIAN_POINT ( 'NONE',  ( -0.002285379602550495319, 0.01094235499010988433, 0.0006484447611093405650 ) ) ;
#945 = CARTESIAN_POINT ( 'NONE',  ( -0.1299167067262223807, 0.006537328832945284163, -0.006631294479825435711 ) ) ;
#946 = CARTESIAN_POINT ( 'NONE',  ( -0.003396697001137236310, 0.009838770817116124917, -0.001668185981984765835 ) ) ;
#947 = EDGE_LOOP ( 'NONE', ( #1581, #5388, #4150, #3925, #5707, #6875 ) ) ;
#948 = DIRECTION ( 'NONE',  ( -0.000000000000000000, 1.000000000000000000, -0.000000000000000000 ) ) ;
#949 = CARTESIAN_POINT ( 'NONE',  ( -0.002307621396636076131, 0.01107369057005749662, 0.0004446676669157456001 ) ) ;
#950 = EDGE_CURVE ( 'NONE', #535, #2103, #5383, .T. ) ;
#951 = AXIS2_PLACEMENT_3D ( 'NONE', #3709, #2081, #4230 ) ;
#952 = EDGE_CURVE ( 'NONE', #1914, #1954, #1582, .T. ) ;
#953 = CARTESIAN_POINT ( 'NONE',  ( 0.004528612913413038350, 0.007734129510743491080, -0.004307702388550586729 ) ) ;
#954 = CARTESIAN_POINT ( 'NONE',  ( 0.002931072454018328419, 0.01124563051666461859, 0.001536675533537400608 ) ) ;
#955 = DIRECTION ( 'NONE',  ( 0.000000000000000000, 1.000000000000000000, 0.000000000000000000 ) ) ;
#956 = LINE ( 'NONE', #720, #5813 ) ;
#957 = VECTOR ( 'NONE', #5890, 1.000000000000000000 ) ;
#958 = EDGE_CURVE ( 'NONE', #253, #1933, #4355, .T. ) ;
#959 = EDGE_LOOP ( 'NONE', ( #6779, #2826, #6119, #917, #2811 ) ) ;
#960 = CARTESIAN_POINT ( 'NONE',  ( -0.003846547490428062384, 0.009180157786127064040, 0.001015736236118026329 ) ) ;
#961 = CARTESIAN_POINT ( 'NONE',  ( 0.002334663284312536898, 0.01117290163158848534, 8.646704013715736186E-05 ) ) ;
#962 = AXIS2_PLACEMENT_3D ( 'NONE', #1865, #4407, #1283 ) ;
#963 = CARTESIAN_POINT ( 'NONE',  ( -0.003938719099518611481, 0.009059217445655349046, 0.0007673029589154024659 ) ) ;
#964 = CARTESIAN_POINT ( 'NONE',  ( -0.004703547860959230754, 0.001907059821498041262, -0.004364070817075620980 ) ) ;
#965 = CARTESIAN_POINT ( 'NONE',  ( 0.03967421650238051045, -0.0006114436324195257448, 0.01421244208435756308 ) ) ;
#966 = ORIENTED_EDGE ( 'NONE', *, *, #958, .F. ) ;
#967 = PRESENTATION_LAYER_ASSIGNMENT (  '', '', ( #4001 ) ) ;
#968 = CARTESIAN_POINT ( 'NONE',  ( -0.005309351240032606986, 0.002822907470060701234, -0.003410377532565239331 ) ) ;
#969 = CARTESIAN_POINT ( 'NONE',  ( 0.003147095710188464821, 0.01031324708887658079, -0.001815645929083589856 ) ) ;
#970 = CARTESIAN_POINT ( 'NONE',  ( 0.000000000000000000, 0.006959600000000000682, 0.000000000000000000 ) ) ;
#971 = CARTESIAN_POINT ( 'NONE',  ( 0.004026487109669303621, 0.008947059058870773102, -0.0003610108771436727868 ) ) ;
#972 =( NAMED_UNIT ( * ) PLANE_ANGLE_UNIT ( ) SI_UNIT ( $, .RADIAN. ) );
#973 = CARTESIAN_POINT ( 'NONE',  ( 0.1186838117297873418, 0.008794124336940085593, 0.001609816229223938683 ) ) ;
#974 = CARTESIAN_POINT ( 'NONE',  ( 0.002311870291072464032, 0.01055162128800039151, 0.0009376497525002247101 ) ) ;
#975 = CARTESIAN_POINT ( 'NONE',  ( -0.002306558695742685038, 0.01057308195393562474, 0.0009288582809860147999 ) ) ;
#976 = CARTESIAN_POINT ( 'NONE',  ( -0.002793709879286578133, 0.009689731709275556729, -0.0009011367299697834853 ) ) ;
#977 = CARTESIAN_POINT ( 'NONE',  ( -0.01066806096747685735, 0.0009729210562361313838, -0.004363876462263082887 ) ) ;
#978 = EDGE_CURVE ( 'NONE', #6516, #4086, #6770, .T. ) ;
#979 = CARTESIAN_POINT ( 'NONE',  ( -0.03530490784124401538, 0.009036049691060591554, 0.003304207606064083445 ) ) ;
#980 = CARTESIAN_POINT ( 'NONE',  ( 0.002338587673651448904, 0.01045593910920202332, -0.0009725268809766018149 ) ) ;
#981 = CARTESIAN_POINT ( 'NONE',  ( -0.003005481770588703042, 0.009446036528508778077, 0.0007235321792234270443 ) ) ;
#982 = CARTESIAN_POINT ( 'NONE',  ( -0.1299984022422330521, 0.005927122112846781345, -0.008920345188208750331 ) ) ;
#983 = DIRECTION ( 'NONE',  ( 0.000000000000000000, 0.000000000000000000, 1.000000000000000000 ) ) ;
#984 = ORIENTED_EDGE ( 'NONE', *, *, #614, .F. ) ;
#985 = CARTESIAN_POINT ( 'NONE',  ( 0.01401172562098259265, 0.007868278305223090976, -0.003393882109474249953 ) ) ;
#986 = CARTESIAN_POINT ( 'NONE',  ( -0.002309354965902051492, 0.01108114728783054365, 0.0004290026014835594619 ) ) ;
#987 = CARTESIAN_POINT ( 'NONE',  ( -0.003740031141440476950, 0.007737707807039875818, 0.004354410213815418026 ) ) ;
#988 = CARTESIAN_POINT ( 'NONE',  ( 0.003007536393742716273, 0.01174012328528786092, -0.0008388157908502277783 ) ) ;
#989 =( NAMED_UNIT ( * ) SI_UNIT ( $, .STERADIAN. ) SOLID_ANGLE_UNIT ( ) );
#990 = CARTESIAN_POINT ( 'NONE',  ( -0.004848416183094243249, 0.002039014934789089035, -0.003953095718454227754 ) ) ;
#991 = ADVANCED_FACE ( 'NONE', ( #5526 ), #4419, .F. ) ;
#992 = ORIENTED_EDGE ( 'NONE', *, *, #3658, .T. ) ;
#993 = CARTESIAN_POINT ( 'NONE',  ( -0.003197088229404414575, 0.01020477095628782860, 0.001799354800895956079 ) ) ;
#994 = CARTESIAN_POINT ( 'NONE',  ( -0.004988989855480810420, 0.007468297221947545889, 0.003813609288297173817 ) ) ;
#995 = CARTESIAN_POINT ( 'NONE',  ( -0.0002540000000000001024, 0.000000000000000000, -0.005080000000000001181 ) ) ;
#996 = CARTESIAN_POINT ( 'NONE',  ( 0.05058187948339244039, 0.009997201225576183431, -0.004526969189273999730 ) ) ;
#997 = ORIENTED_EDGE ( 'NONE', *, *, #3166, .F. ) ;
#998 = CARTESIAN_POINT ( 'NONE',  ( -0.006125816353627095562, 0.004447748214101995314, -0.001602301812225771218 ) ) ;
#999 = CARTESIAN_POINT ( 'NONE',  ( 0.003264653786694002215, 0.009176544819493454019, 0.0002556609858173384620 ) ) ;
#1000 = CARTESIAN_POINT ( 'NONE',  ( 0.003854005813146836081, 0.009170116876785287460, -0.001001554762191335856 ) ) ;
#1001 = CARTESIAN_POINT ( 'NONE',  ( -0.02287490453231739995, 0.006963006536424388299, 0.001319017261706185388 ) ) ;
#1002 = CARTESIAN_POINT ( 'NONE',  ( 0.005016500000000000126, 0.001651000000000000124, 6.143440667922709938E-19 ) ) ;
#1003 = CARTESIAN_POINT ( 'NONE',  ( 0.1291371463993459257, 0.006520559956557214071, 0.007740835890227265766 ) ) ;
#1004 = CARTESIAN_POINT ( 'NONE',  ( 0.002779410513338134540, 0.009707318886662702831, 0.0009100995550391413180 ) ) ;
#1005 = CARTESIAN_POINT ( 'NONE',  ( -0.003968461827738256793, 0.009021012485362937469, 0.0006566114866760976209 ) ) ;
#1006 = CARTESIAN_POINT ( 'NONE',  ( 0.002477462519717734280, 0.009346687838536728993, -0.0006226908725718792968 ) ) ;
#1007 = CARTESIAN_POINT ( 'NONE',  ( -0.03933748293642032323, 0.009178614335926952791, 0.003554669646004098623 ) ) ;
#1008 = CARTESIAN_POINT ( 'NONE',  ( -0.01934029047332675583, 0.007912633662813009852, 0.003077543972625935379 ) ) ;
#1009 = AXIS2_PLACEMENT_3D ( 'NONE', #484, #2633, #4208 ) ;
#1010 = CARTESIAN_POINT ( 'NONE',  ( 0.002747220700061769709, 0.009747776550232236173, -0.0009287467817423272721 ) ) ;
#1011 = CARTESIAN_POINT ( 'NONE',  ( -0.002337054958830536103, 0.01046173307635148327, 0.0009703089770742431494 ) ) ;
#1012 = LINE ( 'NONE', #2092, #4603 ) ;
#1013 = DIRECTION ( 'NONE',  ( -0.000000000000000000, -1.000000000000000000, -0.000000000000000000 ) ) ;
#1014 = ORIENTED_EDGE ( 'NONE', *, *, #2462, .T. ) ;
#1015 = CARTESIAN_POINT ( 'NONE',  ( -0.001445268041901130989, 0.0007034714342214826643, -0.0002540000000000002651 ) ) ;
#1016 = VECTOR ( 'NONE', #6803, 1.000000000000000000 ) ;
#1017 = CARTESIAN_POINT ( 'NONE',  ( -0.08758279652898652567, 0.01016837828436495395, 0.002166273029763604585 ) ) ;
#1018 = CARTESIAN_POINT ( 'NONE',  ( 0.002963598691664322184, 0.01156277928660503183, -0.001181977138022333217 ) ) ;
#1019 = CARTESIAN_POINT ( 'NONE',  ( 0.1299999999999999489, 0.005612429250701388844, 0.009265824011771390048 ) ) ;
#1020 = CARTESIAN_POINT ( 'NONE',  ( -0.001785667394348159709, 0.01046305122213600676, 0.0009697504610784551645 ) ) ;
#1021 =( BOUNDED_SURFACE ( )  B_SPLINE_SURFACE ( 3, 2, ( 
 ( #589, #4860, #47 ),
 ( #2201, #82, #2239 ),
 ( #4381, #4561, #5003 ),
 ( #6688, #1327, #2986 ),
 ( #4036, #3931, #5632 ),
 ( #2386, #5491, #3515 ),
 ( #1223, #697, #3414 ),
 ( #802, #3375, #1843 ),
 ( #2841, #4965, #767 ),
 ( #5595, #1810, #198 ),
 ( #4494, #6623, #5033 ),
 ( #158, #4533, #1878 ),
 ( #3479, #6157, #2949 ),
 ( #6017, #6655, #269 ),
 ( #1359, #6051, #2346 ),
 ( #303, #837, #3446 ),
 ( #6587, #1262, #5065 ),
 ( #5098, #2313, #5563 ),
 ( #1777, #2911, #2418 ),
 ( #5528, #3896, #2454 ),
 ( #731, #4593, #6722 ),
 ( #2879, #4461, #3970 ),
 ( #6086, #1294, #236 ),
 ( #4003, #6120, #2109 ),
 ( #1394, #5666, #1612 ),
 ( #4661, #2072, #3701 ),
 ( #5816, #6350, #5167 ),
 ( #3017, #3178, #1947 ),
 ( #4223, #5696, #5364 ),
 ( #6754, #3214, #1026 ) ),
 .UNSPECIFIED., .F., .F., .F. ) 
 B_SPLINE_SURFACE_WITH_KNOTS ( ( 4, 2, 2, 2, 2, 2, 2, 2, 2, 2, 2, 2, 2, 2, 4 ),
 ( 3, 3 ),
 ( 0.009193627370020610728, 0.01015620055718918086, 0.01111877374435775098, 0.01208134693152632111, 0.01304392011869488950, 0.01400649330586345789, 0.01496906649303202802, 0.01689421286736916827, 0.01785678605453773840, 0.01881935924170630853, 0.02074450561604344878, 0.02170707880321201891, 0.02266965199038058904, 0.02363222517754915916, 0.02459479836471772929 ),
 ( 0.000000000000000000, 1.000000000000000000 ),
 .UNSPECIFIED. ) 
 GEOMETRIC_REPRESENTATION_ITEM ( )  RATIONAL_B_SPLINE_SURFACE ( (
 ( 1.000000000000000000, 0.9197565035702779390, 1.000000000000000000),
 ( 1.000000000000000000, 0.9202449730171268216, 1.000000000000000000),
 ( 1.000000000000000000, 0.9198792735747045590, 1.000000000000000000),
 ( 1.000000000000000000, 0.9173872131826679155, 1.000000000000000000),
 ( 1.000000000000000000, 0.9152274029379148246, 1.000000000000000000),
 ( 1.000000000000000000, 0.9093563852788240087, 1.000000000000000000),
 ( 1.000000000000000000, 0.9056349806036646521, 1.000000000000000000),
 ( 1.000000000000000000, 0.8967508807088330203, 1.000000000000000000),
 ( 1.000000000000000000, 0.8916119261238203419, 1.000000000000000000),
 ( 1.000000000000000000, 0.8796780598400623097, 1.000000000000000000),
 ( 1.000000000000000000, 0.8731842765392084926, 1.000000000000000000),
 ( 1.000000000000000000, 0.8592182110585296906, 1.000000000000000000),
 ( 1.000000000000000000, 0.8517479220199035694, 1.000000000000000000),
 ( 1.000000000000000000, 0.8284875224954725281, 1.000000000000000000),
 ( 1.000000000000000000, 0.8116761804774197397, 1.000000000000000000),
 ( 1.000000000000000000, 0.7847931662582608991, 1.000000000000000000),
 ( 1.000000000000000000, 0.7755087403231714083, 1.000000000000000000),
 ( 1.000000000000000000, 0.7566966541606897634, 1.000000000000000000),
 ( 1.000000000000000000, 0.7471867213587302103, 1.000000000000000000),
 ( 1.000000000000000000, 0.7186380702046442082, 1.000000000000000000),
 ( 1.000000000000000000, 0.6993247179019221882, 1.000000000000000000),
 ( 1.000000000000000000, 0.6736452094571353522, 1.000000000000000000),
 ( 1.000000000000000000, 0.6657064990086817291, 1.000000000000000000),
 ( 1.000000000000000000, 0.6534941952205542970, 1.000000000000000000),
 ( 1.000000000000000000, 0.6490673151284211961, 1.000000000000000000),
 ( 1.000000000000000000, 0.6486042711305790576, 1.000000000000000000),
 ( 1.000000000000000000, 0.6524834814168690711, 1.000000000000000000),
 ( 1.000000000000000000, 0.6773312508983077018, 1.000000000000000000),
 ( 1.000000000000000000, 0.6992026988629872486, 1.000000000000000000),
 ( 1.000000000000000000, 0.7322297594534367127, 1.000000000000000000) ) ) 
 REPRESENTATION_ITEM ( '' )  SURFACE ( )  );
#1022 = CIRCLE ( 'NONE', #1366, 0.0001000000000000002623 ) ;
#1023 = CARTESIAN_POINT ( 'NONE',  ( -0.003592225377705113819, 0.009534492982069462524, 0.001456160131792209487 ) ) ;
#1024 = CARTESIAN_POINT ( 'NONE',  ( -0.006209457481418483894, 0.005680371165530214567, 0.0007559240651739259839 ) ) ;
#1025 = FACE_OUTER_BOUND ( 'NONE', #2903, .T. ) ;
#1026 = CARTESIAN_POINT ( 'NONE',  ( 0.004705164914168562425, 0.007932383614030374605, -0.004253490230611348989 ) ) ;
#1027 = CARTESIAN_POINT ( 'NONE',  ( 0.01075406328422111486, 0.004556744336698492596, 0.001210000908024685962 ) ) ;
#1028 = B_SPLINE_CURVE_WITH_KNOTS ( 'NONE', 3,
 ( #1255, #3926, #1771, #4959 ),
 .UNSPECIFIED., .F., .F.,
 ( 4, 4 ),
 ( 0.0002143653857282032827, 0.0008338466488414295443 ),
 .UNSPECIFIED. ) ;
#1029 = ORIENTED_EDGE ( 'NONE', *, *, #5396, .F. ) ;
#1030 = CARTESIAN_POINT ( 'NONE',  ( -0.006249274557927494110, 0.006368226384580473638, 0.0005346355391681625836 ) ) ;
#1031 = CARTESIAN_POINT ( 'NONE',  ( 0.003149068016748991176, 0.009293800566151725825, 0.0005319851450289262698 ) ) ;
#1032 = CARTESIAN_POINT ( 'NONE',  ( 0.004042316477297619622, 0.001735814177769827958, 0.004670813650600504248 ) ) ;
#1033 = ADVANCED_FACE ( 'NONE', ( #2344 ), #396, .T. ) ;
#1034 = CARTESIAN_POINT ( 'NONE',  ( -0.09293689007689250048, 0.004333397402129251022, -0.01689187782048073155 ) ) ;
#1035 = CARTESIAN_POINT ( 'NONE',  ( 0.003775428280363305866, 0.009275904301698008336, 0.001164853521191566016 ) ) ;
#1036 = CARTESIAN_POINT ( 'NONE',  ( 0.006151086749712103216, 0.004201485721025091657, 0.001214940855898994547 ) ) ;
#1037 = CARTESIAN_POINT ( 'NONE',  ( 0.1214920232782698284, 0.008284950676530931230, 0.003815825748083924787 ) ) ;
#1038 = CARTESIAN_POINT ( 'NONE',  ( -0.003921252684257168358, 0.009082010500807681519, 0.0008175564754672232006 ) ) ;
#1039 = CARTESIAN_POINT ( 'NONE',  ( 0.005905944896322838644, 0.006768921148803053872, -0.002297054484050079295 ) ) ;
#1040 = CARTESIAN_POINT ( 'NONE',  ( 0.006357372244144024465, 0.005969940045790014978, -0.0001990398362065594025 ) ) ;
#1041 = CARTESIAN_POINT ( 'NONE',  ( -0.001662511594821065863, 0.0008592331919686966267, -0.006033394239086707980 ) ) ;
#1042 = CARTESIAN_POINT ( 'NONE',  ( -0.006307766321671649627, 0.006415103085709119614, 0.0007910846121968758251 ) ) ;
#1043 = CARTESIAN_POINT ( 'NONE',  ( 0.003061340060767294910, 0.01189507105402040459, 1.243432941813064297E-15 ) ) ;
#1044 = ORIENTED_EDGE ( 'NONE', *, *, #5739, .F. ) ;
#1045 = CARTESIAN_POINT ( 'NONE',  ( -0.1132709726663810867, 0.0006486805838273644945, -0.02138733699392606630 ) ) ;
#1046 = CARTESIAN_POINT ( 'NONE',  ( -0.1300657584431536562, 0.005837583745953457345, -0.009103313572344777505 ) ) ;
#1047 = CARTESIAN_POINT ( 'NONE',  ( -0.002884438135928730530, 0.005587999999999999218, 0.0002539999999999998856 ) ) ;
#1048 = DIRECTION ( 'NONE',  ( 9.484135310589723205E-16, 1.000000000000000000, -0.000000000000000000 ) ) ;
#1049 = VERTEX_POINT ( 'NONE', #1292 ) ;
#1050 = CARTESIAN_POINT ( 'NONE',  ( -0.002326121300765077345, 0.01114477850897695188, 0.0002505286908297589283 ) ) ;
#1051 = CARTESIAN_POINT ( 'NONE',  ( -0.03338846163701026520, 0.009097296101768698878, 0.004256484899687198488 ) ) ;
#1052 = CARTESIAN_POINT ( 'NONE',  ( 0.003054803795946385656, 0.01187831008038043798, -0.0002909386609007295682 ) ) ;
#1053 = CARTESIAN_POINT ( 'NONE',  ( -0.002984768004972240124, 0.01165744438736282355, 0.001019921441481188001 ) ) ;
#1054 = LINE ( 'NONE', #6931, #102 ) ;
#1055 = EDGE_CURVE ( 'NONE', #4612, #1958, #1809, .T. ) ;
#1056 = ORIENTED_EDGE ( 'NONE', *, *, #1662, .F. ) ;
#1057 = PRODUCT_CONTEXT ( 'NONE', #3170, 'mechanical' ) ;
#1058 = VERTEX_POINT ( 'NONE', #800 ) ;
#1059 = CARTESIAN_POINT ( 'NONE',  ( -0.002933472827854268546, 0.01131523242439700337, 0.001475464265581863691 ) ) ;
#1060 = CARTESIAN_POINT ( 'NONE',  ( -0.004573808175515024776, 0.007649285579366754684, 0.004259434090767452892 ) ) ;
#1061 = CARTESIAN_POINT ( 'NONE',  ( 0.004050873552436906957, 0.008916288796237995321, 2.549550198696828356E-14 ) ) ;
#1062 = DIRECTION ( 'NONE',  ( 0.000000000000000000, 1.000000000000000000, 0.000000000000000000 ) ) ;
#1063 = CARTESIAN_POINT ( 'NONE',  ( 0.1244236575554601987, 0.007704326363489603056, 0.009171770368617286964 ) ) ;
#1064 = EDGE_LOOP ( 'NONE', ( #5625, #1992, #3891, #4646 ) ) ;
#1065 = CARTESIAN_POINT ( 'NONE',  ( -0.006038440369344557496, 0.007001613654366569024, 0.001636259690494321160 ) ) ;
#1066 = AXIS2_PLACEMENT_3D ( 'NONE', #5897, #1099, #256 ) ;
#1067 = CARTESIAN_POINT ( 'NONE',  ( 0.003276254495732973913, 0.009164988226325970766, -0.0002061681002913330813 ) ) ;
#1068 = CARTESIAN_POINT ( 'NONE',  ( 0.02978125322163851021, 0.003458093517846090852, 0.003973318349971616779 ) ) ;
#1069 = CARTESIAN_POINT ( 'NONE',  ( -0.1299999999999998379, 0.008306382705677337053, -0.003074156660427481563 ) ) ;
#1070 = CARTESIAN_POINT ( 'NONE',  ( 0.1182678937227027577, 0.008497440089847931380, 0.002785655445523599946 ) ) ;
#1071 = CARTESIAN_POINT ( 'NONE',  ( -0.002974050722956659600, 0.009480645314546374408, 0.0007556339381741915663 ) ) ;
#1072 = CARTESIAN_POINT ( 'NONE',  ( -0.002306259360189522045, 0.01106764313931491404, -0.0004568792965425572616 ) ) ;
#1073 = CARTESIAN_POINT ( 'NONE',  ( 0.002477661154764739145, 0.009346038287192361127, 0.0006219798008666448542 ) ) ;
#1074 = EDGE_CURVE ( 'NONE', #2269, #2445, #1833, .T. ) ;
#1075 = CARTESIAN_POINT ( 'NONE',  ( -0.004631615120808876308, 0.008031864869413738589, 0.004196503469877582021 ) ) ;
#1076 = CARTESIAN_POINT ( 'NONE',  ( 0.004045881950513723589, 0.008922561303467807167, 0.0001876386856259431267 ) ) ;
#1077 = CARTESIAN_POINT ( 'NONE',  ( 0.003058805664911332968, 0.01188872343138558212, -0.0002017800893519040048 ) ) ;
#1078 = CARTESIAN_POINT ( 'NONE',  ( -0.004379991594527793929, 0.001699275456554631431, -0.004671122133219572300 ) ) ;
#1079 = CARTESIAN_POINT ( 'NONE',  ( -0.1302382142456503245, 0.005388705170669012487, -0.009573200394412431993 ) ) ;
#1080 = CARTESIAN_POINT ( 'NONE',  ( -0.002932204166578406771, 0.01117375959029129513, -0.001590114021223669200 ) ) ;
#1081 = CARTESIAN_POINT ( 'NONE',  ( 0.004325241652987196934, 0.001685049490573044305, 0.004693378189183940001 ) ) ;
#1082 = VERTEX_POINT ( 'NONE', #6546 ) ;
#1083 = CARTESIAN_POINT ( 'NONE',  ( -0.001449181636525680595, 0.0002344904790593442089, -0.0002540000000000002651 ) ) ;
#1084 = CARTESIAN_POINT ( 'NONE',  ( -0.06595779171146469444, 0.01046123895571854714, 0.003614452807081265737 ) ) ;
#1085 = CARTESIAN_POINT ( 'NONE',  ( 0.003051387769771470547, 0.01186928048285730564, 0.0003527245454461973837 ) ) ;
#1086 = CARTESIAN_POINT ( 'NONE',  ( 0.002327159499706818110, 0.01114833519325286043, -0.0002368208138944010658 ) ) ;
#1087 = DIRECTION ( 'NONE',  ( -0.000000000000000000, -1.000000000000000000, -0.000000000000000000 ) ) ;
#1088 = ORIENTED_EDGE ( 'NONE', *, *, #4691, .F. ) ;
#1089 = CARTESIAN_POINT ( 'NONE',  ( -0.002990396284644857797, 0.009462543319621454646, -0.0007394490235212214163 ) ) ;
#1090 = CARTESIAN_POINT ( 'NONE',  ( 0.002977469414852783585, 0.009476864861027729792, -0.0007522148042613661283 ) ) ;
#1091 = LINE ( 'NONE', #4253, #4259 ) ;
#1092 = PLANE ( 'NONE',  #4976 ) ;
#1093 = DIRECTION ( 'NONE',  ( 0.000000000000000000, 1.000000000000000000, 0.000000000000000000 ) ) ;
#1094 = CARTESIAN_POINT ( 'NONE',  ( 0.02930792205695987099, 0.008746096427598371720, -0.004020156902414424860 ) ) ;
#1095 = ORIENTED_EDGE ( 'NONE', *, *, #3184, .T. ) ;
#1096 = B_SPLINE_CURVE_WITH_KNOTS ( 'NONE', 3,
 ( #4914, #105, #6073, #2404, #220, #2261, #6607, #1724 ),
 .UNSPECIFIED., .F., .F.,
 ( 4, 2, 2, 4 ),
 ( 0.001924064230044946703, 0.002577971406696196767, 0.002904924995021820281, 0.003231878583347443795 ),
 .UNSPECIFIED. ) ;
#1097 = CARTESIAN_POINT ( 'NONE',  ( -0.005871660952389714735, 0.007314474761210145760, 0.002160075898778968367 ) ) ;
#1098 = CARTESIAN_POINT ( 'NONE',  ( 0.003222466931897592732, 0.009218864669565588962, -0.0003842280635719064956 ) ) ;
#1099 = DIRECTION ( 'NONE',  ( -0.000000000000000000, -1.000000000000000000, -0.000000000000000000 ) ) ;
#1100 = CARTESIAN_POINT ( 'NONE',  ( -0.02282582766954645292, 0.008377499798608800674, 0.003943434724946747599 ) ) ;
#1101 = CARTESIAN_POINT ( 'NONE',  ( 0.003880020477674028887, 0.009135889504243993250, 0.0009338890384073809297 ) ) ;
#1102 = CARTESIAN_POINT ( 'NONE',  ( 0.004573808175515032583, 0.007649285579366761623, -0.004259434090767439014 ) ) ;
#1103 = CARTESIAN_POINT ( 'NONE',  ( 0.1249236889698154135, 0.007713328168878989116, 0.005151365160273264909 ) ) ;
#1104 = CARTESIAN_POINT ( 'NONE',  ( -0.002491575561246204672, 0.01011883870894245141, 0.001015684566701296121 ) ) ;
#1105 = CARTESIAN_POINT ( 'NONE',  ( -0.002383906786629084659, 0.01033488302020880642, -0.001000975064616756042 ) ) ;
#1106 = CARTESIAN_POINT ( 'NONE',  ( 0.002504045676704241136, 0.009272074566251738148, -0.0005109901435323442251 ) ) ;
#1107 = CARTESIAN_POINT ( 'NONE',  ( 0.002704261253762253302, 0.009803218049318456265, -0.0009513310004806835567 ) ) ;
#1108 = CARTESIAN_POINT ( 'NONE',  ( -0.005264090599126146179, 0.002936957067140545750, -0.003378383774223673013 ) ) ;
#1109 = CARTESIAN_POINT ( 'NONE',  ( 0.000000000000000000, 0.006959600000000000682, 0.003809999999999999585 ) ) ;
#1110 = CARTESIAN_POINT ( 'NONE',  ( 2.955072726342560451E-19, 0.02413508000000001361, 0.002412999999999997612 ) ) ;
#1111 = DIRECTION ( 'NONE',  ( -0.000000000000000000, -1.000000000000000000, -0.000000000000000000 ) ) ;
#1112 = CARTESIAN_POINT ( 'NONE',  ( -0.1302151272237765112, 0.005492717466606441244, -0.009236563622713021490 ) ) ;
#1113 = CARTESIAN_POINT ( 'NONE',  ( -0.003059643874716820155, 0.01189074600112210132, 0.0001480326878962498179 ) ) ;
#1114 = CARTESIAN_POINT ( 'NONE',  ( 0.005016500000000012269, 0.01447799999999999261, 6.143440667922709938E-19 ) ) ;
#1115 = VERTEX_POINT ( 'NONE', #196 ) ;
#1116 = CARTESIAN_POINT ( 'NONE',  ( 0.1251976898642208069, 0.007465025437344471534, 0.005232187499411844467 ) ) ;
#1117 = AXIS2_PLACEMENT_3D ( 'NONE', #5131, #1062, #3769 ) ;
#1118 = CARTESIAN_POINT ( 'NONE',  ( -0.08772053286220136969, 0.01031004896584627149, 0.002850363091310276036 ) ) ;
#1119 = AXIS2_PLACEMENT_3D ( 'NONE', #2890, #5016, #4509 ) ;
#1120 = CARTESIAN_POINT ( 'NONE',  ( 0.002946760902660168491, 0.01146034412533320120, -0.001321290405232182150 ) ) ;
#1121 = CARTESIAN_POINT ( 'NONE',  ( 0.002320462560165568143, 0.01112474975254927438, 0.0003188294307966811169 ) ) ;
#1122 = CARTESIAN_POINT ( 'NONE',  ( -0.002811667861694352923, 0.009668032898261810434, 0.0008890444792838190884 ) ) ;
#1123 = ORIENTED_EDGE ( 'NONE', *, *, #2627, .T. ) ;
#1124 = ADVANCED_FACE ( 'NONE', ( #5978 ), #5002, .F. ) ;
#1125 = CARTESIAN_POINT ( 'NONE',  ( -0.002893828926157297320, 0.009571144511195828902, -0.0008280997667361031031 ) ) ;
#1126 = AXIS2_PLACEMENT_3D ( 'NONE', #6704, #4246, #5218 ) ;
#1127 = CARTESIAN_POINT ( 'NONE',  ( -0.003603741299698956773, 0.001294394854283313938, -0.005307684029599020296 ) ) ;
#1128 = CARTESIAN_POINT ( 'NONE',  ( 0.000000000000000000, 0.006959600000000000682, 0.000000000000000000 ) ) ;
#1129 = PRESENTATION_STYLE_ASSIGNMENT (( #3177 ) ) ;
#1130 = CARTESIAN_POINT ( 'NONE',  ( 0.01398235782834596902, 0.007688195979833562475, -0.003480903704121051864 ) ) ;
#1131 = CARTESIAN_POINT ( 'NONE',  ( -0.002295601128247076565, 0.01101390091596106055, 0.0005505535629898901254 ) ) ;
#1132 = CIRCLE ( 'NONE', #351, 0.006032499999999996199 ) ;
#1133 = EDGE_LOOP ( 'NONE', ( #3961, #6402 ) ) ;
#1134 = FACE_OUTER_BOUND ( 'NONE', #521, .T. ) ;
#1135 = CARTESIAN_POINT ( 'NONE',  ( 0.002974753729673577322, 0.01163441359325961995, 0.001087941793319580639 ) ) ;
#1136 = CARTESIAN_POINT ( 'NONE',  ( 0.003272703928879602212, 0.009168521230953616263, 0.0002225229692702600367 ) ) ;
#1137 = CARTESIAN_POINT ( 'NONE',  ( 0.02287490453231741036, 0.006963006536424388299, -0.001319017261706025576 ) ) ;
#1138 = CARTESIAN_POINT ( 'NONE',  ( -1.204485184444895089E-17, 0.01015018309780834661, 0.000000000000000000 ) ) ;
#1139 = CARTESIAN_POINT ( 'NONE',  ( 0.1299984022422330521, 0.005927122112846724966, 0.008920345188209635040 ) ) ;
#1140 = CARTESIAN_POINT ( 'NONE',  ( -0.003231899909131461836, 0.009209374488890078800, 0.0003589574262433802444 ) ) ;
#1141 = CARTESIAN_POINT ( 'NONE',  ( -0.002618097784243265166, 0.009921119280021145972, -0.0009876432785131730990 ) ) ;
#1142 = FACE_OUTER_BOUND ( 'NONE', #2131, .T. ) ;
#1143 = DIRECTION ( 'NONE',  ( -1.000000000000000000, 0.000000000000000000, -1.224646799147353207E-16 ) ) ;
#1144 = DIRECTION ( 'NONE',  ( 0.000000000000000000, 1.000000000000000000, 0.000000000000000000 ) ) ;
#1145 = CARTESIAN_POINT ( 'NONE',  ( -0.03534120024088165807, 0.008846833402067089819, 0.003359291175929314012 ) ) ;
#1146 = CARTESIAN_POINT ( 'NONE',  ( -0.005994157965689848357, 0.004055645573880861318, -0.002044089202270168298 ) ) ;
#1147 = CARTESIAN_POINT ( 'NONE',  ( 0.002932420760416739377, 0.01113815831765520292, -0.001617167326093591883 ) ) ;
#1148 = CARTESIAN_POINT ( 'NONE',  ( -0.006964729014412576399, 0.001406712328755567107, -0.004585626297380645915 ) ) ;
#1149 = CARTESIAN_POINT ( 'NONE',  ( -0.1300805665313551351, 0.005818104978907505560, -0.009139891346619744006 ) ) ;
#1150 = CARTESIAN_POINT ( 'NONE',  ( -0.002933005915215889867, 0.01115199936154070981, -0.001605182551861066096 ) ) ;
#1151 = CARTESIAN_POINT ( 'NONE',  ( 0.004379991594527760969, 0.001699275456554631431, 0.004671122133219602658 ) ) ;
#1152 = ORIENTED_EDGE ( 'NONE', *, *, #2928, .T. ) ;
#1153 = VERTEX_POINT ( 'NONE', #2806 ) ;
#1154 = CARTESIAN_POINT ( 'NONE',  ( -0.03483301470982744924, 0.008995258162627401896, 0.003280123716222694673 ) ) ;
#1155 = CARTESIAN_POINT ( 'NONE',  ( 0.003179227998736996932, 0.01024286356849903913, -0.001805741178172188838 ) ) ;
#1156 = CARTESIAN_POINT ( 'NONE',  ( 0.002325584547034262404, 0.01114298331939474369, -0.0002581132973046235471 ) ) ;
#1157 = CARTESIAN_POINT ( 'NONE',  ( -0.003142679679265038099, 0.009300459297902293615, -0.0005417063608978237585 ) ) ;
#1158 = PRODUCT_DEFINITION ( 'UNKNOWN', '', #6733, #5258 ) ;
#1159 = CARTESIAN_POINT ( 'NONE',  ( -0.002749255675364842538, 0.009745033657208345204, -0.0009279022645909181660 ) ) ;
#1160 = ADVANCED_FACE ( 'NONE', ( #1184 ), #2425, .T. ) ;
#1161 = CARTESIAN_POINT ( 'NONE',  ( -0.004749961567893341320, 0.002145404993289842799, -0.004072244562299270551 ) ) ;
#1162 = DIRECTION ( 'NONE',  ( 9.484135310589723205E-16, 1.000000000000000000, -0.000000000000000000 ) ) ;
#1163 = CARTESIAN_POINT ( 'NONE',  ( 0.003850363665560508058, 0.009175157103715079684, -0.001005797687751053054 ) ) ;
#1164 = CARTESIAN_POINT ( 'NONE',  ( -0.002842781771011361480, 0.009630820821429051520, -0.0008673175693702207204 ) ) ;
#1165 = DIRECTION ( 'NONE',  ( 9.484135310589723205E-16, 1.000000000000000000, -0.000000000000000000 ) ) ;
#1166 = EDGE_CURVE ( 'NONE', #5227, #1637, #2174, .T. ) ;
#1167 = VERTEX_POINT ( 'NONE', #3054 ) ;
#1168 = CARTESIAN_POINT ( 'NONE',  ( -0.001886066887772022173, 0.01084829669852936142, -0.0007770274686977135742 ) ) ;
#1169 = CARTESIAN_POINT ( 'NONE',  ( 0.002279312095702081160, 0.01078873997236683493, 0.0007982785207955451741 ) ) ;
#1170 = B_SPLINE_CURVE_WITH_KNOTS ( 'NONE', 3,
 ( #3766, #1512, #6311, #4714, #3730, #6416, #6938, #2713, #5253, #6348, #2646, #3798 ),
 .UNSPECIFIED., .F., .F.,
 ( 4, 2, 2, 2, 2, 4 ),
 ( 3.730433698034319827E-15, 0.0001099135983556137711, 0.0001648703975315548057, 0.0002198271967074981036, 0.0003297407950593825039, 0.0004396543934112669312 ),
 .UNSPECIFIED. ) ;
#1171 = CARTESIAN_POINT ( 'NONE',  ( 7.402477515746541799E-18, 0.006469389508408842672, -0.001060076912540405727 ) ) ;
#1172 = DIRECTION ( 'NONE',  ( -0.000000000000000000, -1.000000000000000000, -0.000000000000000000 ) ) ;
#1173 = FACE_BOUND ( 'NONE', #4911, .T. ) ;
#1174 = CARTESIAN_POINT ( 'NONE',  ( 0.1302196554814580576, 0.005635722663400622758, 0.008864682409128962076 ) ) ;
#1175 = CARTESIAN_POINT ( 'NONE',  ( -0.003295184709018054384, 0.009146208502703749577, 7.531944377903815010E-05 ) ) ;
#1176 = CARTESIAN_POINT ( 'NONE',  ( -0.002596990210633545303, 0.009951747528474936058, -0.0009945514417541141770 ) ) ;
#1177 = CARTESIAN_POINT ( 'NONE',  ( 0.005372983703407580025, 0.002572951105272680301, 0.003471672793810499837 ) ) ;
#1178 = CIRCLE ( 'NONE', #6550, 0.005918200000000010605 ) ;
#1179 = DIRECTION ( 'NONE',  ( 0.000000000000000000, -1.000000000000000000, 0.000000000000000000 ) ) ;
#1180 = CARTESIAN_POINT ( 'NONE',  ( -0.003730304713312608891, 0.009337533861775406535, -0.001250063597993481598 ) ) ;
#1181 = CARTESIAN_POINT ( 'NONE',  ( 0.003060923872197749470, 0.01189402561033782446, -9.654526018059876374E-05 ) ) ;
#1182 = ADVANCED_BREP_SHAPE_REPRESENTATION ( '', ( #186, #3950 ), #4616 ) ;
#1183 = CARTESIAN_POINT ( 'NONE',  ( 0.003898902940294721956, 0.009111057363256173935, 0.0008862095520859042267 ) ) ;
#1184 = FACE_OUTER_BOUND ( 'NONE', #2213, .T. ) ;
#1185 = AXIS2_PLACEMENT_3D ( 'NONE', #3335, #4928, #3443 ) ;
#1186 = CARTESIAN_POINT ( 'NONE',  ( -0.003243206777598101141, 0.009198006247181986575, 0.0003272725288385308347 ) ) ;
#1187 = ADVANCED_FACE ( 'NONE', ( #1982 ), #1732, .T. ) ;
#1188 = CARTESIAN_POINT ( 'NONE',  ( -0.003058224090901234902, 0.01188714133374594965, -0.0002058955702562566780 ) ) ;
#1189 = CARTESIAN_POINT ( 'NONE',  ( 0.000000000000000000, 0.000000000000000000, 0.000000000000000000 ) ) ;
#1190 = ORIENTED_EDGE ( 'NONE', *, *, #2632, .F. ) ;
#1191 = CARTESIAN_POINT ( 'NONE',  ( -0.05300341564773734804, -0.001171446303208054400, -0.02150446686256602541 ) ) ;
#1192 = B_SPLINE_CURVE_WITH_KNOTS ( 'NONE', 3,
 ( #1996, #6341, #5181, #6375, #5248, #3661, #3759, #5746, #6897, #4285, #5217, #458, #424, #6274, #2543, #2573, #2609, #393, #5807, #4742 ),
 .UNSPECIFIED., .F., .F.,
 ( 4, 2, 2, 2, 2, 2, 2, 2, 2, 4 ),
 ( 0.3419855643487388352, 0.3613875246702405453, 0.3807894849917421998, 0.4195934056347455088, 0.4583973262777488178, 0.4680983064384994785, 0.4777992865992501392, 0.4826497766796254973, 0.4875002667600007999, 0.4972012469207513496 ),
 .UNSPECIFIED. ) ;
#1193 = CARTESIAN_POINT ( 'NONE',  ( -0.1182796210215705940, 0.008693110370304022241, -0.002822202627161043802 ) ) ;
#1194 = CARTESIAN_POINT ( 'NONE',  ( 0.003148739835554050653, 0.009294179350893926397, -0.0005318587023707323919 ) ) ;
#1195 = CARTESIAN_POINT ( 'NONE',  ( 0.1299999999999999489, 0.005925007879322498859, 0.008924140516989727615 ) ) ;
#1196 = CARTESIAN_POINT ( 'NONE',  ( -0.002868951274335423528, 0.009599987498524347601, 0.0008478569289896255908 ) ) ;
#1197 = CARTESIAN_POINT ( 'NONE',  ( -0.003910147532885634158, 0.009096439165035559438, -0.0008518174184517712192 ) ) ;
#1198 = CARTESIAN_POINT ( 'NONE',  ( -0.001876877681541072596, 0.0008558606109006315762, -0.005969745301742893952 ) ) ;
#1199 = EDGE_CURVE ( 'NONE', #4094, #40, #2526, .T. ) ;
#1200 = CARTESIAN_POINT ( 'NONE',  ( -1.387778780781445676E-17, 0.001650999999999979090, 0.000000000000000000 ) ) ;
#1201 = CARTESIAN_POINT ( 'NONE',  ( 0.003916095958502468014, 0.009088723192324104500, -0.0008330164711285354979 ) ) ;
#1202 = CARTESIAN_POINT ( 'NONE',  ( -0.002720034179648867043, 0.009782661668623446327, -0.0009433346416764182632 ) ) ;
#1203 = FACE_OUTER_BOUND ( 'NONE', #2422, .T. ) ;
#1204 = EDGE_CURVE ( 'NONE', #6867, #3915, #46, .T. ) ;
#1205 = ORIENTED_EDGE ( 'NONE', *, *, #1602, .F. ) ;
#1206 = DIRECTION ( 'NONE',  ( 9.484135310589723205E-16, 1.000000000000000000, -0.000000000000000000 ) ) ;
#1207 = CARTESIAN_POINT ( 'NONE',  ( -0.003203867685148546404, 0.01019089888132083087, -0.001796466175693229748 ) ) ;
#1208 = CARTESIAN_POINT ( 'NONE',  ( 0.002418625434111376388, 0.01025758620000642198, 0.001011434936478646006 ) ) ;
#1209 = DIRECTION ( 'NONE',  ( 9.484135310589723205E-16, 1.000000000000000000, -0.000000000000000000 ) ) ;
#1210 = CARTESIAN_POINT ( 'NONE',  ( 0.02132891890503314097, 0.007809853525727090615, -0.003119071542132828816 ) ) ;
#1211 = FACE_OUTER_BOUND ( 'NONE', #1448, .T. ) ;
#1212 = CARTESIAN_POINT ( 'NONE',  ( 0.1299727168656125142, 0.005651184093379918449, 0.009177852192467989695 ) ) ;
#1213 = CARTESIAN_POINT ( 'NONE',  ( -0.002347815251253731420, 0.01042925240944474023, 0.0009798191148751782091 ) ) ;
#1214 = CARTESIAN_POINT ( 'NONE',  ( -0.002333023789208068730, 0.01116765639922990237, 0.0001311012882987551800 ) ) ;
#1215 = DIRECTION ( 'NONE',  ( -0.000000000000000000, -1.000000000000000000, -0.000000000000000000 ) ) ;
#1216 = VERTEX_POINT ( 'NONE', #3548 ) ;
#1217 = CARTESIAN_POINT ( 'NONE',  ( -0.004468857727279586071, 0.007748512072504971579, 0.004369453679758410723 ) ) ;
#1218 = CARTESIAN_POINT ( 'NONE',  ( -0.002954718652897704925, 0.01093645587338872363, -0.001723965730403099377 ) ) ;
#1219 = CARTESIAN_POINT ( 'NONE',  ( 0.002948552373886949730, 0.01097977222125443540, 0.001703884081200158053 ) ) ;
#1220 = CARTESIAN_POINT ( 'NONE',  ( -0.002477462519717743387, 0.009346687838536779300, 0.0006226908725719430479 ) ) ;
#1221 = CARTESIAN_POINT ( 'NONE',  ( 0.000000000000000000, 0.02413508000000001361, 0.000000000000000000 ) ) ;
#1222 = VERTEX_POINT ( 'NONE', #4100 ) ;
#1223 = CARTESIAN_POINT ( 'NONE',  ( 0.003530044678954668072, 0.001388165086106507573, 0.005165827385439673673 ) ) ;
#1224 = CARTESIAN_POINT ( 'NONE',  ( 0.05001024892780179393, 0.009832815644935316915, -0.003894536671387016820 ) ) ;
#1225 = CARTESIAN_POINT ( 'NONE',  ( -0.003042085055071243934, 0.01184418529987246553, -0.0004919081105665480983 ) ) ;
#1226 = CARTESIAN_POINT ( 'NONE',  ( 0.003090426576268212253, 0.009355010335093576559, 0.0006203782539543542789 ) ) ;
#1227 = VERTEX_POINT ( 'NONE', #2588 ) ;
#1228 = CARTESIAN_POINT ( 'NONE',  ( -0.1300000000000000044, 0.0009272060036111771930, -0.01805103811087551899 ) ) ;
#1229 = CARTESIAN_POINT ( 'NONE',  ( 0.002303432836020309626, 0.01105515130390703586, 0.0004818264943961042199 ) ) ;
#1230 = CARTESIAN_POINT ( 'NONE',  ( -0.1221115132414901799, 0.007998470693692746186, -0.003993663220277860783 ) ) ;
#1231 = CARTESIAN_POINT ( 'NONE',  ( 0.003293003523656149335, 0.009148367928058518186, 9.451484728120756627E-05 ) ) ;
#1232 = CARTESIAN_POINT ( 'NONE',  ( 0.002313451390622156371, 0.01109797734889665828, 0.0003905987367957300350 ) ) ;
#1233 = CARTESIAN_POINT ( 'NONE',  ( -0.002603028454012201384, 0.009942828558100550926, 0.0009927366189223384325 ) ) ;
#1234 = CARTESIAN_POINT ( 'NONE',  ( -0.002948262058911034142, 0.009509261670082948953, -0.0007808779854521842893 ) ) ;
#1235 = CARTESIAN_POINT ( 'NONE',  ( -0.006327224927175591727, 0.004639057316858341030, -0.0008342968822137501825 ) ) ;
#1236 = CONICAL_SURFACE ( 'NONE', #6043, 0.001397000000000000021, 0.008218993007807448223 ) ;
#1237 = CARTESIAN_POINT ( 'NONE',  ( 0.004564094450288856859, 0.007898750230048304580, -0.004331872616543980432 ) ) ;
#1238 = CARTESIAN_POINT ( 'NONE',  ( 0.004041328173635672961, 0.008928313858622435525, 0.0002260492162571461731 ) ) ;
#1239 = CARTESIAN_POINT ( 'NONE',  ( -0.003055926306533548586, 0.009391645083465615176, -0.0006651310704027406156 ) ) ;
#1240 = CARTESIAN_POINT ( 'NONE',  ( 1.686279258222847794E-18, 0.01447799999999999782, 0.000000000000000000 ) ) ;
#1241 = VERTEX_POINT ( 'NONE', #4131 ) ;
#1242 = VECTOR ( 'NONE', #5471, 1.000000000000000000 ) ;
#1243 = CARTESIAN_POINT ( 'NONE',  ( -0.002282685436546169448, 0.01091415412874920110, -0.0006809046194161046421 ) ) ;
#1244 = CARTESIAN_POINT ( 'NONE',  ( -0.003767281135076068748, 0.009286912425972031551, -0.001181200116085551850 ) ) ;
#1245 = CARTESIAN_POINT ( 'NONE',  ( 0.002801717586652521710, 0.009679977139040642914, 0.0008959830733683287092 ) ) ;
#1246 = CARTESIAN_POINT ( 'NONE',  ( 0.002323978452039379434, 0.01015999999999832142, 0.001016000000007534097 ) ) ;
#1247 = EDGE_CURVE ( 'NONE', #4768, #3514, #3206, .T. ) ;
#1248 = CARTESIAN_POINT ( 'NONE',  ( 0.003737554948856845229, 0.007928754622256934878, -0.004330885641057818404 ) ) ;
#1249 = CIRCLE ( 'NONE', #3052, 0.005003800000000000088 ) ;
#1250 = DIRECTION ( 'NONE',  ( 0.000000000000000000, 0.000000000000000000, -1.000000000000000000 ) ) ;
#1251 = CARTESIAN_POINT ( 'NONE',  ( 0.1299719782841197990, 0.005960217622220502845, 0.008859428022487018245 ) ) ;
#1252 = FACE_OUTER_BOUND ( 'NONE', #1261, .T. ) ;
#1253 = CARTESIAN_POINT ( 'NONE',  ( -0.1299999999999999767, 0.003412172131807019067, -0.01488276731026988084 ) ) ;
#1254 = ORIENTED_EDGE ( 'NONE', *, *, #2211, .T. ) ;
#1255 = CARTESIAN_POINT ( 'NONE',  ( 0.001785667394348154505, 0.01046305122213599635, -0.0009697504610784583087 ) ) ;
#1256 = CARTESIAN_POINT ( 'NONE',  ( -0.002985584828640937011, 0.01167332261672929597, -0.001011371779666452118 ) ) ;
#1257 = ADVANCED_FACE ( 'NONE', ( #5730 ), #3524, .T. ) ;
#1258 = CARTESIAN_POINT ( 'NONE',  ( 0.003043053573635281193, 0.01184685550639916034, 0.0004791607416842366641 ) ) ;
#1259 = CARTESIAN_POINT ( 'NONE',  ( -0.001962719652611928395, 0.01036036183956807327, 0.001001841338202653442 ) ) ;
#1260 = EDGE_CURVE ( 'NONE', #6908, #6414, #1170, .T. ) ;
#1261 = EDGE_LOOP ( 'NONE', ( #4679, #1352, #1386, #3903, #6847, #664, #5050, #2604, #2953, #5259 ) ) ;
#1262 = CARTESIAN_POINT ( 'NONE',  ( 0.006106896717889734316, 0.004673841236666571516, 0.001352501937145293752 ) ) ;
#1263 = CARTESIAN_POINT ( 'NONE',  ( -0.002934576450814281243, 0.01133513701912799813, 0.001456753681154358045 ) ) ;
#1264 = CARTESIAN_POINT ( 'NONE',  ( 0.002924796389976913949, 0.009535749830272896924, 0.0008018797741748494691 ) ) ;
#1265 = ORIENTED_EDGE ( 'NONE', *, *, #2120, .T. ) ;
#1266 = CARTESIAN_POINT ( 'NONE',  ( -0.004038660161964934860, 0.001324592512692187619, -0.005082766898430826977 ) ) ;
#1267 = ADVANCED_FACE ( 'NONE', ( #22 ), #2525, .F. ) ;
#1268 = PRODUCT_DEFINITION_SHAPE ( 'NONE', 'NONE',  #3231 ) ;
#1269 = CARTESIAN_POINT ( 'NONE',  ( -0.1267216925554159046, 0.007315699388416080709, -0.006044997554901333087 ) ) ;
#1270 = CARTESIAN_POINT ( 'NONE',  ( 0.002292102101157916533, 0.01099272208223799410, 0.0005821134559951516739 ) ) ;
#1271 = CARTESIAN_POINT ( 'NONE',  ( -0.002560682577844619265, 0.01000630352629855099, 0.001004546319513365026 ) ) ;
#1272 = CARTESIAN_POINT ( 'NONE',  ( -0.002330741034838825290, 0.01116025924922591991, -0.0001790050205016936703 ) ) ;
#1273 = CARTESIAN_POINT ( 'NONE',  ( -0.005830663600654932728, 0.003491797792981760594, -0.002313119394418874063 ) ) ;
#1274 = CARTESIAN_POINT ( 'NONE',  ( -0.004033914357269798370, 0.008937526551090401936, -0.0003421168902405547787 ) ) ;
#1275 = CARTESIAN_POINT ( 'NONE',  ( 0.004050347132878839157, 0.008916953101947181631, -6.096177328289460056E-05 ) ) ;
#1276 = CARTESIAN_POINT ( 'NONE',  ( -0.003001242859997362272, 0.009450719046837472923, -0.0007277823624306467521 ) ) ;
#1277 = DIRECTION ( 'NONE',  ( 0.000000000000000000, -0.000000000000000000, 1.000000000000000000 ) ) ;
#1278 = EDGE_CURVE ( 'NONE', #3128, #4873, #6063, .T. ) ;
#1279 = EDGE_LOOP ( 'NONE', ( #2729, #3145, #593, #1877 ) ) ;
#1280 = CARTESIAN_POINT ( 'NONE',  ( -0.002468810975813930629, 0.01015999999996525065, -0.001016000088663737352 ) ) ;
#1281 = CARTESIAN_POINT ( 'NONE',  ( -0.1299999999999999489, 0.005889533028476869048, -0.008829331652360411509 ) ) ;
#1282 = CARTESIAN_POINT ( 'NONE',  ( 0.002329158218601148043, 0.01115503384772809428, 0.0002060707586099297134 ) ) ;
#1283 = DIRECTION ( 'NONE',  ( -1.000000000000000000, 9.509597446299629225E-16, 0.000000000000000000 ) ) ;
#1284 = CARTESIAN_POINT ( 'NONE',  ( 0.01864753171975899390, 0.008336843570503935791, -0.004148721451363573433 ) ) ;
#1285 = DIRECTION ( 'NONE',  ( 0.000000000000000000, 0.000000000000000000, 1.000000000000000000 ) ) ;
#1286 = CARTESIAN_POINT ( 'NONE',  ( 0.1299426700885808750, 0.005693055802480786499, 0.009081255325848077570 ) ) ;
#1287 = CARTESIAN_POINT ( 'NONE',  ( 0.004749961567895059564, 0.002145404993289288555, 0.004072244562298829931 ) ) ;
#1288 = ORIENTED_EDGE ( 'NONE', *, *, #6561, .T. ) ;
#1289 = CARTESIAN_POINT ( 'NONE',  ( 0.003152743595528161025, 0.009290022029983607821, -0.0005253126092325563316 ) ) ;
#1290 = CARTESIAN_POINT ( 'NONE',  ( 0.003043207979239264359, 0.01184741162072351639, -0.0004796967261130604082 ) ) ;
#1291 = CARTESIAN_POINT ( 'NONE',  ( 0.001989778309690543815, 0.01108917320368797178, 0.0004251000116070786125 ) ) ;
#1292 = CARTESIAN_POINT ( 'NONE',  ( 0.0002539999999999998856, 0.005587999999999999218, -0.002884438135928730097 ) ) ;
#1293 = ORIENTED_EDGE ( 'NONE', *, *, #214, .F. ) ;
#1294 = CARTESIAN_POINT ( 'NONE',  ( 0.006038440369345060565, 0.007001613654366981888, -0.001636259690494637096 ) ) ;
#1295 = CARTESIAN_POINT ( 'NONE',  ( 0.1138181812381873909, 0.008946365035550666103, 0.001650707161126661882 ) ) ;
#1296 = CARTESIAN_POINT ( 'NONE',  ( -0.002933266849605165646, 0.01114619513709258491, 0.001609103664443582802 ) ) ;
#1297 = AXIS2_PLACEMENT_3D ( 'NONE', #3467, #3362, #4446 ) ;
#1298 = CARTESIAN_POINT ( 'NONE',  ( 0.002468811551904426249, 0.01015999974016755167, 0.001016000370599576177 ) ) ;
#1299 = EDGE_LOOP ( 'NONE', ( #1500, #3379 ) ) ;
#1300 = CARTESIAN_POINT ( 'NONE',  ( -0.04666285610165221698, -0.0008791424137591367276, -0.01825543902424275194 ) ) ;
#1301 = EDGE_CURVE ( 'NONE', #587, #2437, #2288, .T. ) ;
#1302 = AXIS2_PLACEMENT_3D ( 'NONE', #3641, #1392, #2559 ) ;
#1303 = CARTESIAN_POINT ( 'NONE',  ( -0.1159967330583362849, 0.009039028652057927785, -0.001006699083354135448 ) ) ;
#1304 = CARTESIAN_POINT ( 'NONE',  ( -0.005918200000000022748, 0.01016000000000000583, 0.000000000000000000 ) ) ;
#1305 = CARTESIAN_POINT ( 'NONE',  ( 0.1174181349008111691, 0.008786510957397920471, 0.002588581361649930877 ) ) ;
#1306 = CARTESIAN_POINT ( 'NONE',  ( -0.002317165074988043923, 0.01052930761335685132, -0.0009471254197695784137 ) ) ;
#1307 = CARTESIAN_POINT ( 'NONE',  ( -0.01401172562098304195, 0.007868278305223082303, 0.003393882109474298525 ) ) ;
#1308 = CARTESIAN_POINT ( 'NONE',  ( 0.004631278765588949832, 0.007923707600832838663, -0.004295163096132570933 ) ) ;
#1309 = CARTESIAN_POINT ( 'NONE',  ( 0.003907275139042349667, 0.009100223907378643742, -0.0008586716636901099015 ) ) ;
#1310 = CARTESIAN_POINT ( 'NONE',  ( -0.05134605063566044514, 0.009890222878672649126, 0.003903867806545171897 ) ) ;
#1311 = LINE ( 'NONE', #3462, #4506 ) ;
#1312 = ORIENTED_EDGE ( 'NONE', *, *, #2847, .T. ) ;
#1313 = CARTESIAN_POINT ( 'NONE',  ( -0.003139910584573341219, 0.01032888928883236163, -0.001817941453531866794 ) ) ;
#1314 = CARTESIAN_POINT ( 'NONE',  ( 0.002604233143416076826, 0.009940861168971061590, 0.0009925854743908562802 ) ) ;
#1315 = B_SPLINE_CURVE_WITH_KNOTS ( 'NONE', 3,
 ( #1102, #4371, #35, #1552, #6429, #5827, #6499, #3220, #4786, #5337, #2192, #1691, #1036, #4337, #3852, #6464, #3185, #1651, #5969, #5298, #506, #5265, #6912, #474, #2115, #1586, #2797, #791 ),
 .UNSPECIFIED., .F., .F.,
 ( 4, 2, 2, 2, 2, 2, 2, 2, 2, 2, 2, 2, 2, 4 ),
 ( 0.000000000000000000, 0.001868755397736727606, 0.002803133096605092169, 0.003737510795473456948, 0.004671888494341820859, 0.005606266193210186072, 0.007475021590946913895, 0.009343776988683639984, 0.01027815468755200606, 0.01121253238642037214, 0.01214691008528873822, 0.01308128778415710083, 0.01401566548302546518, 0.01495004318189382779 ),
 .UNSPECIFIED. ) ;
#1316 = CARTESIAN_POINT ( 'NONE',  ( -1.173223625603060539E-17, 1.142350046887600466E-32, 0.002552700000000011037 ) ) ;
#1317 = CARTESIAN_POINT ( 'NONE',  ( 0.05781312056454428888, 0.01024361929214902961, -0.004487699350176796789 ) ) ;
#1318 = LINE ( 'NONE', #3957, #6665 ) ;
#1319 = CARTESIAN_POINT ( 'NONE',  ( -3.834725718156866357E-17, 0.001612307931948843507, 0.005491545487434086603 ) ) ;
#1320 = CARTESIAN_POINT ( 'NONE',  ( 0.002464095992648430815, 0.0009217156665867779972, 0.005752283002266350698 ) ) ;
#1321 = VERTEX_POINT ( 'NONE', #1751 ) ;
#1322 = CARTESIAN_POINT ( 'NONE',  ( 0.000000000000000000, 0.002044699999999995219, 0.000000000000000000 ) ) ;
#1323 = CARTESIAN_POINT ( 'NONE',  ( -0.002491873515296502001, 0.0009166178624515149316, -0.005775138585965313570 ) ) ;
#1324 = CARTESIAN_POINT ( 'NONE',  ( 0.002934506549456445106, 0.01111639727168812174, 0.001629424532777408322 ) ) ;
#1325 = CARTESIAN_POINT ( 'NONE',  ( -0.002142565502458147926, 0.01025987640373411842, 0.001016000000000057005 ) ) ;
#1326 = CARTESIAN_POINT ( 'NONE',  ( 0.003050319586797964940, 0.01055595678789155757, -0.001821141852869742140 ) ) ;
#1327 = CARTESIAN_POINT ( 'NONE',  ( 0.002473893968021785138, 0.0009456743923296683993, 0.005748275032202144336 ) ) ;
#1328 = CARTESIAN_POINT ( 'NONE',  ( 0.08758562730859513479, 0.01036598772288153253, -0.002153523492477521940 ) ) ;
#1329 = CARTESIAN_POINT ( 'NONE',  ( -0.003629580813605165317, 0.009480210954738790829, 0.001404769707185429079 ) ) ;
#1330 = CARTESIAN_POINT ( 'NONE',  ( 0.003260279818155173859, 0.009180885850519274541, 0.0002755381610521902779 ) ) ;
#1331 = ORIENTED_EDGE ( 'NONE', *, *, #6343, .F. ) ;
#1332 = CARTESIAN_POINT ( 'NONE',  ( -0.08789284118094607690, -0.0003125353848297439873, -0.02732323678129841560 ) ) ;
#1333 = CARTESIAN_POINT ( 'NONE',  ( -0.1233816938105147670, 0.007994855928807012568, -0.004501819470695485846 ) ) ;
#1334 = CARTESIAN_POINT ( 'NONE',  ( 0.000000000000000000, 0.006985000000000000757, 0.000000000000000000 ) ) ;
#1335 = SPHERICAL_SURFACE ( 'NONE', #2133, 0.002981341975184092965 ) ;
#1336 = CARTESIAN_POINT ( 'NONE',  ( -0.002323781591865771261, 0.01113665665328177415, -0.0002805268902690393330 ) ) ;
#1337 = CARTESIAN_POINT ( 'NONE',  ( -0.1266851613271331445, 0.007330430901219930906, -0.006014159208707115650 ) ) ;
#1338 = CARTESIAN_POINT ( 'NONE',  ( -1.071991814155956250E-17, 0.001397000000000005876, 0.000000000000000000 ) ) ;
#1339 = CARTESIAN_POINT ( 'NONE',  ( 0.003850352380053411946, 0.009175173915211311260, 0.001005836220736227877 ) ) ;
#1340 = CARTESIAN_POINT ( 'NONE',  ( -0.08739589912679369965, 0.01017202456504865023, 0.002183752253906785529 ) ) ;
#1341 = CYLINDRICAL_SURFACE ( 'NONE', #4269, 0.002449999999999999921 ) ;
#1342 = EDGE_CURVE ( 'NONE', #2894, #2754, #3025, .T. ) ;
#1343 = ORIENTED_EDGE ( 'NONE', *, *, #6732, .F. ) ;
#1344 = CARTESIAN_POINT ( 'NONE',  ( -0.003022696604370085725, 0.01178822923628067634, -0.0007037934438734000332 ) ) ;
#1345 = AXIS2_PLACEMENT_3D ( 'NONE', #1200, #3767, #2216 ) ;
#1346 = CARTESIAN_POINT ( 'NONE',  ( 0.002504612284691814204, 0.01009694533957653309, -0.001014168211331739622 ) ) ;
#1347 = CARTESIAN_POINT ( 'NONE',  ( -1.204485184444894781E-17, 5.204170427930421283E-18, 0.000000000000000000 ) ) ;
#1348 = CARTESIAN_POINT ( 'NONE',  ( 0.03877245761695604503, 0.009424345267485791100, -0.004409548101691689904 ) ) ;
#1349 =( NAMED_UNIT ( * ) SI_UNIT ( $, .STERADIAN. ) SOLID_ANGLE_UNIT ( ) );
#1350 = CARTESIAN_POINT ( 'NONE',  ( 0.03969885801307394130, -0.0008853041735336470396, 0.01457878531354496292 ) ) ;
#1351 = MECHANICAL_DESIGN_GEOMETRIC_PRESENTATION_REPRESENTATION (  '', ( #3829 ), #4157 ) ;
#1352 = ORIENTED_EDGE ( 'NONE', *, *, #4172, .T. ) ;
#1353 = CARTESIAN_POINT ( 'NONE',  ( -0.002323618054385281819, 0.01113611522177288156, -0.0002827583765573804162 ) ) ;
#1354 = CARTESIAN_POINT ( 'NONE',  ( 0.003212757884034182342, 0.01017336681926123837, -0.001791987285765120428 ) ) ;
#1355 = CARTESIAN_POINT ( 'NONE',  ( 0.002884438135928730530, 0.005080000000000001181, -0.0002540000000000002109 ) ) ;
#1356 = CIRCLE ( 'NONE', #3608, 0.002552700000000010169 ) ;
#1357 = CARTESIAN_POINT ( 'NONE',  ( 0.004040113310162848220, 0.008929845475427499943, -0.0002413133302804866607 ) ) ;
#1358 = EDGE_LOOP ( 'NONE', ( #2569, #2991, #4547, #6658 ) ) ;
#1359 = CARTESIAN_POINT ( 'NONE',  ( 0.005817630825544641178, 0.003895851186150926359, 0.002334818179624035921 ) ) ;
#1360 = CARTESIAN_POINT ( 'NONE',  ( 0.003061628923136841974, 0.01052681613213525720, -0.001821162303342988616 ) ) ;
#1361 = CARTESIAN_POINT ( 'NONE',  ( -0.003678874064691927109, 0.009409791656073225943, 0.001331768663168182362 ) ) ;
#1362 = ORIENTED_EDGE ( 'NONE', *, *, #3024, .T. ) ;
#1363 = CARTESIAN_POINT ( 'NONE',  ( -0.06412884795887009715, 0.005784826162598508299, -0.01345366178295597827 ) ) ;
#1364 = EDGE_CURVE ( 'NONE', #2985, #4039, #447, .T. ) ;
#1365 = CIRCLE ( 'NONE', #3389, 0.0001000000000000004249 ) ;
#1366 = AXIS2_PLACEMENT_3D ( 'NONE', #3011, #6188, #1908 ) ;
#1367 = CARTESIAN_POINT ( 'NONE',  ( -0.1296793684110285616, 0.006219134463040612223, -0.008350692677393550811 ) ) ;
#1368 = CARTESIAN_POINT ( 'NONE',  ( -0.005016500000000020942, 0.001397000000000008912, 0.000000000000000000 ) ) ;
#1369 = CARTESIAN_POINT ( 'NONE',  ( 0.05125957630526808972, 0.01008402385218874070, -0.003887376864955371328 ) ) ;
#1370 = CARTESIAN_POINT ( 'NONE',  ( -0.002335720246469710857, 0.01117621491252695533, 2.751476311476611526E-05 ) ) ;
#1371 = DIRECTION ( 'NONE',  ( -1.000000000000000000, 9.526293969322788652E-16, 0.000000000000000000 ) ) ;
#1372 = CARTESIAN_POINT ( 'NONE',  ( 0.003022557651106498513, 0.01064548704627098566, 0.001808079577054050573 ) ) ;
#1373 = CARTESIAN_POINT ( 'NONE',  ( 0.0002539999999999999398, 0.005588000000000000085, -0.001404488224300015371 ) ) ;
#1374 = CARTESIAN_POINT ( 'NONE',  ( 0.004807814875570005919, 0.002372829503086809101, 0.004001812065736417602 ) ) ;
#1375 = CARTESIAN_POINT ( 'NONE',  ( -0.003175241927825858332, 0.009266889172238544983, -0.0004854962464003893786 ) ) ;
#1376 = EDGE_CURVE ( 'NONE', #3048, #6811, #2085, .T. ) ;
#1377 = VERTEX_POINT ( 'NONE', #2053 ) ;
#1378 = CARTESIAN_POINT ( 'NONE',  ( -0.003058784123836495034, 0.01188854690091854620, 0.0001802867540580506346 ) ) ;
#1379 = CARTESIAN_POINT ( 'NONE',  ( 0.002335795393299804068, 0.01117644471752775141, -1.702473551884709659E-05 ) ) ;
#1380 = CARTESIAN_POINT ( 'NONE',  ( 0.03078452661708846669, 0.008642124594616107380, -0.003103766693781986712 ) ) ;
#1381 = B_SPLINE_SURFACE_WITH_KNOTS ( 'NONE', 1, 3, ( 
 ( #3289, #5929, #30, #140, #1244, #1761, #3805, #4883, #5965, #2259, #2222, #3848, #2295, #6530, #4442, #4367, #5514, #5441, #645, #2792, #4405, #4912, #1722, #3883, #6000, #1207, #4121, #1313, #1935, #786, #4580, #3597, #254, #6740, #2474, #4087, #3464, #5580, #2932, #1967, #6212, #3500, #3006, #5083, #4516, #6105, #288, #362, #2512, #894, #3040, #1412, #752, #3568, #3534, #5051, #6245, #5684, #2367, #6640, #6181, #6773, #4613, #217, #1898, #1827, #4647, #1344, #2402, #5618, #4056, #1442, #3985, #823, #5153, #2896, #4548, #5650, #5022, #6674, #1863, #4021, #1378, #6141, #2968, #2439, #6707, #859, #5118, #325, #4713, #3174, #2613, #3698, #3109, #2645, #4189, #5324, #4152, #463, #1477, #3631, #6380, #2577, #6839, #6310, #5719, #3729, #1059, #5222, #3075, #4744, #4681, #5289, #5186, #3666, #2676, #6806, #1609, #4250, #4776, #428, #5812, #2001, #494, #530, #928, #5782, #1511, #6902, #2037, #993, #6869, #2144, #4805, #399, #3139, #5251, #2069, #6935, #4220, #1541, #3210, #6347, #1023, #2105, #2549, #6279, #1574, #4290, #6415, #5850, #5750, #960, #3765, #4941, #6522, #4322, #172, #6560, #5360, #563, #2250, #2852, #671, #3245, #4906, #2711, #706, #4358, #3283, #6485, #93, #2322, #4840, #1676, #1750, #5464, #21, #1712, #4434, #2177, #6451, #5887, #4397, #132, #2819, #6027, #5920, #58, #3314, #4471, #2745, #1197, #636, #3872 ),
 ( #1639, #3797, #3908, #602, #4874, #2214, #1089, #1234, #3388, #1125, #5395, #5432, #3840, #3348, #5956, #1159, #4978, #2785, #6597, #2287, #5504, #5991, #6699, #5013, #3525, #3560, #3942, #6666, #4541, #851, #6096, #247, #5607, #5143, #886, #4638, #1856, #778, #4014, #1404, #1306, #4571, #6203, #2430, #814, #1890, #6634, #2998, #3490, #3978, #1820, #5111, #5677, #5043, #354, #2356, #317, #3457, #2960, #1785, #5573, #2467, #5642, #4606, #4505, #2921, #2395, #3033, #6731, #6133, #4048, #1336, #208, #2500, #6062, #1272, #5074, #6170, #279, #1925, #1370, #3422, #4079, #5538, #744, #2888, #6237, #5280, #1050, #5710, #6799, #920, #5743, #986, #949, #3101, #6829, #2570, #3133, #4016, #355, #6238, #4572, #318, #6261, #3058, #3614, #3087, #2017, #1949, #4730, #412, #6326, #5203, #1489, #6818, #975, #5234, #2048, #3155, #3222, #1213, #2266, #4265, #6536, #1728, #73, #6395, #4412, #1104, #1588, #616, #652, #3258, #6501, #2798, #4373, #6007, #3888, #110, #2, #3364, #5411, #2763, #3744, #5478, #5865, #3329, #1071, #5339, #541, #3854, #2688, #4890, #4817, #2157, #4303, #3811, #6431, #5935, #1622, #5971, #1140, #578, #2117, #687, #2833, #5447, #3779, #5900, #1694, #5375, #4919, #6914, #1175, #2228, #2726, #1653, #4854, #37, #2194, #4339, #6466, #3294, #1767, #4677, #3003, #858, #5115, #6738, #3922, #1932, #2472, #1375, #4084, #6209 ) ),
 .UNSPECIFIED., .F., .T., .F.,
 ( 2, 2 ),
 ( 4, 2, 2, 2, 2, 2, 2, 2, 2, 2, 2, 2, 2, 2, 2, 2, 2, 2, 2, 2, 2, 2, 2, 2, 2, 2, 2, 2, 2, 2, 2, 2, 2, 2, 2, 2, 2, 2, 2, 2, 2, 2, 2, 2, 2, 2, 2, 2, 2, 2, 2, 2, 2, 2, 2, 2, 2, 2, 2, 2, 2, 2, 2, 2, 2, 2, 2, 2, 2, 2, 2, 2, 2, 2, 2, 2, 2, 2, 2, 2, 2, 2, 2, 2, 2, 2, 2, 2, 2, 2, 2, 2, 2, 2, 2, 2, 2, 4 ),
 ( 0.000000000000000000, 1.000000000000000000 ),
 ( 0.009287196798643565510, 0.009434807279141484149, 0.009582417759639402788, 0.009730028240137321427, 0.009877638720635238331, 0.009951443960884195916, 0.01002524920113315524, 0.01017285968163107387, 0.01032047016212899251, 0.01039427540237795183, 0.01046808064262691115, 0.01054188588287587047, 0.01061569112312482979, 0.01076330160362274670, 0.01091091208412066360, 0.01105852256461858224, 0.01113232780486754156, 0.01120613304511650088, 0.01127993828536546020, 0.01135374352561441952, 0.01150135400611233816, 0.01157515924636129748, 0.01164896448661025506, 0.01172276972685921265, 0.01179657496710817197, 0.01194418544760609061, 0.01201799068785504992, 0.01209179592810400924, 0.01216560116835296856, 0.01223940640860192788, 0.01238701688909984652, 0.01246082212934880584, 0.01253462736959776343, 0.01260843260984672101, 0.01268223785009568033, 0.01275604309034463965, 0.01282984833059359897, 0.01290365357084255829, 0.01297745881109151761, 0.01312506929158943625, 0.01327267977208735489, 0.01334648501233631421, 0.01342029025258527179, 0.01349409549283422938, 0.01356790073308318870, 0.01371551121358110734, 0.01378931645383006666, 0.01386312169407902598, 0.01393692693432798529, 0.01401073217457694461, 0.01415834265507486325, 0.01423214789532382257, 0.01430595313557278016, 0.01445356361607069706, 0.01452736885631965638, 0.01460117409656861570, 0.01467497933681757502, 0.01474878457706653434, 0.01489639505756445298, 0.01497020029781341230, 0.01504400553806237162, 0.01511781077831133094, 0.01519161601856028852, 0.01533922649905820543, 0.01548683697955612407, 0.01563444746005404271, 0.01578205794055196134, 0.01592966842104987651, 0.01600347366129883583, 0.01607727890154779515, 0.01622488938204571379, 0.01637249986254363243, 0.01652011034304155107, 0.01659391558329051039, 0.01666772082353946971, 0.01681533130403738835, 0.01696294178453530699, 0.01711055226503322563, 0.01718435750528218495, 0.01725816274553114427, 0.01733196798578010359, 0.01740577322602906291, 0.01747957846627801876, 0.01755338370652697808, 0.01762718894677593739, 0.01766409156690041532, 0.01770099418702489324, 0.01784860466752281188, 0.01792240990777177120, 0.01799621514802073052, 0.01807002038826968984, 0.01814382562851864916, 0.01829143610901656780, 0.01836524134926552712, 0.01843904658951448644, 0.01851285182976344576, 0.01858665707001240508, 0.01873426755051032372 ),
 .UNSPECIFIED. ) ;
#1382 = EDGE_CURVE ( 'NONE', #2754, #3951, #3774, .T. ) ;
#1383 = DIRECTION ( 'NONE',  ( -1.000000000000000000, 9.484135310589725177E-16, 0.000000000000000000 ) ) ;
#1384 = CARTESIAN_POINT ( 'NONE',  ( 0.004036832004298538702, 0.001118981680153367450, 0.005288743522346030408 ) ) ;
#1385 = DIRECTION ( 'NONE',  ( -0.000000000000000000, -1.000000000000000000, -0.000000000000000000 ) ) ;
#1386 = ORIENTED_EDGE ( 'NONE', *, *, #1459, .T. ) ;
#1387 = CARTESIAN_POINT ( 'NONE',  ( -0.002321242067242220743, 0.01112758246067541840, 0.0003101143260450769565 ) ) ;
#1388 = CARTESIAN_POINT ( 'NONE',  ( -0.005233938895021826229, 0.002894290234706221789, -0.003425112182082834175 ) ) ;
#1389 = CARTESIAN_POINT ( 'NONE',  ( 0.002995036603655392565, 0.01074403120482762125, -0.001788082592036491746 ) ) ;
#1390 = CARTESIAN_POINT ( 'NONE',  ( -0.003993432573387167492, 0.001518700044688065095, -0.004910152449932998937 ) ) ;
#1391 = DIRECTION ( 'NONE',  ( 1.000000000000000000, 0.000000000000000000, 0.000000000000000000 ) ) ;
#1392 = DIRECTION ( 'NONE',  ( -0.000000000000000000, -1.000000000000000000, -0.000000000000000000 ) ) ;
#1393 = PRESENTATION_STYLE_ASSIGNMENT (( #3642 ) ) ;
#1394 = CARTESIAN_POINT ( 'NONE',  ( 0.005788081644819849901, 0.007562180216400288257, -0.002376632363361903984 ) ) ;
#1395 = CARTESIAN_POINT ( 'NONE',  ( 0.002486123726406223172, 0.01012840820954337591, 0.001016003162883244134 ) ) ;
#1396 = CARTESIAN_POINT ( 'NONE',  ( -0.002942812723655632758, 0.01143102588787155149, 0.001357172913460830219 ) ) ;
#1397 = CARTESIAN_POINT ( 'NONE',  ( -0.1024885154807276821, 0.01047622363640320076, 0.002298089056676692974 ) ) ;
#1398 = CARTESIAN_POINT ( 'NONE',  ( 0.002278559410488175448, 0.01081602759826134040, -0.0007765759649193440224 ) ) ;
#1399 = EDGE_CURVE ( 'NONE', #1707, #2538, #738, .T. ) ;
#1400 = CARTESIAN_POINT ( 'NONE',  ( -0.1290172241997788460, 0.006574799387576620198, -0.007629161259112261784 ) ) ;
#1401 = CARTESIAN_POINT ( 'NONE',  ( 0.002344872204718193801, 0.01043284135299088304, 0.0009810948036210714440 ) ) ;
#1402 = CARTESIAN_POINT ( 'NONE',  ( 0.02999360395943332161, 0.008573882665358032243, -0.003078052663881697838 ) ) ;
#1403 = CIRCLE ( 'NONE', #5205, 0.001427271232876712410 ) ;
#1404 = CARTESIAN_POINT ( 'NONE',  ( -0.002325930216644457940, 0.01049737429177684950, -0.0009589447992598473108 ) ) ;
#1405 = DIRECTION ( 'NONE',  ( 0.000000000000000000, -0.9999662242671039092, -0.008218900473428250933 ) ) ;
#1406 = CARTESIAN_POINT ( 'NONE',  ( 0.003070978032316218527, 0.01050091924143631283, 0.001822469540989889777 ) ) ;
#1407 = CARTESIAN_POINT ( 'NONE',  ( -0.06337943112971715365, 0.01022865551003517524, 0.003718906538814156174 ) ) ;
#1408 = AXIS2_PLACEMENT_3D ( 'NONE', #2441, #4058, #4582 ) ;
#1409 = CARTESIAN_POINT ( 'NONE',  ( -0.0002540000000000001566, 0.002644011576293511974, -0.001429071916480830319 ) ) ;
#1410 = DIRECTION ( 'NONE',  ( 1.000000000000000000, -0.000000000000000000, 1.224646799147353207E-16 ) ) ;
#1411 = ORIENTED_EDGE ( 'NONE', *, *, #4977, .F. ) ;
#1412 = CARTESIAN_POINT ( 'NONE',  ( -0.002939531339409265018, 0.01139786665243296138, -0.001392976245133432196 ) ) ;
#1413 = CARTESIAN_POINT ( 'NONE',  ( 0.002594801580563835166, 0.009954968947981602742, -0.0009952204006686714201 ) ) ;
#1414 = CARTESIAN_POINT ( 'NONE',  ( 0.02673268677002717947, 0.008315535860540923876, -0.003011052171646458071 ) ) ;
#1415 = ADVANCED_FACE ( 'NONE', ( #5942 ), #3301, .T. ) ;
#1416 = DIRECTION ( 'NONE',  ( -0.000000000000000000, 1.000000000000000000, -0.000000000000000000 ) ) ;
#1417 = FACE_OUTER_BOUND ( 'NONE', #947, .T. ) ;
#1418 = PRODUCT_DEFINITION_CONTEXT ( 'detailed design', #6285, 'design' ) ;
#1419 = ORIENTED_EDGE ( 'NONE', *, *, #1926, .T. ) ;
#1420 = CARTESIAN_POINT ( 'NONE',  ( -0.002324061872992637477, 0.01113768271305083657, 0.0002773361972442246314 ) ) ;
#1421 = CARTESIAN_POINT ( 'NONE',  ( 0.003053224385868980213, 0.01055080023448485421, -0.001819466854304202736 ) ) ;
#1422 = CARTESIAN_POINT ( 'NONE',  ( -0.004379991594527793929, 0.001699275456554631431, -0.004671122133219572300 ) ) ;
#1423 = CARTESIAN_POINT ( 'NONE',  ( 0.004051390392908507145, 0.008915640392593687444, 2.943151801935632941E-05 ) ) ;
#1424 = CARTESIAN_POINT ( 'NONE',  ( 0.000000000000000000, 0.005587999999999999218, 0.000000000000000000 ) ) ;
#1425 = CARTESIAN_POINT ( 'NONE',  ( -0.002612240027933167546, 0.009929464934513833330, -0.0009897508749523091336 ) ) ;
#1426 = CARTESIAN_POINT ( 'NONE',  ( 0.002668962376913858615, 0.009850034691014341801, 0.0009680570934294732829 ) ) ;
#1427 = CARTESIAN_POINT ( 'NONE',  ( -0.004005838060586404230, 0.008973253551693170793, 0.0004883780877709574184 ) ) ;
#1428 = CARTESIAN_POINT ( 'NONE',  ( -0.02282582766954645292, 0.008377499798608800674, 0.003943434724946747599 ) ) ;
#1429 = CARTESIAN_POINT ( 'NONE',  ( 0.002295627109051914805, 0.01062971436653429615, -0.0009010695450804499622 ) ) ;
#1430 = ORIENTED_EDGE ( 'NONE', *, *, #3782, .T. ) ;
#1431 = CARTESIAN_POINT ( 'NONE',  ( -0.003169577531507330580, 0.009272722171040545178, 0.0004952446918536710773 ) ) ;
#1432 = CARTESIAN_POINT ( 'NONE',  ( -0.1298672114621411411, 0.005799188238317537838, -0.008826365434241161337 ) ) ;
#1433 = CARTESIAN_POINT ( 'NONE',  ( -0.003548818063029103229, 0.009599206371496851395, -0.001510090617477644927 ) ) ;
#1434 = ORIENTED_EDGE ( 'NONE', *, *, #2005, .T. ) ;
#1435 = CARTESIAN_POINT ( 'NONE',  ( 0.1299999999999999489, 0.005925007879322498859, 0.008924140516989727615 ) ) ;
#1436 = CARTESIAN_POINT ( 'NONE',  ( -0.01864753171952219374, 0.008336843570519858818, 0.004148721451420160113 ) ) ;
#1437 = CARTESIAN_POINT ( 'NONE',  ( 0.002934117676993583997, 0.01132737266731878058, 0.001464145782999246199 ) ) ;
#1438 = CARTESIAN_POINT ( 'NONE',  ( -0.09537142199669519649, 0.009959846506972862626, 0.001333519595868768413 ) ) ;
#1439 = CARTESIAN_POINT ( 'NONE',  ( 0.004467737442505755399, 0.007926047109878214467, -0.004370595028588763857 ) ) ;
#1440 = CARTESIAN_POINT ( 'NONE',  ( -0.001785667394348170118, 0.01046305122213599982, -0.0009697504610784572245 ) ) ;
#1441 = ORIENTED_EDGE ( 'NONE', *, *, #4108, .T. ) ;
#1442 = CARTESIAN_POINT ( 'NONE',  ( -0.003039629653528857622, 0.01183739571253930242, -0.0005228284219441856756 ) ) ;
#1443 = CARTESIAN_POINT ( 'NONE',  ( 0.002450360099324067151, 0.01019371271935037675, -0.001015966471353915409 ) ) ;
#1444 = CARTESIAN_POINT ( 'NONE',  ( 0.04159611811010091587, 0.009341779650362072931, -0.003659380984225413681 ) ) ;
#1445 = CARTESIAN_POINT ( 'NONE',  ( 0.003608635693326430784, 0.009510618215095269917, 0.001433697197500557845 ) ) ;
#1446 = CARTESIAN_POINT ( 'NONE',  ( -0.006349055680162660718, 0.005542335954107886244, 0.0003913077162224227047 ) ) ;
#1447 = CARTESIAN_POINT ( 'NONE',  ( 0.1302151272237733193, 0.005492717466609240221, 0.009236563622715323468 ) ) ;
#1448 = EDGE_LOOP ( 'NONE', ( #4452, #2738, #6739, #4985 ) ) ;
#1449 = CARTESIAN_POINT ( 'NONE',  ( -0.002333587264710884970, 0.01116952919085589975, 0.0001229681931895377372 ) ) ;
#1450 = CARTESIAN_POINT ( 'NONE',  ( -0.004590827522812724985, 0.002152669410602376168, -0.004249788150944581490 ) ) ;
#1451 = EDGE_CURVE ( 'NONE', #3484, #2276, #6, .T. ) ;
#1452 = CARTESIAN_POINT ( 'NONE',  ( 0.003646299416538464726, 0.009456154402577927193, -0.001380806280119722387 ) ) ;
#1453 = CARTESIAN_POINT ( 'NONE',  ( -0.003872672137664107724, 0.009145650402728175421, -0.0009511032290580027264 ) ) ;
#1454 = CARTESIAN_POINT ( 'NONE',  ( 0.004050048178003729481, 0.008917327614406920372, 8.981649327535058778E-05 ) ) ;
#1455 = FILL_AREA_STYLE ('',( #5763 ) ) ;
#1456 = CARTESIAN_POINT ( 'NONE',  ( 0.002583322866310613832, 0.009971680475250635847, 0.0009988896606208076071 ) ) ;
#1457 = CARTESIAN_POINT ( 'NONE',  ( -0.003805014920781833385, 0.009235756651826732694, 0.001106741149844622882 ) ) ;
#1458 = CARTESIAN_POINT ( 'NONE',  ( 0.000000000000000000, 0.005588000000000000085, -0.001427271232876712410 ) ) ;
#1459 = EDGE_CURVE ( 'NONE', #4158, #6277, #588, .T. ) ;
#1460 = EDGE_CURVE ( 'NONE', #4187, #4671, #5840, .T. ) ;
#1461 = CONICAL_SURFACE ( 'NONE', #4927, 0.003962399999999999603, 0.2069921942198206244 ) ;
#1462 = CARTESIAN_POINT ( 'NONE',  ( -0.1057098588303566344, 0.009702949829792273731, -0.0001356383782758098370 ) ) ;
#1463 = CARTESIAN_POINT ( 'NONE',  ( 0.002288628895217028128, 0.01067529750272464516, -0.0008757988370351192826 ) ) ;
#1464 = CARTESIAN_POINT ( 'NONE',  ( -0.002365787952905255408, 0.01037994385333798272, 0.0009920524876101107035 ) ) ;
#1465 = EDGE_CURVE ( 'NONE', #5631, #5587, #2342, .T. ) ;
#1466 = CARTESIAN_POINT ( 'NONE',  ( -0.1298849211659600378, 0.005774832777154416050, -0.008885139373260294432 ) ) ;
#1467 = AXIS2_PLACEMENT_3D ( 'NONE', #6748, #796, #3544 ) ;
#1468 = FACE_OUTER_BOUND ( 'NONE', #2520, .T. ) ;
#1469 = ORIENTED_EDGE ( 'NONE', *, *, #1886, .T. ) ;
#1470 = CIRCLE ( 'NONE', #5381, 0.002031999999999999085 ) ;
#1471 = CARTESIAN_POINT ( 'NONE',  ( 0.004607783165510671852, 0.007748413838164586349, -0.004307943796044583391 ) ) ;
#1472 = CARTESIAN_POINT ( 'NONE',  ( 0.003456214892252700531, 0.009742080252342915844, 0.001612438121736598342 ) ) ;
#1473 = DIRECTION ( 'NONE',  ( -1.000000000000000000, 6.338020585019357744E-16, 0.000000000000000000 ) ) ;
#1474 = CARTESIAN_POINT ( 'NONE',  ( 0.004335433755444248471, 0.001689121988544889852, 0.004687805362810495806 ) ) ;
#1475 = CARTESIAN_POINT ( 'NONE',  ( 0.000000000000000000, 0.005588000000000000085, 0.000000000000000000 ) ) ;
#1476 = ORIENTED_EDGE ( 'NONE', *, *, #1798, .F. ) ;
#1477 = CARTESIAN_POINT ( 'NONE',  ( -0.002971089129847751583, 0.01160025904699247754, 0.001123942887937817627 ) ) ;
#1478 = CARTESIAN_POINT ( 'NONE',  ( 0.002280990602888466248, 0.01089166199733070974, -0.0007051472780031017027 ) ) ;
#1479 = CARTESIAN_POINT ( 'NONE',  ( 0.06595779171144590391, 0.01046123895571895134, -0.003614452807080252659 ) ) ;
#1480 = CARTESIAN_POINT ( 'NONE',  ( 0.1188473151109205456, 0.004176503473658483775, 0.01527955368127206781 ) ) ;
#1481 = ORIENTED_EDGE ( 'NONE', *, *, #3453, .F. ) ;
#1482 = CARTESIAN_POINT ( 'NONE',  ( -0.005879091804010518237, 0.007472651739529755435, 0.002459441850686326213 ) ) ;
#1483 = CARTESIAN_POINT ( 'NONE',  ( 0.003014253084265035645, 0.01176199290631813055, -0.0007810395218170685869 ) ) ;
#1484 = CARTESIAN_POINT ( 'NONE',  ( -0.004573808175515003092, 0.007649285579366761623, 0.004259434090767471107 ) ) ;
#1485 = CARTESIAN_POINT ( 'NONE',  ( 0.003798403255366750858, 0.009244656330547287859, -0.001120266233669080583 ) ) ;
#1486 = CARTESIAN_POINT ( 'NONE',  ( -0.002884438135928730530, 0.005080000000000001181, 0.0002539999999999998856 ) ) ;
#1487 = CARTESIAN_POINT ( 'NONE',  ( 0.1293681641591093445, 0.006405507883857817185, 0.007975617757622194964 ) ) ;
#1488 = CARTESIAN_POINT ( 'NONE',  ( 0.002434609251847470301, 0.01022496753981057445, 0.001014052728670547824 ) ) ;
#1489 = CARTESIAN_POINT ( 'NONE',  ( -0.002292288259890787674, 0.01064997554467968580, 0.0008902143090166865459 ) ) ;
#1490 = CARTESIAN_POINT ( 'NONE',  ( -0.002749255675364842538, 0.009745033657208345204, -0.0009279022645909181660 ) ) ;
#1491 = CARTESIAN_POINT ( 'NONE',  ( -0.1300000000000000044, 0.006244717164803867925, -0.01127134194007378167 ) ) ;
#1492 = CARTESIAN_POINT ( 'NONE',  ( 0.002769056977366352989, 0.009720379274978889830, -0.0009160226523658774158 ) ) ;
#1493 = CARTESIAN_POINT ( 'NONE',  ( -0.1135472236535268048, 0.009166132003144400117, -0.001620988097864110985 ) ) ;
#1494 = CARTESIAN_POINT ( 'NONE',  ( 0.002293056705592237329, 0.01064513122517567710, -0.0008928634711491674567 ) ) ;
#1495 = APPLICATION_CONTEXT ( 'automotive_design' ) ;
#1496 = CARTESIAN_POINT ( 'NONE',  ( -0.002632874532014933301, 0.009899876944562725073, 0.0009826294927504737250 ) ) ;
#1497 = CARTESIAN_POINT ( 'NONE',  ( -0.1299924092187487168, 0.005934915315140448268, -0.008906235574322258347 ) ) ;
#1498 = EDGE_CURVE ( 'NONE', #2059, #40, #2531, .T. ) ;
#1499 = CARTESIAN_POINT ( 'NONE',  ( -0.003309918748771290865, 0.009988811468067524194, -0.001735747880386962275 ) ) ;
#1500 = ORIENTED_EDGE ( 'NONE', *, *, #3369, .F. ) ;
#1501 = CARTESIAN_POINT ( 'NONE',  ( -0.001418087575392719532, 0.003959823862167014333, -0.0002540000000000002651 ) ) ;
#1502 = B_SPLINE_CURVE_WITH_KNOTS ( 'NONE', 1,
 ( #3475, #1874 ),
 .UNSPECIFIED., .F., .F.,
 ( 2, 2 ),
 ( 0.000000000000000000, 1.000000000000000000 ),
 .UNSPECIFIED. ) ;
#1503 = CARTESIAN_POINT ( 'NONE',  ( 0.004643745105030053569, 0.007741020651062793453, -0.004287909438221280782 ) ) ;
#1504 = CARTESIAN_POINT ( 'NONE',  ( 0.002976543580925959144, 0.01162358606056305109, 0.001082721945118897237 ) ) ;
#1505 = CARTESIAN_POINT ( 'NONE',  ( -2.022319465497210922E-20, 0.01267867681766160839, 0.000000000000000000 ) ) ;
#1506 = CARTESIAN_POINT ( 'NONE',  ( -0.006151086749712112757, 0.004201485721025097729, -0.001214940855898940988 ) ) ;
#1507 = CIRCLE ( 'NONE', #5086, 0.0001000000000000002623 ) ;
#1508 = EDGE_LOOP ( 'NONE', ( #3969, #527, #1780, #4028 ) ) ;
#1509 = DIRECTION ( 'NONE',  ( 1.000000000000000000, 0.000000000000000000, 0.000000000000000000 ) ) ;
#1510 = ADVANCED_BREP_SHAPE_REPRESENTATION ( '', ( #4857, #3950 ), #6513 ) ;
#1511 = CARTESIAN_POINT ( 'NONE',  ( -0.003093680671378893580, 0.01044021572355649345, 0.001824057035460136585 ) ) ;
#1512 = CARTESIAN_POINT ( 'NONE',  ( 0.004612197580901644667, 0.007747506313075286540, -0.004305484545189524649 ) ) ;
#1513 = CARTESIAN_POINT ( 'NONE',  ( -0.003662861933071332333, 0.009430074535213465656, 0.001365212990249821574 ) ) ;
#1514 = CARTESIAN_POINT ( 'NONE',  ( 0.06412884795887000000, 0.005784826162598508299, 0.01345366178295642583 ) ) ;
#1515 = ORIENTED_EDGE ( 'NONE', *, *, #1260, .T. ) ;
#1516 = DIRECTION ( 'NONE',  ( 0.000000000000000000, 0.000000000000000000, 1.000000000000000000 ) ) ;
#1517 = CARTESIAN_POINT ( 'NONE',  ( 0.003282763959744812877, 0.009158519794411505710, 0.0001720142363162778358 ) ) ;
#1518 = CARTESIAN_POINT ( 'NONE',  ( 0.004050874503431636971, 0.008916285344713710190, -0.0002164505355400350099 ) ) ;
#1519 = CARTESIAN_POINT ( 'NONE',  ( 0.003819265968916197782, 0.009216664481266918091, 0.001075720082030200836 ) ) ;
#1520 = CARTESIAN_POINT ( 'NONE',  ( -0.003954250593981114593, 0.000000000000000000, 0.0002539999999999998856 ) ) ;
#1521 = CARTESIAN_POINT ( 'NONE',  ( 0.1259192353504146322, 0.007813835056895866368, 0.003873761403833804809 ) ) ;
#1522 = CARTESIAN_POINT ( 'NONE',  ( 0.002442848319322718509, 0.01020874786455291429, 0.001014958193084692815 ) ) ;
#1523 = CARTESIAN_POINT ( 'NONE',  ( -0.002882747497495105182, 0.009583941833562701837, -0.0008370517537101623221 ) ) ;
#1524 = CARTESIAN_POINT ( 'NONE',  ( 0.002541531368423479310, 0.009171289465234462937, -0.0002682796696134058046 ) ) ;
#1525 = CARTESIAN_POINT ( 'NONE',  ( 0.006307766321671653097, 0.006415103085709120481, -0.0007910846121968327822 ) ) ;
#1526 = CARTESIAN_POINT ( 'NONE',  ( -0.02600515461725413230, 0.008262325248603610839, 0.003004530034860918453 ) ) ;
#1527 = CARTESIAN_POINT ( 'NONE',  ( 0.002294934316231283990, 0.01101029609522132316, -0.0005563713726492355285 ) ) ;
#1528 = CARTESIAN_POINT ( 'NONE',  ( -0.002392488842665253888, 0.01031408400320800271, 0.001004802645777635745 ) ) ;
#1529 = CARTESIAN_POINT ( 'NONE',  ( -0.1303299249952912797, 0.005264583078867389812, -0.009921043818108954762 ) ) ;
#1530 = CARTESIAN_POINT ( 'NONE',  ( -0.003249806245630151250, 0.01010039661679660791, -0.001773232962526957246 ) ) ;
#1531 = ORIENTED_EDGE ( 'NONE', *, *, #3361, .F. ) ;
#1532 = B_SPLINE_CURVE_WITH_KNOTS ( 'NONE', 3,
 ( #5114, #1861, #5148, #1825, #5079, #3982, #6102, #1931, #2400, #4546, #4019, #5544 ),
 .UNSPECIFIED., .F., .F.,
 ( 4, 2, 2, 2, 2, 4 ),
 ( 3.730433698034319827E-15, 0.0001099135983556168611, 0.0001648703975315604436, 0.0002198271967075039854, 0.0003297407950593886296, 0.0004396543934112733280 ),
 .UNSPECIFIED. ) ;
#1533 = LINE ( 'NONE', #3828, #4386 ) ;
#1534 = EDGE_CURVE ( 'NONE', #1216, #932, #3656, .T. ) ;
#1535 = CARTESIAN_POINT ( 'NONE',  ( -0.01455378251520260749, 0.007682092099921720811, 0.003432648162893613044 ) ) ;
#1536 = CARTESIAN_POINT ( 'NONE',  ( 0.003045360956600138939, 0.01185313946270557216, 0.0004475730487886685725 ) ) ;
#1537 = PLANE ( 'NONE',  #5718 ) ;
#1538 = CARTESIAN_POINT ( 'NONE',  ( -0.006206788219951160993, 0.005695055927666038686, 0.0007769687579008005551 ) ) ;
#1539 = SHAPE_DEFINITION_REPRESENTATION ( #4943, #6033 ) ;
#1540 = ORIENTED_EDGE ( 'NONE', *, *, #1301, .T. ) ;
#1541 = CARTESIAN_POINT ( 'NONE',  ( -0.003491092854130535290, 0.009687235042533975243, 0.001576308157580617614 ) ) ;
#1542 = CARTESIAN_POINT ( 'NONE',  ( 0.002747220700061769709, 0.009747776550232236173, -0.0009287467817423272721 ) ) ;
#1543 = FACE_OUTER_BOUND ( 'NONE', #150, .T. ) ;
#1544 = CARTESIAN_POINT ( 'NONE',  ( -0.002685842997045296068, 0.009827493487683768014, -0.0009602621891118010098 ) ) ;
#1545 = FACE_OUTER_BOUND ( 'NONE', #6654, .T. ) ;
#1546 = EDGE_CURVE ( 'NONE', #5353, #5587, #6775, .T. ) ;
#1547 = ORIENTED_EDGE ( 'NONE', *, *, #4972, .F. ) ;
#1548 = CARTESIAN_POINT ( 'NONE',  ( -0.006035014353891233162, 0.004521754181125190591, -0.001643023991572915973 ) ) ;
#1549 = CARTESIAN_POINT ( 'NONE',  ( 0.003296217363200712284, 0.009145186751902737582, -5.202507842627842867E-05 ) ) ;
#1550 = CARTESIAN_POINT ( 'NONE',  ( 3.386556920630763480E-17, 0.007799999999999969284, -0.004849742261192872654 ) ) ;
#1551 = CARTESIAN_POINT ( 'NONE',  ( -0.06412884795887009715, 0.004294815170139605967, -0.01382219028603853470 ) ) ;
#1552 = CARTESIAN_POINT ( 'NONE',  ( 0.005700125810060382818, 0.006836358460469373413, -0.002578972295451323251 ) ) ;
#1553 = CARTESIAN_POINT ( 'NONE',  ( 0.1266994963050257494, 0.007122990349922191967, 0.005997898329499083171 ) ) ;
#1554 = CARTESIAN_POINT ( 'NONE',  ( -0.004044641360540165292, 0.008924132973257743046, 0.0001920529212162155441 ) ) ;
#1555 = DIRECTION ( 'NONE',  ( -0.000000000000000000, -1.000000000000000000, -0.000000000000000000 ) ) ;
#1556 = CARTESIAN_POINT ( 'NONE',  ( -0.006357372244144022730, 0.005969940045790013243, 0.0001990398362066031772 ) ) ;
#1557 = VECTOR ( 'NONE', #4436, 1.000000000000000000 ) ;
#1558 = CARTESIAN_POINT ( 'NONE',  ( -0.004468711695316146017, 0.007748824409835119477, 0.004369602728022782025 ) ) ;
#1559 = ORIENTED_EDGE ( 'NONE', *, *, #6361, .F. ) ;
#1560 = CARTESIAN_POINT ( 'NONE',  ( -0.003025801077342632137, 0.009423986628056281109, 0.0007010951126986956399 ) ) ;
#1561 = CARTESIAN_POINT ( 'NONE',  ( -0.1302777885314780615, 0.005326090887735421102, -0.009751540560155582890 ) ) ;
#1562 = CARTESIAN_POINT ( 'NONE',  ( -0.003954250593981114593, 0.000000000000000000, -0.0002540000000000005361 ) ) ;
#1563 = EDGE_LOOP ( 'NONE', ( #730, #2527, #2150, #5675, #4274, #3636, #2200 ) ) ;
#1564 = AXIS2_PLACEMENT_3D ( 'NONE', #4837, #6412, #3107 ) ;
#1565 = VECTOR ( 'NONE', #1048, 1.000000000000000000 ) ;
#1566 = CARTESIAN_POINT ( 'NONE',  ( 0.003706351006946356341, 0.009371067612193901761, 0.001288527972283776309 ) ) ;
#1567 = CARTESIAN_POINT ( 'NONE',  ( -0.03078452661709324759, 0.008642124594617247094, 0.003103766693785741521 ) ) ;
#1568 = CARTESIAN_POINT ( 'NONE',  ( 0.002989039872044425578, 0.01076800903439076133, -0.001781922746682076215 ) ) ;
#1569 = FACE_OUTER_BOUND ( 'NONE', #959, .T. ) ;
#1570 = CARTESIAN_POINT ( 'NONE',  ( -0.0002540000000000001566, 0.000000000000000000, -0.0002540000000000001024 ) ) ;
#1571 = ORIENTED_EDGE ( 'NONE', *, *, #4242, .T. ) ;
#1572 = AXIS2_PLACEMENT_3D ( 'NONE', #6868, #2143, #1509 ) ;
#1573 = DIRECTION ( 'NONE',  ( -0.9249744552214600457, 2.680824497732808259E-15, 0.3800292846449647710 ) ) ;
#1574 = CARTESIAN_POINT ( 'NONE',  ( -0.003678874064691927109, 0.009409791656073225943, 0.001331768663168182362 ) ) ;
#1575 = CARTESIAN_POINT ( 'NONE',  ( 0.002913436652106977942, 0.009548586652657120588, -0.0008120301267590303990 ) ) ;
#1576 = CARTESIAN_POINT ( 'NONE',  ( -1.204485184444895089E-17, 3.732723443801142422E-20, -0.002552700000000011470 ) ) ;
#1577 = CARTESIAN_POINT ( 'NONE',  ( 0.001473200000000000030, 0.000000000000000000, 0.000000000000000000 ) ) ;
#1578 = CARTESIAN_POINT ( 'NONE',  ( -0.002558340603176890039, 0.01000991183181075203, -0.001005100824268916667 ) ) ;
#1579 = CARTESIAN_POINT ( 'NONE',  ( 0.01066806096747682613, 0.0009729210562361313838, 0.004363876462263157480 ) ) ;
#1580 = EDGE_CURVE ( 'NONE', #121, #1216, #3761, .T. ) ;
#1581 = ORIENTED_EDGE ( 'NONE', *, *, #5651, .T. ) ;
#1582 = B_SPLINE_CURVE_WITH_KNOTS ( 'NONE', 3,
 ( #2164, #6889, #4380, #585, #5799, #6511, #45, #2199, #1558, #6365, #5834, #3716 ),
 .UNSPECIFIED., .F., .F.,
 ( 4, 2, 2, 2, 2, 4 ),
 ( 1.226634733346699349E-18, 0.0001565952397007347257, 0.0003131904794014682587, 0.0003914880992518368955, 0.0004697857191022079717, 0.0006263809588029508289 ),
 .UNSPECIFIED. ) ;
#1583 = DIRECTION ( 'NONE',  ( -0.000000000000000000, 1.000000000000000000, -0.000000000000000000 ) ) ;
#1584 = CARTESIAN_POINT ( 'NONE',  ( 0.003131931476120231039, 0.009311597866442004531, -0.0005592252776213725053 ) ) ;
#1585 = CARTESIAN_POINT ( 'NONE',  ( 0.06650994533263816788, 0.01047777061362243148, -0.004315580539923425697 ) ) ;
#1586 = CARTESIAN_POINT ( 'NONE',  ( 0.001964677505487294994, 0.0008620754761191396810, 0.005941323582071098876 ) ) ;
#1587 = CARTESIAN_POINT ( 'NONE',  ( 0.1246173408024029983, 0.008047353611358621858, 0.003350827755688396640 ) ) ;
#1588 = CARTESIAN_POINT ( 'NONE',  ( -0.002510618701166411875, 0.01008641981901332862, 0.001013837325864956835 ) ) ;
#1589 = CARTESIAN_POINT ( 'NONE',  ( -0.002285665120672937881, 0.01094496101059767856, -0.0006452832938095973874 ) ) ;
#1590 = CARTESIAN_POINT ( 'NONE',  ( 0.004643745105029771676, 0.007741020651061117711, -0.004287909438217429696 ) ) ;
#1591 = CARTESIAN_POINT ( 'NONE',  ( 0.002479552969056083092, 0.01014038816438488956, -0.001016000000000000410 ) ) ;
#1592 = LINE ( 'NONE', #3818, #3444 ) ;
#1593 = CARTESIAN_POINT ( 'NONE',  ( -0.006203836542493935957, 0.004700503228840426616, -0.001316285618891989894 ) ) ;
#1594 = CARTESIAN_POINT ( 'NONE',  ( 0.002691526639983348075, 0.009819976801599286306, -0.0009575392505497848936 ) ) ;
#1595 = ORIENTED_EDGE ( 'NONE', *, *, #6892, .F. ) ;
#1596 = CARTESIAN_POINT ( 'NONE',  ( -0.003175241927825858332, 0.009266889172238544983, -0.0004854962464003893786 ) ) ;
#1597 = CARTESIAN_POINT ( 'NONE',  ( -0.1302803665092213126, 0.005510281516509593462, -0.009641145841451270043 ) ) ;
#1598 = CARTESIAN_POINT ( 'NONE',  ( -0.002960652799300908262, 0.01090024968116606006, -0.001739162641908065373 ) ) ;
#1599 = CARTESIAN_POINT ( 'NONE',  ( 0.0002539999999999999940, 0.000000000000000000, 0.0002539999999999998856 ) ) ;
#1600 = ORIENTED_EDGE ( 'NONE', *, *, #3238, .T. ) ;
#1601 = CARTESIAN_POINT ( 'NONE',  ( -0.001404488224300015587, 0.005588000000000000085, -0.0002540000000000002109 ) ) ;
#1602 = EDGE_CURVE ( 'NONE', #3866, #2059, #6615, .T. ) ;
#1603 = CARTESIAN_POINT ( 'NONE',  ( -0.05783088333476752579, 0.01011232452770917563, 0.003864419260100212649 ) ) ;
#1604 = CARTESIAN_POINT ( 'NONE',  ( 0.002995036603655392565, 0.01074403120482762125, -0.001788082592036491746 ) ) ;
#1605 = CARTESIAN_POINT ( 'NONE',  ( -1.204485184444895089E-17, 1.142350046887600466E-32, -0.002552700000000011037 ) ) ;
#1606 = FACE_OUTER_BOUND ( 'NONE', #4882, .T. ) ;
#1607 = ORIENTED_EDGE ( 'NONE', *, *, #870, .F. ) ;
#1608 = ORIENTED_EDGE ( 'NONE', *, *, #5254, .T. ) ;
#1609 = CARTESIAN_POINT ( 'NONE',  ( -0.002957900452063979418, 0.01091857426902339417, 0.001730981929894620432 ) ) ;
#1610 = CARTESIAN_POINT ( 'NONE',  ( -0.006089221972586485003, 0.006454690748953800794, 0.001769549743850315580 ) ) ;
#1611 = CARTESIAN_POINT ( 'NONE',  ( -0.002468810975813930629, 0.01015999999996525065, -0.001016000088663737352 ) ) ;
#1612 = CARTESIAN_POINT ( 'NONE',  ( 0.005879091804009978738, 0.007472651739529686046, -0.002459441850686109373 ) ) ;
#1613 = VECTOR ( 'NONE', #5561, 1.000000000000000000 ) ;
#1614 = CARTESIAN_POINT ( 'NONE',  ( 0.03001791880397782983, -0.0004603294020596733049, 0.008862087538974570966 ) ) ;
#1615 = ORIENTED_EDGE ( 'NONE', *, *, #6081, .T. ) ;
#1616 = CARTESIAN_POINT ( 'NONE',  ( -0.006241588098556255342, 0.006295685424445752500, 0.0006091947302888614697 ) ) ;
#1617 = AXIS2_PLACEMENT_3D ( 'NONE', #2898, #1209, #3359 ) ;
#1618 = CARTESIAN_POINT ( 'NONE',  ( 0.002934496517383687955, 0.009524812368285437425, 0.0007931174686750785399 ) ) ;
#1619 = CARTESIAN_POINT ( 'NONE',  ( 0.03001791880397782983, -0.0004603294020596733049, 0.008862087538974570966 ) ) ;
#1620 = EDGE_CURVE ( 'NONE', #5387, #5847, #844, .T. ) ;
#1621 = CARTESIAN_POINT ( 'NONE',  ( 0.1302783959499116406, 0.006207248024827562161, 0.007335387314152402513 ) ) ;
#1622 = CARTESIAN_POINT ( 'NONE',  ( -0.003213151457615026196, 0.009228305882015407774, 0.0004055649893833238799 ) ) ;
#1623 = CARTESIAN_POINT ( 'NONE',  ( -0.002282896450367831974, 0.01072754407460757044, -0.0008428802116240932023 ) ) ;
#1624 = CARTESIAN_POINT ( 'NONE',  ( 0.005719959116491695784, 0.006902589485411869327, -0.002535590992123999601 ) ) ;
#1625 = CARTESIAN_POINT ( 'NONE',  ( -0.003726060983117797029, 0.001396480393892495951, -0.005074281499170869500 ) ) ;
#1626 = CARTESIAN_POINT ( 'NONE',  ( 0.002943618536948817716, 0.01100838688960198083, 0.001692326633849590509 ) ) ;
#1627 = CARTESIAN_POINT ( 'NONE',  ( 0.002977743689719865132, 0.01081569996580544930, -0.001768499766574748323 ) ) ;
#1628 = CARTESIAN_POINT ( 'NONE',  ( -0.05303068498432543521, -0.0005186699241482085106, -0.02047947723571179324 ) ) ;
#1629 = CARTESIAN_POINT ( 'NONE',  ( -0.1299190291780186468, 0.005726080448532721960, -0.009003346536995741889 ) ) ;
#1630 = CARTESIAN_POINT ( 'NONE',  ( -0.002982018349025949977, 0.01164721433644057454, -0.001041380520943411625 ) ) ;
#1631 = CARTESIAN_POINT ( 'NONE',  ( 0.006268351351748851531, 0.005989768032448012508, -6.023815126248488651E-05 ) ) ;
#1632 = EDGE_LOOP ( 'NONE', ( #6681, #1966, #3532, #5457 ) ) ;
#1633 = CARTESIAN_POINT ( 'NONE',  ( -0.03753227371525277856, 0.009223702238231488645, 0.003420000943420084972 ) ) ;
#1634 = CARTESIAN_POINT ( 'NONE',  ( 0.003060923872197749470, 0.01189402561033782446, -9.654526018059876374E-05 ) ) ;
#1635 = CARTESIAN_POINT ( 'NONE',  ( 0.002336582368419545114, 0.01117920433486441212, 5.597762071293253306E-05 ) ) ;
#1636 = CARTESIAN_POINT ( 'NONE',  ( -0.006060468126443121009, 0.006214722472035178087, 0.001549932249552450928 ) ) ;
#1637 = VERTEX_POINT ( 'NONE', #3372 ) ;
#1638 = VERTEX_POINT ( 'NONE', #5094 ) ;
#1639 = CARTESIAN_POINT ( 'NONE',  ( -0.003142680561733312769, 0.009300459540263412636, -0.0005417067454590216401 ) ) ;
#1640 = CARTESIAN_POINT ( 'NONE',  ( 0.002713662598496399941, 0.009790869080295401192, -0.0009466992945842700197 ) ) ;
#1641 = DIRECTION ( 'NONE',  ( 0.000000000000000000, 0.000000000000000000, 1.000000000000000000 ) ) ;
#1642 = CARTESIAN_POINT ( 'NONE',  ( -0.0002540000000000001566, 0.005588000000000000085, 0.0002539999999999999398 ) ) ;
#1643 = CARTESIAN_POINT ( 'NONE',  ( -0.002720754182953834949, 0.009781730980983109613, -0.0009429593705422614205 ) ) ;
#1644 = CARTESIAN_POINT ( 'NONE',  ( 0.000000000000000000, 0.000000000000000000, 0.000000000000000000 ) ) ;
#1645 = ORIENTED_EDGE ( 'NONE', *, *, #3964, .T. ) ;
#1646 = CARTESIAN_POINT ( 'NONE',  ( 1.686279258222847794E-18, 0.01447799999999999782, 0.000000000000000000 ) ) ;
#1647 = DIRECTION ( 'NONE',  ( 0.000000000000000000, -0.000000000000000000, 1.000000000000000000 ) ) ;
#1648 = CARTESIAN_POINT ( 'NONE',  ( 0.003255764695245018207, 0.009185411555706401998, -0.0002890811103501134387 ) ) ;
#1649 = CARTESIAN_POINT ( 'NONE',  ( -0.002142565502458151395, 0.01025987640373411669, -0.001016000000000057005 ) ) ;
#1650 = CARTESIAN_POINT ( 'NONE',  ( 0.005093003311353679410, 0.007743716321371349985, -0.004256940940180696173 ) ) ;
#1651 = CARTESIAN_POINT ( 'NONE',  ( 0.004848416183094203351, 0.002039014934789078626, 0.003953095718454277194 ) ) ;
#1652 = CARTESIAN_POINT ( 'NONE',  ( 0.1299995057096983153, 0.005925680122849556059, 0.008922679251010052354 ) ) ;
#1653 = CARTESIAN_POINT ( 'NONE',  ( -0.003297170326835446169, 0.009144244199652458785, -2.818808980698974108E-05 ) ) ;
#1654 = CARTESIAN_POINT ( 'NONE',  ( -0.002335831660734580349, 0.01117656070799431453, -6.973884890923477968E-06 ) ) ;
#1655 = CARTESIAN_POINT ( 'NONE',  ( 0.005813800903023250838, 0.006682380532649916278, -0.002310210935463996237 ) ) ;
#1656 = DIRECTION ( 'NONE',  ( -0.000000000000000000, -1.000000000000000000, -0.000000000000000000 ) ) ;
#1657 = CARTESIAN_POINT ( 'NONE',  ( -0.003452957942434760862, 0.001265715187916231993, -0.005252063797436598049 ) ) ;
#1658 = CARTESIAN_POINT ( 'NONE',  ( 0.004010912900129086009, 0.008966797691208304444, 0.0004618598215897618919 ) ) ;
#1659 = CARTESIAN_POINT ( 'NONE',  ( 0.003019028109135948098, 0.009431383814656298797, -0.0007082559149164596246 ) ) ;
#1660 = CARTESIAN_POINT ( 'NONE',  ( -0.003270462886354378804, 0.009170744280745192489, -0.0002340693826546654118 ) ) ;
#1661 = CARTESIAN_POINT ( 'NONE',  ( -0.1302218975034082904, 0.005586274197751741645, -0.008984262184851914829 ) ) ;
#1662 = EDGE_CURVE ( 'NONE', #4671, #529, #2773, .T. ) ;
#1663 = CARTESIAN_POINT ( 'NONE',  ( -0.003048689488528078060, 0.01186210571997283261, -0.0003978620385676520221 ) ) ;
#1664 = CARTESIAN_POINT ( 'NONE',  ( 0.006051224766359002312, 0.007102647918266935707, -0.001587849582733374043 ) ) ;
#1665 = ORIENTED_EDGE ( 'NONE', *, *, #3839, .T. ) ;
#1666 = ADVANCED_FACE ( 'NONE', ( #4491 ), #3894, .F. ) ;
#1667 = AXIS2_PLACEMENT_3D ( 'NONE', #6329, #4819, #580 ) ;
#1668 = EDGE_CURVE ( 'NONE', #1745, #1227, #1502, .T. ) ;
#1669 = CARTESIAN_POINT ( 'NONE',  ( -0.09044487610909522635, 0.01025424327348015315, 0.002600763553437445471 ) ) ;
#1670 = CONICAL_SURFACE ( 'NONE', #4500, 0.003962399999999999603, 0.2069921942198206244 ) ;
#1671 = CARTESIAN_POINT ( 'NONE',  ( 0.003234545996157402355, 0.009206699248990882212, -0.0003529992978815911378 ) ) ;
#1672 = CARTESIAN_POINT ( 'NONE',  ( 0.002299587459209150812, 0.01103553246519168446, -0.0005154721213679027076 ) ) ;
#1673 = CARTESIAN_POINT ( 'NONE',  ( -0.003281955694236682493, 0.009159205042014348722, -0.0001992760062818903124 ) ) ;
#1674 = VERTEX_POINT ( 'NONE', #1355 ) ;
#1675 = ORIENTED_EDGE ( 'NONE', *, *, #6936, .T. ) ;
#1676 = CARTESIAN_POINT ( 'NONE',  ( -0.004050723559133197205, 0.008916479364914764796, 4.133238679373506524E-05 ) ) ;
#1677 = CONICAL_SURFACE ( 'NONE', #6049, 0.006032499999999999668, 0.7853981633974503884 ) ;
#1678 = CARTESIAN_POINT ( 'NONE',  ( -0.006247367929128435846, 0.004251454694481932028, -0.001332764630848499911 ) ) ;
#1679 = CARTESIAN_POINT ( 'NONE',  ( 0.006270703828217017405, 0.004384647778955057772, 0.001160513267363627284 ) ) ;
#1680 = CARTESIAN_POINT ( 'NONE',  ( 0.02334078559194955466, 0.007913503986496111045, -0.003093603449330627718 ) ) ;
#1681 = CARTESIAN_POINT ( 'NONE',  ( 0.000000000000000000, 0.01000000000000000021, -0.006250000000000000347 ) ) ;
#1682 = CONICAL_SURFACE ( 'NONE', #6628, 0.001397000000000000021, 0.008218993007807448223 ) ;
#1683 = AXIS2_PLACEMENT_3D ( 'NONE', #1505, #6930, #1473 ) ;
#1684 = EDGE_LOOP ( 'NONE', ( #1481, #1515, #3478, #841 ) ) ;
#1685 = CARTESIAN_POINT ( 'NONE',  ( -0.002292904691748516230, 0.01099832557739983084, -0.0005745537914338483612 ) ) ;
#1686 = CARTESIAN_POINT ( 'NONE',  ( -0.001966124720180008594, 0.01103874707698938862, -0.0005209381755663954928 ) ) ;
#1687 = CARTESIAN_POINT ( 'NONE',  ( 0.002442848319322718509, 0.01020874786455291429, 0.001014958193084692815 ) ) ;
#1688 = CARTESIAN_POINT ( 'NONE',  ( 0.02282582766954648068, 0.008377499798608800674, -0.003943434724946588005 ) ) ;
#1689 = AXIS2_PLACEMENT_3D ( 'NONE', #2185, #644, #6459 ) ;
#1690 = CARTESIAN_POINT ( 'NONE',  ( -0.05303068498432543521, -0.0005186699241482085106, -0.02047947723571179324 ) ) ;
#1691 = CARTESIAN_POINT ( 'NONE',  ( 0.006227199430013602086, 0.004584647249125040763, 0.0007291612410160155022 ) ) ;
#1692 = CARTESIAN_POINT ( 'NONE',  ( 0.1302426901748665045, 0.005695183488615885095, 0.008681168914233495723 ) ) ;
#1693 = PRODUCT_DEFINITION_SHAPE ( 'NONE', 'NONE',  #5393 ) ;
#1694 = CARTESIAN_POINT ( 'NONE',  ( -0.003281543020417676277, 0.009159733373640413512, 0.0001783209412001803072 ) ) ;
#1695 = CARTESIAN_POINT ( 'NONE',  ( -0.002650432957785823183, 0.009875628743357031322, -0.0009755169890936382128 ) ) ;
#1696 = CARTESIAN_POINT ( 'NONE',  ( 0.006254808641224787399, 0.005206889983837718894, 7.485578370819587440E-05 ) ) ;
#1697 = FACE_OUTER_BOUND ( 'NONE', #138, .T. ) ;
#1698 = CARTESIAN_POINT ( 'NONE',  ( -0.007313750181647759273, 0.007743516961754387702, 0.004077425021704677958 ) ) ;
#1699 = DIRECTION ( 'NONE',  ( 0.000000000000000000, 0.000000000000000000, -1.000000000000000000 ) ) ;
#1700 = CARTESIAN_POINT ( 'NONE',  ( 0.002956314486189399755, 0.009500347949454122226, -0.0007728906228045541666 ) ) ;
#1701 = CARTESIAN_POINT ( 'NONE',  ( -0.003297545569111873763, 0.009143873050817883166, 6.359389347587209029E-06 ) ) ;
#1702 = CARTESIAN_POINT ( 'NONE',  ( -0.003031603771426615631, 0.01181461495655541753, -0.0006142885267490513302 ) ) ;
#1703 = CARTESIAN_POINT ( 'NONE',  ( 0.003211119444163984364, 0.009230279394189980224, 0.0004128052427820227597 ) ) ;
#1704 = ORIENTED_EDGE ( 'NONE', *, *, #4798, .T. ) ;
#1705 = EDGE_CURVE ( 'NONE', #2206, #6771, #3358, .T. ) ;
#1706 = EDGE_CURVE ( 'NONE', #6277, #5176, #2435, .T. ) ;
#1707 = VERTEX_POINT ( 'NONE', #3675 ) ;
#1708 = CARTESIAN_POINT ( 'NONE',  ( -0.07979384874196422672, 0.01042537018395290650, 0.003496803831946762933 ) ) ;
#1709 = CARTESIAN_POINT ( 'NONE',  ( 0.003381468674338819046, 0.009864559358762133023, -0.001680787207383171175 ) ) ;
#1710 = CARTESIAN_POINT ( 'NONE',  ( 0.002279284662911303019, 0.01085714513000708530, -0.0007394807925979934643 ) ) ;
#1711 = CARTESIAN_POINT ( 'NONE',  ( -0.002617643731100423917, 0.009921677486248742933, 0.0009879103181665693095 ) ) ;
#1712 = CARTESIAN_POINT ( 'NONE',  ( -0.004047361965605063110, 0.008920710591436245562, -0.0001402223337147733039 ) ) ;
#1713 = CARTESIAN_POINT ( 'NONE',  ( -0.003535012025949320087, 0.001217167492442494453, -0.005162725651336463883 ) ) ;
#1714 =( REPRESENTATION_RELATIONSHIP ('NONE','NONE', #5312, #526 ) REPRESENTATION_RELATIONSHIP_WITH_TRANSFORMATION ( #4249 )SHAPE_REPRESENTATION_RELATIONSHIP( ) );
#1715 = DIRECTION ( 'NONE',  ( 0.000000000000000000, 0.000000000000000000, 1.000000000000000000 ) ) ;
#1716 = CARTESIAN_POINT ( 'NONE',  ( 0.006146087982798751834, 0.006351659285239496903, -0.001598420509843381191 ) ) ;
#1717 = DIRECTION ( 'NONE',  ( 9.484135310589723205E-16, 1.000000000000000000, -0.000000000000000000 ) ) ;
#1718 = CARTESIAN_POINT ( 'NONE',  ( -0.1300000000000000044, 0.005612429250701388844, -0.009265824011770482788 ) ) ;
#1719 = CIRCLE ( 'NONE', #2859, 0.001783079999999999821 ) ;
#1720 = ORIENTED_EDGE ( 'NONE', *, *, #779, .T. ) ;
#1721 = CARTESIAN_POINT ( 'NONE',  ( -0.002297310037618436902, 0.01102343565589241486, -0.0005354978055308017969 ) ) ;
#1722 = CARTESIAN_POINT ( 'NONE',  ( -0.003273500715755828672, 0.01005549761251150337, -0.001759454615492020554 ) ) ;
#1723 = CARTESIAN_POINT ( 'NONE',  ( 0.002835158024137244669, 0.009639844546445446027, 0.0008728878326822455628 ) ) ;
#1724 = CARTESIAN_POINT ( 'NONE',  ( -0.002032000000004162421, 0.01117600000000831817, -1.059639207150322950E-15 ) ) ;
#1725 = DIRECTION ( 'NONE',  ( 0.6541184129649780798, 0.2806565124715716952, 0.7023966285706908508 ) ) ;
#1726 = DIRECTION ( 'NONE',  ( -0.000000000000000000, -1.000000000000000000, -0.000000000000000000 ) ) ;
#1727 = CARTESIAN_POINT ( 'NONE',  ( 0.1302258385022392051, 0.005685096261506738732, 0.008728199700831709359 ) ) ;
#1728 = CARTESIAN_POINT ( 'NONE',  ( -0.002392488842665253888, 0.01031408400320800271, 0.001004802645777635745 ) ) ;
#1729 = CARTESIAN_POINT ( 'NONE',  ( -0.002287513562929171292, 0.01068395146838577864, -0.0008706478565152415451 ) ) ;
#1730 = CARTESIAN_POINT ( 'NONE',  ( 0.003278319284838160461, 0.001122275183648938990, 0.005329921330969463258 ) ) ;
#1731 = EDGE_LOOP ( 'NONE', ( #4995, #4654, #3209, #324, #6592, #6010, #5426, #3566 ) ) ;
#1732 = CONICAL_SURFACE ( 'NONE', #6328, 0.003962399999999999603, 0.2069921942198206244 ) ;
#1733 = CYLINDRICAL_SURFACE ( 'NONE', #3504, 0.001015999999999999976 ) ;
#1734 =( BOUNDED_SURFACE ( )  B_SPLINE_SURFACE ( 3, 2, ( 
 ( #2607, #2503, #987 ),
 ( #6831, #4115, #2063 ),
 ( #4740, #422, #5145 ),
 ( #6864, #2999, #5712 ),
 ( #4183, #4641, #6239 ),
 ( #4215, #6339, #5112 ),
 ( #6765, #921, #1535 ),
 ( #2571, #5245, #4706 ),
 ( #6304, #1436, #3134 ),
 ( #3590, #3068, #4607 ),
 ( #391, #6734, #4144 ),
 ( #1928, #6272, #4771 ),
 ( #596, #2638, #15 ),
 ( #2207, #3757, #2670 ),
 ( #1567, #2739, #2781 ),
 ( #4799, #1051, #6895 ),
 ( #1154, #4352, #5805 ),
 ( #1633, #6371, #2245 ),
 ( #487, #2097, #4316 ),
 ( #4867, #5281, #2171 ),
 ( #4902, #6410, #5319 ),
 ( #3310, #6927, #4243 ),
 ( #6480, #2136, #5389 ),
 ( #3278, #88, #5427 ),
 ( #5843, #632, #6444 ),
 ( #3724, #4391, #3202 ),
 ( #522, #4283, #1603 ),
 ( #3167, #3792, #5882 ),
 ( #1084, #2705, #3239 ),
 ( #5354, #557, #6517 ),
 ( #3834, #1708, #4834 ),
 ( #5914, #1118, #1017 ),
 ( #52, #1669, #5951 ),
 ( #774, #3344, #5010 ),
 ( #811, #4467, #3382 ),
 ( #204, #2427, #5460 ),
 ( #1852, #5570, #128 ),
 ( #4538, #2283, #4429 ),
 ( #4501, #244, #2917 ),
 ( #6023, #169, #3419 ),
 ( #2848, #1303, #739 ),
 ( #1193, #1815, #6556 ),
 ( #2815, #2885, #1746 ),
 ( #2392, #2353, #3904 ),
 ( #4010, #6128, #1230 ),
 ( #1333, #6631, #3452 ),
 ( #1782, #2957, #4937 ),
 ( #6662, #2319, #5603 ),
 ( #5500, #5040, #5071 ),
 ( #3938, #6594, #3486 ),
 ( #6058, #3975, #276 ),
 ( #1269, #5534, #6092 ),
 ( #4568, #6696, #702 ),
 ( #3867, #5985, #666 ),
 ( #4971, #3063, #2024 ),
 ( #3130, #346, #5174 ),
 ( #2496, #2601, #6795 ),
 ( #1400, #945, #3622 ),
 ( #4599, #2464, #1921 ),
 ( #3096, #4634, #4139 ),
 ( #5639, #313, #6233 ),
 ( #1367, #6200, #1956 ),
 ( #5738, #5773, #4075 ),
 ( #3557, #847, #3521 ),
 ( #4110, #451, #4669 ),
 ( #6267, #1885, #1432 ),
 ( #6166, #5242, #5138 ),
 ( #5108, #4736, #4177 ),
 ( #1497, #3653, #1990 ),
 ( #6300, #3029, #2995 ),
 ( #2567, #6760, #1466 ),
 ( #982, #4044, #6728 ),
 ( #5673, #385, #2536 ),
 ( #882, #3586, #5212 ),
 ( #5705, #914, #419 ),
 ( #4702, #6825, #6334 ),
 ( #3752, #3163, #1629 ),
 ( #1046, #3304, #515 ),
 ( #1149, #1661, #4310 ),
 ( #4829, #3823, #6368 ),
 ( #2775, #5907, #3194 ),
 ( #5314, #5945, #9 ),
 ( #3787, #5420, #2056 ),
 ( #2664, #1112, #4239 ),
 ( #3685, #5875, #4276 ),
 ( #1597, #1079, #3267 ),
 ( #4794, #1561, #5277 ),
 ( #6860, #1529, #6891 ) ),
 .UNSPECIFIED., .F., .F., .T. ) 
 B_SPLINE_SURFACE_WITH_KNOTS ( ( 4, 2, 2, 2, 2, 2, 2, 2, 2, 2, 2, 2, 2, 2, 2, 2, 2, 2, 2, 2, 2, 2, 2, 2, 2, 2, 2, 2, 2, 2, 2, 2, 2, 2, 2, 2, 2, 2, 2, 2, 2, 2, 2, 4 ),
 ( 3, 3 ),
 ( 0.01650530441075253457, 0.02057521816532716097, 0.02464513191990178390, 0.02871504567447640682, 0.03278495942905103322, 0.03685487318362565268, 0.04092478693820027907, 0.04499470069277490547, 0.04906461444734952493, 0.05313452820192415132, 0.05720444195649877772, 0.06127435571107340412, 0.06534426946564803051, 0.07348409697479726943, 0.08162392448394652222, 0.09790357950224501393, 0.1060434070113942667, 0.1141832345205435195, 0.1223230620296927584, 0.1263929757842673918, 0.1304628895388419974, 0.1345328032934166307, 0.1365677601707039335, 0.1386027170479912640, 0.1396201954866349015, 0.1406376739252785668, 0.1416551523639222321, 0.1426726308025658696, 0.1436901092412095349, 0.1441988484605313814, 0.1447075876798532001, 0.1452163268991750189, 0.1454706965088359283, 0.1455342889112511418, 0.1455501870118549590, 0.1455581360621568676, 0.1455660851124587762, 0.1455978813136663830, 0.1457250661184968377, 0.1458522509233272924, 0.1459158433257425336, 0.1459794357281577470, 0.1462338053378186564, 0.1467425445571405029 ),
 ( 0.000000000000000000, 1.000000000000000000 ),
 .UNSPECIFIED. ) 
 GEOMETRIC_REPRESENTATION_ITEM ( )  RATIONAL_B_SPLINE_SURFACE ( (
 ( 1.000000000000000000, 0.2711815509156307868, 1.000000000000000000),
 ( 1.000000000000000000, 0.2476066592411765577, 1.000000000000000000),
 ( 1.000000000000000000, 0.2170268999440325974, 1.000000000000000000),
 ( 1.000000000000000000, 0.1625291487337303664, 1.000000000000000000),
 ( 1.000000000000000000, 0.1391333602784133039, 1.000000000000000000),
 ( 1.000000000000000000, 0.1072742056722537363, 1.000000000000000000),
 ( 1.000000000000000000, 0.09844480667111307759, 1.000000000000000000),
 ( 1.000000000000000000, 0.08888273365746393595, 1.000000000000000000),
 ( 1.000000000000000000, 0.08772897098822260431, 1.000000000000000000),
 ( 1.000000000000000000, 0.08664240979839213375, 1.000000000000000000),
 ( 1.000000000000000000, 0.08669858966953060408, 1.000000000000000000),
 ( 1.000000000000000000, 0.08666189551837479021, 1.000000000000000000),
 ( 1.000000000000000000, 0.08672144364392067595, 1.000000000000000000),
 ( 1.000000000000000000, 0.08787960786844406513, 1.000000000000000000),
 ( 1.000000000000000000, 0.08902244614251021704, 1.000000000000000000),
 ( 1.000000000000000000, 0.09305467758708428627, 1.000000000000000000),
 ( 1.000000000000000000, 0.09593940331946844424, 1.000000000000000000),
 ( 1.000000000000000000, 0.1030935652042708900, 1.000000000000000000),
 ( 1.000000000000000000, 0.1073412361298893697, 1.000000000000000000),
 ( 1.000000000000000000, 0.1163062638856465630, 1.000000000000000000),
 ( 1.000000000000000000, 0.1210059510934021892, 1.000000000000000000),
 ( 1.000000000000000000, 0.1299493088750658110, 1.000000000000000000),
 ( 1.000000000000000000, 0.1341914276706361875, 1.000000000000000000),
 ( 1.000000000000000000, 0.1416277605437623599, 1.000000000000000000),
 ( 1.000000000000000000, 0.1447749165485467671, 1.000000000000000000),
 ( 1.000000000000000000, 0.1523908060669453557, 1.000000000000000000),
 ( 1.000000000000000000, 0.1552200544281118755, 1.000000000000000000),
 ( 1.000000000000000000, 0.1581535282846176504, 1.000000000000000000),
 ( 1.000000000000000000, 0.1582420636137967795, 1.000000000000000000),
 ( 1.000000000000000000, 0.1557816809913841749, 1.000000000000000000),
 ( 1.000000000000000000, 0.1505837575651255977, 1.000000000000000000),
 ( 1.000000000000000000, 0.1398383275436697049, 1.000000000000000000),
 ( 1.000000000000000000, 0.1357360082610328256, 1.000000000000000000),
 ( 1.000000000000000000, 0.1266745698041386592, 1.000000000000000000),
 ( 1.000000000000000000, 0.1217114030284611875, 1.000000000000000000),
 ( 1.000000000000000000, 0.1110869905963510346, 1.000000000000000000),
 ( 1.000000000000000000, 0.1054214512724651054, 1.000000000000000000),
 ( 1.000000000000000000, 0.09651432336652253363, 1.000000000000000000),
 ( 1.000000000000000000, 0.09347720278011387163, 1.000000000000000000),
 ( 1.000000000000000000, 0.08730798716438004092, 1.000000000000000000),
 ( 1.000000000000000000, 0.08417259981794489310, 1.000000000000000000),
 ( 1.000000000000000000, 0.07790553864465810108, 1.000000000000000000),
 ( 1.000000000000000000, 0.07477671679658795534, 1.000000000000000000),
 ( 1.000000000000000000, 0.07033397242300916397, 1.000000000000000000),
 ( 1.000000000000000000, 0.06889635573674476876, 1.000000000000000000),
 ( 1.000000000000000000, 0.06621967146712638697, 1.000000000000000000),
 ( 1.000000000000000000, 0.06497472357583643221, 1.000000000000000000),
 ( 1.000000000000000000, 0.06345199300269589726, 1.000000000000000000),
 ( 1.000000000000000000, 0.06300326232966120543, 1.000000000000000000),
 ( 1.000000000000000000, 0.06229955668812829639, 1.000000000000000000),
 ( 1.000000000000000000, 0.06204297440894612770, 1.000000000000000000),
 ( 1.000000000000000000, 0.06186780505177107148, 1.000000000000000000),
 ( 1.000000000000000000, 0.06194311839105085676, 1.000000000000000000),
 ( 1.000000000000000000, 0.06272001850438670145, 1.000000000000000000),
 ( 1.000000000000000000, 0.06340084143243894521, 1.000000000000000000),
 ( 1.000000000000000000, 0.06615255060429825473, 1.000000000000000000),
 ( 1.000000000000000000, 0.06809255997963371831, 1.000000000000000000),
 ( 1.000000000000000000, 0.07421594686067801983, 1.000000000000000000),
 ( 1.000000000000000000, 0.07679112374450973444, 1.000000000000000000),
 ( 1.000000000000000000, 0.08460118020464030275, 1.000000000000000000),
 ( 1.000000000000000000, 0.08959714582116835857, 1.000000000000000000),
 ( 1.000000000000000000, 0.1071227700919812759, 1.000000000000000000),
 ( 1.000000000000000000, 0.1177616970163267301, 1.000000000000000000),
 ( 1.000000000000000000, 0.1616062071269891987, 1.000000000000000000),
 ( 1.000000000000000000, 0.1806508308109452399, 1.000000000000000000),
 ( 1.000000000000000000, 0.2242058971252628985, 1.000000000000000000),
 ( 1.000000000000000000, 0.2339927032200367907, 1.000000000000000000),
 ( 1.000000000000000000, 0.2481727979975502374, 1.000000000000000000),
 ( 1.000000000000000000, 0.2511073302905703075, 1.000000000000000000),
 ( 1.000000000000000000, 0.2556725740882177522, 1.000000000000000000),
 ( 1.000000000000000000, 0.2572215545709535256, 1.000000000000000000),
 ( 1.000000000000000000, 0.2603769443388636029, 1.000000000000000000),
 ( 1.000000000000000000, 0.2627778171669605256, 1.000000000000000000),
 ( 1.000000000000000000, 0.2644767564229830170, 1.000000000000000000),
 ( 1.000000000000000000, 0.2658830747381934478, 1.000000000000000000),
 ( 1.000000000000000000, 0.2731724212137469077, 1.000000000000000000),
 ( 1.000000000000000000, 0.2798169767426633703, 1.000000000000000000),
 ( 1.000000000000000000, 0.2954686718040749893, 1.000000000000000000),
 ( 1.000000000000000000, 0.3044819052252292213, 1.000000000000000000),
 ( 1.000000000000000000, 0.3205242068306388692, 1.000000000000000000),
 ( 1.000000000000000000, 0.3262944391602687899, 1.000000000000000000),
 ( 1.000000000000000000, 0.3387778729534127176, 1.000000000000000000),
 ( 1.000000000000000000, 0.3436525042552256992, 1.000000000000000000),
 ( 1.000000000000000000, 0.3956906200437409482, 1.000000000000000000),
 ( 1.000000000000000000, 0.4443746254513651905, 1.000000000000000000),
 ( 1.000000000000000000, 0.5767098069250247150, 1.000000000000000000),
 ( 1.000000000000000000, 0.6397911964225257986, 1.000000000000000000),
 ( 1.000000000000000000, 0.6820783048046428210, 1.000000000000000000) ) ) 
 REPRESENTATION_ITEM ( '' )  SURFACE ( )  );
#1735 = CARTESIAN_POINT ( 'NONE',  ( -0.003318913668774191132, 0.009971309143970723612, -0.001731048232030236609 ) ) ;
#1736 = CARTESIAN_POINT ( 'NONE',  ( 0.003079821547884172440, 0.01047714226085739130, 0.001823178998851111149 ) ) ;
#1737 = CARTESIAN_POINT ( 'NONE',  ( -0.002423461732129100418, 0.009530061191486048633, 0.0008077113917089542459 ) ) ;
#1738 = CARTESIAN_POINT ( 'NONE',  ( 0.01214347421701057576, 0.0008365766189408140822, 0.004523400128172851142 ) ) ;
#1739 = ORIENTED_EDGE ( 'NONE', *, *, #2424, .F. ) ;
#1740 = CARTESIAN_POINT ( 'NONE',  ( -0.1299999999999999767, 0.001072457435249923310, -0.01786584610186357780 ) ) ;
#1741 = CARTESIAN_POINT ( 'NONE',  ( -0.002943880569577228545, 0.01101660212333961143, -0.001685655146617465660 ) ) ;
#1742 = CARTESIAN_POINT ( 'NONE',  ( 0.002955789110941583944, 0.009500945714560666069, 0.0007733314084335027707 ) ) ;
#1743 = ORIENTED_EDGE ( 'NONE', *, *, #4970, .F. ) ;
#1744 = DIRECTION ( 'NONE',  ( 0.000000000000000000, -1.000000000000000000, -0.000000000000000000 ) ) ;
#1745 = VERTEX_POINT ( 'NONE', #1453 ) ;
#1746 = CARTESIAN_POINT ( 'NONE',  ( -0.1195633899618405160, 0.008347886314135138583, -0.003154819093144549044 ) ) ;
#1747 = CARTESIAN_POINT ( 'NONE',  ( 0.003297866387687759492, 0.009143555708359717496, 1.681429625010644224E-05 ) ) ;
#1748 = CARTESIAN_POINT ( 'NONE',  ( 0.002280919816430081268, 0.01089160578637668637, -0.0007054049533807512685 ) ) ;
#1749 = CARTESIAN_POINT ( 'NONE',  ( -0.002493454501826134449, 0.01011591138892412207, 0.001015296739215374193 ) ) ;
#1750 = CARTESIAN_POINT ( 'NONE',  ( -0.004051020690784171846, 0.008916105595832619912, 1.113130248699508283E-05 ) ) ;
#1751 = CARTESIAN_POINT ( 'NONE',  ( -0.0002540000000000001024, 0.005080000000000001181, -0.002884438135928730530 ) ) ;
#1752 = PRODUCT_DEFINITION_SHAPE ( 'NONE', 'NONE',  #6952 ) ;
#1753 = CARTESIAN_POINT ( 'NONE',  ( 0.004468114459338787085, 0.007926926915893224915, -0.004370210893286980217 ) ) ;
#1754 = CARTESIAN_POINT ( 'NONE',  ( 0.004042575071114362303, 0.008926741825551818069, 0.0002108757295617805249 ) ) ;
#1755 = CARTESIAN_POINT ( 'NONE',  ( 0.03134525155565637267, 0.008502426413623651383, -0.003191273413344861056 ) ) ;
#1756 = CARTESIAN_POINT ( 'NONE',  ( -0.001420970690457919921, 0.003614281620921026839, 0.0002539999999999999398 ) ) ;
#1757 = ADVANCED_FACE ( 'NONE', ( #5791 ), #5128, .T. ) ;
#1758 = EDGE_CURVE ( 'NONE', #1049, #308, #408, .T. ) ;
#1759 = ORIENTED_EDGE ( 'NONE', *, *, #6694, .F. ) ;
#1760 = CARTESIAN_POINT ( 'NONE',  ( -0.005080000000000000314, 0.000000000000000000, 0.0002539999999999998856 ) ) ;
#1761 = CARTESIAN_POINT ( 'NONE',  ( -0.003721269701872048034, 0.009350285407418333292, -0.001263578789529923004 ) ) ;
#1762 = CARTESIAN_POINT ( 'NONE',  ( 0.002316954058228625456, 0.01111169255993072792, 0.0003561383004808158317 ) ) ;
#1763 = CARTESIAN_POINT ( 'NONE',  ( -0.0002539999999999999940, 0.000000000000000000, -0.003954250593981113726 ) ) ;
#1764 = CARTESIAN_POINT ( 'NONE',  ( 0.009144620604521955937, 0.007923112526648276588, -0.003857872993067751333 ) ) ;
#1765 = CARTESIAN_POINT ( 'NONE',  ( 0.001348694731337154356, 0.0008508732707223393317, 0.006102747129093864450 ) ) ;
#1766 = CARTESIAN_POINT ( 'NONE',  ( 0.1302215123882977943, 0.005560247516565205474, 0.009046752947795220698 ) ) ;
#1767 = CARTESIAN_POINT ( 'NONE',  ( -0.003270462886354378804, 0.009170744280745192489, -0.0002340693826546654118 ) ) ;
#1768 = CARTESIAN_POINT ( 'NONE',  ( -0.002307621396636076131, 0.01107369057005749662, 0.0004446676669157456001 ) ) ;
#1769 = CARTESIAN_POINT ( 'NONE',  ( -0.1299999999999999767, 0.001072457435249923310, -0.01786584610186357780 ) ) ;
#1770 = ORIENTED_EDGE ( 'NONE', *, *, #740, .T. ) ;
#1771 = CARTESIAN_POINT ( 'NONE',  ( 0.002142560847799786488, 0.01025987896634354690, -0.001016000000000057005 ) ) ;
#1772 = CARTESIAN_POINT ( 'NONE',  ( 0.003051387769771470547, 0.01186928048285730564, 0.0003527245454461973837 ) ) ;
#1773 = CARTESIAN_POINT ( 'NONE',  ( 0.001821018484063715312, 0.01067135029387308864, -0.0009046560983601219068 ) ) ;
#1774 = DIRECTION ( 'NONE',  ( 0.000000000000000000, 0.000000000000000000, 1.000000000000000000 ) ) ;
#1775 = CARTESIAN_POINT ( 'NONE',  ( 0.003296983993932194219, 0.01001201031947843156, -0.001744742781338049680 ) ) ;
#1776 = ORIENTED_EDGE ( 'NONE', *, *, #430, .T. ) ;
#1777 = CARTESIAN_POINT ( 'NONE',  ( 0.006216557281089587529, 0.005359994839226736585, 0.0006900880553002387233 ) ) ;
#1778 = CARTESIAN_POINT ( 'NONE',  ( -0.002952877010670972371, 0.01150208319282149637, 0.001268152336245514109 ) ) ;
#1779 = PLANE ( 'NONE',  #2602 ) ;
#1780 = ORIENTED_EDGE ( 'NONE', *, *, #4257, .F. ) ;
#1781 = CARTESIAN_POINT ( 'NONE',  ( -0.05298978097944330445, -0.001497834492737977344, -0.02201696167599314150 ) ) ;
#1782 = CARTESIAN_POINT ( 'NONE',  ( -0.1240034598506338653, 0.007888362713919443853, -0.004749806638915041179 ) ) ;
#1783 = CARTESIAN_POINT ( 'NONE',  ( 0.002301206018614775604, 0.01104371735942045497, -0.0005013057665737870447 ) ) ;
#1784 = CARTESIAN_POINT ( 'NONE',  ( -0.003104475820992672053, 0.009340157366107082124, 0.0006016217773668048165 ) ) ;
#1785 = CARTESIAN_POINT ( 'NONE',  ( -0.002291077255015942261, 0.01098730708226308521, -0.0005907710048684735975 ) ) ;
#1786 = CARTESIAN_POINT ( 'NONE',  ( -0.005766204362501786869, 0.003101130922498598029, -0.002789888234394467727 ) ) ;
#1787 = CIRCLE ( 'NONE', #5038, 0.002032000000000005156 ) ;
#1788 = DIRECTION ( 'NONE',  ( 0.000000000000000000, 0.000000000000000000, 1.000000000000000000 ) ) ;
#1789 = CARTESIAN_POINT ( 'NONE',  ( 0.004026487109669303621, 0.008947059058870773102, -0.0003610108771436727868 ) ) ;
#1790 = CARTESIAN_POINT ( 'NONE',  ( -0.002959028677721761355, 0.009497288910433865014, -0.0007704095993492513297 ) ) ;
#1791 = LINE ( 'NONE', #2183, #3158 ) ;
#1792 = EDGE_LOOP ( 'NONE', ( #5214, #806, #2616, #4258 ) ) ;
#1793 = AXIS2_PLACEMENT_3D ( 'NONE', #5357, #425, #2708 ) ;
#1794 = CARTESIAN_POINT ( 'NONE',  ( 0.003045526721246146797, 0.01185377766846631119, 0.0004578670233584151766 ) ) ;
#1795 = CARTESIAN_POINT ( 'NONE',  ( 0.002303432836020309626, 0.01105515130390703586, 0.0004818264943961042199 ) ) ;
#1796 = DIRECTION ( 'NONE',  ( -0.000000000000000000, 0.000000000000000000, -1.000000000000000000 ) ) ;
#1797 = DIRECTION ( 'NONE',  ( 0.000000000000000000, 0.000000000000000000, -1.000000000000000000 ) ) ;
#1798 = EDGE_CURVE ( 'NONE', #6797, #1049, #3639, .T. ) ;
#1799 = CIRCLE ( 'NONE', #6836, 9.999999999999978795E-05 ) ;
#1800 = CARTESIAN_POINT ( 'NONE',  ( 0.000000000000000000, 0.006985000000000000757, 0.000000000000000000 ) ) ;
#1801 = AXIS2_PLACEMENT_3D ( 'NONE', #6697, #1887, #4045 ) ;
#1802 = CARTESIAN_POINT ( 'NONE',  ( 0.1298820799976716511, 0.005778877582691718633, 0.008875274725666843292 ) ) ;
#1803 = CARTESIAN_POINT ( 'NONE',  ( 0.005864337160177914184, 0.003399158257009180645, 0.002219522207161477891 ) ) ;
#1804 = ORIENTED_EDGE ( 'NONE', *, *, #2627, .F. ) ;
#1805 = CARTESIAN_POINT ( 'NONE',  ( -0.004533324516105065836, 0.007790493893443120599, 0.004348147490595468886 ) ) ;
#1806 = CARTESIAN_POINT ( 'NONE',  ( 0.0002539999999999998856, 0.000000000000000000, -0.003954250593981113726 ) ) ;
#1807 = CARTESIAN_POINT ( 'NONE',  ( 0.003047652162659780697, 0.01185937589071974982, -0.0004174096357141983925 ) ) ;
#1808 = CARTESIAN_POINT ( 'NONE',  ( -0.001785667394348159709, 0.01046305122213600676, 0.0009697504610784551645 ) ) ;
#1809 = LINE ( 'NONE', #5593, #1613 ) ;
#1810 = CARTESIAN_POINT ( 'NONE',  ( 0.004611928005649463050, 0.002108133656450788141, 0.004227232998336822103 ) ) ;
#1811 = CARTESIAN_POINT ( 'NONE',  ( -0.003219660559766173141, 0.01015896818955057575, 0.001789278389373057066 ) ) ;
#1812 = CARTESIAN_POINT ( 'NONE',  ( 0.002724714210648814840, 0.009776606228290652192, 0.0009409060054999298641 ) ) ;
#1813 = VERTEX_POINT ( 'NONE', #5164 ) ;
#1814 = CARTESIAN_POINT ( 'NONE',  ( 0.000000000000000000, 0.002004102643982963970, -0.005063676669939946862 ) ) ;
#1815 = CARTESIAN_POINT ( 'NONE',  ( -0.1186838117297532996, 0.008794124337116548604, -0.001609816229193832124 ) ) ;
#1816 = DIRECTION ( 'NONE',  ( -0.000000000000000000, -1.000000000000000000, -0.000000000000000000 ) ) ;
#1817 = CARTESIAN_POINT ( 'NONE',  ( -0.002684673975146081339, 0.009829145507548845903, 0.0009606821123044936416 ) ) ;
#1818 = EDGE_CURVE ( 'NONE', #926, #235, #1403, .T. ) ;
#1819 = B_SPLINE_CURVE_WITH_KNOTS ( 'NONE', 3,
 ( #1858, #175, #1274, #6636, #6174, #1891 ),
 .UNSPECIFIED., .F., .F.,
 ( 4, 2, 4 ),
 ( 0.9155502314134744690, 0.9593610412813077248, 1.003171851149140981 ),
 .UNSPECIFIED. ) ;
#1820 = CARTESIAN_POINT ( 'NONE',  ( -0.002278849226184136417, 0.01079728872829637497, -0.0007920390631065471389 ) ) ;
#1821 = CARTESIAN_POINT ( 'NONE',  ( -0.005134756932595733146, 0.002326296468180079607, -0.003573515448612780802 ) ) ;
#1822 = FACE_OUTER_BOUND ( 'NONE', #453, .T. ) ;
#1823 = CARTESIAN_POINT ( 'NONE',  ( 0.004983852337304299496, 0.002148807765724257846, 0.004032258583746001560 ) ) ;
#1824 = SURFACE_SIDE_STYLE ('',( #1860 ) ) ;
#1825 = CARTESIAN_POINT ( 'NONE',  ( -0.004538955661497847717, 0.007785335283777719204, 0.004345138882074911502 ) ) ;
#1826 = ORIENTED_EDGE ( 'NONE', *, *, #6377, .F. ) ;
#1827 = CARTESIAN_POINT ( 'NONE',  ( -0.003013079195718223417, 0.01175823841726152293, -0.0007913301563083651510 ) ) ;
#1828 = CARTESIAN_POINT ( 'NONE',  ( 0.002486123726406223172, 0.01012840820954337591, 0.001016003162883244134 ) ) ;
#1829 = CARTESIAN_POINT ( 'NONE',  ( -0.0002540000000000001566, 0.000000000000000000, 0.001451138256679907184 ) ) ;
#1830 = CARTESIAN_POINT ( 'NONE',  ( 0.000000000000000000, 0.000000000000000000, -0.006032499999999997933 ) ) ;
#1831 = CARTESIAN_POINT ( 'NONE',  ( 0.04668888365207404106, -0.001489317466010477153, 0.01915909511730656128 ) ) ;
#1832 = CARTESIAN_POINT ( 'NONE',  ( 0.003229480814690423914, 0.001312765479628984558, 0.005359331290107836356 ) ) ;
#1833 = B_SPLINE_CURVE_WITH_KNOTS ( 'NONE', 3,
 ( #4559, #6685, #6084, #3861 ),
 .UNSPECIFIED., .F., .F.,
 ( 4, 4 ),
 ( -5.999999149514520770E-08, 0.001051938527187261819 ),
 .UNSPECIFIED. ) ;
#1834 = ORIENTED_EDGE ( 'NONE', *, *, #3387, .F. ) ;
#1835 = CARTESIAN_POINT ( 'NONE',  ( -0.002303831231398793897, 0.01105647429362885750, 0.0004782984229311787873 ) ) ;
#1836 = CARTESIAN_POINT ( 'NONE',  ( -0.004261479935670713960, 0.001751227275959140036, -0.004636223576611901535 ) ) ;
#1837 = CIRCLE ( 'NONE', #5754, 0.003047999999999999928 ) ;
#1838 = CARTESIAN_POINT ( 'NONE',  ( 0.002931072454018328419, 0.01124563051666461859, 0.001536675533537400608 ) ) ;
#1839 = CARTESIAN_POINT ( 'NONE',  ( -0.002342384968112365753, 0.01001524453752899481, -0.001014648693506298117 ) ) ;
#1840 = CARTESIAN_POINT ( 'NONE',  ( 0.002831750287734285249, 0.009643949996535710473, -0.0008751994912726550509 ) ) ;
#1841 = CARTESIAN_POINT ( 'NONE',  ( 0.003015785606232799197, 0.01066763919607622083, -0.001804666982150190946 ) ) ;
#1842 = ORIENTED_EDGE ( 'NONE', *, *, #6672, .F. ) ;
#1843 = CARTESIAN_POINT ( 'NONE',  ( 0.004047544919454516138, 0.001596433714299854909, 0.004822843306385123270 ) ) ;
#1844 = CARTESIAN_POINT ( 'NONE',  ( 0.07408316293379772766, 0.01032527118852973394, -0.003238127939395905180 ) ) ;
#1845 = CARTESIAN_POINT ( 'NONE',  ( -0.003516497518452245917, 0.009648065745623778805, 0.001548352208332865083 ) ) ;
#1846 = STYLED_ITEM ( 'NONE', ( #1903 ), #555 ) ;
#1847 = CARTESIAN_POINT ( 'NONE',  ( 0.003273576272827590210, 0.009167632441906442206, 0.0002236264006299496150 ) ) ;
#1848 = ORIENTED_EDGE ( 'NONE', *, *, #1758, .F. ) ;
#1849 = CARTESIAN_POINT ( 'NONE',  ( -0.05048175232413469604, -0.001498485931086144954, -0.02093825059649167750 ) ) ;
#1850 = VECTOR ( 'NONE', #133, 1.000000000000000000 ) ;
#1851 = ADVANCED_FACE ( 'NONE', ( #4721 ), #3100, .F. ) ;
#1852 = CARTESIAN_POINT ( 'NONE',  ( -0.1063934993607520002, 0.009664306563490541666, -0.0002486544939696250320 ) ) ;
#1853 = CARTESIAN_POINT ( 'NONE',  ( 0.002289698477474709677, 0.01097662415865424505, 0.0006046090378107523431 ) ) ;
#1854 = FACE_OUTER_BOUND ( 'NONE', #4035, .T. ) ;
#1855 = APPLICATION_CONTEXT ( 'automotive_design' ) ;
#1856 = CARTESIAN_POINT ( 'NONE',  ( -0.002358099515829447518, 0.01040039118401030888, -0.0009872942501146231287 ) ) ;
#1857 = CARTESIAN_POINT ( 'NONE',  ( -0.1296057741995342294, 0.006267687400488529577, -0.008253535841931849970 ) ) ;
#1858 = CARTESIAN_POINT ( 'NONE',  ( -0.004050872798929809095, 0.008916291661684564579, 6.034618988865796572E-12 ) ) ;
#1859 = CARTESIAN_POINT ( 'NONE',  ( 0.002960459910740765709, 0.01154620854587126710, 0.001206651201017871176 ) ) ;
#1860 = SURFACE_STYLE_FILL_AREA ( #3036 ) ;
#1861 = CARTESIAN_POINT ( 'NONE',  ( -0.004612197580901616044, 0.007747506313075286540, 0.004305484545189557609 ) ) ;
#1862 = VERTEX_POINT ( 'NONE', #5199 ) ;
#1863 = CARTESIAN_POINT ( 'NONE',  ( -0.003061461253750153398, 0.01189538552720019633, 5.139087042563522233E-05 ) ) ;
#1864 = CARTESIAN_POINT ( 'NONE',  ( 0.002402686964321732073, 0.01029183075196065528, -0.001007546389526458837 ) ) ;
#1865 = CARTESIAN_POINT ( 'NONE',  ( -1.071991814155956250E-17, 0.001397000000000004141, 0.000000000000000000 ) ) ;
#1866 = CARTESIAN_POINT ( 'NONE',  ( 0.02535073221717538960, 0.008621675709034229418, -0.004077219656565686350 ) ) ;
#1867 = DIRECTION ( 'NONE',  ( -0.000000000000000000, 1.000000000000000000, -0.000000000000000000 ) ) ;
#1868 = CARTESIAN_POINT ( 'NONE',  ( 0.1299999999999998657, 0.0007819545719724310760, 0.01823623011988836570 ) ) ;
#1869 = CARTESIAN_POINT ( 'NONE',  ( 6.757784734714966680E-19, 0.002044699999999995219, 0.005003800000000000088 ) ) ;
#1870 = EDGE_LOOP ( 'NONE', ( #4062, #5919, #4055, #6045, #57, #2134, #4748 ) ) ;
#1871 = CARTESIAN_POINT ( 'NONE',  ( 0.004705720962741811661, 0.008031864869413830529, -0.004263647525395698919 ) ) ;
#1872 = CARTESIAN_POINT ( 'NONE',  ( -0.003575247804696484073, 0.001317390788158083817, -0.005178738450752774954 ) ) ;
#1873 = CARTESIAN_POINT ( 'NONE',  ( 0.003049522187725177240, 0.01186433547480997795, 0.0003844226074130085492 ) ) ;
#1874 = CARTESIAN_POINT ( 'NONE',  ( -0.003142679679265038099, 0.009300459297902293615, -0.0005417063608978237585 ) ) ;
#1875 = CARTESIAN_POINT ( 'NONE',  ( 0.002882294227539593159, 0.009584497655232259924, -0.0008373263590272969322 ) ) ;
#1876 = CARTESIAN_POINT ( 'NONE',  ( 0.003941295174106101973, 0.009056020037180447652, -0.0007540037283005738720 ) ) ;
#1877 = ORIENTED_EDGE ( 'NONE', *, *, #978, .F. ) ;
#1878 = CARTESIAN_POINT ( 'NONE',  ( 0.005161283757766271622, 0.002628820508640420175, 0.003626872362785331892 ) ) ;
#1879 = CARTESIAN_POINT ( 'NONE',  ( 0.003235707610063497542, 0.01012773267066146426, -0.001780784909908754779 ) ) ;
#1880 = CARTESIAN_POINT ( 'NONE',  ( 0.09044487610721796411, 0.01025424327357406587, -0.002600763553801276832 ) ) ;
#1881 = CARTESIAN_POINT ( 'NONE',  ( -0.003364204509163198561, 0.009893814050902843479, 0.001695038307418603651 ) ) ;
#1882 = ORIENTED_EDGE ( 'NONE', *, *, #3741, .T. ) ;
#1883 = FACE_OUTER_BOUND ( 'NONE', #2643, .T. ) ;
#1884 = CARTESIAN_POINT ( 'NONE',  ( 0.002284913582704437181, 0.01093802078084117960, 0.0006536346421965395954 ) ) ;
#1885 = CARTESIAN_POINT ( 'NONE',  ( -0.1302529394724392386, 0.005702267391240350460, -0.008650863227538196573 ) ) ;
#1886 = EDGE_CURVE ( 'NONE', #1933, #4158, #2274, .T. ) ;
#1887 = DIRECTION ( 'NONE',  ( 1.000000000000000000, -0.000000000000000000, -0.000000000000000000 ) ) ;
#1888 = DIRECTION ( 'NONE',  ( 0.000000000000000000, 0.000000000000000000, 1.000000000000000000 ) ) ;
#1889 = EDGE_CURVE ( 'NONE', #3073, #4827, #80, .T. ) ;
#1890 = CARTESIAN_POINT ( 'NONE',  ( -0.002289471261360871267, 0.01066910753803042983, -0.0008794107713018871168 ) ) ;
#1891 = CARTESIAN_POINT ( 'NONE',  ( -0.003872672137664107724, 0.009145650402728175421, -0.0009511032290580027264 ) ) ;
#1892 = CARTESIAN_POINT ( 'NONE',  ( 0.003741289401293045307, 0.009322678181067682590, 0.001227979522388006253 ) ) ;
#1893 = CARTESIAN_POINT ( 'NONE',  ( -0.1059589541688735204, 0.009491339175421095731, -0.0001530984249908365531 ) ) ;
#1894 = DIRECTION ( 'NONE',  ( 0.000000000000000000, 0.000000000000000000, 1.000000000000000000 ) ) ;
#1895 = CARTESIAN_POINT ( 'NONE',  ( -1.387778780781445676E-17, 0.001650999999999979090, 0.000000000000000000 ) ) ;
#1896 = ORIENTED_EDGE ( 'NONE', *, *, #3491, .T. ) ;
#1897 =( NAMED_UNIT ( * ) SI_UNIT ( $, .STERADIAN. ) SOLID_ANGLE_UNIT ( ) );
#1898 = CARTESIAN_POINT ( 'NONE',  ( -0.003006369072519768457, 0.01173622642550725854, -0.0008485822253147584562 ) ) ;
#1899 = AXIS2_PLACEMENT_3D ( 'NONE', #6205, #5179, #456 ) ;
#1900 = CARTESIAN_POINT ( 'NONE',  ( 0.002312038967899692887, 0.01109231967837226614, -0.0004041523174360616105 ) ) ;
#1901 = DIRECTION ( 'NONE',  ( 0.000000000000000000, 0.000000000000000000, 1.000000000000000000 ) ) ;
#1902 = CARTESIAN_POINT ( 'NONE',  ( 0.04969749948574531812, 0.01001601949251794410, -0.003873248325222169650 ) ) ;
#1903 = PRESENTATION_STYLE_ASSIGNMENT (( #3539 ) ) ;
#1904 = CARTESIAN_POINT ( 'NONE',  ( 0.1302777885314798101, 0.005326090887739899291, 0.009751540560152810802 ) ) ;
#1905 = AXIS2_PLACEMENT_3D ( 'NONE', #1895, #5647, #4611 ) ;
#1906 = CARTESIAN_POINT ( 'NONE',  ( -0.002940589461639418062, 0.01145107430114691328, 0.001348842911251591815 ) ) ;
#1907 = ORIENTED_EDGE ( 'NONE', *, *, #1926, .F. ) ;
#1908 = DIRECTION ( 'NONE',  ( 0.000000000000000000, 0.000000000000000000, 1.000000000000000000 ) ) ;
#1909 = CARTESIAN_POINT ( 'NONE',  ( -0.005088532082464151604, 0.002699990240642806665, -0.003638371759381859097 ) ) ;
#1910 = EDGE_CURVE ( 'NONE', #4086, #6516, #4105, .T. ) ;
#1911 = CARTESIAN_POINT ( 'NONE',  ( 0.002972412079418871450, 0.01083950841994542509, -0.001761212315299901920 ) ) ;
#1912 = CARTESIAN_POINT ( 'NONE',  ( 0.003950473813488732458, 0.009044065402116789956, -0.0007294707185769523563 ) ) ;
#1913 = CARTESIAN_POINT ( 'NONE',  ( 0.003933138384148457053, 0.009066579172317075497, -0.0007805844139566642682 ) ) ;
#1914 = VERTEX_POINT ( 'NONE', #4130 ) ;
#1915 = CARTESIAN_POINT ( 'NONE',  ( 0.000000000000000000, 0.006985000000000001624, 0.000000000000000000 ) ) ;
#1916 = CARTESIAN_POINT ( 'NONE',  ( 0.003609374649228894866, 0.009509389203591765011, -0.001433322402467714215 ) ) ;
#1917 = CARTESIAN_POINT ( 'NONE',  ( -0.002931945553696786808, 0.01127461209679984054, 0.001511551364526611237 ) ) ;
#1918 = CARTESIAN_POINT ( 'NONE',  ( -0.02292398139508834351, 0.003626584589718851847, -0.002965428689144291533 ) ) ;
#1919 = CARTESIAN_POINT ( 'NONE',  ( -0.09771270277881008437, 0.008655615090118171789, -0.007049828145235243274 ) ) ;
#1920 = CARTESIAN_POINT ( 'NONE',  ( 0.002299931763505448819, 0.01103748117613487928, -0.0005124252614094464446 ) ) ;
#1921 = CARTESIAN_POINT ( 'NONE',  ( -0.1290953192307836284, 0.006331593322680991245, -0.007692694050320396208 ) ) ;
#1922 = CARTESIAN_POINT ( 'NONE',  ( 0.002284725969178784573, 0.01069472737926424263, 0.0008669818386928142663 ) ) ;
#1923 = CARTESIAN_POINT ( 'NONE',  ( 0.1266851613271331445, 0.007330430901219938712, 0.006014159208707934440 ) ) ;
#1924 = ADVANCED_FACE ( 'NONE', ( #2524 ), #6783, .F. ) ;
#1925 = CARTESIAN_POINT ( 'NONE',  ( -0.002335831660734580349, 0.01117656070799431453, -6.973884890923477968E-06 ) ) ;
#1926 = EDGE_CURVE ( 'NONE', #2103, #2437, #400, .T. ) ;
#1927 = B_SPLINE_CURVE_WITH_KNOTS ( 'NONE', 3,
 ( #6886, #5272, #1698, #5343, #2692, #5, #3859, #3300, #6435, #622, #2769, #5380, #3783, #78, #583, #5940, #1145, #1007, #6137, #4609, #5680, #3461, #1310, #2361, #855, #1407, #1930, #358, #251, #1340, #4575, #1438, #2505, #6702, #1893, #783, #2399, #4082, #3496, #4643, #5577, #4052, #2926, #6736, #2964, #5612, #3592, #818, #4511, #6241, #6767, #2470, #5078, #3001, #1963, #4545, #889, #923, #6207, #283 ),
 .UNSPECIFIED., .F., .F.,
 ( 4, 2, 2, 2, 2, 2, 2, 2, 2, 2, 2, 2, 2, 2, 2, 2, 2, 2, 2, 2, 2, 2, 2, 2, 2, 2, 2, 2, 2, 4 ),
 ( 0.0001042750394380355741, 0.004121650207024424653, 0.008139025374610813976, 0.01215640054219720503, 0.01617377570978359436, 0.02019115087736998368, 0.02420852604495637647, 0.02822590121254277620, 0.03224327638012917246, 0.04027802671530195111, 0.04429540188288834390, 0.04831277705047473670, 0.05634752738564751534, 0.06438227772082030786, 0.08045177839116590679, 0.08848652872633869237, 0.09652127906151147796, 0.1045560293966842497, 0.1125907797318570353, 0.1166081548994434142, 0.1206255300670298070, 0.1226342176508229964, 0.1246429052346161720, 0.1256472490265126973, 0.1266515928184092643, 0.1271537647143575478, 0.1276559366103058035, 0.1281581085062540870, 0.1284091944542282149, 0.1286602804022023427 ),
 .UNSPECIFIED. ) ;
#1928 = CARTESIAN_POINT ( 'NONE',  ( -0.02538080654819879073, 0.008218906618826848920, 0.003000757860932681213 ) ) ;
#1929 = CARTESIAN_POINT ( 'NONE',  ( 0.003786576161737313043, 0.009260756426154193727, 0.001143120066158731345 ) ) ;
#1930 = CARTESIAN_POINT ( 'NONE',  ( -0.06605415328372618577, 0.01026487559987339718, 0.003618220312797871489 ) ) ;
#1931 = CARTESIAN_POINT ( 'NONE',  ( -0.004547887111742773478, 0.007893005072868159236, 0.004340509759818820049 ) ) ;
#1932 = CARTESIAN_POINT ( 'NONE',  ( -0.003204156531675250372, 0.009237426003677568637, -0.0004259046180262648289 ) ) ;
#1933 = VERTEX_POINT ( 'NONE', #6288 ) ;
#1934 =( LENGTH_UNIT ( ) NAMED_UNIT ( * ) SI_UNIT ( $, .METRE. ) );
#1935 = CARTESIAN_POINT ( 'NONE',  ( -0.003119939789320748478, 0.01037546651940603193, -0.001821734198160926453 ) ) ;
#1936 = CARTESIAN_POINT ( 'NONE',  ( 0.002296573956489997119, 0.01101960177122544501, -0.0005418834381610402760 ) ) ;
#1937 = CARTESIAN_POINT ( 'NONE',  ( 0.04294685297504750865, 0.009435601607315050737, -0.003716055358463085396 ) ) ;
#1938 = DIRECTION ( 'NONE',  ( 9.484135310589723205E-16, 1.000000000000000000, -0.000000000000000000 ) ) ;
#1939 = CARTESIAN_POINT ( 'NONE',  ( 0.1303299249952912520, 0.005264583078867381138, 0.009921043818109901921 ) ) ;
#1940 = ORIENTED_EDGE ( 'NONE', *, *, #4838, .T. ) ;
#1941 = CARTESIAN_POINT ( 'NONE',  ( -0.002316447021565659972, 0.01110969781786314350, -0.0003611146179589261622 ) ) ;
#1942 = CARTESIAN_POINT ( 'NONE',  ( -0.004204505721482800461, 0.001821668608563328882, -0.004632335081807249788 ) ) ;
#1943 = CARTESIAN_POINT ( 'NONE',  ( 0.003432378053966715463, 0.009780602692841372167, -0.001635162874588154186 ) ) ;
#1944 = CARTESIAN_POINT ( 'NONE',  ( -0.004356614029362559232, 0.001696218491628189102, -0.004677599469288851002 ) ) ;
#1945 = DIRECTION ( 'NONE',  ( 0.000000000000000000, -1.000000000000000000, 0.000000000000000000 ) ) ;
#1946 = CARTESIAN_POINT ( 'NONE',  ( -0.003597906215379685115, 0.001693388050948602640, 0.0002539999999999998856 ) ) ;
#1947 = CARTESIAN_POINT ( 'NONE',  ( 0.005127519220442996843, 0.007929532352984654947, -0.003772616121953198311 ) ) ;
#1948 = CARTESIAN_POINT ( 'NONE',  ( 0.003096256849149381808, 0.009348901923179086734, 0.0006120764809180551883 ) ) ;
#1949 = CARTESIAN_POINT ( 'NONE',  ( -0.002281009219965640395, 0.01075274888774791979, 0.0008253502514620741221 ) ) ;
#1950 = CARTESIAN_POINT ( 'NONE',  ( -0.003910147532885634158, 0.009096439165035559438, -0.0008518174184517712192 ) ) ;
#1951 = CARTESIAN_POINT ( 'NONE',  ( -0.01760140311889675166, 0.008151381810670958392, 0.003997515822972536569 ) ) ;
#1952 = CARTESIAN_POINT ( 'NONE',  ( 0.002282080741152333215, 0.01073382425081880615, -0.0008391482403004594994 ) ) ;
#1953 = VECTOR ( 'NONE', #6920, 1.000000000000000000 ) ;
#1954 = VERTEX_POINT ( 'NONE', #1484 ) ;
#1955 = CARTESIAN_POINT ( 'NONE',  ( -0.002611589237301999329, 0.009930179303343611430, 0.0009901629249196861396 ) ) ;
#1956 = CARTESIAN_POINT ( 'NONE',  ( -0.1296160019472707703, 0.006035900200579788315, -0.008306087787811056167 ) ) ;
#1957 = CARTESIAN_POINT ( 'NONE',  ( 0.002280689369743764926, 0.01089029096203413850, 0.0007073356815012936741 ) ) ;
#1958 = VERTEX_POINT ( 'NONE', #2114 ) ;
#1959 = CARTESIAN_POINT ( 'NONE',  ( 0.1261014774872263322, 0.007467672069503038593, 0.005707918042213873215 ) ) ;
#1960 = AXIS2_PLACEMENT_3D ( 'NONE', #3084, #4692, #6814 ) ;
#1961 = CARTESIAN_POINT ( 'NONE',  ( 0.004539646935707633384, 0.007664177277844428336, -0.004296116653424177610 ) ) ;
#1962 = CARTESIAN_POINT ( 'NONE',  ( 0.003596086380520016178, 0.009528977834569598432, 0.001450465852538120135 ) ) ;
#1963 = CARTESIAN_POINT ( 'NONE',  ( -0.1298112955855620365, 0.005870566048075746314, -0.008657907503672526706 ) ) ;
#1964 = CARTESIAN_POINT ( 'NONE',  ( 0.004257833033385042924, 0.001863566417934138129, 0.004583193272565858935 ) ) ;
#1965 = CARTESIAN_POINT ( 'NONE',  ( 0.000000000000000000, 0.01000000000000000021, 0.006150000000000000085 ) ) ;
#1966 = ORIENTED_EDGE ( 'NONE', *, *, #2323, .T. ) ;
#1967 = CARTESIAN_POINT ( 'NONE',  ( -0.002960652799300908262, 0.01090024968116606006, -0.001739162641908065373 ) ) ;
#1968 = CARTESIAN_POINT ( 'NONE',  ( 0.002395334538336317629, 0.01030829705758119427, -0.001005258516288010801 ) ) ;
#1969 = CARTESIAN_POINT ( 'NONE',  ( 0.03484679726300961983, 0.008804548728298394397, -0.003335746316634201174 ) ) ;
#1970 = CARTESIAN_POINT ( 'NONE',  ( -0.003880428775548476570, 0.009135371299819255997, 0.0009323475932260150058 ) ) ;
#1971 = ADVANCED_FACE ( 'NONE', ( #2224 ), #5121, .F. ) ;
#1972 = DIRECTION ( 'NONE',  ( 0.000000000000000000, 0.000000000000000000, -1.000000000000000000 ) ) ;
#1973 = CARTESIAN_POINT ( 'NONE',  ( 0.1300290175395047154, 0.005573207433326311626, 0.009350698459857503808 ) ) ;
#1974 = EDGE_CURVE ( 'NONE', #40, #5302, #2015, .T. ) ;
#1975 = CARTESIAN_POINT ( 'NONE',  ( -0.003034319422627610157, 0.01060698602007464214, 0.001814023869742548492 ) ) ;
#1976 = ORIENTED_EDGE ( 'NONE', *, *, #1055, .T. ) ;
#1977 = CARTESIAN_POINT ( 'NONE',  ( -0.002325616430551205767, 0.01114305302139355532, 0.0002577140176331453028 ) ) ;
#1978 = FILL_AREA_STYLE ('',( #6254 ) ) ;
#1979 = CARTESIAN_POINT ( 'NONE',  ( 0.003584439525778824586, 0.009545936938645947084, -0.001466238856866944502 ) ) ;
#1980 = EDGE_CURVE ( 'NONE', #2059, #1707, #6883, .T. ) ;
#1981 = DIRECTION ( 'NONE',  ( 9.484135310589723205E-16, 1.000000000000000000, -0.000000000000000000 ) ) ;
#1982 = FACE_OUTER_BOUND ( 'NONE', #1792, .T. ) ;
#1983 = DIRECTION ( 'NONE',  ( -1.000000000000000000, 1.037410630505414223E-15, 0.000000000000000000 ) ) ;
#1984 = CARTESIAN_POINT ( 'NONE',  ( 0.003260231172205351260, 0.009180959395742207055, 0.0002720714305829622748 ) ) ;
#1985 = CARTESIAN_POINT ( 'NONE',  ( -0.002926719548893472276, 0.009533489039690595454, -0.0008004419134500502346 ) ) ;
#1986 = CARTESIAN_POINT ( 'NONE',  ( 0.002395737943609611235, 0.009640497300244270026, -0.0008830667711000592980 ) ) ;
#1987 = CARTESIAN_POINT ( 'NONE',  ( -0.05125957630526839504, 0.01008402385218875805, 0.003887376864955724778 ) ) ;
#1988 = CARTESIAN_POINT ( 'NONE',  ( 0.002326889699800529544, 0.01114739639015060318, 0.0002400170712445449613 ) ) ;
#1989 = CARTESIAN_POINT ( 'NONE',  ( -0.002974050722956659600, 0.009480645314546374408, 0.0007556339381741915663 ) ) ;
#1990 = CARTESIAN_POINT ( 'NONE',  ( -0.1298820799976717066, 0.005778877582691698683, -0.008875274725665923889 ) ) ;
#1991 = PLANE ( 'NONE',  #5941 ) ;
#1992 = ORIENTED_EDGE ( 'NONE', *, *, #437, .T. ) ;
#1993 = CYLINDRICAL_SURFACE ( 'NONE', #5711, 0.002449999999999999921 ) ;
#1994 = FACE_OUTER_BOUND ( 'NONE', #3288, .T. ) ;
#1995 = CARTESIAN_POINT ( 'NONE',  ( 0.003682445176985234530, 0.009404607500759854313, 0.001326866133071383453 ) ) ;
#1996 = CARTESIAN_POINT ( 'NONE',  ( -0.002468811874218818873, 0.01015999986950846465, 0.001015999683797368623 ) ) ;
#1997 = CARTESIAN_POINT ( 'NONE',  ( 7.387681815856407387E-19, 0.001015999999999999976, 0.006032499999999999668 ) ) ;
#1998 = CARTESIAN_POINT ( 'NONE',  ( 0.003954250593981114593, 0.000000000000000000, -0.0002540000000000002651 ) ) ;
#1999 = ORIENTED_EDGE ( 'NONE', *, *, #2795, .T. ) ;
#2000 = DIRECTION ( 'NONE',  ( -0.1017753242484120690, 3.712299276608680486E-16, 0.9948074101926112078 ) ) ;
#2001 = CARTESIAN_POINT ( 'NONE',  ( -0.002999170161164872901, 0.01072810435700627223, 0.001791896905950709053 ) ) ;
#2002 = CARTESIAN_POINT ( 'NONE',  ( 0.002315369661089306409, 0.01110559388345381225, -0.0003720336488824173282 ) ) ;
#2003 = CARTESIAN_POINT ( 'NONE',  ( -0.006136377920378385635, 0.003941403588133204038, -0.001727305457588864529 ) ) ;
#2004 = CARTESIAN_POINT ( 'NONE',  ( 0.1132709726663809341, 0.0006486805838273644945, 0.02138733699392685733 ) ) ;
#2005 = EDGE_CURVE ( 'NONE', #5659, #2967, #5653, .T. ) ;
#2006 = ORIENTED_EDGE ( 'NONE', *, *, #433, .F. ) ;
#2007 = AXIS2_PLACEMENT_3D ( 'NONE', #5011, #5571, #775 ) ;
#2008 = CARTESIAN_POINT ( 'NONE',  ( -0.004847374140275331061, 0.008055342279008953152, 0.003958373621020121885 ) ) ;
#2009 = CARTESIAN_POINT ( 'NONE',  ( 0.003014826003595572155, 0.01067158304128994206, -0.001803604714376345940 ) ) ;
#2010 = CARTESIAN_POINT ( 'NONE',  ( 0.0002540000000000000482, 0.005588000000000000085, -0.0002540000000000000482 ) ) ;
#2011 = EDGE_CURVE ( 'NONE', #4596, #5403, #2100, .T. ) ;
#2012 = CARTESIAN_POINT ( 'NONE',  ( 0.003964524861216826672, 0.009026038392584485870, -0.0006734956322367849271 ) ) ;
#2013 = CIRCLE ( 'NONE', #3820, 0.003962399999999999603 ) ;
#2014 = DIRECTION ( 'NONE',  ( 0.000000000000000000, 1.000000000000000000, 0.000000000000000000 ) ) ;
#2015 = B_SPLINE_CURVE_WITH_KNOTS ( 'NONE', 3,
 ( #6911, #1649, #504, #4262 ),
 .UNSPECIFIED., .F., .F.,
 ( 4, 4 ),
 ( 0.0002333964204212974117, 0.0008528778389928295695 ),
 .UNSPECIFIED. ) ;
#2016 = CARTESIAN_POINT ( 'NONE',  ( 0.003067825428615370345, 0.009378979629008306340, 0.0006500175992022135842 ) ) ;
#2017 = CARTESIAN_POINT ( 'NONE',  ( -0.002279595665322030253, 0.01078045839948021598, 0.0008047270713102455588 ) ) ;
#2018 = CARTESIAN_POINT ( 'NONE',  ( -0.004024970458256898684, 0.008948979342460141109, 0.0003719263761566563497 ) ) ;
#2019 = CARTESIAN_POINT ( 'NONE',  ( -0.05055027864255636633, 0.01080025501745753361, -0.002018687111016967666 ) ) ;
#2020 = TOROIDAL_SURFACE ( 'NONE', #1905, -0.02279801190476181752, 0.02781451190476182805 ) ;
#2021 = CARTESIAN_POINT ( 'NONE',  ( -0.1187006501418227250, 0.008646366429278564900, -0.002938669170366113668 ) ) ;
#2022 = CARTESIAN_POINT ( 'NONE',  ( 0.002311870810098185739, 0.01055163439750913222, -0.0009376421062632329462 ) ) ;
#2023 = CARTESIAN_POINT ( 'NONE',  ( -0.002290028934948476220, 0.01066514813555990808, 0.0008816948468796001167 ) ) ;
#2024 = CARTESIAN_POINT ( 'NONE',  ( -0.1278257778225696528, 0.006810437460228362279, -0.006680618592153990919 ) ) ;
#2025 = CIRCLE ( 'NONE', #915, 0.001427271232876712410 ) ;
#2026 = CARTESIAN_POINT ( 'NONE',  ( -0.003359270673714205655, 0.009902261951195458212, -0.001698994498597018602 ) ) ;
#2027 = VERTEX_POINT ( 'NONE', #3399 ) ;
#2028 = AXIS2_PLACEMENT_3D ( 'NONE', #1304, #245, #277 ) ;
#2029 = LINE ( 'NONE', #5804, #2701 ) ;
#2030 = CARTESIAN_POINT ( 'NONE',  ( 0.004074865919910013179, 0.004043452574872088631, 0.001857588484872058597 ) ) ;
#2031 = DIRECTION ( 'NONE',  ( 0.000000000000000000, 0.000000000000000000, -1.000000000000000000 ) ) ;
#2032 = CARTESIAN_POINT ( 'NONE',  ( 0.003035442321778536283, 0.01182562107281699866, 0.0005721557211209582754 ) ) ;
#2033 = CARTESIAN_POINT ( 'NONE',  ( 0.0002540000000000000482, 0.0007034714342214826643, -0.001445268041901130989 ) ) ;
#2034 = CARTESIAN_POINT ( 'NONE',  ( -0.005700125810060360267, 0.006836358460469374280, 0.002578972295451366619 ) ) ;
#2035 = ORIENTED_EDGE ( 'NONE', *, *, #6372, .F. ) ;
#2036 = APPLICATION_PROTOCOL_DEFINITION ( 'draft international standard', 'automotive_design', 1998, #1855 ) ;
#2037 = CARTESIAN_POINT ( 'NONE',  ( -0.003153673557064123195, 0.01029781736579693865, 0.001814481734520973942 ) ) ;
#2038 = CARTESIAN_POINT ( 'NONE',  ( 0.002825514472010093661, 0.009651219544012547627, -0.0008799706655941367649 ) ) ;
#2039 = CARTESIAN_POINT ( 'NONE',  ( -0.005648250718555812566, 0.002933168833841014785, -0.003006515832039125501 ) ) ;
#2040 = CARTESIAN_POINT ( 'NONE',  ( 0.02297305825785924890, -6.618838861039471537E-05, 0.006358794152084697344 ) ) ;
#2041 = VERTEX_POINT ( 'NONE', #2794 ) ;
#2042 = CARTESIAN_POINT ( 'NONE',  ( -0.006185141756784372051, 0.005152516158725230222, -0.0009302647908473421316 ) ) ;
#2043 = CARTESIAN_POINT ( 'NONE',  ( 0.003296961072639812296, 0.009144451184526201232, -3.482792626121308571E-05 ) ) ;
#2044 = CARTESIAN_POINT ( 'NONE',  ( 0.003241398377801033882, 0.003386741698954053026, 0.0002539999999999999398 ) ) ;
#2045 = ORIENTED_EDGE ( 'NONE', *, *, #5485, .F. ) ;
#2046 = CARTESIAN_POINT ( 'NONE',  ( 0.1275508874564762751, 0.006892859496001028756, 0.006502199618440538537 ) ) ;
#2047 = CARTESIAN_POINT ( 'NONE',  ( 0.003123282727022970700, 0.009320598770671409752, 0.0005726476016877314525 ) ) ;
#2048 = CARTESIAN_POINT ( 'NONE',  ( -0.002322719043755192177, 0.01050987456965391670, 0.0009540078987602693215 ) ) ;
#2049 = CARTESIAN_POINT ( 'NONE',  ( -0.002860522849845315539, 0.009609856219277896142, -0.0008543066276550484754 ) ) ;
#2050 = CARTESIAN_POINT ( 'NONE',  ( -0.02287490453231740342, 0.007380753439362286450, 0.0003950528631172886985 ) ) ;
#2051 = EDGE_CURVE ( 'NONE', #1638, #2710, #4983, .T. ) ;
#2052 = CARTESIAN_POINT ( 'NONE',  ( 0.006159055969147017931, 0.006976905059187544014, -0.001605209331620910873 ) ) ;
#2053 = CARTESIAN_POINT ( 'NONE',  ( -1.204485184444895089E-17, 0.01046305122213599982, -0.002032000000000005156 ) ) ;
#2054 = CARTESIAN_POINT ( 'NONE',  ( 0.002286162550278584855, 0.01094932465655906219, -0.0006399401884008604257 ) ) ;
#2055 = CARTESIAN_POINT ( 'NONE',  ( -0.002292288259890787674, 0.01064997554467968580, 0.0008902143090166865459 ) ) ;
#2056 = CARTESIAN_POINT ( 'NONE',  ( -0.1299962451692943943, 0.005617505195494988321, -0.009254833201558607114 ) ) ;
#2057 = CARTESIAN_POINT ( 'NONE',  ( -0.003853344299770996521, 0.009171146603358756866, -0.0009998916379108588326 ) ) ;
#2058 = CIRCLE ( 'NONE', #2412, 0.003809999999999999585 ) ;
#2059 = VERTEX_POINT ( 'NONE', #6532 ) ;
#2060 = CARTESIAN_POINT ( 'NONE',  ( -0.001447224898745791974, 0.0004689809571372345674, -0.0002540000000000002651 ) ) ;
#2061 = CIRCLE ( 'NONE', #2974, 0.002737011426054730689 ) ;
#2062 = EDGE_CURVE ( 'NONE', #5387, #5201, #1096, .T. ) ;
#2063 = CARTESIAN_POINT ( 'NONE',  ( -0.005093003311351601212, 0.007743716321358353437, 0.004256940940149821564 ) ) ;
#2064 = CARTESIAN_POINT ( 'NONE',  ( 0.002976600710094470456, 0.01162380318043007392, -0.001082333451169433837 ) ) ;
#2065 = DIRECTION ( 'NONE',  ( 0.000000000000000000, 0.000000000000000000, 1.000000000000000000 ) ) ;
#2066 = CARTESIAN_POINT ( 'NONE',  ( -0.004573808175515003092, 0.007649285579366761623, 0.004259434090767471107 ) ) ;
#2067 = AXIS2_PLACEMENT_3D ( 'NONE', #6281, #1416, #863 ) ;
#2068 = ITEM_DEFINED_TRANSFORMATION ( 'NONE', 'NONE', #5156,  #3950 ) ;
#2069 = CARTESIAN_POINT ( 'NONE',  ( -0.003376848471845883548, 0.009872351103409265222, 0.001684665011216193026 ) ) ;
#2070 = CARTESIAN_POINT ( 'NONE',  ( -0.005905944896323932387, 0.006768921148803319285, 0.002297054484050554176 ) ) ;
#2071 = DIRECTION ( 'NONE',  ( 0.000000000000000000, 0.000000000000000000, 1.000000000000000000 ) ) ;
#2072 = CARTESIAN_POINT ( 'NONE',  ( 0.005519122122380737058, 0.007695702975312202973, -0.002947492932617909889 ) ) ;
#2073 = CARTESIAN_POINT ( 'NONE',  ( 0.1299999999999998102, 0.008306382705677337053, 0.003074156660428389257 ) ) ;
#2074 = ORIENTED_EDGE ( 'NONE', *, *, #2235, .T. ) ;
#2075 = APPLICATION_CONTEXT ( 'automotive_design' ) ;
#2076 = CARTESIAN_POINT ( 'NONE',  ( -0.006049369316858620692, 0.004464068374055499104, -0.001590867629812465784 ) ) ;
#2077 = CARTESIAN_POINT ( 'NONE',  ( 0.003285568532467321098, 0.009155736355543678956, -0.0001549591848021190064 ) ) ;
#2078 = CARTESIAN_POINT ( 'NONE',  ( 0.09771270277881002886, 0.008655615090118171789, 0.007049828145235925887 ) ) ;
#2079 = EDGE_CURVE ( 'NONE', #4803, #5293, #2369, .T. ) ;
#2080 = CARTESIAN_POINT ( 'NONE',  ( -0.04618643467053173274, 0.008446402498957863297, -0.001480331404953286927 ) ) ;
#2081 = DIRECTION ( 'NONE',  ( -0.000000000000000000, -1.000000000000000000, -0.000000000000000000 ) ) ;
#2082 = CARTESIAN_POINT ( 'NONE',  ( 0.1261327932704025268, 0.007456981440931635501, 0.005730856328919571585 ) ) ;
#2083 = CARTESIAN_POINT ( 'NONE',  ( 0.002410881416328584156, 0.01027398422916417711, 0.001009722439853594960 ) ) ;
#2084 = CARTESIAN_POINT ( 'NONE',  ( -0.004050588271479159397, 0.008916649675692021881, -4.933943487111433479E-05 ) ) ;
#2085 = B_SPLINE_CURVE_WITH_KNOTS ( 'NONE', 3,
 ( #3091, #5208, #5770, #4734 ),
 .UNSPECIFIED., .F., .F.,
 ( 4, 4 ),
 ( 0.005486497244110623978, 0.01067792281924099737 ),
 .UNSPECIFIED. ) ;
#2086 = CARTESIAN_POINT ( 'NONE',  ( 0.000000000000000000, 0.006985000000000000757, -0.001415789041095890559 ) ) ;
#2087 = CARTESIAN_POINT ( 'NONE',  ( 0.005794033441348565849, 0.007560434722445843157, -0.002647151052385325609 ) ) ;
#2088 = CARTESIAN_POINT ( 'NONE',  ( -0.003598380942144685599, 0.001424826201695150295, -0.005118250635528631860 ) ) ;
#2089 = CARTESIAN_POINT ( 'NONE',  ( -0.02733528151663390179, 0.008360819809663215182, 0.003019083333256174055 ) ) ;
#2090 = CARTESIAN_POINT ( 'NONE',  ( 0.002553711557161050544, 0.01001722587610523810, -0.001006044910075651984 ) ) ;
#2091 = CARTESIAN_POINT ( 'NONE',  ( -0.002281991673644560847, 0.01073861748825456590, 0.0008353191401582092061 ) ) ;
#2092 = CARTESIAN_POINT ( 'NONE',  ( 0.000000000000000000, -0.001498506304391716837, 0.002449999999999999921 ) ) ;
#2093 = CARTESIAN_POINT ( 'NONE',  ( -0.003586925800568853320, 0.009542457545342445530, -0.001462456907333217456 ) ) ;
#2094 = VERTEX_POINT ( 'NONE', #1829 ) ;
#2095 = ADVANCED_FACE ( 'NONE', ( #6572, #5550 ), #754, .F. ) ;
#2096 = CARTESIAN_POINT ( 'NONE',  ( 0.003405662098901983230, 0.009823970630100162596, 0.001660274849624139700 ) ) ;
#2097 = CARTESIAN_POINT ( 'NONE',  ( -0.03877245761719624872, 0.009424345267517385619, 0.004409548101792349836 ) ) ;
#2098 = CARTESIAN_POINT ( 'NONE',  ( 0.002983389798523935696, 0.01165215941846946095, -0.001030534262619670419 ) ) ;
#2099 = CARTESIAN_POINT ( 'NONE',  ( 0.1299999999999998934, 0.004691362732167804819, 0.01270435550150038513 ) ) ;
#2100 = B_SPLINE_CURVE_WITH_KNOTS ( 'NONE', 3,
 ( #4482, #5443, #6642, #1246 ),
 .UNSPECIFIED., .F., .F.,
 ( 4, 4 ),
 ( 0.0002130875460711332593, 0.0002333882348401966687 ),
 .UNSPECIFIED. ) ;
#2101 = FACE_OUTER_BOUND ( 'NONE', #2389, .T. ) ;
#2102 = EDGE_CURVE ( 'NONE', #1321, #163, #6939, .T. ) ;
#2103 = VERTEX_POINT ( 'NONE', #6002 ) ;
#2104 = CONTEXT_DEPENDENT_SHAPE_REPRESENTATION ( #2950, #5506 ) ;
#2105 = CARTESIAN_POINT ( 'NONE',  ( -0.003629580813605165317, 0.009480210954738790829, 0.001404769707185429079 ) ) ;
#2106 = CARTESIAN_POINT ( 'NONE',  ( -0.005065991555442624777, 0.007558935928155277595, 0.003832382009481370179 ) ) ;
#2107 = CARTESIAN_POINT ( 'NONE',  ( -1.047902110467058392E-17, 0.001651000000000004894, 0.000000000000000000 ) ) ;
#2108 = CARTESIAN_POINT ( 'NONE',  ( -0.0002540000000000001024, 0.005588000000000000085, -0.005080000000000001181 ) ) ;
#2109 = CARTESIAN_POINT ( 'NONE',  ( 0.005983101305638095779, 0.007327944397028618613, -0.002188759085401753134 ) ) ;
#2110 = CARTESIAN_POINT ( 'NONE',  ( 0.04664984232644111412, -0.0005740548876334664605, 0.01780361097771133647 ) ) ;
#2111 = EDGE_LOOP ( 'NONE', ( #5955, #4536, #3507, #3720, #179, #5279 ) ) ;
#2112 = CARTESIAN_POINT ( 'NONE',  ( -0.1299999999999999767, 0.005770304579271971941, -0.008930440895060344844 ) ) ;
#2113 = CARTESIAN_POINT ( 'NONE',  ( 0.003276331498088660543, 0.009164912182868925616, 0.0002057954123874233268 ) ) ;
#2114 = CARTESIAN_POINT ( 'NONE',  ( 0.002884438135928730530, 0.005587999999999999218, -0.0002540000000000002109 ) ) ;
#2115 = CARTESIAN_POINT ( 'NONE',  ( 0.002544975975546211189, 0.0009356476218196024906, 0.005716850609499480283 ) ) ;
#2116 = CARTESIAN_POINT ( 'NONE',  ( 0.1195758578966946983, 0.008543280879119234325, 0.003192840709526959496 ) ) ;
#2117 = CARTESIAN_POINT ( 'NONE',  ( -0.003248498379813569321, 0.009192699694853530973, 0.0003112448480756925887 ) ) ;
#2118 = CARTESIAN_POINT ( 'NONE',  ( -0.002302700493167997731, 0.01059252679575940943, -0.0009194986682998705597 ) ) ;
#2119 = CARTESIAN_POINT ( 'NONE',  ( 0.002355176800340288892, 0.009882448935201617810, 0.0009861466933910945695 ) ) ;
#2120 = EDGE_CURVE ( 'NONE', #2141, #6947, #5188, .T. ) ;
#2121 = EDGE_LOOP ( 'NONE', ( #5811, #6366, #6187, #5185 ) ) ;
#2122 = CARTESIAN_POINT ( 'NONE',  ( -0.002099142954386489564, 0.0008896179994146639729, -0.005900213263722242467 ) ) ;
#2123 = CARTESIAN_POINT ( 'NONE',  ( -0.004372284118167138987, 0.001840613601359172369, -0.004530421845491843826 ) ) ;
#2124 = TOROIDAL_SURFACE ( 'NONE', #1345, -0.02279801190476181752, 0.02781451190476182805 ) ;
#2125 = CARTESIAN_POINT ( 'NONE',  ( 0.002825514472010093661, 0.009651219544012547627, -0.0008799706655941367649 ) ) ;
#2126 = EDGE_LOOP ( 'NONE', ( #6639, #397, #5717, #6336 ) ) ;
#2127 = CARTESIAN_POINT ( 'NONE',  ( -0.003225884606864657961, 0.009215436203017627476, 0.0003746146287327697878 ) ) ;
#2128 = FACE_OUTER_BOUND ( 'NONE', #5317, .T. ) ;
#2129 = CARTESIAN_POINT ( 'NONE',  ( -0.003058784123836495034, 0.01188854690091854620, 0.0001802867540580506346 ) ) ;
#2130 = CARTESIAN_POINT ( 'NONE',  ( 0.004497270330426441677, 0.007964327916900104665, -0.004340415435215524455 ) ) ;
#2131 = EDGE_LOOP ( 'NONE', ( #1999, #4428, #2035, #2350, #5378 ) ) ;
#2132 = DIRECTION ( 'NONE',  ( 0.000000000000000000, 0.000000000000000000, 1.000000000000000000 ) ) ;
#2133 = AXIS2_PLACEMENT_3D ( 'NONE', #2429, #849, #6798 ) ;
#2134 = ORIENTED_EDGE ( 'NONE', *, *, #2884, .F. ) ;
#2135 = CIRCLE ( 'NONE', #5922, 0.002449999999999999921 ) ;
#2136 = CARTESIAN_POINT ( 'NONE',  ( -0.04693685783114726756, 0.009861439526179826762, 0.004559218814543891836 ) ) ;
#2137 = CARTESIAN_POINT ( 'NONE',  ( 0.003014253084265035645, 0.01176199290631813055, -0.0007810395218170685869 ) ) ;
#2138 = DIRECTION ( 'NONE',  ( -0.000000000000000000, -1.000000000000000000, -0.000000000000000000 ) ) ;
#2139 = DIRECTION ( 'NONE',  ( 0.000000000000000000, -1.000000000000000000, 0.000000000000000000 ) ) ;
#2140 = EDGE_CURVE ( 'NONE', #2027, #2276, #856, .T. ) ;
#2141 = VERTEX_POINT ( 'NONE', #6037 ) ;
#2142 = AXIS2_PLACEMENT_3D ( 'NONE', #6379, #2000, #5749 ) ;
#2143 = DIRECTION ( 'NONE',  ( 0.000000000000000000, 0.000000000000000000, 1.000000000000000000 ) ) ;
#2144 = CARTESIAN_POINT ( 'NONE',  ( -0.003266161417297533398, 0.01006877901273041213, 0.001764359131792811539 ) ) ;
#2145 = CARTESIAN_POINT ( 'NONE',  ( -0.006172432274705859888, 0.005860820220423909252, 0.001016648922313185882 ) ) ;
#2146 = CARTESIAN_POINT ( 'NONE',  ( -0.004207103968099397753, 0.001718856176434893981, -0.004676920944818046058 ) ) ;
#2147 = CARTESIAN_POINT ( 'NONE',  ( 0.002323978452039379434, 0.01015999999999832142, -0.001016000000007534097 ) ) ;
#2148 = CARTESIAN_POINT ( 'NONE',  ( 0.001418087575392719532, 0.003959823862167014333, 0.0002539999999999998856 ) ) ;
#2149 = CARTESIAN_POINT ( 'NONE',  ( 0.05048707696088417657, -0.0005425209098756299210, 0.01946833671770561644 ) ) ;
#2150 = ORIENTED_EDGE ( 'NONE', *, *, #6589, .T. ) ;
#2151 = CARTESIAN_POINT ( 'NONE',  ( -0.005390916389234130107, 0.007903860101253106993, 0.003177725219365278714 ) ) ;
#2152 = CARTESIAN_POINT ( 'NONE',  ( 0.003228324449996007334, 0.009212975800058888914, 0.0003683568940342838013 ) ) ;
#2153 = CARTESIAN_POINT ( 'NONE',  ( 0.01751919680632349138, 0.003515337008628383053, 0.001851233438261315782 ) ) ;
#2154 = CARTESIAN_POINT ( 'NONE',  ( 0.003924661131660235093, 0.009077580268169993180, 0.0008071467643686975821 ) ) ;
#2155 = DIRECTION ( 'NONE',  ( 0.000000000000000000, 0.000000000000000000, 1.000000000000000000 ) ) ;
#2156 = CARTESIAN_POINT ( 'NONE',  ( 0.1300218769236615168, 0.006461965726599008461, 0.006791058493092255385 ) ) ;
#2157 = CARTESIAN_POINT ( 'NONE',  ( -0.003161657778857558318, 0.009280859477181208420, 0.0005095444033668624934 ) ) ;
#2158 = CARTESIAN_POINT ( 'NONE',  ( -0.002317165074988043923, 0.01052930761335685132, -0.0009471254197695784137 ) ) ;
#2159 = CARTESIAN_POINT ( 'NONE',  ( 0.002552636668894299812, 0.009144159119497561813, -0.0001344024305929817536 ) ) ;
#2160 = B_SPLINE_CURVE_WITH_KNOTS ( 'NONE', 3,
 ( #2218, #3318, #6526, #748, #2892, #3877, #5995, #2750, #4362, #3912, #5436, #2181, #5400, #5468 ),
 .UNSPECIFIED., .F., .F.,
 ( 4, 2, 2, 2, 2, 2, 4 ),
 ( 0.000000000000000000, 0.0003190044516962666095, 0.0003987555646203317576, 0.0004785066775443969057, 0.0005183822340064288834, 0.0005582577904684609153, 0.0006380089033925305086 ),
 .UNSPECIFIED. ) ;
#2161 = CARTESIAN_POINT ( 'NONE',  ( 0.1299999999999999489, 0.005925007879322498859, 0.008924140516989727615 ) ) ;
#2162 = CARTESIAN_POINT ( 'NONE',  ( 0.003452957942434723999, 0.001265715187916231993, 0.005252063797436622335 ) ) ;
#2163 = CARTESIAN_POINT ( 'NONE',  ( 0.002412999999999999780, 0.006985000000000000757, 0.000000000000000000 ) ) ;
#2164 = CARTESIAN_POINT ( 'NONE',  ( -0.004631615120808876308, 0.008031864869413738589, 0.004196503469877582021 ) ) ;
#2165 = ORIENTED_EDGE ( 'NONE', *, *, #4043, .T. ) ;
#2166 = CARTESIAN_POINT ( 'NONE',  ( -0.003206431045799850495, 0.009235116477371208346, 0.0004208623759548019952 ) ) ;
#2167 = DIRECTION ( 'NONE',  ( 0.000000000000000000, 1.000000000000000000, 0.000000000000000000 ) ) ;
#2168 = CARTESIAN_POINT ( 'NONE',  ( -0.003139910584573341219, 0.01032888928883236163, -0.001817941453531866794 ) ) ;
#2169 = CARTESIAN_POINT ( 'NONE',  ( 0.003766843153511978490, 0.001404640887476554453, 0.005060299167032680963 ) ) ;
#2170 = ORIENTED_EDGE ( 'NONE', *, *, #1382, .T. ) ;
#2171 = CARTESIAN_POINT ( 'NONE',  ( -0.04159611811008660787, 0.009341779650362501408, 0.003659380984230395373 ) ) ;
#2172 = CARTESIAN_POINT ( 'NONE',  ( 0.003059548658620893976, 0.01189052847455867278, 0.0001614629879152143087 ) ) ;
#2173 = CARTESIAN_POINT ( 'NONE',  ( 0.002336767646371292872, 0.01117971374257328843, -4.304579839330234249E-05 ) ) ;
#2174 = B_SPLINE_CURVE_WITH_KNOTS ( 'NONE', 3,
 ( #118, #2275, #1738, #3373, #156, #5489, #4963, #6585, #2877, #4492, #6621, #409, #4164, #6752 ),
 .UNSPECIFIED., .F., .F.,
 ( 4, 1, 1, 1, 1, 1, 1, 1, 1, 1, 1, 4 ),
 ( 0.03385201378401994643, 0.09375000000000000000, 0.1536846834549344121, 0.1562500000000000000, 0.2187500000000000000, 0.3125000000000000000, 0.3750000000000000000, 0.3846922576685049000, 0.4062500000000000000, 0.4375000000000000000, 0.6250000000000000000, 1.000000000000000000 ),
 .UNSPECIFIED. ) ;
#2175 = CARTESIAN_POINT ( 'NONE',  ( 7.592810154713589635E-19, 0.01000000000000000021, -0.006150000000000000085 ) ) ;
#2176 = EDGE_LOOP ( 'NONE', ( #1776, #5886, #4493, #6862, #3603, #1615, #3173, #3572, #6269, #361, #6484, #3762 ) ) ;
#2177 = CARTESIAN_POINT ( 'NONE',  ( -0.004041003362132971656, 0.008928722959713928167, -0.0002313569717782052403 ) ) ;
#2178 = CARTESIAN_POINT ( 'NONE',  ( -0.005993436306903464870, 0.006369560001059042416, 0.001793342338044472692 ) ) ;
#2179 = CARTESIAN_POINT ( 'NONE',  ( 0.0002539999999999998856, 0.005588000000000000085, 0.001404488224300015587 ) ) ;
#2180 = DIRECTION ( 'NONE',  ( 1.123292760552739721E-17, -0.000000000000000000, -1.000000000000000000 ) ) ;
#2181 = CARTESIAN_POINT ( 'NONE',  ( 0.1299999999999999212, 0.005927412509691227550, 0.008868039094405222658 ) ) ;
#2182 = AXIS2_PLACEMENT_3D ( 'NONE', #5363, #3142, #4254 ) ;
#2183 = CARTESIAN_POINT ( 'NONE',  ( 0.000000000000000000, 0.001015999999999999976, -0.006032499999999999668 ) ) ;
#2184 = ORIENTED_EDGE ( 'NONE', *, *, #3082, .T. ) ;
#2185 = CARTESIAN_POINT ( 'NONE',  ( 0.000000000000000000, 0.005080000000000001181, 0.000000000000000000 ) ) ;
#2186 = DIRECTION ( 'NONE',  ( 0.000000000000000000, 1.000000000000000000, 0.000000000000000000 ) ) ;
#2187 = VECTOR ( 'NONE', #2431, 1.000000000000000000 ) ;
#2188 = CARTESIAN_POINT ( 'NONE',  ( 0.003297866387687759492, 0.009143555708359717496, 1.681429625010644224E-05 ) ) ;
#2189 = CARTESIAN_POINT ( 'NONE',  ( 0.06293829927198590912, -0.0004111327656885649948, 0.02381863383957553981 ) ) ;
#2190 = PRODUCT_RELATED_PRODUCT_CATEGORY ( 'part', '', ( #3022 ) ) ;
#2191 = EDGE_CURVE ( 'NONE', #3128, #1058, #5309, .T. ) ;
#2192 = CARTESIAN_POINT ( 'NONE',  ( 0.006254921116560083726, 0.005146296938812084353, -1.609471190142391808E-05 ) ) ;
#2193 = CARTESIAN_POINT ( 'NONE',  ( 0.1298863257153853035, 0.005772812613514631021, 0.008890081833714284440 ) ) ;
#2194 = CARTESIAN_POINT ( 'NONE',  ( -0.003292838490853609683, 0.009148530906341264396, -9.742488443262672547E-05 ) ) ;
#2195 = CARTESIAN_POINT ( 'NONE',  ( -0.002334717099215981827, 0.01117305001923537232, 7.927989448824643661E-05 ) ) ;
#2196 = CARTESIAN_POINT ( 'NONE',  ( 0.005704089822508215911, 0.006831553707948014205, -0.002570361431557956645 ) ) ;
#2197 = CARTESIAN_POINT ( 'NONE',  ( -0.005833099582324601309, 0.003932313111713526231, -0.002294998625926726599 ) ) ;
#2198 = CARTESIAN_POINT ( 'NONE',  ( -0.005516198341528534554, 0.003115035467580027587, -0.003085978224272566735 ) ) ;
#2199 = CARTESIAN_POINT ( 'NONE',  ( -0.004458923075266472795, 0.007772136466713662310, 0.004379560549415604381 ) ) ;
#2200 = ORIENTED_EDGE ( 'NONE', *, *, #3531, .T. ) ;
#2201 = CARTESIAN_POINT ( 'NONE',  ( 0.001572466931928418561, 0.0008526945812305718967, 0.006057398000975788323 ) ) ;
#2202 = DIRECTION ( 'NONE',  ( 0.000000000000000000, 1.000000000000000000, 0.000000000000000000 ) ) ;
#2203 = CARTESIAN_POINT ( 'NONE',  ( -0.002935457931298512090, 0.01110778941617771021, -0.001633903717015559691 ) ) ;
#2204 = CARTESIAN_POINT ( 'NONE',  ( 0.004631615120808905799, 0.008031864869413738589, -0.004196503469877549929 ) ) ;
#2205 = ORIENTED_EDGE ( 'NONE', *, *, #2647, .F. ) ;
#2206 = VERTEX_POINT ( 'NONE', #647 ) ;
#2207 = CARTESIAN_POINT ( 'NONE',  ( -0.02943455295586078213, 0.008527113162499736984, 0.003062205767314137277 ) ) ;
#2208 = CARTESIAN_POINT ( 'NONE',  ( 0.003292220368802936323, 0.009149143015124419284, -0.0001035488386329224298 ) ) ;
#2209 = CARTESIAN_POINT ( 'NONE',  ( 0.002278913781471119185, 0.01080171148121491717, -0.0007880827152178846535 ) ) ;
#2210 = DIRECTION ( 'NONE',  ( 1.000000000000000000, -0.000000000000000000, 1.347951312663287604E-16 ) ) ;
#2211 = EDGE_CURVE ( 'NONE', #5250, #426, #2540, .T. ) ;
#2212 = ORIENTED_EDGE ( 'NONE', *, *, #1399, .F. ) ;
#2213 = EDGE_LOOP ( 'NONE', ( #630, #262, #2673, #28 ) ) ;
#2214 = CARTESIAN_POINT ( 'NONE',  ( -0.003010987826996460153, 0.009440052606589527731, -0.0007175881264613434736 ) ) ;
#2215 = CARTESIAN_POINT ( 'NONE',  ( -0.002464095992648380074, 0.0009217156665863639404, -0.005752283002266364575 ) ) ;
#2216 = DIRECTION ( 'NONE',  ( -1.000000000000000000, 9.484135310589723205E-16, 0.000000000000000000 ) ) ;
#2217 = CARTESIAN_POINT ( 'NONE',  ( 0.006364206002050238307, 0.005257436513822849600, 3.530161264620903294E-06 ) ) ;
#2218 = CARTESIAN_POINT ( 'NONE',  ( 0.1299999999999999489, 0.005612429250701388844, 0.009265824011771390048 ) ) ;
#2219 = DIRECTION ( 'NONE',  ( -1.123292760552739567E-17, 0.000000000000000000, -1.000000000000000000 ) ) ;
#2220 = ORIENTED_EDGE ( 'NONE', *, *, #6694, .T. ) ;
#2221 = LINE ( 'NONE', #1760, #4513 ) ;
#2222 = CARTESIAN_POINT ( 'NONE',  ( -0.003574241690112685884, 0.009561217580954324904, -0.001478701500457607013 ) ) ;
#2223 = CARTESIAN_POINT ( 'NONE',  ( 0.002318524516110699943, 0.01111760665926016418, 0.0003399188124433678783 ) ) ;
#2224 = FACE_OUTER_BOUND ( 'NONE', #6078, .T. ) ;
#2225 = CARTESIAN_POINT ( 'NONE',  ( -0.02297305825785929401, -6.618838861039471537E-05, -0.006358794152084536883 ) ) ;
#2226 = CARTESIAN_POINT ( 'NONE',  ( 0.000000000000000000, 0.006959600000000000682, 0.000000000000000000 ) ) ;
#2227 = CARTESIAN_POINT ( 'NONE',  ( 0.1303939259373939341, 0.005930775917786287182, 0.007947494309794545311 ) ) ;
#2228 = CARTESIAN_POINT ( 'NONE',  ( -0.003297287727521060630, 0.009144128020666107345, 2.361381739498950576E-05 ) ) ;
#2229 = CARTESIAN_POINT ( 'NONE',  ( -0.002327572280389482006, 0.01114971731448812821, -0.0002302520650417959141 ) ) ;
#2230 = CARTESIAN_POINT ( 'NONE',  ( 0.003948167319407931350, 0.001610498798632909075, 0.004854003853284933126 ) ) ;
#2231 = ORIENTED_EDGE ( 'NONE', *, *, #437, .F. ) ;
#2232 = CARTESIAN_POINT ( 'NONE',  ( 0.003115998633295716247, 0.009328088390252793627, -0.0005851624530829488370 ) ) ;
#2233 = SHAPE_REPRESENTATION ( 'BLDCMotorPropNut', ( #3950 ), #5270 ) ;
#2234 = CARTESIAN_POINT ( 'NONE',  ( 0.000000000000000000, 0.01000000000000000021, 0.000000000000000000 ) ) ;
#2235 = EDGE_CURVE ( 'NONE', #2329, #4464, #3918, .T. ) ;
#2236 = CARTESIAN_POINT ( 'NONE',  ( -0.006219457074299800103, 0.005383372804412859224, -0.0006627164000551085494 ) ) ;
#2237 = CARTESIAN_POINT ( 'NONE',  ( 0.002937334732016013555, 0.01140753771128941857, 0.001396471604276536618 ) ) ;
#2238 = CARTESIAN_POINT ( 'NONE',  ( 0.003008749041710779160, 0.009442555179397408432, -0.0007195690698989746104 ) ) ;
#2239 = CARTESIAN_POINT ( 'NONE',  ( 0.001584585161174761371, 0.0007807128740281050203, 0.006086135085133650459 ) ) ;
#2240 = CARTESIAN_POINT ( 'NONE',  ( -0.002980181310871337936, 0.01080570456660322545, -0.001771175997730062681 ) ) ;
#2241 = LINE ( 'NONE', #6242, #4723 ) ;
#2242 = ORIENTED_EDGE ( 'NONE', *, *, #1364, .T. ) ;
#2243 = CIRCLE ( 'NONE', #5479, 0.005003799999999891668 ) ;
#2244 = EDGE_LOOP ( 'NONE', ( #3297, #1665, #1826, #6450, #500, #801, #3791, #3066, #6692, #3320, #1362, #2681 ) ) ;
#2245 = CARTESIAN_POINT ( 'NONE',  ( -0.03754574432027549258, 0.009030719831236062173, 0.003466619584039010073 ) ) ;
#2246 = AXIS2_PLACEMENT_3D ( 'NONE', #6769, #4955, #188 ) ;
#2247 = CARTESIAN_POINT ( 'NONE',  ( 0.003123292591380687645, 0.009320587302561881768, -0.0005726258475219934497 ) ) ;
#2248 = CARTESIAN_POINT ( 'NONE',  ( 0.002311388433485423062, 0.01108960398855144726, 0.0004101284002588267345 ) ) ;
#2249 = CARTESIAN_POINT ( 'NONE',  ( -0.002692648927001507417, 0.009818520422081287308, 0.0009569652439618986936 ) ) ;
#2250 = CARTESIAN_POINT ( 'NONE',  ( -0.003975390129903669939, 0.009012126409850634845, 0.0006290936901169984349 ) ) ;
#2251 = CIRCLE ( 'NONE', #461, 0.002895600000000001645 ) ;
#2252 = CARTESIAN_POINT ( 'NONE',  ( -0.001864503212734826493, 0.001061632242755378370, -0.005973195401307125271 ) ) ;
#2253 = FACE_OUTER_BOUND ( 'NONE', #3630, .T. ) ;
#2254 = DIRECTION ( 'NONE',  ( -0.000000000000000000, 1.000000000000000000, -0.000000000000000000 ) ) ;
#2255 = CARTESIAN_POINT ( 'NONE',  ( 0.03001282018049294259, 0.008389178048727845283, -0.003150566583749787267 ) ) ;
#2256 = DIRECTION ( 'NONE',  ( 0.7410584193287652610, 0.000000000000000000, -0.6714405551811356565 ) ) ;
#2257 = AXIS2_PLACEMENT_3D ( 'NONE', #5243, #6234, #485 ) ;
#2258 = ORIENTED_EDGE ( 'NONE', *, *, #6672, .T. ) ;
#2259 = CARTESIAN_POINT ( 'NONE',  ( -0.003586925800568853320, 0.009542457545342445530, -0.001462456907333217456 ) ) ;
#2260 = CARTESIAN_POINT ( 'NONE',  ( 0.002288810479011027087, 0.01097035550429892835, 0.0006130910482020844295 ) ) ;
#2261 = CARTESIAN_POINT ( 'NONE',  ( -0.002022799905562023409, 0.01115792287581657792, 0.0002192297312212104646 ) ) ;
#2262 = CARTESIAN_POINT ( 'NONE',  ( 0.01726075149641037587, 0.007693066436723931464, -0.003258344701371173203 ) ) ;
#2263 = CARTESIAN_POINT ( 'NONE',  ( 0.000000000000000000, 0.01000000000000000021, 0.000000000000000000 ) ) ;
#2264 = CARTESIAN_POINT ( 'NONE',  ( 0.1299546882275505466, 0.005676391512615434724, 0.009119978016494091622 ) ) ;
#2265 = PRODUCT_DEFINITION_SHAPE ( 'NONE', 'NONE',  #6950 ) ;
#2266 = CARTESIAN_POINT ( 'NONE',  ( -0.002353554614260010367, 0.01041290827691107070, 0.0009841648240534993115 ) ) ;
#2267 = CARTESIAN_POINT ( 'NONE',  ( -0.002309708150298841675, 0.01108265881200514065, -0.0004257411014735150716 ) ) ;
#2268 = CARTESIAN_POINT ( 'NONE',  ( 0.005766204362502531933, 0.003101130922498825278, 0.002789888234394138564 ) ) ;
#2269 = VERTEX_POINT ( 'NONE', #789 ) ;
#2270 = CARTESIAN_POINT ( 'NONE',  ( -0.004668429191946470852, 0.007930447757507315745, 0.004274461196564282445 ) ) ;
#2271 = FACE_OUTER_BOUND ( 'NONE', #6103, .T. ) ;
#2272 = CARTESIAN_POINT ( 'NONE',  ( 0.002986904467302882882, 0.01166609716097508770, 0.001003570356424015372 ) ) ;
#2273 = CARTESIAN_POINT ( 'NONE',  ( 0.001785667394348145831, 0.01046305122213599982, 0.0009697504610784572245 ) ) ;
#2274 = B_SPLINE_CURVE_WITH_KNOTS ( 'NONE', 3,
 ( #6191, #4590, #1000, #902, #1912, #3546, #1518, #3150 ),
 .UNSPECIFIED., .F., .F.,
 ( 4, 2, 2, 4 ),
 ( 0.9961972235253493402, 1.024204577813408124, 1.052211932101467129, 1.108226640677584918 ),
 .UNSPECIFIED. ) ;
#2275 = CARTESIAN_POINT ( 'NONE',  ( 0.006964729014412543440, 0.001406712328755567107, 0.004585626297380693620 ) ) ;
#2276 = VERTEX_POINT ( 'NONE', #3466 ) ;
#2277 = CARTESIAN_POINT ( 'NONE',  ( -0.003286415723277708555, 0.009154895979809944684, -0.0001494134915379881964 ) ) ;
#2278 = CARTESIAN_POINT ( 'NONE',  ( 0.05535492731282091322, 0.01004233042237938009, -0.003901533741555078191 ) ) ;
#2279 = CARTESIAN_POINT ( 'NONE',  ( -0.002991490219924914946, 0.01075807880326930949, -0.001784535761075076296 ) ) ;
#2280 = CARTESIAN_POINT ( 'NONE',  ( 0.002755476811802759756, 0.009737328952019654038, 0.0009240860091484740402 ) ) ;
#2281 = VERTEX_POINT ( 'NONE', #6676 ) ;
#2282 = CARTESIAN_POINT ( 'NONE',  ( -0.1126445758760195037, 0.0002523962886764712912, -0.02207343113203220908 ) ) ;
#2283 = CARTESIAN_POINT ( 'NONE',  ( -0.1106203046527517581, 0.009432550012244579965, 1.221511620784829691E-05 ) ) ;
#2284 = CARTESIAN_POINT ( 'NONE',  ( 0.003730506583952771307, 0.009337577526758532309, -0.001246928682829073027 ) ) ;
#2285 = CARTESIAN_POINT ( 'NONE',  ( 0.002329729521264641695, 0.01115699216204033006, 0.0002016838401729986643 ) ) ;
#2286 = CARTESIAN_POINT ( 'NONE',  ( -0.002841402719195674186, 0.009632464444654454186, 0.0008683107216775050406 ) ) ;
#2287 = CARTESIAN_POINT ( 'NONE',  ( -0.002661294147482191202, 0.009860702540910882760, -0.0009710395920064785998 ) ) ;
#2288 = LINE ( 'NONE', #4435, #2871 ) ;
#2289 = CARTESIAN_POINT ( 'NONE',  ( 0.004493409286328334598, 0.007899831185348482609, -0.004344344190734348438 ) ) ;
#2290 = CARTESIAN_POINT ( 'NONE',  ( 0.006136377920378378696, 0.003941403588133206640, 0.001727305457588908548 ) ) ;
#2291 = CARTESIAN_POINT ( 'NONE',  ( 0.009981554964321175116, 0.007728104070074591492, -0.003841450609287027241 ) ) ;
#2292 = DIRECTION ( 'NONE',  ( 0.6697111861146289868, -0.07172577225776871623, 0.7391497417891476074 ) ) ;
#2293 = CIRCLE ( 'NONE', #3540, 0.002449999999999999921 ) ;
#2294 = ORIENTED_EDGE ( 'NONE', *, *, #5396, .T. ) ;
#2295 = CARTESIAN_POINT ( 'NONE',  ( -0.003536095446610728384, 0.009618408830444036620, -0.001525217969197584103 ) ) ;
#2296 = CARTESIAN_POINT ( 'NONE',  ( 0.002298296600400658030, 0.01102895893219230962, 0.0005267537956975027087 ) ) ;
#2297 = DIRECTION ( 'NONE',  ( 0.000000000000000000, 1.000000000000000000, 0.000000000000000000 ) ) ;
#2298 = PRESENTATION_LAYER_ASSIGNMENT (  '', '', ( #3651 ) ) ;
#2299 = DIRECTION ( 'NONE',  ( 0.000000000000000000, 0.000000000000000000, -1.000000000000000000 ) ) ;
#2300 = DIRECTION ( 'NONE',  ( -0.000000000000000000, -1.000000000000000000, -0.000000000000000000 ) ) ;
#2301 = CARTESIAN_POINT ( 'NONE',  ( 0.1301262071967583811, 0.005755844225155428567, 0.009247630882739861849 ) ) ;
#2302 = CARTESIAN_POINT ( 'NONE',  ( 0.002884438135928730530, 0.005587999999999999218, 0.0002539999999999999398 ) ) ;
#2303 = CARTESIAN_POINT ( 'NONE',  ( -0.002314414787190942086, 0.01110184146215096278, 0.0003814286618648463035 ) ) ;
#2304 = CARTESIAN_POINT ( 'NONE',  ( 0.001565918349778853145, 0.001049683543375300957, 0.006058388478709027768 ) ) ;
#2305 = ORIENTED_EDGE ( 'NONE', *, *, #686, .F. ) ;
#2306 = AXIS2_PLACEMENT_3D ( 'NONE', #142, #2297, #4444 ) ;
#2307 = CARTESIAN_POINT ( 'NONE',  ( -0.004705164914168628344, 0.007932383614030466545, 0.004253490230611457409 ) ) ;
#2308 = CARTESIAN_POINT ( 'NONE',  ( -0.003017412243884319990, 0.01066191448271995232, -0.001805777596647077828 ) ) ;
#2309 = CARTESIAN_POINT ( 'NONE',  ( 0.003257905222913232320, 0.01008443792746602924, 0.001769186230005808085 ) ) ;
#2310 = CARTESIAN_POINT ( 'NONE',  ( 0.002022901828520353145, 0.01115813478680136896, -0.0002185839475357740768 ) ) ;
#2311 = CARTESIAN_POINT ( 'NONE',  ( 0.002963961311041342622, 0.009491815110643076966, -0.0007656083238056918738 ) ) ;
#2312 = DIRECTION ( 'NONE',  ( 0.000000000000000000, 0.000000000000000000, -1.000000000000000000 ) ) ;
#2313 = CARTESIAN_POINT ( 'NONE',  ( 0.006194047261084256045, 0.005089162840879283244, 0.0008720513887500750891 ) ) ;
#2314 = CARTESIAN_POINT ( 'NONE',  ( 0.09802772208511015273, 0.009865123015015282368, -0.001005196216335448554 ) ) ;
#2315 = CARTESIAN_POINT ( 'NONE',  ( -0.003641981748911352502, 0.009462351904705292374, 0.001387079464704342327 ) ) ;
#2316 = CARTESIAN_POINT ( 'NONE',  ( 0.002677690291419571999, 0.009838494826265099455, 0.0009638678997417061403 ) ) ;
#2317 = VERTEX_POINT ( 'NONE', #4023 ) ;
#2318 = CARTESIAN_POINT ( 'NONE',  ( -0.03003121125890160364, -0.0006879891994974150771, -0.009102840579636414450 ) ) ;
#2319 = CARTESIAN_POINT ( 'NONE',  ( -0.1255932111217273883, 0.007875046033210073709, -0.003737237253605221483 ) ) ;
#2320 = CARTESIAN_POINT ( 'NONE',  ( 0.002360161321004776522, 0.01039286040497948080, -0.0009900971855222487177 ) ) ;
#2321 = CARTESIAN_POINT ( 'NONE',  ( -0.003296417641477038425, 0.009144973545249219724, -0.0001055170132753401502 ) ) ;
#2322 = CARTESIAN_POINT ( 'NONE',  ( -0.004044641360540165292, 0.008924132973257743046, 0.0001920529212162155441 ) ) ;
#2323 = EDGE_CURVE ( 'NONE', #1115, #2027, #6143, .T. ) ;
#2324 = CARTESIAN_POINT ( 'NONE',  ( -0.005225727382067698983, 0.002402690466854720541, -0.003694617048632175844 ) ) ;
#2325 = CARTESIAN_POINT ( 'NONE',  ( 0.000000000000000000, 0.000000000000000000, 0.000000000000000000 ) ) ;
#2326 = CARTESIAN_POINT ( 'NONE',  ( 0.004037219173373881101, 0.008933496422816589871, -0.0002712933466933540715 ) ) ;
#2327 = CARTESIAN_POINT ( 'NONE',  ( -0.002907632349408590441, 0.009555326702196054178, -0.0008165338842401715725 ) ) ;
#2328 = CYLINDRICAL_SURFACE ( 'NONE', #6167, 0.002032000000000005156 ) ;
#2329 = VERTEX_POINT ( 'NONE', #183 ) ;
#2330 = CARTESIAN_POINT ( 'NONE',  ( -0.002424409682705993933, 0.01024546612292064930, -0.001012620314513095572 ) ) ;
#2331 = LINE ( 'NONE', #4987, #1242 ) ;
#2332 = CARTESIAN_POINT ( 'NONE',  ( 0.002468259129071298779, 0.01016034185728188245, 0.001016512967465757044 ) ) ;
#2333 = CARTESIAN_POINT ( 'NONE',  ( 0.000000000000000000, 0.009900000000000000813, 0.000000000000000000 ) ) ;
#2334 = CARTESIAN_POINT ( 'NONE',  ( 0.01049952559986614374, 0.007721953674963428181, -0.003790935074902341325 ) ) ;
#2335 = CARTESIAN_POINT ( 'NONE',  ( -0.002341819305917676799, 0.01015018309780834661, 0.001015952571939930400 ) ) ;
#2336 = CARTESIAN_POINT ( 'NONE',  ( 0.1299954129379001511, 0.005931030687078390172, 0.008913286985814667177 ) ) ;
#2337 = CARTESIAN_POINT ( 'NONE',  ( 7.531577814756222303E-19, 9.999999999999939493E-05, -0.006150000000000000085 ) ) ;
#2338 = CARTESIAN_POINT ( 'NONE',  ( 0.006223678324391648808, 0.004559914676453245830, 0.0007610934426506329575 ) ) ;
#2339 = ORIENTED_EDGE ( 'NONE', *, *, #6223, .F. ) ;
#2340 = CARTESIAN_POINT ( 'NONE',  ( -0.004450201275411871243, 0.007851393157530008049, 0.004388425814197126004 ) ) ;
#2341 = CARTESIAN_POINT ( 'NONE',  ( 0.002934117676993583997, 0.01132737266731878058, 0.001464145782999246199 ) ) ;
#2342 = LINE ( 'NONE', #798, #3878 ) ;
#2343 = CARTESIAN_POINT ( 'NONE',  ( -0.002984768004972240124, 0.01165744438736282355, 0.001019921441481188001 ) ) ;
#2344 = FACE_OUTER_BOUND ( 'NONE', #6302, .T. ) ;
#2345 = EDGE_LOOP ( 'NONE', ( #997, #5150, #4694, #1571 ) ) ;
#2346 = CARTESIAN_POINT ( 'NONE',  ( 0.005904014196674810082, 0.003823099117987888498, 0.002303881141750571161 ) ) ;
#2347 = EDGE_CURVE ( 'NONE', #5527, #700, #6438, .T. ) ;
#2348 = CARTESIAN_POINT ( 'NONE',  ( -0.003043948126255024544, 0.01184930182052831155, 0.0004671128488185078819 ) ) ;
#2349 = CARTESIAN_POINT ( 'NONE',  ( 0.002613469908510386921, 0.009927635048936241102, 0.0009893615403049511869 ) ) ;
#2350 = ORIENTED_EDGE ( 'NONE', *, *, #297, .T. ) ;
#2351 = CARTESIAN_POINT ( 'NONE',  ( -0.004036832004298575999, 0.001118981680153367450, -0.005288743522346002653 ) ) ;
#2352 = CARTESIAN_POINT ( 'NONE',  ( 0.002278816189135238202, 0.01082909938888515500, 0.0007647659135991910235 ) ) ;
#2353 = CARTESIAN_POINT ( 'NONE',  ( -0.1219751094445591932, 0.008422977100646926452, -0.002489133887775255363 ) ) ;
#2354 = CARTESIAN_POINT ( 'NONE',  ( 0.002296040284144366516, 0.01101678047156913649, 0.0005465029201492803716 ) ) ;
#2355 = CARTESIAN_POINT ( 'NONE',  ( -0.003131055927680332068, 0.009312415423211633375, 0.0005620013344901275600 ) ) ;
#2356 = CARTESIAN_POINT ( 'NONE',  ( -0.002282386663871798210, 0.01091103369040377115, -0.0006844741384294326502 ) ) ;
#2357 = CARTESIAN_POINT ( 'NONE',  ( -0.005231993761097975329, 0.002623194066334422897, -0.003430126943365862345 ) ) ;
#2358 = CIRCLE ( 'NONE', #3381, 0.002895600000000001645 ) ;
#2359 = CARTESIAN_POINT ( 'NONE',  ( 0.000000000000000000, 0.005080000000000001181, 0.000000000000000000 ) ) ;
#2360 = CARTESIAN_POINT ( 'NONE',  ( 0.004045786627945549725, 0.008922694791185466212, 0.0001654485566061621811 ) ) ;
#2361 = CARTESIAN_POINT ( 'NONE',  ( -0.05535492731282092016, 0.01004233042237939050, 0.003901533741555499729 ) ) ;
#2362 = DIRECTION ( 'NONE',  ( -0.000000000000000000, 1.000000000000000000, -0.000000000000000000 ) ) ;
#2363 = EDGE_CURVE ( 'NONE', #5394, #5288, #3994, .T. ) ;
#2364 = VERTEX_POINT ( 'NONE', #6709 ) ;
#2365 = AXIS2_PLACEMENT_3D ( 'NONE', #3429, #2186, #1647 ) ;
#2366 =( NAMED_UNIT ( * ) PLANE_ANGLE_UNIT ( ) SI_UNIT ( $, .RADIAN. ) );
#2367 = CARTESIAN_POINT ( 'NONE',  ( -0.002965483353626837109, 0.01157228184493600855, -0.001167395621736800606 ) ) ;
#2368 = CARTESIAN_POINT ( 'NONE',  ( 0.002583322866310613832, 0.009971680475250635847, 0.0009988896606208076071 ) ) ;
#2369 = LINE ( 'NONE', #3431, #502 ) ;
#2370 = CARTESIAN_POINT ( 'NONE',  ( 0.02267442618797242682, 0.008054338252233684756, -0.003008880292822842598 ) ) ;
#2371 = AXIS2_PLACEMENT_3D ( 'NONE', #866, #6682, #4029 ) ;
#2372 = DIRECTION ( 'NONE',  ( 0.000000000000000000, 0.000000000000000000, -1.000000000000000000 ) ) ;
#2373 = VECTOR ( 'NONE', #1717, 1.000000000000000000 ) ;
#2374 = CARTESIAN_POINT ( 'NONE',  ( 0.1301721376345643666, 0.005689196063285583901, 0.009353608787460545790 ) ) ;
#2375 = CARTESIAN_POINT ( 'NONE',  ( 0.005622397884213601975, 0.003126271280592287163, 0.002775884678137425284 ) ) ;
#2376 = ORIENTED_EDGE ( 'NONE', *, *, #2079, .T. ) ;
#2377 = CARTESIAN_POINT ( 'NONE',  ( -0.001404488224300015587, 0.005588000000000000085, -0.0002540000000000002109 ) ) ;
#2378 = CARTESIAN_POINT ( 'NONE',  ( -0.003484110967893811871, 0.009694432791503610272, -0.001590191566833693828 ) ) ;
#2379 = AXIS2_PLACEMENT_3D ( 'NONE', #287, #2438, #3208 ) ;
#2380 = CARTESIAN_POINT ( 'NONE',  ( 0.003060909579763935757, 0.01189397556754980163, 9.723316666656058017E-05 ) ) ;
#2381 = B_SPLINE_CURVE_WITH_KNOTS ( 'NONE', 3,
 ( #1601, #1501, #6863, #1015, #2060, #1083, #4212 ),
 .UNSPECIFIED., .F., .F.,
 ( 4, 3, 4 ),
 ( 0.008729009194748192646, 0.01361370798839668661, 0.01431720391460388278 ),
 .UNSPECIFIED. ) ;
#2382 = EDGE_CURVE ( 'NONE', #4612, #2870, #3554, .T. ) ;
#2383 = CARTESIAN_POINT ( 'NONE',  ( 0.001966611070348589854, 0.01103985458166952850, -0.0005192214108155117575 ) ) ;
#2384 = CARTESIAN_POINT ( 'NONE',  ( 0.003241485720051590514, 0.01011623487715687490, -0.001777996193465872449 ) ) ;
#2385 = ORIENTED_EDGE ( 'NONE', *, *, #3387, .T. ) ;
#2386 = CARTESIAN_POINT ( 'NONE',  ( 0.003281825197301887435, 0.001267248944294554775, 0.005327656382589722982 ) ) ;
#2387 = CARTESIAN_POINT ( 'NONE',  ( -0.002988221802096170405, 0.01167119994363450750, 0.0009934116559821841875 ) ) ;
#2388 = CARTESIAN_POINT ( 'NONE',  ( 0.002684249476523319598, 0.009829712791212199055, 0.0009608755224245049470 ) ) ;
#2389 = EDGE_LOOP ( 'NONE', ( #2651, #556, #1056, #3498, #5635, #1608, #3010, #4964 ) ) ;
#2390 = DIRECTION ( 'NONE',  ( 0.000000000000000000, 0.000000000000000000, -1.000000000000000000 ) ) ;
#2391 = CARTESIAN_POINT ( 'NONE',  ( 0.002292816168224906699, 0.01064482126106792818, 0.0008935249729611063549 ) ) ;
#2392 = CARTESIAN_POINT ( 'NONE',  ( -0.1214920232782511350, 0.008284950676531876654, -0.003815825748087522170 ) ) ;
#2393 = CARTESIAN_POINT ( 'NONE',  ( 0.002278589675755439588, 0.01081102588626786827, 0.0007808955949112428643 ) ) ;
#2394 = CARTESIAN_POINT ( 'NONE',  ( 0.04992786004216671902, 0.01002645328497452255, -0.003875949699118688349 ) ) ;
#2395 = CARTESIAN_POINT ( 'NONE',  ( -0.002311412589176848036, 0.01108975180811546529, -0.0004100174722079900371 ) ) ;
#2396 = CARTESIAN_POINT ( 'NONE',  ( -0.06592355659768910081, 0.01046065497202371304, 0.003615539989287231207 ) ) ;
#2397 = CARTESIAN_POINT ( 'NONE',  ( 0.004475840903780961555, 0.007825838260413423356, -0.004362430702523133023 ) ) ;
#2398 = CARTESIAN_POINT ( 'NONE',  ( 0.003053941231828111516, 0.01054873605884353027, 0.001819626719940412810 ) ) ;
#2399 = CARTESIAN_POINT ( 'NONE',  ( -0.1138181812381873909, 0.008946365035550662634, -0.001650707161125879088 ) ) ;
#2400 = CARTESIAN_POINT ( 'NONE',  ( -0.004579933844273306222, 0.007905921144328875022, 0.004323289478440966657 ) ) ;
#2401 = ORIENTED_EDGE ( 'NONE', *, *, #5533, .T. ) ;
#2402 = CARTESIAN_POINT ( 'NONE',  ( -0.003025757579759360324, 0.01179742429875805208, -0.0006741759308306114308 ) ) ;
#2403 = CARTESIAN_POINT ( 'NONE',  ( 0.002315802178316091978, 0.01053582422465828769, -0.0009440875230122192834 ) ) ;
#2404 = CARTESIAN_POINT ( 'NONE',  ( -0.001966410053409350760, 0.01103938227514089654, 0.0005198836717629573903 ) ) ;
#2405 = CARTESIAN_POINT ( 'NONE',  ( 0.06324390727337603213, 0.01035093077738888714, -0.004335700043586048456 ) ) ;
#2406 = DIRECTION ( 'NONE',  ( 0.000000000000000000, 0.000000000000000000, -1.000000000000000000 ) ) ;
#2407 = CARTESIAN_POINT ( 'NONE',  ( 0.01065356986267791684, 0.0003690587336389037666, 0.004895294020642140462 ) ) ;
#2408 = ORIENTED_EDGE ( 'NONE', *, *, #3967, .F. ) ;
#2409 = CARTESIAN_POINT ( 'NONE',  ( -0.002332476884014756356, 0.01116592669534925350, -0.0001497955866027621448 ) ) ;
#2410 = CARTESIAN_POINT ( 'NONE',  ( -0.003530044678954385746, 0.001388165086106730051, -0.005165827385439890514 ) ) ;
#2411 = PRODUCT_RELATED_PRODUCT_CATEGORY ( 'part', '', ( #638 ) ) ;
#2412 = AXIS2_PLACEMENT_3D ( 'NONE', #2226, #2724, #6393 ) ;
#2413 = CARTESIAN_POINT ( 'NONE',  ( 0.003189460536574266220, 0.01022068957535403680, 0.001802419696370929653 ) ) ;
#2414 = CARTESIAN_POINT ( 'NONE',  ( -0.002323978452039403720, 0.01015999999999832142, 0.001016000000007534097 ) ) ;
#2415 = EDGE_CURVE ( 'NONE', #3672, #5470, #5548, .T. ) ;
#2416 = CARTESIAN_POINT ( 'NONE',  ( -1.204485184444895089E-17, 1.142350046887600466E-32, 0.000000000000000000 ) ) ;
#2417 = ORIENTED_EDGE ( 'NONE', *, *, #4470, .F. ) ;
#2418 = CARTESIAN_POINT ( 'NONE',  ( 0.006311467678400284158, 0.005283842630404701063, 0.0006364666244367409497 ) ) ;
#2419 = CARTESIAN_POINT ( 'NONE',  ( 0.003014826003595572155, 0.01067158304128994206, -0.001803604714376345940 ) ) ;
#2420 = CARTESIAN_POINT ( 'NONE',  ( -0.002998680027365473698, 0.01170978255637580671, 0.0009113117926225197457 ) ) ;
#2421 = TOROIDAL_SURFACE ( 'NONE', #5303, 0.006150000000000000085, 0.0001000000000000000048 ) ;
#2422 = EDGE_LOOP ( 'NONE', ( #5885, #1434, #3251, #736 ) ) ;
#2423 = CARTESIAN_POINT ( 'NONE',  ( -0.05048352720305123581, -0.001179830924015973313, -0.02044827930356287252 ) ) ;
#2424 = EDGE_CURVE ( 'NONE', #3470, #1914, #174, .T. ) ;
#2425 = CONICAL_SURFACE ( 'NONE', #1185, 0.002412999999999997612, 0.7853981633974582710 ) ;
#2426 = CARTESIAN_POINT ( 'NONE',  ( 0.002279818583487528989, 0.01077495021720168387, 0.0008089476979350954241 ) ) ;
#2427 = CARTESIAN_POINT ( 'NONE',  ( -0.1039858805450502716, 0.009800781704715745557, 0.001044913108900919277 ) ) ;
#2428 = FACE_OUTER_BOUND ( 'NONE', #6478, .T. ) ;
#2429 = CARTESIAN_POINT ( 'NONE',  ( -9.896207414363052682E-31, 0.01149665802481590268, 0.000000000000000000 ) ) ;
#2430 = CARTESIAN_POINT ( 'NONE',  ( -0.002296699698533195399, 0.01062364004015616328, -0.0009042088198146818389 ) ) ;
#2431 = DIRECTION ( 'NONE',  ( 0.000000000000000000, -1.000000000000000000, 0.000000000000000000 ) ) ;
#2432 = CARTESIAN_POINT ( 'NONE',  ( 0.004533324516105057163, 0.007790493893443121466, -0.004348147490595436794 ) ) ;
#2433 = CARTESIAN_POINT ( 'NONE',  ( 0.003633512207665336082, 0.009474537661314886422, 0.001399205110270582749 ) ) ;
#2434 = DIRECTION ( 'NONE',  ( -0.000000000000000000, -1.000000000000000000, -0.000000000000000000 ) ) ;
#2435 = B_SPLINE_CURVE_WITH_KNOTS ( 'NONE', 1,
 ( #2982, #3576 ),
 .UNSPECIFIED., .F., .F.,
 ( 2, 2 ),
 ( 0.000000000000000000, 1.000000000000000000 ),
 .UNSPECIFIED. ) ;
#2436 = CARTESIAN_POINT ( 'NONE',  ( 0.000000000000000000, -0.001498506304391716837, 0.000000000000000000 ) ) ;
#2437 = VERTEX_POINT ( 'NONE', #3262 ) ;
#2438 = DIRECTION ( 'NONE',  ( 0.000000000000000000, 0.000000000000000000, 1.000000000000000000 ) ) ;
#2439 = CARTESIAN_POINT ( 'NONE',  ( -0.003052027975285892536, 0.01187097118087758127, 0.0003412055869268234643 ) ) ;
#2440 = CARTESIAN_POINT ( 'NONE',  ( 0.002288628895217028128, 0.01067529750272464516, -0.0008757988370351192826 ) ) ;
#2441 = CARTESIAN_POINT ( 'NONE',  ( 0.000000000000000000, 0.005588000000000000085, 0.000000000000000000 ) ) ;
#2442 = CARTESIAN_POINT ( 'NONE',  ( 0.03348373982925671039, 0.008876364885730052973, -0.003212963923988125699 ) ) ;
#2443 = DIRECTION ( 'NONE',  ( -1.123292760552739567E-17, 0.000000000000000000, 1.000000000000000000 ) ) ;
#2444 = CARTESIAN_POINT ( 'NONE',  ( 0.04667586987686306310, -0.001184229939884806886, 0.01870726707077481968 ) ) ;
#2445 = VERTEX_POINT ( 'NONE', #2162 ) ;
#2446 = FACE_OUTER_BOUND ( 'NONE', #493, .T. ) ;
#2447 = CARTESIAN_POINT ( 'NONE',  ( -0.004224317338949777102, 0.001778474386159066686, -0.004614355669169450426 ) ) ;
#2448 = CARTESIAN_POINT ( 'NONE',  ( 0.003087858420316615463, 0.01045510172365944276, -0.001824137505159370261 ) ) ;
#2449 = CARTESIAN_POINT ( 'NONE',  ( -0.004180626790800204620, 0.001615886146671659598, -0.004784130641508000520 ) ) ;
#2450 = FACE_OUTER_BOUND ( 'NONE', #1508, .T. ) ;
#2451 = CARTESIAN_POINT ( 'NONE',  ( 0.004042575071114362303, 0.008926741825551818069, 0.0002108757295617805249 ) ) ;
#2452 = EDGE_CURVE ( 'NONE', #3073, #3470, #4457, .T. ) ;
#2453 = SURFACE_SIDE_STYLE ('',( #302 ) ) ;
#2454 = CARTESIAN_POINT ( 'NONE',  ( 0.006365420816055856676, 0.005894217863282317366, -0.0001015014668644413014 ) ) ;
#2455 =( REPRESENTATION_RELATIONSHIP ('NONE','NONE', #5312, #4881 ) REPRESENTATION_RELATIONSHIP_WITH_TRANSFORMATION ( #6900 )SHAPE_REPRESENTATION_RELATIONSHIP( ) );
#2456 = CARTESIAN_POINT ( 'NONE',  ( 0.003718702081091504116, 0.009353954015087694376, -0.001267151766715020247 ) ) ;
#2457 = CARTESIAN_POINT ( 'NONE',  ( -0.002938792441094059682, 0.01139363593031395352, 0.001398616433646911877 ) ) ;
#2458 = CARTESIAN_POINT ( 'NONE',  ( 0.1063934993607700552, 0.009664306563490083699, 0.0002486544939369962929 ) ) ;
#2459 = ORIENTED_EDGE ( 'NONE', *, *, #4242, .F. ) ;
#2460 = CARTESIAN_POINT ( 'NONE',  ( -0.08816107737497490271, 1.117971414033112204E-05, -0.02673392749572622157 ) ) ;
#2461 = B_SPLINE_SURFACE_WITH_KNOTS ( 'NONE', 3, 3, ( 
 ( #3485, #2351, #5568, #665, #6056, #274, #122, #6659, #1849, #1781, #2954, #6091, #4425, #2916 ),
 ( #3340, #1266, #3935, #241, #701, #3418, #4499, #4040, #2423, #1191, #5532, #164, #2282, #6627 ),
 ( #1814, #5458, #3974, #2812, #4934, #2318, #6021, #1300, #6125, #3450, #772, #1332, #4537, #1228 ),
 ( #3380, #2846, #977, #4665, #6791, #842, #5768, #2992, #2563, #5104, #309, #2460, #3089, #3519 ),
 ( #4597, #5636, #6725, #3060, #1918, #941, #4106, #342, #2594, #6757, #1363, #445, #3125, #3616 ),
 ( #4135, #5236, #5670, #6820, #2050, #5207, #2492, #4732, #2019, #4169, #3646, #6295, #6263, #1491 ),
 ( #4072, #6852, #6230, #1951, #1428, #909, #6197, #5170, #3583, #4631, #382, #1397, #5700, #6162 ) ),
 .UNSPECIFIED., .F., .F., .F.,
 ( 4, 3, 4 ),
 ( 4, 1, 1, 1, 1, 1, 1, 1, 1, 1, 1, 4 ),
 ( -0.05616555982631313282, 0.000000000000000000, 1.000000000000000000 ),
 ( 0.000000000000000000, 0.09375000000000000000, 0.1536846834549344121, 0.1562500000000000000, 0.2187500000000000000, 0.3125000000000000000, 0.3750000000000000000, 0.3846922576685049000, 0.4062500000000000000, 0.4375000000000000000, 0.6250000000000000000, 1.000000000000000000 ),
 .UNSPECIFIED. ) ;
#2462 = EDGE_CURVE ( 'NONE', #3951, #3073, #6786, .T. ) ;
#2463 = CARTESIAN_POINT ( 'NONE',  ( 0.002290285478154121309, 0.01098091486633037163, -0.0005988761575136121017 ) ) ;
#2464 = CARTESIAN_POINT ( 'NONE',  ( -0.1300218769236869965, 0.006461965726707285564, -0.006791058492440412223 ) ) ;
#2465 = DIRECTION ( 'NONE',  ( 0.000000000000000000, 0.000000000000000000, -1.000000000000000000 ) ) ;
#2466 = CARTESIAN_POINT ( 'NONE',  ( 0.03132178370248885763, 0.008688445111724342820, -0.003123131668092679614 ) ) ;
#2467 = CARTESIAN_POINT ( 'NONE',  ( -0.002299302575759804013, 0.01103425285906249088, -0.0005179208386677363338 ) ) ;
#2468 = CARTESIAN_POINT ( 'NONE',  ( 0.004559961703300022783, 0.007722113237491008697, -0.004274534570501936463 ) ) ;
#2469 = CARTESIAN_POINT ( 'NONE',  ( 0.002955564268332880589, 0.01093271748953920063, 0.001725072122518320813 ) ) ;
#2470 = CARTESIAN_POINT ( 'NONE',  ( -0.1294803008742610451, 0.006125602027595590700, -0.008119548741963272809 ) ) ;
#2471 = CARTESIAN_POINT ( 'NONE',  ( -0.0002540000000000000482, 0.005588000000000000085, -0.001404488224300015371 ) ) ;
#2472 = CARTESIAN_POINT ( 'NONE',  ( -0.003197138939060347688, 0.009244557521545250164, -0.0004410191919543820366 ) ) ;
#2473 = ORIENTED_EDGE ( 'NONE', *, *, #5704, .F. ) ;
#2474 = CARTESIAN_POINT ( 'NONE',  ( -0.003010649535161263619, 0.01068614516421625797, -0.001800852310811748656 ) ) ;
#2475 = VECTOR ( 'NONE', #2735, 1.000000000000000000 ) ;
#2476 = CARTESIAN_POINT ( 'NONE',  ( 0.002294934316231283990, 0.01101029609522132316, -0.0005563713726492355285 ) ) ;
#2477 = CARTESIAN_POINT ( 'NONE',  ( 0.02268484045224826093, 0.007877460061745691217, -0.003100061788162105769 ) ) ;
#2478 = CARTESIAN_POINT ( 'NONE',  ( -0.005957798755212327831, 0.003500924411103204740, -0.002286028542852903099 ) ) ;
#2479 = CIRCLE ( 'NONE', #564, 0.001473200000000000030 ) ;
#2480 = ORIENTED_EDGE ( 'NONE', *, *, #5786, .F. ) ;
#2481 = CARTESIAN_POINT ( 'NONE',  ( -0.002318127901141908177, 0.01111609540494473171, 0.0003439207158646785168 ) ) ;
#2482 = SURFACE_STYLE_USAGE ( .BOTH. , #6715 ) ;
#2483 = CARTESIAN_POINT ( 'NONE',  ( 0.002932011827790507140, 0.01128806451058820583, -0.001500919394075117021 ) ) ;
#2484 = CARTESIAN_POINT ( 'NONE',  ( -0.004295177044003564530, 0.001672370460142710022, -0.004710495105953445109 ) ) ;
#2485 = CIRCLE ( 'NONE', #6057, 0.001473200000000000030 ) ;
#2486 = CIRCLE ( 'NONE', #2814, 0.005918200000000010605 ) ;
#2487 = CARTESIAN_POINT ( 'NONE',  ( 0.003956700324351088149, 0.009036138208909572783, 0.0007006498132295811351 ) ) ;
#2488 = CARTESIAN_POINT ( 'NONE',  ( 0.1299999999999999489, 0.005612429250701388844, 0.009265824011771390048 ) ) ;
#2489 = CARTESIAN_POINT ( 'NONE',  ( -0.002570666860738688754, 0.009991037341479365105, -0.001002064994897688965 ) ) ;
#2490 = CARTESIAN_POINT ( 'NONE',  ( 0.002542950667004827657, 0.01003380642222333370, 0.001008622607919398449 ) ) ;
#2491 = CARTESIAN_POINT ( 'NONE',  ( -0.003988414019031912353, 0.008995461312794914704, 0.0005734366876461090843 ) ) ;
#2492 = CARTESIAN_POINT ( 'NONE',  ( -0.03879675669357111195, 0.009235459695114307810, -0.001218204951123168798 ) ) ;
#2493 = CARTESIAN_POINT ( 'NONE',  ( 0.002315802178316091978, 0.01053582422465828769, -0.0009440875230122192834 ) ) ;
#2494 = EDGE_CURVE ( 'NONE', #5403, #6713, #1592, .T. ) ;
#2495 = CARTESIAN_POINT ( 'NONE',  ( -0.002306558695742685038, 0.01057308195393562474, 0.0009288582809860147999 ) ) ;
#2496 = CARTESIAN_POINT ( 'NONE',  ( -0.1286476512817985030, 0.006730448900357559328, -0.007306308115377589500 ) ) ;
#2497 = CARTESIAN_POINT ( 'NONE',  ( 0.002282801502190037052, 0.01091525291771103766, 0.0006795947544595774392 ) ) ;
#2498 = EDGE_LOOP ( 'NONE', ( #1547, #696 ) ) ;
#2499 = CARTESIAN_POINT ( 'NONE',  ( 0.02334225105017330090, 0.008091639942380058834, -0.003003435994696969369 ) ) ;
#2500 = CARTESIAN_POINT ( 'NONE',  ( -0.002327572280389482006, 0.01114971731448812821, -0.0002302520650417959141 ) ) ;
#2501 = EDGE_CURVE ( 'NONE', #201, #6147, #1927, .T. ) ;
#2502 = ADVANCED_FACE ( 'NONE', ( #4117 ), #5714, .T. ) ;
#2503 = CARTESIAN_POINT ( 'NONE',  ( -0.003763389820949882524, 0.007875189244403432709, 0.004680806740590865572 ) ) ;
#2504 = CARTESIAN_POINT ( 'NONE',  ( 0.003234471269454799666, 0.01012961700998151957, 0.001781927706079117039 ) ) ;
#2505 = CARTESIAN_POINT ( 'NONE',  ( -0.09802772208511020824, 0.009865123015015280633, 0.001005196216336122928 ) ) ;
#2506 = FACE_OUTER_BOUND ( 'NONE', #2126, .T. ) ;
#2507 = CARTESIAN_POINT ( 'NONE',  ( 0.001409983389151052598, 0.004930093882071131389, -0.0002540000000000001024 ) ) ;
#2508 = B_SPLINE_CURVE_WITH_KNOTS ( 'NONE', 3,
 ( #3021, #5134, #4697, #1986, #5734, #1006, #1106, #1524, #2159, #478, #3681, #3157, #1073, #2625, #5902, #2119, #5301, #618 ),
 .UNSPECIFIED., .F., .F.,
 ( 4, 2, 2, 2, 2, 2, 2, 2, 4 ),
 ( 1.147296980814635286E-16, 0.0003986177633690609788, 0.0007972355267380073574, 0.001195853290106953844, 0.001594471053475900440, 0.001993088816844847035, 0.002391706580213794064, 0.002790324343582739793, 0.003188942106951686388 ),
 .UNSPECIFIED. ) ;
#2509 = EDGE_CURVE ( 'NONE', #5522, #2103, #6637, .T. ) ;
#2510 = ORIENTED_EDGE ( 'NONE', *, *, #6542, .T. ) ;
#2511 = MANIFOLD_SOLID_BREP ( 'Taladro de margen para #101', #5000 ) ;
#2512 = CARTESIAN_POINT ( 'NONE',  ( -0.002931371684694994602, 0.01123766349313243262, -0.001542077087364792471 ) ) ;
#2513 = CARTESIAN_POINT ( 'NONE',  ( 0.002355624851305648977, 0.01040716517801884219, -0.0009856212503341300543 ) ) ;
#2514 = CARTESIAN_POINT ( 'NONE',  ( 0.05512066754768181476, 0.01003520442154703582, -0.003904291061038735969 ) ) ;
#2515 = CARTESIAN_POINT ( 'NONE',  ( 0.003741289401293045307, 0.009322678181067682590, 0.001227979522388006253 ) ) ;
#2516 = CARTESIAN_POINT ( 'NONE',  ( -0.003743767853720605769, 0.009318173558698229081, 0.001235278313092291920 ) ) ;
#2517 = DIRECTION ( 'NONE',  ( 1.000000000000000000, -0.000000000000000000, -0.000000000000000000 ) ) ;
#2518 = CARTESIAN_POINT ( 'NONE',  ( 0.02298132754627539923, -0.0006884083735284262338, 0.006930564964848642123 ) ) ;
#2519 = CARTESIAN_POINT ( 'NONE',  ( -0.002978951824452452570, 0.01080504017135101684, 0.001774008212864877513 ) ) ;
#2520 = EDGE_LOOP ( 'NONE', ( #4141, #4365, #2205, #3271, #6235, #5347 ) ) ;
#2521 = CARTESIAN_POINT ( 'NONE',  ( -0.004573808175515028246, 0.007649285579366752082, 0.004259434090767445953 ) ) ;
#2522 = CARTESIAN_POINT ( 'NONE',  ( -0.001584585161172837563, 0.0007807128740356145298, -0.006086135085126049768 ) ) ;
#2523 = CARTESIAN_POINT ( 'NONE',  ( 0.002932636884197496654, 0.01116107344397750285, -0.001598977111349732944 ) ) ;
#2524 = FACE_OUTER_BOUND ( 'NONE', #5366, .T. ) ;
#2525 =( BOUNDED_SURFACE ( )  B_SPLINE_SURFACE ( 3, 2, ( 
 ( #1060, #3667, #6840 ),
 ( #994, #3140, #2106 ),
 ( #3211, #4745, #4190 ),
 ( #4841, #6870, #3246 ),
 ( #6382, #2677, #2070 ),
 ( #2178, #4221, #1610 ),
 ( #3699, #4323, #4806 ),
 ( #2145, #5921, #5814 ),
 ( #1024, #4291, #495 ),
 ( #6903, #4507, #209 ),
 ( #3874, #94, #6028 ),
 ( #745, #2889, #1235 ),
 ( #6635, #707, #1678 ),
 ( #5433, #1273, #4942 ),
 ( #6523, #6598, #1786 ),
 ( #2746, #2357, #2853 ),
 ( #1821, #4979, #2324 ),
 ( #3841, #1161, #3979 ),
 ( #5992, #3390, #5465 ),
 ( #6486, #672, #5015 ),
 ( #3423, #5539, #4472 ),
 ( #1713, #5505, #1127 ),
 ( #59, #5397, #3284 ),
 ( #603, #4359, #4875 ),
 ( #2215, #5957, #3315 ),
 ( #1198, #2252, #173 ),
 ( #3944, #3349, #637 ),
 ( #2786, #4907, #4398 ) ),
 .UNSPECIFIED., .F., .F., .F. ) 
 B_SPLINE_SURFACE_WITH_KNOTS ( ( 4, 2, 2, 2, 2, 2, 2, 2, 2, 2, 2, 2, 2, 4 ),
 ( 3, 3 ),
 ( 0.02326950055425169514, 0.02517814223796367018, 0.02613246307981965597, 0.02708678392167564175, 0.02804110476353163101, 0.02899542560538761679, 0.03090406728909959183, 0.03281270897281156340, 0.03376702981466755266, 0.03472135065652354191, 0.03567567149837952423, 0.03662999234023551348, 0.03758431318209150274, 0.03853863402394748505 ),
 ( 0.000000000000000000, 1.000000000000000000 ),
 .UNSPECIFIED. ) 
 GEOMETRIC_REPRESENTATION_ITEM ( )  RATIONAL_B_SPLINE_SURFACE ( (
 ( 1.000000000000000000, 0.8044043929965372097, 1.000000000000000000),
 ( 1.000000000000000000, 0.8007796799023010337, 1.000000000000000000),
 ( 1.000000000000000000, 0.7942093042856684937, 1.000000000000000000),
 ( 1.000000000000000000, 0.7787626893513776016, 1.000000000000000000),
 ( 1.000000000000000000, 0.7726750136322628748, 1.000000000000000000),
 ( 1.000000000000000000, 0.7590409690890433936, 1.000000000000000000),
 ( 1.000000000000000000, 0.7514600434143169361, 1.000000000000000000),
 ( 1.000000000000000000, 0.7349228008899665321, 1.000000000000000000),
 ( 1.000000000000000000, 0.7259122129340352947, 1.000000000000000000),
 ( 1.000000000000000000, 0.7070137281422975706, 1.000000000000000000),
 ( 1.000000000000000000, 0.6971200764899795344, 1.000000000000000000),
 ( 1.000000000000000000, 0.6663534311968027923, 1.000000000000000000),
 ( 1.000000000000000000, 0.6443942997893128410, 1.000000000000000000),
 ( 1.000000000000000000, 0.5985138250027904894, 1.000000000000000000),
 ( 1.000000000000000000, 0.5752927496246409422, 1.000000000000000000),
 ( 1.000000000000000000, 0.5413406378781129291, 1.000000000000000000),
 ( 1.000000000000000000, 0.5301778541313163506, 1.000000000000000000),
 ( 1.000000000000000000, 0.5085906754590187040, 1.000000000000000000),
 ( 1.000000000000000000, 0.4981382852339195089, 1.000000000000000000),
 ( 1.000000000000000000, 0.4792976361424558518, 1.000000000000000000),
 ( 1.000000000000000000, 0.4707846614747214220, 1.000000000000000000),
 ( 1.000000000000000000, 0.4560561882036668346, 1.000000000000000000),
 ( 1.000000000000000000, 0.4499021261217402978, 1.000000000000000000),
 ( 1.000000000000000000, 0.4411469332630523210, 1.000000000000000000),
 ( 1.000000000000000000, 0.4384583173479167928, 1.000000000000000000),
 ( 1.000000000000000000, 0.4367070165515964386, 1.000000000000000000),
 ( 1.000000000000000000, 0.4376834424599527762, 1.000000000000000000),
 ( 1.000000000000000000, 0.4403083811457604857, 1.000000000000000000) ) ) 
 REPRESENTATION_ITEM ( '' )  SURFACE ( )  );
#2526 = LINE ( 'NONE', #6815, #5767 ) ;
#2527 = ORIENTED_EDGE ( 'NONE', *, *, #2494, .T. ) ;
#2528 = CARTESIAN_POINT ( 'NONE',  ( -0.002664541642785144427, 0.009856317435721701631, -0.0009696055452069029645 ) ) ;
#2529 = CARTESIAN_POINT ( 'NONE',  ( 0.002388695566155867988, 0.01032358573225846017, 0.001002884658607794497 ) ) ;
#2530 = CARTESIAN_POINT ( 'NONE',  ( -0.002816011348061053278, 0.009662661765234909633, -0.0008864885865642206436 ) ) ;
#2531 = B_SPLINE_CURVE_WITH_KNOTS ( 'NONE', 3,
 ( #4999, #4529, #6618, #6014 ),
 .UNSPECIFIED., .F., .F.,
 ( 4, 4 ),
 ( 0.0002130951894643120560, 0.0002333964204212974117 ),
 .UNSPECIFIED. ) ;
#2532 = CARTESIAN_POINT ( 'NONE',  ( 0.000000000000000000, 0.000000000000000000, 0.003047999999999999928 ) ) ;
#2533 =( GEOMETRIC_REPRESENTATION_CONTEXT ( 3 ) GLOBAL_UNCERTAINTY_ASSIGNED_CONTEXT ( ( #4717 ) ) GLOBAL_UNIT_ASSIGNED_CONTEXT ( ( #3809, #2621, #4754 ) ) REPRESENTATION_CONTEXT ( 'NONE', 'WORKASPACE' ) );
#2534 = CARTESIAN_POINT ( 'NONE',  ( 0.002395334538336317629, 0.01030829705758119427, -0.001005258516288010801 ) ) ;
#2535 = CARTESIAN_POINT ( 'NONE',  ( -0.002286162098990021912, 0.01069511746813359317, 0.0008638341485175596432 ) ) ;
#2536 = CARTESIAN_POINT ( 'NONE',  ( -0.1298870221551728932, 0.005771803435880155583, -0.008892556819991235748 ) ) ;
#2537 = LINE ( 'NONE', #3097, #2704 ) ;
#2538 = VERTEX_POINT ( 'NONE', #6306 ) ;
#2539 = FACE_OUTER_BOUND ( 'NONE', #19, .T. ) ;
#2540 = CIRCLE ( 'NONE', #2306, 0.002895600000000001645 ) ;
#2541 = DIRECTION ( 'NONE',  ( -1.000000000000000000, -0.000000000000000000, -1.123292760552739721E-17 ) ) ;
#2542 = CARTESIAN_POINT ( 'NONE',  ( 0.002936814042234496980, 0.01136714548872699675, 0.001425165659997782927 ) ) ;
#2543 = CARTESIAN_POINT ( 'NONE',  ( -0.002286438166191721421, 0.01095138000690619971, 0.0006372641889236944131 ) ) ;
#2544 = DIRECTION ( 'NONE',  ( -0.000000000000000000, 1.000000000000000000, -0.000000000000000000 ) ) ;
#2545 = DIRECTION ( 'NONE',  ( 0.000000000000000000, -1.000000000000000000, 0.000000000000000000 ) ) ;
#2546 = EDGE_CURVE ( 'NONE', #308, #5293, #6447, .T. ) ;
#2547 = ORIENTED_EDGE ( 'NONE', *, *, #1199, .F. ) ;
#2548 = CARTESIAN_POINT ( 'NONE',  ( 0.0002539999999999411218, 0.007685314285714284210, 0.0002539999999999962535 ) ) ;
#2549 = CARTESIAN_POINT ( 'NONE',  ( -0.003641981748911352502, 0.009462351904705292374, 0.001387079464704342327 ) ) ;
#2550 = CARTESIAN_POINT ( 'NONE',  ( 0.002328135181205572089, 0.01115165062406295315, -0.0002237847723608431261 ) ) ;
#2551 = CARTESIAN_POINT ( 'NONE',  ( -0.0002540000000000001024, 0.005588000000000000085, -0.005080000000000001181 ) ) ;
#2552 = CARTESIAN_POINT ( 'NONE',  ( 0.05051867780172025757, 0.005130973809229515473, 0.01074464030225108849 ) ) ;
#2553 = DIRECTION ( 'NONE',  ( -0.000000000000000000, 1.000000000000000000, -0.000000000000000000 ) ) ;
#2554 = EDGE_LOOP ( 'NONE', ( #1976, #5927, #4002, #5359 ) ) ;
#2555 = CARTESIAN_POINT ( 'NONE',  ( -0.002884438135928730530, 0.005080000000000001181, -0.0002540000000000004277 ) ) ;
#2556 = CARTESIAN_POINT ( 'NONE',  ( -0.004766757252919409313, 0.002329117488616394647, -0.004050794132694798648 ) ) ;
#2557 = CARTESIAN_POINT ( 'NONE',  ( 0.002940011462836093856, 0.01140551591830336886, -0.001385780552177038336 ) ) ;
#2558 = CARTESIAN_POINT ( 'NONE',  ( -0.004335433755444278829, 0.001689121988544889418, -0.004687805362810462846 ) ) ;
#2559 = DIRECTION ( 'NONE',  ( 0.000000000000000000, 0.000000000000000000, 1.000000000000000000 ) ) ;
#2560 = ORIENTED_EDGE ( 'NONE', *, *, #1818, .F. ) ;
#2561 = CARTESIAN_POINT ( 'NONE',  ( 0.003276331498088660543, 0.009164912182868925616, 0.0002057954123874233268 ) ) ;
#2562 = CARTESIAN_POINT ( 'NONE',  ( -0.003125884612871563176, 0.009317851504669448851, -0.0005693031510472171134 ) ) ;
#2563 = CARTESIAN_POINT ( 'NONE',  ( -0.05048707696088431535, -0.0005425209098756299210, -0.01946833671770526256 ) ) ;
#2564 = CARTESIAN_POINT ( 'NONE',  ( -0.04992786004216701046, 0.01002645328497454164, 0.003875949699119073024 ) ) ;
#2565 = CARTESIAN_POINT ( 'NONE',  ( 0.002322954739532910075, 0.01113372895592587390, 0.0002905335472760419671 ) ) ;
#2566 = CARTESIAN_POINT ( 'NONE',  ( -0.002284200561560931556, 0.01093113165385884225, 0.0006617531444411970179 ) ) ;
#2567 = CARTESIAN_POINT ( 'NONE',  ( -0.1299964112898304991, 0.005929731144460622001, -0.008915638833484739595 ) ) ;
#2568 = DIRECTION ( 'NONE',  ( 9.484135310589723205E-16, 1.000000000000000000, -0.000000000000000000 ) ) ;
#2569 = ORIENTED_EDGE ( 'NONE', *, *, #3326, .F. ) ;
#2570 = CARTESIAN_POINT ( 'NONE',  ( -0.002298932352424001065, 0.01103230488051556296, 0.0005211923024877099762 ) ) ;
#2571 = CARTESIAN_POINT ( 'NONE',  ( -0.01725368294819858150, 0.007869612553975903133, 0.003166267427777589780 ) ) ;
#2572 = CARTESIAN_POINT ( 'NONE',  ( 0.002990406343489199897, 0.01167951791396299593, 0.0009765396952465639968 ) ) ;
#2573 = CARTESIAN_POINT ( 'NONE',  ( -0.002288201204174139525, 0.01096558638311631237, 0.0006192079950654780229 ) ) ;
#2574 = DIRECTION ( 'NONE',  ( 0.000000000000000000, 0.000000000000000000, -1.000000000000000000 ) ) ;
#2575 = ORIENTED_EDGE ( 'NONE', *, *, #2323, .F. ) ;
#2576 = SHAPE_DEFINITION_REPRESENTATION ( #1693, #526 ) ;
#2577 = CARTESIAN_POINT ( 'NONE',  ( -0.002952877010670972371, 0.01150208319282149637, 0.001268152336245514109 ) ) ;
#2578 = CARTESIAN_POINT ( 'NONE',  ( 0.002647809361168621586, 0.009879021146824325250, -0.0009768685973031913765 ) ) ;
#2579 = ADVANCED_FACE ( 'NONE', ( #6833 ), #4271, .F. ) ;
#2580 = CARTESIAN_POINT ( 'NONE',  ( -0.006082450291327603197, 0.003792877082543111723, -0.001915919078288487757 ) ) ;
#2581 = CARTESIAN_POINT ( 'NONE',  ( 0.04618643467053171886, 0.01031807738083266243, 0.001729601550673314338 ) ) ;
#2582 = EDGE_LOOP ( 'NONE', ( #460, #5006 ) ) ;
#2583 = AXIS2_PLACEMENT_3D ( 'NONE', #1334, #5072, #6093 ) ;
#2584 = CARTESIAN_POINT ( 'NONE',  ( -0.004631615120808877176, 0.008031864869413740324, 0.004196503469877575082 ) ) ;
#2585 = CARTESIAN_POINT ( 'NONE',  ( 0.002966756657222328723, 0.01157857650067246197, -0.001157561235147938324 ) ) ;
#2586 = DIRECTION ( 'NONE',  ( 0.000000000000000000, 0.000000000000000000, 1.000000000000000000 ) ) ;
#2587 = CARTESIAN_POINT ( 'NONE',  ( -0.04595473084257698654, 0.009802317967478013996, 0.004513307731655695487 ) ) ;
#2588 = CARTESIAN_POINT ( 'NONE',  ( -0.003142679679265038099, 0.009300459297902293615, -0.0005417063608978237585 ) ) ;
#2589 = AXIS2_PLACEMENT_3D ( 'NONE', #2107, #6453, #5923 ) ;
#2590 = ORIENTED_EDGE ( 'NONE', *, *, #4247, .F. ) ;
#2591 = CARTESIAN_POINT ( 'NONE',  ( 0.1219751094446030054, 0.008422977100562882569, 0.002489133887741589585 ) ) ;
#2592 = CARTESIAN_POINT ( 'NONE',  ( 0.002835158024137244669, 0.009639844546445446027, 0.0008728878326822455628 ) ) ;
#2593 = CARTESIAN_POINT ( 'NONE',  ( -0.004049858754310665075, 0.008917567470591969414, -7.960907708004508134E-05 ) ) ;
#2594 = CARTESIAN_POINT ( 'NONE',  ( -0.05051867780172033390, 0.005130973809229515473, -0.01074464030225073634 ) ) ;
#2595 = B_SPLINE_CURVE_WITH_KNOTS ( 'NONE', 3,
 ( #3506, #2976, #1906, #5089, #3542, #2519, #4653, #1975, #6251, #5725, #365, #6871, #3176, #3633, #496, #1513, #2516, #3668, #4089, #1970, #5752, #963, #3111, #5224, #3141, #6248 ),
 .UNSPECIFIED., .F., .F.,
 ( 4, 2, 2, 2, 2, 2, 2, 2, 2, 2, 2, 2, 4 ),
 ( 0.5031272353531640595, 0.5546801098607037073, 0.6062329843682433550, 0.6320094216220129013, 0.6448976402488977300, 0.6577858588757824476, 0.7093387333833206521, 0.7608916078908589675, 0.8124444823983971720, 0.8253327010252817786, 0.8382209196521663852, 0.8639973569059358205, 0.9155502314134744690 ),
 .UNSPECIFIED. ) ;
#2596 = CARTESIAN_POINT ( 'NONE',  ( 0.002545226421652594610, 0.01003049491086860888, -0.001007894433593189629 ) ) ;
#2597 = CIRCLE ( 'NONE', #1793, 0.006150000000000000085 ) ;
#2598 = CARTESIAN_POINT ( 'NONE',  ( -0.01135292548726855345, 0.007897306790226843801, 0.003638300110880040954 ) ) ;
#2599 = CARTESIAN_POINT ( 'NONE',  ( 0.002280280344811709981, 0.01087944761540662192, -0.0007176039575505964658 ) ) ;
#2600 = CARTESIAN_POINT ( 'NONE',  ( -0.002570067766199897897, 0.009991702639085850088, 0.001002454954212248775 ) ) ;
#2601 = CARTESIAN_POINT ( 'NONE',  ( -0.1295594515172750205, 0.006760935374933416814, -0.006156596153612708781 ) ) ;
#2602 = AXIS2_PLACEMENT_3D ( 'NONE', #1189, #2810, #3933 ) ;
#2603 = CARTESIAN_POINT ( 'NONE',  ( -0.0002540000000000002109, 0.005080000000000001181, 0.002884438135928730530 ) ) ;
#2604 = ORIENTED_EDGE ( 'NONE', *, *, #4678, .T. ) ;
#2605 = AXIS2_PLACEMENT_3D ( 'NONE', #414, #3555, #878 ) ;
#2606 = PRODUCT_DEFINITION_FORMATION_WITH_SPECIFIED_SOURCE ( 'ANY', '', #3022, .NOT_KNOWN. ) ;
#2607 = CARTESIAN_POINT ( 'NONE',  ( -0.003737554948856816606, 0.007928754622256938348, 0.004330885641057850496 ) ) ;
#2608 = CARTESIAN_POINT ( 'NONE',  ( 0.003017557764026571748, 0.01177240061400186555, -0.0007515607182131089610 ) ) ;
#2609 = CARTESIAN_POINT ( 'NONE',  ( -0.002288969060251520426, 0.01097128607637880802, 0.0006116921784181425081 ) ) ;
#2610 = DIRECTION ( 'NONE',  ( 0.000000000000000000, 0.000000000000000000, 1.000000000000000000 ) ) ;
#2611 = VERTEX_POINT ( 'NONE', #6802 ) ;
#2612 = CONTEXT_DEPENDENT_SHAPE_REPRESENTATION ( #5788, #2265 ) ;
#2613 = CARTESIAN_POINT ( 'NONE',  ( -0.003018922339492966130, 0.01177665956917924549, 0.0007390712356286598117 ) ) ;
#2614 = CARTESIAN_POINT ( 'NONE',  ( 0.003008749041710779160, 0.009442555179397408432, -0.0007195690698989746104 ) ) ;
#2615 = CARTESIAN_POINT ( 'NONE',  ( 0.04595473084257702123, 0.009802317967478013996, -0.004513307731655374563 ) ) ;
#2616 = ORIENTED_EDGE ( 'NONE', *, *, #3255, .T. ) ;
#2617 = CARTESIAN_POINT ( 'NONE',  ( -0.005703260428364521732, 0.003413599007056521400, -0.002754528877293980094 ) ) ;
#2618 = CARTESIAN_POINT ( 'NONE',  ( 0.003215672197546786803, 0.009225754347623255774, 0.0003996585633361472625 ) ) ;
#2619 = CARTESIAN_POINT ( 'NONE',  ( 0.02297305825785924890, -6.618838861039471537E-05, 0.006358794152084697344 ) ) ;
#2620 = CARTESIAN_POINT ( 'NONE',  ( -0.05051867780172033390, 0.004039330022138959767, -0.01075968455708328601 ) ) ;
#2621 =( NAMED_UNIT ( * ) PLANE_ANGLE_UNIT ( ) SI_UNIT ( $, .RADIAN. ) );
#2622 = CARTESIAN_POINT ( 'NONE',  ( 0.1286476512817983919, 0.006730448900353508748, 0.007306308115398945681 ) ) ;
#2623 = CARTESIAN_POINT ( 'NONE',  ( 0.002418625434111376388, 0.01025758620000642198, 0.001011434936478646006 ) ) ;
#2624 = CARTESIAN_POINT ( 'NONE',  ( -0.003966263648891978598, 0.009023836900612191084, -0.0006651043714127600516 ) ) ;
#2625 = CARTESIAN_POINT ( 'NONE',  ( 0.002423389084788795528, 0.009530282977552553825, 0.0008079907265821661445 ) ) ;
#2626 = DIRECTION ( 'NONE',  ( 0.000000000000000000, 0.000000000000000000, -1.000000000000000000 ) ) ;
#2627 = EDGE_CURVE ( 'NONE', #1707, #3881, #4675, .T. ) ;
#2628 = CARTESIAN_POINT ( 'NONE',  ( -0.004257833033385057669, 0.001863566417934125769, -0.004583193272565841588 ) ) ;
#2629 = CARTESIAN_POINT ( 'NONE',  ( -0.1297010585244355862, 0.006204405419614782667, -0.008380106257346257165 ) ) ;
#2630 = CARTESIAN_POINT ( 'NONE',  ( 0.003049052342669995690, 0.009399019675847913868, -0.0006733630433110483890 ) ) ;
#2631 = CARTESIAN_POINT ( 'NONE',  ( -0.003161657778857558318, 0.009280859477181208420, 0.0005095444033668624934 ) ) ;
#2632 = EDGE_CURVE ( 'NONE', #5555, #2710, #4389, .T. ) ;
#2633 = DIRECTION ( 'NONE',  ( -1.224646799147353207E-16, 1.161471595079409288E-31, 1.000000000000000000 ) ) ;
#2634 = CARTESIAN_POINT ( 'NONE',  ( 0.000000000000000000, 0.000000000000000000, 0.000000000000000000 ) ) ;
#2635 = ORIENTED_EDGE ( 'NONE', *, *, #3658, .F. ) ;
#2636 = CIRCLE ( 'NONE', #6095, 0.001415789041095890559 ) ;
#2637 = CARTESIAN_POINT ( 'NONE',  ( 0.003481646947427951763, 0.009701999042826625272, 0.001586375468225998233 ) ) ;
#2638 = CARTESIAN_POINT ( 'NONE',  ( -0.02668492128629580684, 0.008695318254563152299, 0.004094477659728730859 ) ) ;
#2639 = CARTESIAN_POINT ( 'NONE',  ( 0.002936417298284053033, 0.01109425155469759804, -0.001642212544079286280 ) ) ;
#2640 = CARTESIAN_POINT ( 'NONE',  ( -0.002737011426054730689, 0.01267867681766161013, 0.000000000000000000 ) ) ;
#2641 = CARTESIAN_POINT ( 'NONE',  ( -0.001348694731337228298, 0.0008508732707223399822, -0.006102747129093847971 ) ) ;
#2642 = AXIS2_PLACEMENT_3D ( 'NONE', #3502, #5085, #290 ) ;
#2643 = EDGE_LOOP ( 'NONE', ( #5130, #2170, #1014, #5512, #2942, #3396 ) ) ;
#2644 = APPLICATION_PROTOCOL_DEFINITION ( 'draft international standard', 'automotive_design', 1998, #6285 ) ;
#2645 = CARTESIAN_POINT ( 'NONE',  ( -0.003002165313322880877, 0.01172193931856708136, 0.0008832186610947267719 ) ) ;
#2646 = CARTESIAN_POINT ( 'NONE',  ( 0.004673377233536468202, 0.007930708503588096425, -0.004271636556781518122 ) ) ;
#2647 = EDGE_CURVE ( 'NONE', #5689, #2364, #1192, .T. ) ;
#2648 = FACE_OUTER_BOUND ( 'NONE', #519, .T. ) ;
#2649 = CARTESIAN_POINT ( 'NONE',  ( 0.001449181636525680595, 0.0002344904790593442089, 0.0002539999999999998856 ) ) ;
#2650 = CARTESIAN_POINT ( 'NONE',  ( 0.1299999999999999212, 0.006244717164803867925, 0.01127134194007468893 ) ) ;
#2651 = ORIENTED_EDGE ( 'NONE', *, *, #2494, .F. ) ;
#2652 = CARTESIAN_POINT ( 'NONE',  ( -0.005047501092015407691, 0.008028821949165524177, 0.003699006597940388517 ) ) ;
#2653 = CARTESIAN_POINT ( 'NONE',  ( 0.003245417641797944657, 0.009195787815756759423, 0.0003206813170564039328 ) ) ;
#2654 = CARTESIAN_POINT ( 'NONE',  ( 0.01747809365003685084, 0.0003435990175735472601, 0.005100186359730938222 ) ) ;
#2655 = CARTESIAN_POINT ( 'NONE',  ( -0.03879675669357111195, 0.008037536503041516067, -0.0004068104037854671558 ) ) ;
#2656 = SURFACE_STYLE_USAGE ( .BOTH. , #4888 ) ;
#2657 = CARTESIAN_POINT ( 'NONE',  ( 0.1278393595778032910, 0.007377809964695517843, 0.004832503458578151292 ) ) ;
#2658 = CARTESIAN_POINT ( 'NONE',  ( -0.002296699698533195399, 0.01062364004015616328, -0.0009042088198146818389 ) ) ;
#2659 = CARTESIAN_POINT ( 'NONE',  ( 0.006089221972587606502, 0.006454690748954067941, -0.001769549743850707194 ) ) ;
#2660 = CARTESIAN_POINT ( 'NONE',  ( -0.005535273220568424045, 0.007808125484203054349, 0.002917232399636874446 ) ) ;
#2661 = CARTESIAN_POINT ( 'NONE',  ( -0.004941353327014579369, 0.002375997840569938225, -0.003912181869158979849 ) ) ;
#2662 = CARTESIAN_POINT ( 'NONE',  ( 0.002680532727605699876, 0.009834647396860929716, -0.0009626229722167551272 ) ) ;
#2663 = CARTESIAN_POINT ( 'NONE',  ( -0.003284468170049752948, 0.009156829141219548218, 0.0001611819941858257468 ) ) ;
#2664 = CARTESIAN_POINT ( 'NONE',  ( -0.1301721376345637005, 0.005689196063288480890, -0.009353608787463550331 ) ) ;
#2665 = ADVANCED_FACE ( 'NONE', ( #3627 ), #2940, .T. ) ;
#2666 = DIRECTION ( 'NONE',  ( -1.000000000000000000, 1.050710766793948120E-15, 0.000000000000000000 ) ) ;
#2667 = CARTESIAN_POINT ( 'NONE',  ( 0.005046672350763338824, 0.008028910260974660498, -0.003700061511462546075 ) ) ;
#2668 = VERTEX_POINT ( 'NONE', #4709 ) ;
#2669 = CARTESIAN_POINT ( 'NONE',  ( 0.000000000000000000, 0.005080000000000001181, 0.000000000000000000 ) ) ;
#2670 = CARTESIAN_POINT ( 'NONE',  ( -0.02944785646542266017, 0.008342660111930348676, 0.003136439952808791481 ) ) ;
#2671 = CARTESIAN_POINT ( 'NONE',  ( 0.003054655926436987759, 0.01187786862372528125, 0.0002891739818857449020 ) ) ;
#2672 = DIRECTION ( 'NONE',  ( -0.000000000000000000, -1.000000000000000000, -0.000000000000000000 ) ) ;
#2673 = ORIENTED_EDGE ( 'NONE', *, *, #3595, .F. ) ;
#2674 = APPLICATION_PROTOCOL_DEFINITION ( 'draft international standard', 'automotive_design', 1998, #4114 ) ;
#2675 = ORIENTED_EDGE ( 'NONE', *, *, #2140, .T. ) ;
#2676 = CARTESIAN_POINT ( 'NONE',  ( -0.002944096468215282730, 0.01101123215058540800, 0.001689253739045311863 ) ) ;
#2677 = CARTESIAN_POINT ( 'NONE',  ( -0.005829003254750480395, 0.006753476482122209787, 0.002271910592630872576 ) ) ;
#2678 = CARTESIAN_POINT ( 'NONE',  ( 0.0002539999999999998314, 0.0004689809571372346758, 0.001447224898745791757 ) ) ;
#2679 = CARTESIAN_POINT ( 'NONE',  ( 0.000000000000000000, 0.001015999999999999976, 0.000000000000000000 ) ) ;
#2680 = CARTESIAN_POINT ( 'NONE',  ( 3.386556920630763480E-17, 0.007799999999999968417, -0.004849742261192872654 ) ) ;
#2681 = ORIENTED_EDGE ( 'NONE', *, *, #1798, .T. ) ;
#2682 = CARTESIAN_POINT ( 'NONE',  ( -0.1299999999999999767, 0.005863220238160443340, -0.008834688275973860347 ) ) ;
#2683 = CARTESIAN_POINT ( 'NONE',  ( 0.002997994573717569465, 0.009454229369337043346, 0.0007315317059637416750 ) ) ;
#2684 = CARTESIAN_POINT ( 'NONE',  ( 0.02292398139508832616, 0.003448409073906997212, 0.002519888445189335992 ) ) ;
#2685 = ADVANCED_BREP_SHAPE_REPRESENTATION ( '', ( #2511, #3950 ), #5270 ) ;
#2686 = DIRECTION ( 'NONE',  ( 9.484135310589723205E-16, 1.000000000000000000, -0.000000000000000000 ) ) ;
#2687 = CARTESIAN_POINT ( 'NONE',  ( 0.1268922468531467895, 0.007611726923606954021, 0.004320960984569254676 ) ) ;
#2688 = CARTESIAN_POINT ( 'NONE',  ( -0.003083865514015733927, 0.009361925814305390586, 0.0006295646436630680408 ) ) ;
#2689 = CARTESIAN_POINT ( 'NONE',  ( -0.002314736036725771259, 0.01110311731149617523, -0.0003782624658883431811 ) ) ;
#2690 = DIRECTION ( 'NONE',  ( 0.000000000000000000, 1.000000000000000000, 0.000000000000000000 ) ) ;
#2691 = CARTESIAN_POINT ( 'NONE',  ( 0.006352553552068035750, 0.005660232134131077189, 0.0001850353792272378889 ) ) ;
#2692 = CARTESIAN_POINT ( 'NONE',  ( -0.01131471827119111609, 0.007713102965228884125, 0.003714864417458728623 ) ) ;
#2693 = CARTESIAN_POINT ( 'NONE',  ( 0.003974628299736300899, 0.009013052744934985788, 0.0006378089373484362992 ) ) ;
#2694 = VECTOR ( 'NONE', #2541, 1.000000000000000000 ) ;
#2695 = CARTESIAN_POINT ( 'NONE',  ( 0.002594801580563835166, 0.009954968947981602742, -0.0009952204006686714201 ) ) ;
#2696 = CARTESIAN_POINT ( 'NONE',  ( -0.01747809365003688553, 0.0003435990175735472601, -0.005100186359730815924 ) ) ;
#2697 = CARTESIAN_POINT ( 'NONE',  ( 3.010099615331329263E-18, 0.01447799999999999608, 0.000000000000000000 ) ) ;
#2698 = CARTESIAN_POINT ( 'NONE',  ( -0.003046172936083847357, 0.01185533839239468444, 0.0004359227056944474225 ) ) ;
#2699 = CARTESIAN_POINT ( 'NONE',  ( 0.004561123406942956156, 0.008014486923732159693, -0.004273265711587358531 ) ) ;
#2700 = EDGE_LOOP ( 'NONE', ( #6069, #1095, #6055, #3244 ) ) ;
#2701 = VECTOR ( 'NONE', #4180, 1.000000000000000000 ) ;
#2702 = EDGE_CURVE ( 'NONE', #51, #1637, #773, .T. ) ;
#2703 = VECTOR ( 'NONE', #5422, 1.000000000000000000 ) ;
#2704 = VECTOR ( 'NONE', #3195, 1.000000000000000000 ) ;
#2705 = CARTESIAN_POINT ( 'NONE',  ( -0.06599777678225732247, 0.01038740599548360240, 0.004232842737214789763 ) ) ;
#2706 = CARTESIAN_POINT ( 'NONE',  ( 0.003026888055851604739, 0.01180079998830271641, 0.0006629131151232735449 ) ) ;
#2707 = CARTESIAN_POINT ( 'NONE',  ( 0.002281552032127059319, 0.01074329643639463337, -0.0008322652040188205022 ) ) ;
#2708 = DIRECTION ( 'NONE',  ( 0.000000000000000000, 0.000000000000000000, 1.000000000000000000 ) ) ;
#2709 = PRODUCT_DEFINITION ( 'UNKNOWN', '', #6179, #4585 ) ;
#2710 = VERTEX_POINT ( 'NONE', #2640 ) ;
#2711 = CARTESIAN_POINT ( 'NONE',  ( -0.004020637408968782099, 0.008954466345868286603, 0.0004013710577905277646 ) ) ;
#2712 = ADVANCED_FACE ( 'NONE', ( #1569 ), #1537, .F. ) ;
#2713 = CARTESIAN_POINT ( 'NONE',  ( 0.004547887111742803835, 0.007893005072868157501, -0.004340509759818787089 ) ) ;
#2714 = CARTESIAN_POINT ( 'NONE',  ( 0.0002539999999999998314, 0.004272187755612158119, 0.001415477532827728174 ) ) ;
#2715 = DIRECTION ( 'NONE',  ( -0.000000000000000000, 1.000000000000000000, 0.000000000000000000 ) ) ;
#2716 = CARTESIAN_POINT ( 'NONE',  ( -0.002468810975813930629, 0.01015999999996525065, -0.001016000088663737352 ) ) ;
#2717 = DIRECTION ( 'NONE',  ( 0.000000000000000000, -0.000000000000000000, -1.000000000000000000 ) ) ;
#2718 = EDGE_CURVE ( 'NONE', #1637, #4718, #5274, .T. ) ;
#2719 = ORIENTED_EDGE ( 'NONE', *, *, #5095, .T. ) ;
#2720 = CARTESIAN_POINT ( 'NONE',  ( -0.001820487830480786110, 0.01066822352608107032, -0.0009056332268470205322 ) ) ;
#2721 = CARTESIAN_POINT ( 'NONE',  ( 0.003260231172205351260, 0.009180959395742207055, 0.0002720714305829622748 ) ) ;
#2722 = CARTESIAN_POINT ( 'NONE',  ( 0.05375896055050219391, 0.01011414554320247058, -0.004513732244032049243 ) ) ;
#2723 = CARTESIAN_POINT ( 'NONE',  ( -0.05351620202844323965, 0.008721237902784624574, -0.002423009713667411032 ) ) ;
#2724 = DIRECTION ( 'NONE',  ( -0.000000000000000000, -1.000000000000000000, -0.000000000000000000 ) ) ;
#2725 = CARTESIAN_POINT ( 'NONE',  ( 0.1296160019472634428, 0.006035900200579951379, 0.008306087787816758203 ) ) ;
#2726 = CARTESIAN_POINT ( 'NONE',  ( -0.003297545569111873763, 0.009143873050817883166, 6.359389347587209029E-06 ) ) ;
#2727 = CARTESIAN_POINT ( 'NONE',  ( -0.002333932420118681097, 0.01117059106386719333, -0.0001102754782786050992 ) ) ;
#2728 = CARTESIAN_POINT ( 'NONE',  ( 0.000000000000000000, 0.02413508000000001361, 0.000000000000000000 ) ) ;
#2729 = ORIENTED_EDGE ( 'NONE', *, *, #5184, .F. ) ;
#2730 = CARTESIAN_POINT ( 'NONE',  ( 0.002653292788492359316, 0.009871276181210456371, -0.0009748808080169429771 ) ) ;
#2731 = CARTESIAN_POINT ( 'NONE',  ( -0.005641145102812691707, 0.003525147851916854078, -0.002736144911366461280 ) ) ;
#2732 = CARTESIAN_POINT ( 'NONE',  ( -0.006038914759849456186, 0.007229518288776683003, 0.002018967160003861273 ) ) ;
#2733 = CARTESIAN_POINT ( 'NONE',  ( 0.002504612284691814204, 0.01009694533957653309, -0.001014168211331739622 ) ) ;
#2734 = CARTESIAN_POINT ( 'NONE',  ( -0.03001791880397789228, -0.0004603294020596733049, -0.008862087538974361065 ) ) ;
#2735 = DIRECTION ( 'NONE',  ( 1.123292760552739721E-17, -0.000000000000000000, -1.000000000000000000 ) ) ;
#2736 = CARTESIAN_POINT ( 'NONE',  ( -0.002941494499465179078, 0.01141687517060494851, -0.001372087188885728372 ) ) ;
#2737 = CARTESIAN_POINT ( 'NONE',  ( 0.004367638395779699020, 0.001700673699345799355, 0.004671530742250357658 ) ) ;
#2738 = ORIENTED_EDGE ( 'NONE', *, *, #4387, .T. ) ;
#2739 = CARTESIAN_POINT ( 'NONE',  ( -0.03069393083007711936, 0.008932077155420804770, 0.004181209682851699631 ) ) ;
#2740 = CARTESIAN_POINT ( 'NONE',  ( 0.003285568532467321098, 0.009155736355543678956, -0.0001549591848021190064 ) ) ;
#2741 = CARTESIAN_POINT ( 'NONE',  ( 0.002314909970728108550, 0.01110376570703515420, 0.0003764645360915031859 ) ) ;
#2742 = CARTESIAN_POINT ( 'NONE',  ( -0.002648588522329388840, 0.009878084287586423942, 0.0009763646595381444407 ) ) ;
#2743 = VERTEX_POINT ( 'NONE', #1053 ) ;
#2744 = PRESENTATION_LAYER_ASSIGNMENT (  '', '', ( #5861 ) ) ;
#2745 = CARTESIAN_POINT ( 'NONE',  ( -0.003935358556472585805, 0.009063702429170776911, -0.0007734472561024730193 ) ) ;
#2746 = CARTESIAN_POINT ( 'NONE',  ( -0.005280102838502786361, 0.002496522474554358634, -0.003354067925791182937 ) ) ;
#2747 = EDGE_CURVE ( 'NONE', #2668, #5176, #4286, .T. ) ;
#2748 = CARTESIAN_POINT ( 'NONE',  ( 0.001473200000000000030, 0.000000000000000000, 0.000000000000000000 ) ) ;
#2749 = DIRECTION ( 'NONE',  ( 0.000000000000000000, 0.000000000000000000, 1.000000000000000000 ) ) ;
#2750 = CARTESIAN_POINT ( 'NONE',  ( 0.1299999999999999212, 0.005851314908187267398, 0.008842212033247866601 ) ) ;
#2751 = CARTESIAN_POINT ( 'NONE',  ( 1.686279258222847794E-18, 0.01447799999999999782, 0.000000000000000000 ) ) ;
#2752 = EDGE_CURVE ( 'NONE', #1377, #1707, #3420, .T. ) ;
#2753 = UNCERTAINTY_MEASURE_WITH_UNIT (LENGTH_MEASURE( 1.000000000000000082E-05 ), #4404, 'distance_accuracy_value', 'NONE');
#2754 = VERTEX_POINT ( 'NONE', #6663 ) ;
#2755 = CARTESIAN_POINT ( 'NONE',  ( -0.002296107176413650537, 0.01101679181290479877, -0.0005460586392019211926 ) ) ;
#2756 = DIRECTION ( 'NONE',  ( 9.484135310589723205E-16, 1.000000000000000000, -0.000000000000000000 ) ) ;
#2757 = VECTOR ( 'NONE', #6472, 1.000000000000000222 ) ;
#2758 = CARTESIAN_POINT ( 'NONE',  ( 0.003234271285340675501, 0.009206987320949306872, 0.0003525740754712089020 ) ) ;
#2759 = CARTESIAN_POINT ( 'NONE',  ( 0.03879675669357111195, 0.008037536503041516067, 0.0004068104037857380980 ) ) ;
#2760 = CARTESIAN_POINT ( 'NONE',  ( 0.003763389820949923723, 0.007875189244403427505, -0.004680806740590849960 ) ) ;
#2761 = FILL_AREA_STYLE ('',( #71 ) ) ;
#2762 = CARTESIAN_POINT ( 'NONE',  ( 0.1298046589335755119, 0.005873239052399181932, 0.008655478987683378964 ) ) ;
#2763 = CARTESIAN_POINT ( 'NONE',  ( -0.002876475065354906682, 0.009591095495024881332, 0.0008423496998887529050 ) ) ;
#2764 = CARTESIAN_POINT ( 'NONE',  ( -0.002323781591865771261, 0.01113665665328177415, -0.0002805268902690393330 ) ) ;
#2765 = MECHANICAL_DESIGN_GEOMETRIC_PRESENTATION_REPRESENTATION (  '', ( #4001 ), #787 ) ;
#2766 = CARTESIAN_POINT ( 'NONE',  ( 0.005829003254748625108, 0.006753476482122192440, -0.002271910592630669180 ) ) ;
#2767 = CARTESIAN_POINT ( 'NONE',  ( -9.896207414363052682E-31, 0.01149665802481590268, 0.000000000000000000 ) ) ;
#2768 = CARTESIAN_POINT ( 'NONE',  ( -0.003360274334937685126, 0.009899502665552353808, -0.001699801371952520349 ) ) ;
#2769 = CARTESIAN_POINT ( 'NONE',  ( -0.02334078559194952690, 0.007913503986496124923, 0.003093603449330809864 ) ) ;
#2770 = CARTESIAN_POINT ( 'NONE',  ( 0.003048634584938093341, 0.01056434962308512235, 0.001818213182508827009 ) ) ;
#2771 = CARTESIAN_POINT ( 'NONE',  ( 0.002891663654259012464, 0.009573518009770600606, -0.0008302058010792788502 ) ) ;
#2772 = B_SPLINE_CURVE_WITH_KNOTS ( 'NONE', 3,
 ( #5518, #4991, #185, #2335 ),
 .UNSPECIFIED., .F., .F.,
 ( 4, 4 ),
 ( 0.0008314383372711056739, 0.0008517395682280902436 ),
 .UNSPECIFIED. ) ;
#2773 = B_SPLINE_CURVE_WITH_KNOTS ( 'NONE', 3,
 ( #3966, #4962, #6583, #1291, #2946, #763, #3929, #2273 ),
 .UNSPECIFIED., .F., .F.,
 ( 4, 2, 2, 4 ),
 ( 0.001616404283139017111, 0.001943251645701232939, 0.002270099008263448334, 0.002923793733387879991 ),
 .UNSPECIFIED. ) ;
#2774 = CARTESIAN_POINT ( 'NONE',  ( -0.003197138939060347688, 0.009244557521545250164, -0.0004410191919543820366 ) ) ;
#2775 = CARTESIAN_POINT ( 'NONE',  ( -0.1301108769235105045, 0.005777161678490884411, -0.009211981016333924827 ) ) ;
#2776 = CARTESIAN_POINT ( 'NONE',  ( -0.002995989130276701003, 0.01170014385122308473, -0.0009327809181004975605 ) ) ;
#2777 = LINE ( 'NONE', #1599, #1016 ) ;
#2778 = ORIENTED_EDGE ( 'NONE', *, *, #6892, .T. ) ;
#2779 = CARTESIAN_POINT ( 'NONE',  ( 0.1269598944144261499, 0.007062642001061512909, 0.006132870147181320418 ) ) ;
#2780 = EDGE_LOOP ( 'NONE', ( #2231, #6211, #4007, #1419 ) ) ;
#2781 = CARTESIAN_POINT ( 'NONE',  ( -0.03079810708463669860, 0.008455929179804994728, 0.003173438236547337053 ) ) ;
#2782 = CARTESIAN_POINT ( 'NONE',  ( 0.003658528070406648694, 0.009438674427166119513, -0.001362776483007178746 ) ) ;
#2783 = CARTESIAN_POINT ( 'NONE',  ( 0.002302009362363150596, 0.01104769592218743206, -0.0004942993306902345460 ) ) ;
#2784 = CARTESIAN_POINT ( 'NONE',  ( -0.002848372306548924756, 0.009624206260034736532, 0.0008632437853825919438 ) ) ;
#2785 = CARTESIAN_POINT ( 'NONE',  ( -0.002694082179719513130, 0.009816588233466131200, -0.0009563274703761336397 ) ) ;
#2786 = CARTESIAN_POINT ( 'NONE',  ( -0.001260674491841008715, 0.0008528140460401379807, -0.006121535740777917303 ) ) ;
#2787 = DIRECTION ( 'NONE',  ( -0.000000000000000000, -1.000000000000000000, -0.000000000000000000 ) ) ;
#2788 = CARTESIAN_POINT ( 'NONE',  ( 0.000000000000000000, 0.02225040000000000351, 0.000000000000000000 ) ) ;
#2789 = CARTESIAN_POINT ( 'NONE',  ( -0.002750418597259913969, 0.009743773238057530997, -0.0009269002378554844733 ) ) ;
#2790 = CARTESIAN_POINT ( 'NONE',  ( -0.001449181636525680595, 0.0002344904790593441547, 0.0002539999999999999398 ) ) ;
#2791 = VERTEX_POINT ( 'NONE', #4635 ) ;
#2792 = CARTESIAN_POINT ( 'NONE',  ( -0.003322180356682347385, 0.009966930633826443300, -0.001727104044105704905 ) ) ;
#2793 = CARTESIAN_POINT ( 'NONE',  ( 0.002284913582704437181, 0.01093802078084117960, 0.0006536346421965395954 ) ) ;
#2794 = CARTESIAN_POINT ( 'NONE',  ( 0.000000000000000000, 0.001015999999999999976, -0.006032499999999999668 ) ) ;
#2795 = EDGE_CURVE ( 'NONE', #2317, #6908, #243, .T. ) ;
#2796 = CARTESIAN_POINT ( 'NONE',  ( 0.01320202681189634394, 0.007694907025463492388, -0.003546999458893405812 ) ) ;
#2797 = CARTESIAN_POINT ( 'NONE',  ( 0.001658978999887243504, 0.0008459597251040127178, 0.006034174935398457264 ) ) ;
#2798 = CARTESIAN_POINT ( 'NONE',  ( -0.002665403540881416695, 0.009855092475544486794, 0.0009692940046771212053 ) ) ;
#2799 = CARTESIAN_POINT ( 'NONE',  ( -0.002299302575759804013, 0.01103425285906249088, -0.0005179208386677363338 ) ) ;
#2800 = CARTESIAN_POINT ( 'NONE',  ( 0.004622785550631477829, 0.001845904193188021127, 0.004215710007197309706 ) ) ;
#2801 = CARTESIAN_POINT ( 'NONE',  ( -0.004512970645722523023, 0.007827940255706392070, 0.004358984518350771803 ) ) ;
#2802 = CARTESIAN_POINT ( 'NONE',  ( -0.003098539182833234644, 0.01042595137498994635, -0.001825309037713609799 ) ) ;
#2803 = CARTESIAN_POINT ( 'NONE',  ( 0.003026946663750927462, 0.01180096145150513753, -0.0006623725122087095220 ) ) ;
#2804 = B_SPLINE_CURVE_WITH_KNOTS ( 'NONE', 3,
 ( #2066, #5249, #6834, #2034, #459, #3171, #1636, #5846, #1538, #5321, #4186, #5284, #1506, #3662, #6448, #6342, #5779, #990, #4319, #3795, #3137, #3692, #4743, #5808, #6376, #6866, #490, #2641 ),
 .UNSPECIFIED., .F., .F.,
 ( 4, 2, 2, 2, 2, 2, 2, 2, 2, 2, 2, 2, 2, 4 ),
 ( 0.000000000000000000, 0.001868755397736724137, 0.002803133096605086097, 0.003737510795473447407, 0.004671888494341808716, 0.005606266193210171327, 0.007475021590946895680, 0.009343776988683620902, 0.01027815468755198525, 0.01121253238642034786, 0.01214691008528871047, 0.01308128778415707134, 0.01401566548302543395, 0.01495004318189379657 ),
 .UNSPECIFIED. ) ;
#2805 = CARTESIAN_POINT ( 'NONE',  ( 0.003061885393919765597, 0.01052621205716662046, 0.001821118193023855839 ) ) ;
#2806 = CARTESIAN_POINT ( 'NONE',  ( 0.001451138256679907184, 0.000000000000000000, 0.0002539999999999998856 ) ) ;
#2807 = CARTESIAN_POINT ( 'NONE',  ( -0.003294370596442086716, 0.009147014388843797625, -8.010631814595174400E-05 ) ) ;
#2808 = CARTESIAN_POINT ( 'NONE',  ( 0.04733985657235929845, 0.009701170585085362383, -0.003851813759190152089 ) ) ;
#2809 = CARTESIAN_POINT ( 'NONE',  ( -0.003022696604370085725, 0.01178822923628067634, -0.0007037934438734000332 ) ) ;
#2810 = DIRECTION ( 'NONE',  ( 0.000000000000000000, 1.000000000000000000, 0.000000000000000000 ) ) ;
#2811 = ORIENTED_EDGE ( 'NONE', *, *, #5172, .F. ) ;
#2812 = CARTESIAN_POINT ( 'NONE',  ( -0.01747578506825341743, 0.0001435717927740536503, -0.005273211948973731064 ) ) ;
#2813 = EDGE_CURVE ( 'NONE', #5176, #6713, #6538, .T. ) ;
#2814 = AXIS2_PLACEMENT_3D ( 'NONE', #6884, #4305, #6360 ) ;
#2815 = CARTESIAN_POINT ( 'NONE',  ( -0.1195758578967322516, 0.008543280879117341742, -0.003192840709517208182 ) ) ;
#2816 = CARTESIAN_POINT ( 'NONE',  ( 0.003356375921406337063, 0.009907229369926336127, -0.001701295159176639555 ) ) ;
#2817 = CARTESIAN_POINT ( 'NONE',  ( 0.002321466998199750182, 0.01112838406516491151, -0.0003075778462359447752 ) ) ;
#2818 = CARTESIAN_POINT ( 'NONE',  ( -0.002714678272757118423, 0.009789594022451150734, 0.0009461213937135339600 ) ) ;
#2819 = CARTESIAN_POINT ( 'NONE',  ( -0.003998722054705420442, 0.008982311470994692668, -0.0005248941447750930973 ) ) ;
#2820 = CIRCLE ( 'NONE', #570, 0.002895600000000001645 ) ;
#2821 = CARTESIAN_POINT ( 'NONE',  ( 0.000000000000000000, 0.02225040000000000351, 0.002895600000000001645 ) ) ;
#2822 = CARTESIAN_POINT ( 'NONE',  ( 0.004561586167874838449, 0.008014687931665489054, -0.004272770874676819208 ) ) ;
#2823 = CARTESIAN_POINT ( 'NONE',  ( 0.003964524861216826672, 0.009026038392584485870, -0.0006734956322367849271 ) ) ;
#2824 = CARTESIAN_POINT ( 'NONE',  ( -0.003096643499864588141, 0.009348344883843701103, -0.0006127988631908116990 ) ) ;
#2825 = CARTESIAN_POINT ( 'NONE',  ( 0.000000000000000000, 0.005587999999999999218, 0.000000000000000000 ) ) ;
#2826 = ORIENTED_EDGE ( 'NONE', *, *, #5219, .F. ) ;
#2827 = PLANE ( 'NONE',  #2365 ) ;
#2828 = CARTESIAN_POINT ( 'NONE',  ( 0.002293331660248902441, 0.01100069098894812525, 0.0005707883764807737724 ) ) ;
#2829 = CARTESIAN_POINT ( 'NONE',  ( 0.0002539999999999996688, 0.005080000000000001181, 0.002884438135928730530 ) ) ;
#2830 = CARTESIAN_POINT ( 'NONE',  ( 0.01455378251520736584, 0.007682092099917508035, -0.003432648162886590883 ) ) ;
#2831 = DIRECTION ( 'NONE',  ( 0.000000000000000000, 0.000000000000000000, -1.000000000000000000 ) ) ;
#2832 = CARTESIAN_POINT ( 'NONE',  ( 0.1300657584431530178, 0.005837583745954287411, 0.009103313572346416818 ) ) ;
#2833 = CARTESIAN_POINT ( 'NONE',  ( -0.003262874106545906889, 0.009178320873670245753, 0.0002624022121030073710 ) ) ;
#2834 = CARTESIAN_POINT ( 'NONE',  ( -0.002319231024487203221, 0.01112044001535699399, 0.0003331667198505545188 ) ) ;
#2835 = CARTESIAN_POINT ( 'NONE',  ( 0.001295301446637623158, 0.0009318506679657673512, 0.006279013763294741604 ) ) ;
#2836 = EDGE_LOOP ( 'NONE', ( #1743, #3234, #5579, #491, #2915 ) ) ;
#2837 = CARTESIAN_POINT ( 'NONE',  ( 0.003026888055851604739, 0.01180079998830271641, 0.0006629131151232735449 ) ) ;
#2838 = CARTESIAN_POINT ( 'NONE',  ( -0.002541531368423496657, 0.009171289465234475080, 0.0002682796696134716699 ) ) ;
#2839 = CARTESIAN_POINT ( 'NONE',  ( 0.000000000000000000, 9.999999999999939493E-05, 0.000000000000000000 ) ) ;
#2840 = ORIENTED_EDGE ( 'NONE', *, *, #1668, .T. ) ;
#2841 = CARTESIAN_POINT ( 'NONE',  ( 0.004204505721482827349, 0.001821668608563037015, 0.004632335081807222900 ) ) ;
#2842 = CARTESIAN_POINT ( 'NONE',  ( 0.09005638292591945648, 0.01011330470636746977, -0.001922779640321791361 ) ) ;
#2843 = CARTESIAN_POINT ( 'NONE',  ( -0.003061662496963372514, 0.01189589244068543598, -1.302866838296184927E-05 ) ) ;
#2844 = CARTESIAN_POINT ( 'NONE',  ( 0.002979443679063565383, 0.009474697873406878745, 0.0007501627961540773080 ) ) ;
#2845 = ORIENTED_EDGE ( 'NONE', *, *, #4722, .F. ) ;
#2846 = CARTESIAN_POINT ( 'NONE',  ( -0.004042316477297652581, 0.001735814177769827958, -0.004670813650600475625 ) ) ;
#2847 = EDGE_CURVE ( 'NONE', #5302, #1377, #6629, .T. ) ;
#2848 = CARTESIAN_POINT ( 'NONE',  ( -0.1156621983150936256, 0.008963334337383659089, -0.002140188144188899001 ) ) ;
#2849 = CARTESIAN_POINT ( 'NONE',  ( 0.003419587008494665015, 0.009801388534784195514, -0.001647132411848828198 ) ) ;
#2850 = CARTESIAN_POINT ( 'NONE',  ( 0.002290051668710461116, 0.01066042666162719636, -0.0008855705115891880251 ) ) ;
#2851 = CARTESIAN_POINT ( 'NONE',  ( -0.003232377124878239947, 0.009208834105496301742, 0.0003602076045603308627 ) ) ;
#2852 = CARTESIAN_POINT ( 'NONE',  ( -0.003988414019031912353, 0.008995461312794914704, 0.0005734366876461090843 ) ) ;
#2853 = CARTESIAN_POINT ( 'NONE',  ( -0.005372983703407998961, 0.002572951105272806502, -0.003471672793810263481 ) ) ;
#2854 = B_SPLINE_CURVE_WITH_KNOTS ( 'NONE', 3,
 ( #6066, #675, #1823, #640, #3911, #97, #4400, #6489, #2290, #1679, #6525, #2217, #211, #4510, #1716, #5017, #3981, #3393, #6600, #3843 ),
 .UNSPECIFIED., .F., .F.,
 ( 4, 2, 2, 2, 2, 2, 2, 2, 2, 4 ),
 ( -5.999999999705094355E-08, 0.001476182390493624343, 0.002952424780987245728, 0.003690545976234055770, 0.004428667171480864945, 0.005904909561974485896, 0.007381151952468105980, 0.008857394342961724329, 0.01033363673345534355, 0.01180987912394896450 ),
 .UNSPECIFIED. ) ;
#2855 = DIRECTION ( 'NONE',  ( 9.484135310589723205E-16, 1.000000000000000000, -0.000000000000000000 ) ) ;
#2856 = CARTESIAN_POINT ( 'NONE',  ( 0.004022396171868176072, 0.008952238212006488269, 0.0003896755667906377243 ) ) ;
#2857 = CARTESIAN_POINT ( 'NONE',  ( -0.002849867511923195526, 0.009622435903674602525, -0.0008621571604622759594 ) ) ;
#2858 = FACE_OUTER_BOUND ( 'NONE', #404, .T. ) ;
#2859 = AXIS2_PLACEMENT_3D ( 'NONE', #6193, #6753, #6290 ) ;
#2860 = ORIENTED_EDGE ( 'NONE', *, *, #5285, .T. ) ;
#2861 = CARTESIAN_POINT ( 'NONE',  ( -1.071991814155956250E-17, 0.001397000000000004141, 0.000000000000000000 ) ) ;
#2862 = CARTESIAN_POINT ( 'NONE',  ( 0.002284863800354713752, 0.01070412692447362570, 0.0008586992225888723414 ) ) ;
#2863 = DIRECTION ( 'NONE',  ( 1.332888724063881150E-17, 0.9940594317963843407, -0.1088386239193120941 ) ) ;
#2864 = ADVANCED_FACE ( 'NONE', ( #5139 ), #741, .F. ) ;
#2865 =( GEOMETRIC_REPRESENTATION_CONTEXT ( 3 ) GLOBAL_UNCERTAINTY_ASSIGNED_CONTEXT ( ( #3803 ) ) GLOBAL_UNIT_ASSIGNED_CONTEXT ( ( #3733, #3213, #24 ) ) REPRESENTATION_CONTEXT ( 'NONE', 'WORKASPACE' ) );
#2866 = CARTESIAN_POINT ( 'NONE',  ( 0.000000000000000000, 0.002200000000000026587, -0.004849742261192878726 ) ) ;
#2867 = FACE_OUTER_BOUND ( 'NONE', #899, .T. ) ;
#2868 = CARTESIAN_POINT ( 'NONE',  ( 0.003597906215379685115, 0.001693388050948603073, -0.0002540000000000002651 ) ) ;
#2869 = CARTESIAN_POINT ( 'NONE',  ( 0.006124915505662783220, 0.004253562835510447948, 0.001339102134602348799 ) ) ;
#2870 = VERTEX_POINT ( 'NONE', #4601 ) ;
#2871 = VECTOR ( 'NONE', #6562, 1.000000000000000000 ) ;
#2872 = CARTESIAN_POINT ( 'NONE',  ( 0.000000000000000000, 0.009271000000000001462, 0.000000000000000000 ) ) ;
#2873 = CARTESIAN_POINT ( 'NONE',  ( -0.002985999988938711335, 0.01077964485544515884, -0.001779171884929776990 ) ) ;
#2874 = CARTESIAN_POINT ( 'NONE',  ( 0.003107260045256662277, 0.01040618222761947702, 0.001823265887822054067 ) ) ;
#2875 = CARTESIAN_POINT ( 'NONE',  ( -0.002477661154764770370, 0.009346038287192340310, -0.0006219798008666179660 ) ) ;
#2876 = CARTESIAN_POINT ( 'NONE',  ( 0.003000631835043900044, 0.009451403580349734129, -0.0007283378404904271644 ) ) ;
#2877 = CARTESIAN_POINT ( 'NONE',  ( 0.05048707696088417657, -0.0005425209098756299210, 0.01946833671770561644 ) ) ;
#2878 = ORIENTED_EDGE ( 'NONE', *, *, #4124, .T. ) ;
#2879 = CARTESIAN_POINT ( 'NONE',  ( 0.006116296642140784355, 0.006919724352935773849, -0.001312481352386715835 ) ) ;
#2880 = CARTESIAN_POINT ( 'NONE',  ( -0.003093680671378893580, 0.01044021572355649345, 0.001824057035460136585 ) ) ;
#2881 = CARTESIAN_POINT ( 'NONE',  ( 0.003180121541227286242, 0.009261923299254307129, -0.0004752306694897159866 ) ) ;
#2882 = ORIENTED_EDGE ( 'NONE', *, *, #2462, .F. ) ;
#2883 = CARTESIAN_POINT ( 'NONE',  ( 0.1294803008742608508, 0.006125602027595591567, 0.008119548741964155783 ) ) ;
#2884 = EDGE_CURVE ( 'NONE', #5403, #529, #2956, .T. ) ;
#2885 = CARTESIAN_POINT ( 'NONE',  ( -0.1200187083324557313, 0.008656894706360867414, -0.001939906620083980395 ) ) ;
#2886 = CARTESIAN_POINT ( 'NONE',  ( 0.002450358485594274129, 0.01019369303749343043, 0.001015999999999944899 ) ) ;
#2887 = CARTESIAN_POINT ( 'NONE',  ( -0.002900344750447867923, 0.009563670955995296624, 0.0008226669510002127157 ) ) ;
#2888 = CARTESIAN_POINT ( 'NONE',  ( -0.002330529598710326129, 0.01115956045265675128, 0.0001828620119867968889 ) ) ;
#2889 = CARTESIAN_POINT ( 'NONE',  ( -0.006214999000362485780, 0.004637357349486934122, -0.0008440983527299462117 ) ) ;
#2890 = CARTESIAN_POINT ( 'NONE',  ( 0.002031999999999999085, 1.842862332200688728E-18, 0.000000000000000000 ) ) ;
#2891 = CARTESIAN_POINT ( 'NONE',  ( 0.004046758603396333892, 0.008921470372101305418, -0.0001512152916902166665 ) ) ;
#2892 = CARTESIAN_POINT ( 'NONE',  ( 0.1299999999999999212, 0.005770304579272069086, 0.008930440895061312820 ) ) ;
#2893 = DIRECTION ( 'NONE',  ( -0.000000000000000000, 1.000000000000000000, -0.000000000000000000 ) ) ;
#2894 = VERTEX_POINT ( 'NONE', #6059 ) ;
#2895 = SHAPE_REPRESENTATION_RELATIONSHIP ( 'NONE' , 'NONE' ,  #526, #3696 ) ;
#2896 = CARTESIAN_POINT ( 'NONE',  ( -0.003052414416928076520, 0.01187199557083553486, -0.0003340216840388472589 ) ) ;
#2897 = CARTESIAN_POINT ( 'NONE',  ( 0.002349933813401513041, 0.01042222562470247922, 0.0009821529215184516323 ) ) ;
#2898 = CARTESIAN_POINT ( 'NONE',  ( 0.001650999999999998389, 0.01168399999999999994, 0.000000000000000000 ) ) ;
#2899 = CARTESIAN_POINT ( 'NONE',  ( -0.01747809365003688553, 0.0003435990175735472601, -0.005100186359730815924 ) ) ;
#2900 = CARTESIAN_POINT ( 'NONE',  ( -1.204485184444895089E-17, 0.01046305122213599982, 0.000000000000000000 ) ) ;
#2901 = CARTESIAN_POINT ( 'NONE',  ( 0.1303334613224427507, 0.005783177273609023915, 0.008362734506078092767 ) ) ;
#2902 = CARTESIAN_POINT ( 'NONE',  ( 0.006247367929128979681, 0.004251454694481712586, 0.001332764630848764890 ) ) ;
#2903 = EDGE_LOOP ( 'NONE', ( #3703, #1044, #1720, #4357 ) ) ;
#2904 = CARTESIAN_POINT ( 'NONE',  ( -0.004458970108024236725, 0.007771905783156131051, 0.004379512754945618508 ) ) ;
#2905 = FACE_BOUND ( 'NONE', #1133, .T. ) ;
#2906 = CARTESIAN_POINT ( 'NONE',  ( 0.003053941231828111516, 0.01054873605884353027, 0.001819626719940412810 ) ) ;
#2907 = DIRECTION ( 'NONE',  ( -1.000000000000000000, 0.000000000000000000, -1.235622036608014047E-16 ) ) ;
#2908 = CARTESIAN_POINT ( 'NONE',  ( 0.002865405890817064767, 0.009604128284953931949, -0.0008505951785850051792 ) ) ;
#2909 = CARTESIAN_POINT ( 'NONE',  ( 0.003391987069250812503, 0.009842385838388605437, -0.001677781546624802214 ) ) ;
#2910 = VERTEX_POINT ( 'NONE', #5041 ) ;
#2911 = CARTESIAN_POINT ( 'NONE',  ( 0.006223103841616482029, 0.005294412557419683404, 0.0006301423979139320411 ) ) ;
#2912 = B_SPLINE_CURVE_WITH_KNOTS ( 'NONE', 1,
 ( #5863, #5373 ),
 .UNSPECIFIED., .F., .F.,
 ( 2, 2 ),
 ( 0.000000000000000000, 1.000000000000000000 ),
 .UNSPECIFIED. ) ;
#2913 = CARTESIAN_POINT ( 'NONE',  ( -0.003339210027021243324, 0.009936961206975682484, 0.001714562652665486313 ) ) ;
#2914 = CARTESIAN_POINT ( 'NONE',  ( 0.002971714995066264929, 0.009483240081154075199, 0.0007578852358169786002 ) ) ;
#2915 = ORIENTED_EDGE ( 'NONE', *, *, #3238, .F. ) ;
#2916 = CARTESIAN_POINT ( 'NONE',  ( -0.1300000000000000044, 0.0006367031403336849589, -0.01842142212889939443 ) ) ;
#2917 = CARTESIAN_POINT ( 'NONE',  ( -0.1116961773502001265, 0.009103489964292990275, -0.001226213706589615463 ) ) ;
#2918 = CARTESIAN_POINT ( 'NONE',  ( 0.001785667394348145831, 0.01046305122213599982, 0.0009697504610784572245 ) ) ;
#2919 = CARTESIAN_POINT ( 'NONE',  ( 0.1135472236535267493, 0.009166132003144405321, 0.001620988097864867975 ) ) ;
#2920 = AXIS2_PLACEMENT_3D ( 'NONE', #489, #955, #2065 ) ;
#2921 = CARTESIAN_POINT ( 'NONE',  ( -0.002309708150298841675, 0.01108265881200514065, -0.0004257411014735150716 ) ) ;
#2922 = CARTESIAN_POINT ( 'NONE',  ( -0.1261014774872264155, 0.007467672069503033389, -0.005707918042213011058 ) ) ;
#2923 = CIRCLE ( 'NONE', #5709, 0.02781451190476182805 ) ;
#2924 = CARTESIAN_POINT ( 'NONE',  ( 0.004705164914168657835, 0.007932383614030466545, -0.004253490230611425317 ) ) ;
#2925 = CARTESIAN_POINT ( 'NONE',  ( 0.004050048178003729481, 0.008917327614406920372, 8.981649327535058778E-05 ) ) ;
#2926 = CARTESIAN_POINT ( 'NONE',  ( -0.1251976898642209179, 0.007465025437344469800, -0.005232187499410955421 ) ) ;
#2927 = CARTESIAN_POINT ( 'NONE',  ( 0.004052218234153728317, 0.001707537579050490790, 0.004767007694106580561 ) ) ;
#2928 = EDGE_CURVE ( 'NONE', #3900, #3588, #4163, .T. ) ;
#2929 = ADVANCED_FACE ( 'NONE', ( #3487 ), #205, .F. ) ;
#2930 = EDGE_LOOP ( 'NONE', ( #553, #6747 ) ) ;
#2931 = CIRCLE ( 'NONE', #3708, 0.002552700000000011470 ) ;
#2932 = CARTESIAN_POINT ( 'NONE',  ( -0.002974967323375316344, 0.01082941783259516212, -0.001763747030635426675 ) ) ;
#2933 = CARTESIAN_POINT ( 'NONE',  ( 0.002313712980006270466, 0.01109906185557595938, 0.0003882216529301736954 ) ) ;
#2934 = DIRECTION ( 'NONE',  ( 1.123292760552739721E-17, -0.000000000000000000, 1.000000000000000000 ) ) ;
#2935 = CARTESIAN_POINT ( 'NONE',  ( 0.05105132540839613792, 0.01007538435555624216, -0.003886163370019186068 ) ) ;
#2936 = CARTESIAN_POINT ( 'NONE',  ( 0.003306262453823135238, 0.009994949571708988678, 0.001738758094990265190 ) ) ;
#2937 = ADVANCED_FACE ( 'NONE', ( #2428 ), #4569, .F. ) ;
#2938 = AXIS2_PLACEMENT_3D ( 'NONE', #3919, #755, #1797 ) ;
#2939 = CARTESIAN_POINT ( 'NONE',  ( 0.002099142954386439257, 0.0008896179994146938969, 0.005900213263722256345 ) ) ;
#2940 = TOROIDAL_SURFACE ( 'NONE', #2920, 0.006150000000000000085, 0.0001000000000000000048 ) ;
#2941 = CARTESIAN_POINT ( 'NONE',  ( 3.000384657911015166E-19, 0.01000000000000000021, -0.002449999999999999921 ) ) ;
#2942 = ORIENTED_EDGE ( 'NONE', *, *, #3166, .T. ) ;
#2943 = CARTESIAN_POINT ( 'NONE',  ( 7.592810154713589635E-19, 0.000000000000000000, -0.006150000000000000085 ) ) ;
#2944 = CARTESIAN_POINT ( 'NONE',  ( -0.002782967392555999765, 0.0009962072809684809419, -0.005640913763028694919 ) ) ;
#2945 = CARTESIAN_POINT ( 'NONE',  ( 0.002949117381920214002, 0.01147897224524864132, 0.001299325595455642522 ) ) ;
#2946 = CARTESIAN_POINT ( 'NONE',  ( 0.001966201644493273740, 0.01103893693194493188, 0.0005207143318886142767 ) ) ;
#2947 = CARTESIAN_POINT ( 'NONE',  ( 0.003776134187599249070, 0.009274973665687438057, -0.001163207672481761119 ) ) ;
#2948 = ORIENTED_EDGE ( 'NONE', *, *, #6132, .F. ) ;
#2949 = CARTESIAN_POINT ( 'NONE',  ( 0.005309351240032067487, 0.002822907470060551614, 0.003410377532565493034 ) ) ;
#2950 =( REPRESENTATION_RELATIONSHIP ('NONE','NONE', #5312, #6033 ) REPRESENTATION_RELATIONSHIP_WITH_TRANSFORMATION ( #927 )SHAPE_REPRESENTATION_RELATIONSHIP( ) );
#2951 = CARTESIAN_POINT ( 'NONE',  ( -0.003009032771762003289, 0.01174509156251351237, 0.0008261456331613013012 ) ) ;
#2952 = CARTESIAN_POINT ( 'NONE',  ( 0.002652107418874874792, 0.009873357413367369120, 0.0009747962365830785359 ) ) ;
#2953 = ORIENTED_EDGE ( 'NONE', *, *, #3873, .T. ) ;
#2954 = CARTESIAN_POINT ( 'NONE',  ( -0.06273769577148810561, -0.001455131271292824926, -0.02556509721400741092 ) ) ;
#2955 = CARTESIAN_POINT ( 'NONE',  ( 0.002762606467762719967, 0.009728448714202543243, -0.0009198233562066438851 ) ) ;
#2956 = B_SPLINE_CURVE_WITH_KNOTS ( 'NONE', 3,
 ( #5605, #812, #3976, #2918 ),
 .UNSPECIFIED., .F., .F.,
 ( 4, 4 ),
 ( 0.0002333882348401966687, 0.0008528694979534311160 ),
 .UNSPECIFIED. ) ;
#2957 = CARTESIAN_POINT ( 'NONE',  ( -0.1246173408041966607, 0.008047353610741814905, -0.003350827757541873647 ) ) ;
#2958 = CARTESIAN_POINT ( 'NONE',  ( 0.002283518490820815854, 0.01092371638255250181, 0.0006701890667111427575 ) ) ;
#2959 = CARTESIAN_POINT ( 'NONE',  ( 0.03530490784124362680, 0.009036049691060555125, -0.003304207606063820201 ) ) ;
#2960 = CARTESIAN_POINT ( 'NONE',  ( -0.002286939474989329538, 0.01095580690983198602, -0.0006318584878698894599 ) ) ;
#2961 = CARTESIAN_POINT ( 'NONE',  ( -0.1298690620289135178, 0.006071079795357627040, -0.008644823508105664578 ) ) ;
#2962 = CARTESIAN_POINT ( 'NONE',  ( 0.004468857727279563520, 0.007748512072504919537, -0.004369453679758431540 ) ) ;
#2963 = CARTESIAN_POINT ( 'NONE',  ( 0.003752782079717762852, 0.009306869014838528575, 0.001207289031601777030 ) ) ;
#2964 = CARTESIAN_POINT ( 'NONE',  ( -0.1269598944144262331, 0.007062642001061508572, -0.006132870147180445250 ) ) ;
#2965 = DIRECTION ( 'NONE',  ( 9.484135310589723205E-16, 1.000000000000000000, -0.000000000000000000 ) ) ;
#2966 = B_SPLINE_CURVE_WITH_KNOTS ( 'NONE', 3,
 ( #5681, #359, #4644, #6208, #784, #6768, #6177, #2927, #1964, #3497, #1374, #3529, #5646, #857, #322, #3002, #552, #5715, #6477, #1631, #6442, #924, #1664, #518, #3071, #11, #50, #2667, #5910, #2204 ),
 .UNSPECIFIED., .F., .F.,
 ( 4, 2, 2, 2, 2, 2, 2, 2, 2, 2, 2, 2, 2, 2, 4 ),
 ( 3.147250482209657722E-17, 0.0009543926845421848515, 0.001908785369084338261, 0.002863178053626491779, 0.003817570738168645297, 0.004771963422710798382, 0.005726356107252951466, 0.007635141476337257635, 0.008589534160879411587, 0.009543926845421565539, 0.01145271221450587344, 0.01240710489904802739, 0.01336149758359017961, 0.01431589026813233356, 0.01527028295267448925 ),
 .UNSPECIFIED. ) ;
#2967 = VERTEX_POINT ( 'NONE', #1368 ) ;
#2968 = CARTESIAN_POINT ( 'NONE',  ( -0.003055209233201195904, 0.01187931040215905662, 0.0002770633558325990902 ) ) ;
#2969 = CARTESIAN_POINT ( 'NONE',  ( 0.002278763417591097608, 0.01084204607446353358, -0.0007538357070249483618 ) ) ;
#2970 = DIRECTION ( 'NONE',  ( -0.000000000000000000, -1.000000000000000000, -0.000000000000000000 ) ) ;
#2971 = CARTESIAN_POINT ( 'NONE',  ( 0.04158365855190353927, 0.009537023684282497360, -0.003624743632574397960 ) ) ;
#2972 = EDGE_CURVE ( 'NONE', #4524, #4933, #1132, .T. ) ;
#2973 = FILL_AREA_STYLE_COLOUR ( '', #5537 ) ;
#2974 = AXIS2_PLACEMENT_3D ( 'NONE', #5097, #2686, #4815 ) ;
#2975 = CARTESIAN_POINT ( 'NONE',  ( 0.08735636879288823098, -0.0009599655827698942061, 0.02850185535244341428 ) ) ;
#2976 = CARTESIAN_POINT ( 'NONE',  ( -0.002961954012772530578, 0.01156658821763870658, 0.001195024698598486177 ) ) ;
#2977 = ORIENTED_EDGE ( 'NONE', *, *, #213, .T. ) ;
#2978 = CARTESIAN_POINT ( 'NONE',  ( -0.002307125805381663418, 0.01107146223960765036, 0.0004490260539627643176 ) ) ;
#2979 = CARTESIAN_POINT ( 'NONE',  ( -0.004654626829063726774, 0.002082001512246344291, -0.004247692174917916917 ) ) ;
#2980 = AXIS2_PLACEMENT_3D ( 'NONE', #1577, #2715, #4746 ) ;
#2981 = CARTESIAN_POINT ( 'NONE',  ( 0.003061628923136841974, 0.01052681613213525720, -0.001821162303342988616 ) ) ;
#2982 = CARTESIAN_POINT ( 'NONE',  ( 0.002954701211680996198, 0.01151283244804325243, 0.001253280565379846084 ) ) ;
#2983 = CARTESIAN_POINT ( 'NONE',  ( -0.003004125246740111266, 0.01173453690071689370, 0.0008713463319648667845 ) ) ;
#2984 = CARTESIAN_POINT ( 'NONE',  ( 0.004008026001311729841, 0.008970471746155353476, 0.0004765575360903924126 ) ) ;
#2985 = VERTEX_POINT ( 'NONE', #1047 ) ;
#2986 = CARTESIAN_POINT ( 'NONE',  ( 0.002491873515296842007, 0.0009166178624516810314, 0.005775138585965089791 ) ) ;
#2987 = CARTESIAN_POINT ( 'NONE',  ( 0.003470636356196602629, 0.009719519507629489907, -0.001597310287970711735 ) ) ;
#2988 = CARTESIAN_POINT ( 'NONE',  ( -0.002966381409367923813, 0.01087164021939731468, 0.001749196694202615702 ) ) ;
#2989 = AXIS2_PLACEMENT_3D ( 'NONE', #3248, #497, #605 ) ;
#2990 = CARTESIAN_POINT ( 'NONE',  ( 0.09835895051580065274, 0.01005022945800968827, -0.0009442815990644469687 ) ) ;
#2991 = ORIENTED_EDGE ( 'NONE', *, *, #6521, .T. ) ;
#2992 = CARTESIAN_POINT ( 'NONE',  ( -0.04664984232644123902, -0.0005740548876334664605, -0.01780361097771101034 ) ) ;
#2993 = VECTOR ( 'NONE', #4099, 1.000000000000000000 ) ;
#2994 = CARTESIAN_POINT ( 'NONE',  ( 0.002329158218601148043, 0.01115503384772809428, 0.0002060707586099297134 ) ) ;
#2995 = CARTESIAN_POINT ( 'NONE',  ( -0.1298842143070209898, 0.005775843508050113387, -0.008882671048643294223 ) ) ;
#2996 = DIRECTION ( 'NONE',  ( -0.6541184129649731949, 0.2806565124715716952, -0.7023966285706954027 ) ) ;
#2997 = CARTESIAN_POINT ( 'NONE',  ( 0.08985403380526656159, 0.01031585017115281382, -0.001929769718280874031 ) ) ;
#2998 = CARTESIAN_POINT ( 'NONE',  ( -0.002284226145761885946, 0.01071316974124287766, -0.0008523825842396868472 ) ) ;
#2999 = CARTESIAN_POINT ( 'NONE',  ( -0.009426599334895879173, 0.008009055870378298247, 0.004437051654216871664 ) ) ;
#3000 = CARTESIAN_POINT ( 'NONE',  ( 0.003001862213655899937, 0.01071798703553169738, 0.001794196603031302916 ) ) ;
#3001 = CARTESIAN_POINT ( 'NONE',  ( -0.1297411135853037967, 0.005937442630026294396, -0.008514160897066682873 ) ) ;
#3002 = CARTESIAN_POINT ( 'NONE',  ( 0.006044343487291583585, 0.004553158297977227820, 0.001608043583120831108 ) ) ;
#3003 = CARTESIAN_POINT ( 'NONE',  ( -0.003252155068910089070, 0.009189035967590580486, -0.0002996204672524902337 ) ) ;
#3004 = ORIENTED_EDGE ( 'NONE', *, *, #6888, .F. ) ;
#3005 =( NAMED_UNIT ( * ) PLANE_ANGLE_UNIT ( ) SI_UNIT ( $, .RADIAN. ) );
#3006 = CARTESIAN_POINT ( 'NONE',  ( -0.002941318703130145311, 0.01103973701391228711, -0.001673440489573415875 ) ) ;
#3007 = CARTESIAN_POINT ( 'NONE',  ( 0.002304693305692757151, 0.01058306183002017710, -0.0009238879248803772261 ) ) ;
#3008 = CARTESIAN_POINT ( 'NONE',  ( 0.02297857111680334796, -0.0004810017118890824034, 0.006739974693927327197 ) ) ;
#3009 = DIRECTION ( 'NONE',  ( -0.000000000000000000, 1.000000000000000000, -0.000000000000000000 ) ) ;
#3010 = ORIENTED_EDGE ( 'NONE', *, *, #2747, .T. ) ;
#3011 = CARTESIAN_POINT ( 'NONE',  ( 0.000000000000000000, 0.009900000000000000813, 0.006150000000000000085 ) ) ;
#3012 = CARTESIAN_POINT ( 'NONE',  ( -0.004013008159824555700, 0.001623796090340144486, -0.004800563837753678807 ) ) ;
#3013 = CARTESIAN_POINT ( 'NONE',  ( 0.003356375921406337063, 0.009907229369926336127, -0.001701295159176639555 ) ) ;
#3014 = CARTESIAN_POINT ( 'NONE',  ( -0.004275782549640909716, 0.001663218847973492800, -0.004722526119535817336 ) ) ;
#3015 = CARTESIAN_POINT ( 'NONE',  ( 0.002976570749727304975, 0.009477848195055628422, -0.0007531625394578313074 ) ) ;
#3016 = DIRECTION ( 'NONE',  ( 1.000000000000000000, -0.000000000000000000, -0.000000000000000000 ) ) ;
#3017 = CARTESIAN_POINT ( 'NONE',  ( 0.005047501092015603714, 0.008028821949166084493, -0.003699006597940095783 ) ) ;
#3018 = CARTESIAN_POINT ( 'NONE',  ( 0.003292149416556563405, 0.009149213728331506007, 0.0001031632025679777740 ) ) ;
#3019 = CARTESIAN_POINT ( 'NONE',  ( 0.09027815917621814790, 0.01010803943208354698, -0.001900331918884446292 ) ) ;
#3020 = CARTESIAN_POINT ( 'NONE',  ( -0.003132728447372241671, 0.01034534133302931862, 0.001819521145817741287 ) ) ;
#3021 = CARTESIAN_POINT ( 'NONE',  ( 0.002341819305917475138, 0.01015018309780762670, -0.001015952571943354310 ) ) ;
#3022 = PRODUCT ( 'Propeller', 'Propeller', '', ( #4289 ) ) ;
#3023 = ADVANCED_FACE ( 'NONE', ( #6826 ), #916, .T. ) ;
#3024 = EDGE_CURVE ( 'NONE', #1674, #6797, #3391, .T. ) ;
#3025 = B_SPLINE_CURVE_WITH_KNOTS ( 'NONE', 3,
 ( #3909, #4136, #2961, #2629, #1857, #3126, #3160, #6134, #5075, #1337, #2922, #5574, #3492, #6264, #4761, #2021, #4666, #1493, #6097, #1462, #5045, #780, #4699, #5273, #5238, #248, #416, #2396, #481, #6792, #5609, #1987, #2564, #6887, #4542, #3619, #4203, #979, #6667, #4173, #6856, #2089, #1526, #6331, #815, #1008, #6822, #6297, #1307, #2598, #5735, #280, #3458, #4015 ),
 .UNSPECIFIED., .F., .F.,
 ( 4, 2, 2, 2, 2, 2, 2, 2, 2, 2, 2, 2, 2, 2, 2, 2, 2, 2, 2, 2, 2, 2, 2, 2, 2, 2, 4 ),
 ( -5.999999998637831518E-08, 0.0005114413676209523000, 0.001022942735241891016, 0.002045945470483816371, 0.004091950940967664478, 0.006137956411451513453, 0.008183961881935363294, 0.01227597282290310114, 0.01636798376387084072, 0.02455200564580631295, 0.03273602752774178865, 0.04092004940967725740, 0.04910407129161274004, 0.06547211505548374000, 0.07365613693741920875, 0.08184015881935470527, 0.08593216976032246046, 0.09002418070129022953, 0.09820820258322576768, 0.1023002135241935368, 0.1063922244651613058, 0.1104842354061290749, 0.1145762463470968440, 0.1186682572880646130, 0.1227602682290323960, 0.1268522791700001373, 0.1309442901109679203 ),
 .UNSPECIFIED. ) ;
#3026 = CARTESIAN_POINT ( 'NONE',  ( 0.002328135181205572089, 0.01115165062406295315, -0.0002237847723608431261 ) ) ;
#3027 = CARTESIAN_POINT ( 'NONE',  ( -0.002510618701166411875, 0.01008641981901332862, 0.001013837325864956835 ) ) ;
#3028 = EDGE_CURVE ( 'NONE', #6647, #2281, #2135, .T. ) ;
#3029 = CARTESIAN_POINT ( 'NONE',  ( -0.1302216401915846922, 0.005682730685485796150, -0.008739654804385595804 ) ) ;
#3030 = CARTESIAN_POINT ( 'NONE',  ( 0.002468811551904426249, 0.01015999974016755167, 0.001016000370599576177 ) ) ;
#3031 = ORIENTED_EDGE ( 'NONE', *, *, #6361, .T. ) ;
#3032 = CARTESIAN_POINT ( 'NONE',  ( 0.05525626416771005356, 0.01023660171127136441, -0.003890483831620341303 ) ) ;
#3033 = CARTESIAN_POINT ( 'NONE',  ( -0.002314736036725771259, 0.01110311731149617523, -0.0003782624658883431811 ) ) ;
#3034 = CARTESIAN_POINT ( 'NONE',  ( -0.005080000000000000314, 0.005588000000000000085, 0.0002539999999999998856 ) ) ;
#3035 = CARTESIAN_POINT ( 'NONE',  ( 0.003126761842672012934, 0.01035936959359001763, 0.001820606409496748797 ) ) ;
#3036 = FILL_AREA_STYLE ('',( #5018 ) ) ;
#3037 = CARTESIAN_POINT ( 'NONE',  ( -0.0002540000000000001566, 0.001673741513759882150, -0.001437170998174991648 ) ) ;
#3038 = CARTESIAN_POINT ( 'NONE',  ( 0.003809999999999999585, 0.006959600000000000682, 0.000000000000000000 ) ) ;
#3039 = ORIENTED_EDGE ( 'NONE', *, *, #123, .F. ) ;
#3040 = CARTESIAN_POINT ( 'NONE',  ( -0.002934550383609204911, 0.01133990458306222832, -0.001453246308346443699 ) ) ;
#3041 = CIRCLE ( 'NONE', #904, 0.002981341975184092965 ) ;
#3042 = CARTESIAN_POINT ( 'NONE',  ( 0.002328638207622672589, 0.01048811706891573242, -0.0009621600966625673719 ) ) ;
#3043 = CARTESIAN_POINT ( 'NONE',  ( 0.04556962538092412113, 0.009795787863013442204, -0.004544450929939919566 ) ) ;
#3044 =( LENGTH_UNIT ( ) NAMED_UNIT ( * ) SI_UNIT ( $, .METRE. ) );
#3045 = CARTESIAN_POINT ( 'NONE',  ( 0.03003121125890154119, -0.0006879891994974150771, 0.009102840579636624352 ) ) ;
#3046 = AXIS2_PLACEMENT_3D ( 'NONE', #2669, #948, #2132 ) ;
#3047 = CARTESIAN_POINT ( 'NONE',  ( -0.1300000000000000044, 0.005925007879322498859, -0.008924140516988820354 ) ) ;
#3048 = VERTEX_POINT ( 'NONE', #1562 ) ;
#3049 = CARTESIAN_POINT ( 'NONE',  ( -0.002335044317555969463, 0.01117413499295279687, 7.656319885918106696E-05 ) ) ;
#3050 = CARTESIAN_POINT ( 'NONE',  ( 0.003534155378421893843, 0.009621162473987608654, -0.001528053892140210368 ) ) ;
#3051 = CARTESIAN_POINT ( 'NONE',  ( -0.003766843153512011017, 0.001404640887476555754, -0.005060299167032651473 ) ) ;
#3052 = AXIS2_PLACEMENT_3D ( 'NONE', #1322, #5059, #3081 ) ;
#3053 = AXIS2_PLACEMENT_3D ( 'NONE', #6787, #6942, #3734 ) ;
#3054 = CARTESIAN_POINT ( 'NONE',  ( -0.0002540000000000001566, 0.000000000000000000, -0.001451138256679908051 ) ) ;
#3055 = CARTESIAN_POINT ( 'NONE',  ( 0.000000000000000000, 9.999999999999939493E-05, 0.000000000000000000 ) ) ;
#3056 = CARTESIAN_POINT ( 'NONE',  ( -0.002658969098804508154, 0.009863918388997366601, -0.0009719698095488394675 ) ) ;
#3057 = CARTESIAN_POINT ( 'NONE',  ( 0.002647211874161932085, 0.009879815904443443875, 0.0009771100896459028982 ) ) ;
#3058 = CARTESIAN_POINT ( 'NONE',  ( -0.002279223990366031297, 0.01085944792331076242, 0.0007377190893356849700 ) ) ;
#3059 = CARTESIAN_POINT ( 'NONE',  ( -0.002948262058911034142, 0.009509261670082948953, -0.0007808779854521842893 ) ) ;
#3060 = CARTESIAN_POINT ( 'NONE',  ( -0.01751919680632350526, 0.003904984774575872859, -0.002019551362448114996 ) ) ;
#3061 = CARTESIAN_POINT ( 'NONE',  ( 0.002301649967934112865, 0.01104605491231540511, -0.0004974550259144378591 ) ) ;
#3062 = CARTESIAN_POINT ( 'NONE',  ( -0.002318416592999977908, 0.01052576602264832482, 0.0009480299556192959068 ) ) ;
#3063 = CARTESIAN_POINT ( 'NONE',  ( -0.1287402585296622548, 0.007100580110852281780, -0.005431538105053407457 ) ) ;
#3064 = ADVANCED_FACE ( 'NONE', ( #452 ), #1991, .F. ) ;
#3065 = DIRECTION ( 'NONE',  ( 0.000000000000000000, 1.000000000000000000, 0.000000000000000000 ) ) ;
#3066 = ORIENTED_EDGE ( 'NONE', *, *, #5950, .T. ) ;
#3067 = CARTESIAN_POINT ( 'NONE',  ( 0.1224778612328860511, 0.008148891183418813244, 0.004143030496949434531 ) ) ;
#3068 = CARTESIAN_POINT ( 'NONE',  ( -0.02132666045363622656, 0.008432897158972153112, 0.004085506249734719916 ) ) ;
#3069 = CARTESIAN_POINT ( 'NONE',  ( 0.003330827372616178110, 0.009951292265255862884, 0.001721302674050790953 ) ) ;
#3070 = CARTESIAN_POINT ( 'NONE',  ( 0.0002540000000000000482, 0.003959823862167014333, -0.001418087575392719532 ) ) ;
#3071 = CARTESIAN_POINT ( 'NONE',  ( 0.005785399887507482533, 0.007565370623306771729, -0.002382990273052208209 ) ) ;
#3072 = FACE_OUTER_BOUND ( 'NONE', #4219, .T. ) ;
#3073 = VERTEX_POINT ( 'NONE', #5175 ) ;
#3074 = DIRECTION ( 'NONE',  ( 1.000000000000000000, -1.322693168233500741E-16, -5.551115123125782702E-17 ) ) ;
#3075 = CARTESIAN_POINT ( 'NONE',  ( -0.002931521853666893985, 0.01125389639158021725, 0.001528927921345487988 ) ) ;
#3076 = CARTESIAN_POINT ( 'NONE',  ( 0.002332049331221769297, 0.01116456674713946912, -0.0001558732407374554185 ) ) ;
#3077 = CARTESIAN_POINT ( 'NONE',  ( 0.003519828026752709876, 0.009643167293125044434, 0.001544022371341972292 ) ) ;
#3078 = FACE_OUTER_BOUND ( 'NONE', #6894, .T. ) ;
#3079 = CARTESIAN_POINT ( 'NONE',  ( 0.1302382142456520453, 0.005388705170674308598, 0.009573200394412648834 ) ) ;
#3080 = ORIENTED_EDGE ( 'NONE', *, *, #1399, .T. ) ;
#3081 = DIRECTION ( 'NONE',  ( 0.000000000000000000, 0.000000000000000000, -1.000000000000000000 ) ) ;
#3082 = EDGE_CURVE ( 'NONE', #3216, #6705, #3777, .T. ) ;
#3083 = CARTESIAN_POINT ( 'NONE',  ( 0.002940398426528213240, 0.01104874920269012691, -0.001668516033787606273 ) ) ;
#3084 = CARTESIAN_POINT ( 'NONE',  ( 0.000000000000000000, 0.02413508000000001361, 0.000000000000000000 ) ) ;
#3085 = DIRECTION ( 'NONE',  ( -0.000000000000000000, -1.000000000000000000, -0.000000000000000000 ) ) ;
#3086 = CARTESIAN_POINT ( 'NONE',  ( 0.002901829777285058233, 0.009561949208600395780, 0.0008214827636058507580 ) ) ;
#3087 = CARTESIAN_POINT ( 'NONE',  ( -0.002279164603028865747, 0.01079403649285994894, 0.0007940727562037429039 ) ) ;
#3088 = CARTESIAN_POINT ( 'NONE',  ( -0.004035951277910887307, 0.008935098374975735183, 0.0002821951067032907388 ) ) ;
#3089 = CARTESIAN_POINT ( 'NONE',  ( -0.1132709726663810867, 0.0006486805838273644945, -0.02138733699392606630 ) ) ;
#3090 = CIRCLE ( 'NONE', #6313, 0.002895600000000001645 ) ;
#3091 = CARTESIAN_POINT ( 'NONE',  ( -0.003954250593981114593, 0.000000000000000000, -0.0002540000000000005361 ) ) ;
#3092 = CARTESIAN_POINT ( 'NONE',  ( 0.002313712980006270466, 0.01109906185557595938, 0.0003882216529301736954 ) ) ;
#3093 = AXIS2_PLACEMENT_3D ( 'NONE', #6905, #5328, #2749 ) ;
#3094 = ORIENTED_EDGE ( 'NONE', *, *, #4722, .T. ) ;
#3095 = CARTESIAN_POINT ( 'NONE',  ( -0.002549816886612790452, 0.01002294739702710297, 0.001007216317738179748 ) ) ;
#3096 = CARTESIAN_POINT ( 'NONE',  ( -0.1293681641591119258, 0.006405507883858747864, -0.007975617757612796233 ) ) ;
#3097 = CARTESIAN_POINT ( 'NONE',  ( 0.002884438135928730530, 0.02225040000000000351, -0.0002540000000000002109 ) ) ;
#3098 = ORIENTED_EDGE ( 'NONE', *, *, #389, .T. ) ;
#3099 = CARTESIAN_POINT ( 'NONE',  ( 0.004705164914168614466, 0.007932383614030372870, -0.004253490230611346387 ) ) ;
#3100 = CONICAL_SURFACE ( 'NONE', #167, 0.003809999999999999585, 0.1090546584432373345 ) ;
#3101 = CARTESIAN_POINT ( 'NONE',  ( -0.002304126141956621462, 0.01105789706436188617, 0.0004757530210410324521 ) ) ;
#3102 = EDGE_CURVE ( 'NONE', #4933, #4524, #4724, .T. ) ;
#3103 = LINE ( 'NONE', #3659, #5601 ) ;
#3104 = CARTESIAN_POINT ( 'NONE',  ( 0.003189460536574266220, 0.01022068957535403680, 0.001802419696370929653 ) ) ;
#3105 = CARTESIAN_POINT ( 'NONE',  ( 0.0002540000000000000482, 0.000000000000000000, -0.001451138256679906750 ) ) ;
#3106 = COLOUR_RGB ( '',0.8980392156862745390, 0.9176470588235293713, 0.9294117647058823817 ) ;
#3107 = DIRECTION ( 'NONE',  ( 0.000000000000000000, 0.000000000000000000, -1.000000000000000000 ) ) ;
#3108 = ORIENTED_EDGE ( 'NONE', *, *, #2546, .F. ) ;
#3109 = CARTESIAN_POINT ( 'NONE',  ( -0.003009032771762003289, 0.01174509156251351237, 0.0008261456331613013012 ) ) ;
#3110 = CARTESIAN_POINT ( 'NONE',  ( 0.002780865044170530067, 0.009705693992955132660, -0.0009089011869499060130 ) ) ;
#3111 = CARTESIAN_POINT ( 'NONE',  ( -0.003964986004566021377, 0.009025406485267974815, 0.0006761222368497465506 ) ) ;
#3112 = CARTESIAN_POINT ( 'NONE',  ( 0.001785667394348145831, 0.01046305122213599982, 0.0009697504610784572245 ) ) ;
#3113 = CARTESIAN_POINT ( 'NONE',  ( 0.1129577742712001426, 0.0004505384362519178928, 0.02173038406297992525 ) ) ;
#3114 = ADVANCED_FACE ( 'NONE', ( #5213 ), #4737, .F. ) ;
#3115 = CARTESIAN_POINT ( 'NONE',  ( 0.002032000000000006891, 0.01447799999999999608, 2.488482295867428121E-19 ) ) ;
#3116 = VERTEX_POINT ( 'NONE', #6268 ) ;
#3117 = CARTESIAN_POINT ( 'NONE',  ( -0.006194047261084506713, 0.005089162840879343959, -0.0008720513887506132870 ) ) ;
#3118 = CARTESIAN_POINT ( 'NONE',  ( 0.002983389798523935696, 0.01165215941846946095, -0.001030534262619670419 ) ) ;
#3119 = CARTESIAN_POINT ( 'NONE',  ( 0.000000000000000000, 9.999999999999939493E-05, 0.000000000000000000 ) ) ;
#3120 = CARTESIAN_POINT ( 'NONE',  ( -0.01760140311889675166, 0.008151381810670958392, 0.003997515822972536569 ) ) ;
#3121 = CARTESIAN_POINT ( 'NONE',  ( 0.000000000000000000, 0.005588000000000000085, 0.000000000000000000 ) ) ;
#3122 = CARTESIAN_POINT ( 'NONE',  ( 0.1182796210216272986, 0.008693110370294790043, 0.002822202627210619163 ) ) ;
#3123 = CARTESIAN_POINT ( 'NONE',  ( 0.003187847978626110867, 0.009254024410796084232, 0.0004601479454843576331 ) ) ;
#3124 = CARTESIAN_POINT ( 'NONE',  ( -0.003846547490428062384, 0.009180157786127064040, 0.001015736236118026329 ) ) ;
#3125 = CARTESIAN_POINT ( 'NONE',  ( -0.1188473151109206566, 0.004176503473658483775, -0.01527955368127123861 ) ) ;
#3126 = CARTESIAN_POINT ( 'NONE',  ( -0.1292984142354704769, 0.006448350200832432544, -0.007889517926337954665 ) ) ;
#3127 = CARTESIAN_POINT ( 'NONE',  ( 0.002283804911359130479, 0.01092702100653915147, -0.0006665100314527075583 ) ) ;
#3128 = VERTEX_POINT ( 'NONE', #4767 ) ;
#3129 = CARTESIAN_POINT ( 'NONE',  ( -0.002300054845834466431, 0.01060415797651127930, 0.0009144215389336624597 ) ) ;
#3130 = CARTESIAN_POINT ( 'NONE',  ( -0.1283883515372659379, 0.006824910374257688213, -0.007107105523190231436 ) ) ;
#3131 = DIRECTION ( 'NONE',  ( 0.000000000000000000, 1.000000000000000000, 0.000000000000000000 ) ) ;
#3132 = ORIENTED_EDGE ( 'NONE', *, *, #4894, .T. ) ;
#3133 = CARTESIAN_POINT ( 'NONE',  ( -0.002297238256086859675, 0.01102328475599034276, 0.0005359994567564274962 ) ) ;
#3134 = CARTESIAN_POINT ( 'NONE',  ( -0.01861590045578990354, 0.007717191279150212475, 0.003197410287351225202 ) ) ;
#3135 = CARTESIAN_POINT ( 'NONE',  ( 0.002997223671224783035, 0.01170457950002424738, -0.0009229790522014124504 ) ) ;
#3136 = CARTESIAN_POINT ( 'NONE',  ( 0.0002540000000000000482, 0.002331647672120191160, -0.001431680676413782903 ) ) ;
#3137 = CARTESIAN_POINT ( 'NONE',  ( -0.004064902764790810988, 0.001471024114773033121, -0.004756567442938848533 ) ) ;
#3138 = ORIENTED_EDGE ( 'NONE', *, *, #4683, .T. ) ;
#3139 = CARTESIAN_POINT ( 'NONE',  ( -0.003339210027021243324, 0.009936961206975682484, 0.001714562652665486313 ) ) ;
#3140 = CARTESIAN_POINT ( 'NONE',  ( -0.005006299683999143428, 0.007538158306044510579, 0.003792043903911186935 ) ) ;
#3141 = CARTESIAN_POINT ( 'NONE',  ( -0.004050872458840626585, 0.008916292899401528221, 0.0001993786716026938149 ) ) ;
#3142 = DIRECTION ( 'NONE',  ( -9.484135310589723205E-16, -1.000000000000000000, 0.000000000000000000 ) ) ;
#3143 = CARTESIAN_POINT ( 'NONE',  ( 0.01747809365003685084, 0.0003435990175735472601, 0.005100186359730938222 ) ) ;
#3144 = EDGE_CURVE ( 'NONE', #1958, #1674, #2537, .T. ) ;
#3145 = ORIENTED_EDGE ( 'NONE', *, *, #4176, .F. ) ;
#3146 = CIRCLE ( 'NONE', #1009, 0.02781451190476182805 ) ;
#3147 = CARTESIAN_POINT ( 'NONE',  ( -0.004924268880276036833, 0.007954454374914357931, 0.004025333078831403941 ) ) ;
#3148 = CARTESIAN_POINT ( 'NONE',  ( 0.003038419623088051743, 0.009410435734676066491, 0.0006860486690922286456 ) ) ;
#3149 = ADVANCED_FACE ( 'NONE', ( #1468 ), #6198, .T. ) ;
#3150 = CARTESIAN_POINT ( 'NONE',  ( 0.004050873552436906957, 0.008916288796237995321, 2.549550198696828356E-14 ) ) ;
#3151 = CARTESIAN_POINT ( 'NONE',  ( -0.1244236575554602681, 0.006586940915285195187, -0.009982979922871568559 ) ) ;
#3152 = CIRCLE ( 'NONE', #679, 0.001473200000000000030 ) ;
#3153 = CARTESIAN_POINT ( 'NONE',  ( 0.1290953192307982833, 0.006331593322680777874, 0.007692694050313612572 ) ) ;
#3154 = CARTESIAN_POINT ( 'NONE',  ( 0.002468259129071298779, 0.01016034185728188245, 0.001016512967465757044 ) ) ;
#3155 = CARTESIAN_POINT ( 'NONE',  ( -0.002332038241729824345, 0.01047785809722040842, 0.0009651474064688095322 ) ) ;
#3156 = CARTESIAN_POINT ( 'NONE',  ( -0.003975390129903669939, 0.009012126409850634845, 0.0006290936901169984349 ) ) ;
#3157 = CARTESIAN_POINT ( 'NONE',  ( 0.002504049794147722354, 0.009272037137915868296, 0.0005114036125271640906 ) ) ;
#3158 = VECTOR ( 'NONE', #6566, 1.000000000000000000 ) ;
#3159 = CARTESIAN_POINT ( 'NONE',  ( -0.003977512000264520932, 0.001549419373203347145, -0.004880747991149196954 ) ) ;
#3160 = CARTESIAN_POINT ( 'NONE',  ( -0.1290643087107378462, 0.006557394522751950477, -0.007665797359280100698 ) ) ;
#3161 = CARTESIAN_POINT ( 'NONE',  ( 0.002523837008011811829, 0.01006493674112080017, -0.001011670559053357531 ) ) ;
#3162 = CARTESIAN_POINT ( 'NONE',  ( -0.002304126141956621462, 0.01105789706436188617, 0.0004757530210410324521 ) ) ;
#3163 = CARTESIAN_POINT ( 'NONE',  ( -0.1302196554814606388, 0.005635722663398871554, -0.008864682409124514245 ) ) ;
#3164 = CARTESIAN_POINT ( 'NONE',  ( -0.003697627707818909159, 0.009383255318256086483, -0.001302709460550573574 ) ) ;
#3165 = EDGE_LOOP ( 'NONE', ( #5459, #758, #3664, #5546, #1704, #5878, #1190, #3307, #6316, #1469 ) ) ;
#3166 = EDGE_CURVE ( 'NONE', #4827, #3417, #5021, .T. ) ;
#3167 = CARTESIAN_POINT ( 'NONE',  ( -0.06324703689902737291, 0.01042405221561053946, 0.003715310511649679535 ) ) ;
#3168 = CARTESIAN_POINT ( 'NONE',  ( 0.002932011827790507140, 0.01128806451058820583, -0.001500919394075117021 ) ) ;
#3169 = CARTESIAN_POINT ( 'NONE',  ( 0.1299999999999998657, 0.002881910083708864607, 0.01528510080168243683 ) ) ;
#3170 = APPLICATION_CONTEXT ( 'automotive_design' ) ;
#3171 = CARTESIAN_POINT ( 'NONE',  ( -0.005989304229527018034, 0.006377979284853133035, 0.001806857042942758979 ) ) ;
#3172 = ORIENTED_EDGE ( 'NONE', *, *, #3732, .F. ) ;
#3173 = ORIENTED_EDGE ( 'NONE', *, *, #5818, .T. ) ;
#3174 = CARTESIAN_POINT ( 'NONE',  ( -0.003022085625774449495, 0.01178635892478539261, 0.0007096388746892191238 ) ) ;
#3175 = CARTESIAN_POINT ( 'NONE',  ( 0.002691526639983348075, 0.009819976801599286306, -0.0009575392505497848936 ) ) ;
#3176 = CARTESIAN_POINT ( 'NONE',  ( -0.003247657380115924128, 0.01009839710451218564, 0.001781611188268982437 ) ) ;
#3177 = SURFACE_STYLE_USAGE ( .BOTH. , #5924 ) ;
#3178 = CARTESIAN_POINT ( 'NONE',  ( 0.005042727116972461551, 0.007919464560605778136, -0.003704318050489322205 ) ) ;
#3179 = CARTESIAN_POINT ( 'NONE',  ( 0.05055027864255635245, 0.01080025501745753361, 0.002018687111017320682 ) ) ;
#3180 = ORIENTED_EDGE ( 'NONE', *, *, #743, .F. ) ;
#3181 = CARTESIAN_POINT ( 'NONE',  ( -0.006116296642140810376, 0.006919724352935921301, 0.001312481352386553638 ) ) ;
#3182 = CARTESIAN_POINT ( 'NONE',  ( 0.003123282727022970700, 0.009320598770671409752, 0.0005726476016877314525 ) ) ;
#3183 = CARTESIAN_POINT ( 'NONE',  ( 0.06412884795887000000, 0.004294815170139605967, 0.01382219028603898225 ) ) ;
#3184 = EDGE_CURVE ( 'NONE', #4440, #3815, #4898, .T. ) ;
#3185 = CARTESIAN_POINT ( 'NONE',  ( 0.005168554948866792113, 0.002364287385977264979, 0.003524222607085977441 ) ) ;
#3186 = CARTESIAN_POINT ( 'NONE',  ( 0.1214780905553307228, 0.008090060358098043886, 0.003775493179539880784 ) ) ;
#3187 = CARTESIAN_POINT ( 'NONE',  ( -0.002278849226184136417, 0.01079728872829637497, -0.0007920390631065471389 ) ) ;
#3188 = CARTESIAN_POINT ( 'NONE',  ( 0.006006849171421584262, 0.006442034660811114290, -0.001749209793012220394 ) ) ;
#3189 = CARTESIAN_POINT ( 'NONE',  ( 0.006203836542493929886, 0.004700503228840426616, 0.001316285618892033046 ) ) ;
#3190 = CARTESIAN_POINT ( 'NONE',  ( -0.001348694731337228298, 0.0008508732707223399822, -0.006102747129093847971 ) ) ;
#3191 = CARTESIAN_POINT ( 'NONE',  ( -0.006352553552068035750, 0.005660232134131075454, -0.0001850353792271935179 ) ) ;
#3192 = CARTESIAN_POINT ( 'NONE',  ( 0.002495212895965901855, 0.01011300978019521839, -0.001015040889188480048 ) ) ;
#3193 = CARTESIAN_POINT ( 'NONE',  ( -0.003248498379813569321, 0.009192699694853530973, 0.0003112448480756925887 ) ) ;
#3194 = CARTESIAN_POINT ( 'NONE',  ( -0.1299787256290305393, 0.005642746836620344750, -0.009197109298226091578 ) ) ;
#3195 = DIRECTION ( 'NONE',  ( 0.000000000000000000, -1.000000000000000000, 0.000000000000000000 ) ) ;
#3196 = CIRCLE ( 'NONE', #4863, 0.002032000000000005156 ) ;
#3197 = CARTESIAN_POINT ( 'NONE',  ( 0.001651000000000000557, 0.01447799999999999608, 2.021891865392278697E-19 ) ) ;
#3198 = EDGE_LOOP ( 'NONE', ( #3832, #2480 ) ) ;
#3199 = CARTESIAN_POINT ( 'NONE',  ( 0.007365901090102337269, 0.007933723153848821000, -0.004024827400553573735 ) ) ;
#3200 = AXIS2_PLACEMENT_3D ( 'NONE', #2263, #6005, #6574 ) ;
#3201 = ORIENTED_EDGE ( 'NONE', *, *, #5692, .T. ) ;
#3202 = CARTESIAN_POINT ( 'NONE',  ( -0.05512066754766325322, 0.01003520442154464364, 0.003904291061034253010 ) ) ;
#3203 = CARTESIAN_POINT ( 'NONE',  ( 0.003004115126445059628, 0.01172863472550510905, -0.0008672088005478304547 ) ) ;
#3204 = CARTESIAN_POINT ( 'NONE',  ( 0.1299999999999998657, 0.001072457435249923310, 0.01786584610186448679 ) ) ;
#3205 = CARTESIAN_POINT ( 'NONE',  ( -1.204485184444895089E-17, 3.732723443801142422E-20, 0.000000000000000000 ) ) ;
#3206 = CIRCLE ( 'NONE', #4664, 0.001427271232876712410 ) ;
#3207 = ORIENTED_EDGE ( 'NONE', *, *, #4277, .F. ) ;
#3208 = DIRECTION ( 'NONE',  ( 1.000000000000000000, 0.000000000000000000, 0.000000000000000000 ) ) ;
#3209 = ORIENTED_EDGE ( 'NONE', *, *, #6888, .T. ) ;
#3210 = CARTESIAN_POINT ( 'NONE',  ( -0.003516497518452245917, 0.009648065745623778805, 0.001548352208332865083 ) ) ;
#3211 = CARTESIAN_POINT ( 'NONE',  ( -0.005318530521744104650, 0.007242588825343679142, 0.003331565316425050098 ) ) ;
#3212 = CARTESIAN_POINT ( 'NONE',  ( 0.000000000000000000, 0.000000000000000000, 0.000000000000000000 ) ) ;
#3213 =( NAMED_UNIT ( * ) PLANE_ANGLE_UNIT ( ) SI_UNIT ( $, .RADIAN. ) );
#3214 = CARTESIAN_POINT ( 'NONE',  ( 0.004636094515475744013, 0.007939092956796041725, -0.004191559632175532492 ) ) ;
#3215 = CARTESIAN_POINT ( 'NONE',  ( 0.002895600000000001645, 0.006985000000000000757, 0.000000000000000000 ) ) ;
#3216 = VERTEX_POINT ( 'NONE', #5835 ) ;
#3217 = CARTESIAN_POINT ( 'NONE',  ( -0.005983101305638356855, 0.007327944397028729635, 0.002188759085401996863 ) ) ;
#3218 = CARTESIAN_POINT ( 'NONE',  ( 0.003288080152557949429, 0.009153245829851349921, -0.0001378413581891806106 ) ) ;
#3219 = CARTESIAN_POINT ( 'NONE',  ( 0.01092606791770968713, 0.007944354947990329291, -0.004200375897603515069 ) ) ;
#3220 = CARTESIAN_POINT ( 'NONE',  ( 0.006169188807340952700, 0.005873778045155185652, -0.001035699449268369637 ) ) ;
#3221 = CARTESIAN_POINT ( 'NONE',  ( 0.1221259944897147842, 0.008193177652624309901, 0.004034782654317864425 ) ) ;
#3222 = CARTESIAN_POINT ( 'NONE',  ( -0.002337054958830536103, 0.01046173307635148327, 0.0009703089770742431494 ) ) ;
#3223 = CARTESIAN_POINT ( 'NONE',  ( -0.002325930216644457940, 0.01049737429177684950, -0.0009589447992598473108 ) ) ;
#3224 = CARTESIAN_POINT ( 'NONE',  ( 0.006216266188284974223, 0.005756202833941854134, -0.0006994242409191440404 ) ) ;
#3225 = CARTESIAN_POINT ( 'NONE',  ( 0.005516198341528516340, 0.003115035467580027587, 0.003085978224272607501 ) ) ;
#3226 = CARTESIAN_POINT ( 'NONE',  ( -0.003137818498774805429, 0.001134295758456707603, -0.005437402449551235681 ) ) ;
#3227 = CARTESIAN_POINT ( 'NONE',  ( -1.204485184444895089E-17, 0.01015018309780834661, 0.000000000000000000 ) ) ;
#3228 = CARTESIAN_POINT ( 'NONE',  ( 0.003049253715271770231, 0.01186372098745579369, -0.0003996501557443239965 ) ) ;
#3229 = CARTESIAN_POINT ( 'NONE',  ( -0.003204156531675250372, 0.009237426003677568637, -0.0004259046180262648289 ) ) ;
#3230 = CARTESIAN_POINT ( 'NONE',  ( 0.002341819305917652513, 0.01015018309780834661, 0.001015952571939930400 ) ) ;
#3231 = PRODUCT_DEFINITION ( 'UNKNOWN', '', #2606, #6186 ) ;
#3232 = CARTESIAN_POINT ( 'NONE',  ( -0.003054050645425514243, 0.01187628270884028177, -0.0003019802239645909378 ) ) ;
#3233 = LINE ( 'NONE', #3197, #2703 ) ;
#3234 = ORIENTED_EDGE ( 'NONE', *, *, #5950, .F. ) ;
#3235 = CARTESIAN_POINT ( 'NONE',  ( 0.1245947298847593920, 0.007582341175014105025, 0.004963967114230452907 ) ) ;
#3236 = DIRECTION ( 'NONE',  ( -0.000000000000000000, 1.000000000000000000, -0.000000000000000000 ) ) ;
#3237 = ADVANCED_FACE ( 'NONE', ( #3266 ), #1021, .F. ) ;
#3238 = EDGE_CURVE ( 'NONE', #2870, #1153, #3520, .T. ) ;
#3239 = CARTESIAN_POINT ( 'NONE',  ( -0.06596042398095985915, 0.01026392963062818485, 0.003622269679976191682 ) ) ;
#3240 = CARTESIAN_POINT ( 'NONE',  ( 0.002934866552689850434, 0.01111685165875217311, -0.001628221774028236046 ) ) ;
#3241 = CARTESIAN_POINT ( 'NONE',  ( 0.002291190288874459316, 0.01098677068057862284, -0.0005905509293162651248 ) ) ;
#3242 = CYLINDRICAL_SURFACE ( 'NONE', #1564, 0.001015999999999999976 ) ;
#3243 = ORIENTED_EDGE ( 'NONE', *, *, #4918, .F. ) ;
#3244 = ORIENTED_EDGE ( 'NONE', *, *, #740, .F. ) ;
#3245 = CARTESIAN_POINT ( 'NONE',  ( -0.004005838060586404230, 0.008973253551693170793, 0.0004883780877709574184 ) ) ;
#3246 = CARTESIAN_POINT ( 'NONE',  ( -0.005794107156760982397, 0.006918814019711241013, 0.002562636745568573106 ) ) ;
#3247 = DIRECTION ( 'NONE',  ( 0.000000000000000000, 1.000000000000000000, 0.000000000000000000 ) ) ;
#3248 = CARTESIAN_POINT ( 'NONE',  ( -9.635881475559170419E-19, 0.01168400000000000168, 0.000000000000000000 ) ) ;
#3249 = CARTESIAN_POINT ( 'NONE',  ( 0.001445268041901130989, 0.0007034714342214826643, 0.0002539999999999998856 ) ) ;
#3250 = CARTESIAN_POINT ( 'NONE',  ( -0.001429071916480830319, 0.002644011576293511974, 0.0002539999999999999398 ) ) ;
#3251 = ORIENTED_EDGE ( 'NONE', *, *, #3408, .T. ) ;
#3252 = CARTESIAN_POINT ( 'NONE',  ( -0.005624698855099456545, 0.007713274750388679143, 0.002996022031691907006 ) ) ;
#3253 = CARTESIAN_POINT ( 'NONE',  ( 0.003209006541084163076, 0.009232504410505285031, 0.0004150741478218066926 ) ) ;
#3254 = CARTESIAN_POINT ( 'NONE',  ( 0.1024885154807276960, 0.01047622363640320076, -0.002298089056675977401 ) ) ;
#3255 = EDGE_CURVE ( 'NONE', #163, #3048, #5152, .T. ) ;
#3256 = PRESENTATION_STYLE_ASSIGNMENT (( #2656 ) ) ;
#3257 = CARTESIAN_POINT ( 'NONE',  ( 0.1265695718301729222, 0.007682056893406137739, 0.004165894504930651825 ) ) ;
#3258 = CARTESIAN_POINT ( 'NONE',  ( -0.002611589237301999329, 0.009930179303343611430, 0.0009901629249196861396 ) ) ;
#3259 = CIRCLE ( 'NONE', #1667, 0.001650999999999999256 ) ;
#3260 = CARTESIAN_POINT ( 'NONE',  ( -0.002289471261360871267, 0.01066910753803042983, -0.0008794107713018871168 ) ) ;
#3261 = CARTESIAN_POINT ( 'NONE',  ( 0.006250591993941858292, 0.005313405638392067719, -0.0002426584660033212514 ) ) ;
#3262 = CARTESIAN_POINT ( 'NONE',  ( 2.955072726342563340E-19, 0.02413508000000001361, -0.002412999999999997612 ) ) ;
#3263 = CARTESIAN_POINT ( 'NONE',  ( -0.004207103968099397753, 0.001718856176434893981, -0.004676920944818046058 ) ) ;
#3264 = VECTOR ( 'NONE', #4877, 1.000000000000000000 ) ;
#3265 = CARTESIAN_POINT ( 'NONE',  ( 0.002792053503226296206, 0.009691928877338605239, -0.0009018885796149349278 ) ) ;
#3266 = FACE_OUTER_BOUND ( 'NONE', #4704, .T. ) ;
#3267 = CARTESIAN_POINT ( 'NONE',  ( -0.1301328609506569312, 0.005436764704147335238, -0.009661241375714096219 ) ) ;
#3268 = CARTESIAN_POINT ( 'NONE',  ( -0.003050213223767986315, 0.01186617401690762304, 0.0003729633332424959623 ) ) ;
#3269 = CARTESIAN_POINT ( 'NONE',  ( 0.004596143813076125975, 0.008028005124639052068, -0.004235652596389486747 ) ) ;
#3270 = B_SPLINE_CURVE_WITH_KNOTS ( 'NONE', 3,
 ( #2716, #6194, #338, #1578, #2489, #4627, #1425, #3580, #906, #3056, #2528, #1544, #6455, #1202, #1643, #3948, #641, #6490, #2789, #3352, #5542, #3801, #676, #710, #1164, #6565, #2857, #4438, #6067, #2327, #177, #4401, #6601, #1790, #4475, #1276, #3394, #25, #1239, #2824, #606, #98 ),
 .UNSPECIFIED., .F., .F.,
 ( 4, 2, 2, 2, 2, 2, 2, 2, 1, 1, 2, 2, 2, 2, 2, 2, 2, 2, 2, 2, 2, 4 ),
 ( 0.8268661499025196093, 0.8480920021701658928, 0.8587049283039893677, 0.8693178544378128425, 0.8746243175047246909, 0.8799307805716364284, 0.8905437067054600142, 0.8918703224721877820, 0.8931969382389154388, 0.8958501697723715296, 0.9011566328392836001, 0.9117695589731086292, 0.9170760220400208107, 0.9197292535734769015, 0.9223824851069328812, 0.9329954112407570221, 0.9383018743076693147, 0.9436083373745816072, 0.9542212635084061922, 0.9648341896422308883, 0.9754471157760554734, 0.9966729680437044214 ),
 .UNSPECIFIED. ) ;
#3271 = ORIENTED_EDGE ( 'NONE', *, *, #5533, .F. ) ;
#3272 = CARTESIAN_POINT ( 'NONE',  ( 0.1285652108075734101, 0.006557542889888003969, 0.007220108600492059978 ) ) ;
#3273 = CIRCLE ( 'NONE', #4263, 0.0001000000000000002623 ) ;
#3274 = ADVANCED_FACE ( 'NONE', ( #5853 ), #6906, .F. ) ;
#3275 = ADVANCED_FACE ( 'NONE', ( #568 ), #5329, .F. ) ;
#3276 = CIRCLE ( 'NONE', #4162, 0.002981341975184092965 ) ;
#3277 = AXIS2_PLACEMENT_3D ( 'NONE', #3691, #3726, #4185 ) ;
#3278 = CARTESIAN_POINT ( 'NONE',  ( -0.04969749948574528342, 0.01001601949251807420, 0.003873248325218679820 ) ) ;
#3279 = CARTESIAN_POINT ( 'NONE',  ( 0.003264911398912680781, 0.009176282226275431567, -0.0002563689327499317451 ) ) ;
#3280 = CARTESIAN_POINT ( 'NONE',  ( 0.002299243969010193560, 0.01103375222784552974, -0.0005184832845551608227 ) ) ;
#3281 = CARTESIAN_POINT ( 'NONE',  ( -0.002894819203264567802, 0.009570022661957536605, 0.0008272162078155066408 ) ) ;
#3282 = ORIENTED_EDGE ( 'NONE', *, *, #5692, .F. ) ;
#3283 = CARTESIAN_POINT ( 'NONE',  ( -0.004032580742882453488, 0.008939355789306642139, 0.0003122191040780444957 ) ) ;
#3284 = CARTESIAN_POINT ( 'NONE',  ( -0.003343331381802274859, 0.001199689290779114856, -0.005477245191538633422 ) ) ;
#3285 = DIRECTION ( 'NONE',  ( 1.000000000000000000, 0.000000000000000000, 1.224646799147353207E-16 ) ) ;
#3286 = CARTESIAN_POINT ( 'NONE',  ( 0.01932713235959386197, 0.007736293563460179545, -0.003171854783235453484 ) ) ;
#3287 = DIRECTION ( 'NONE',  ( 1.000000000000000000, 0.000000000000000000, -1.123292760552739567E-17 ) ) ;
#3288 = EDGE_LOOP ( 'NONE', ( #712, #5775, #6586, #3243 ) ) ;
#3289 = CARTESIAN_POINT ( 'NONE',  ( -0.003872672032660730637, 0.009145651123737124147, -0.0009511028107664540841 ) ) ;
#3290 = CARTESIAN_POINT ( 'NONE',  ( 0.003250613114700566172, 0.009190580884007920962, 0.0003045816007658209371 ) ) ;
#3291 = CARTESIAN_POINT ( 'NONE',  ( 0.02954458763929919754, 0.007376516437751856094, -0.0009154508390313380577 ) ) ;
#3292 = CARTESIAN_POINT ( 'NONE',  ( -0.1188473151109206566, 0.003617810749556280275, -0.01568515845839881309 ) ) ;
#3293 = CARTESIAN_POINT ( 'NONE',  ( 0.1302212324117083264, 0.005551676327530532390, 0.009067324387742546274 ) ) ;
#3294 = CARTESIAN_POINT ( 'NONE',  ( -0.003277849037835900859, 0.009163400132342968546, -0.0002005828728192991881 ) ) ;
#3295 = CARTESIAN_POINT ( 'NONE',  ( -0.002304515063353567220, 0.01105972048055370825, -0.0004722930365539974992 ) ) ;
#3296 = DIRECTION ( 'NONE',  ( 0.000000000000000000, 0.000000000000000000, 1.000000000000000000 ) ) ;
#3297 = ORIENTED_EDGE ( 'NONE', *, *, #312, .T. ) ;
#3298 = CARTESIAN_POINT ( 'NONE',  ( -0.004468114459338990915, 0.007926926915892992462, 0.004370210893286773784 ) ) ;
#3299 = CARTESIAN_POINT ( 'NONE',  ( -0.003954250593981114593, 0.000000000000000000, 0.0002539999999999998856 ) ) ;
#3300 = CARTESIAN_POINT ( 'NONE',  ( -0.01798929285220529292, 0.007704547684439665492, 0.003223220127303250571 ) ) ;
#3301 = PLANE ( 'NONE',  #4320 ) ;
#3302 = CARTESIAN_POINT ( 'NONE',  ( 0.002647809361168621586, 0.009879021146824325250, -0.0009768685973031913765 ) ) ;
#3303 = CARTESIAN_POINT ( 'NONE',  ( -0.003297170326835446169, 0.009144244199652458785, -2.818808980698974108E-05 ) ) ;
#3304 = CARTESIAN_POINT ( 'NONE',  ( -0.1302214705862824728, 0.005602867291920539915, -0.008944368386337506541 ) ) ;
#3305 = CARTESIAN_POINT ( 'NONE',  ( -0.002931387034915670323, 0.01121659166278491000, -0.001558561301713590067 ) ) ;
#3306 = CARTESIAN_POINT ( 'NONE',  ( 3.000384657911015166E-19, -0.001498506304391716837, -0.002449999999999999921 ) ) ;
#3307 = ORIENTED_EDGE ( 'NONE', *, *, #4520, .F. ) ;
#3308 = CARTESIAN_POINT ( 'NONE',  ( 0.1263825403489343413, 0.007204570959533611839, 0.005817957371038476322 ) ) ;
#3309 = ORIENTED_EDGE ( 'NONE', *, *, #2718, .F. ) ;
#3310 = CARTESIAN_POINT ( 'NONE',  ( -0.04563860098872423582, 0.009802583740622785452, 0.003783311865710110074 ) ) ;
#3311 = CARTESIAN_POINT ( 'NONE',  ( 0.003282743340501020901, 0.01003785635589646459, -0.001754212857989375512 ) ) ;
#3312 = CARTESIAN_POINT ( 'NONE',  ( 0.002330307306795164572, 0.01115885690991094692, -0.0001875511280662687109 ) ) ;
#3313 = CARTESIAN_POINT ( 'NONE',  ( -0.003297833366034412864, 0.009143584583552659059, 3.801101408528458710E-05 ) ) ;
#3314 = CARTESIAN_POINT ( 'NONE',  ( -0.003958878011040965761, 0.009033332825958135040, -0.0006927232688659650970 ) ) ;
#3315 = CARTESIAN_POINT ( 'NONE',  ( -0.002517088618585503791, 0.0009997525009264513797, -0.005905364163237962830 ) ) ;
#3316 = CARTESIAN_POINT ( 'NONE',  ( 0.0002539999999999998314, 0.000000000000000000, 0.001451138256679907184 ) ) ;
#3317 = DIRECTION ( 'NONE',  ( 0.000000000000000000, 0.000000000000000000, 1.000000000000000000 ) ) ;
#3318 = CARTESIAN_POINT ( 'NONE',  ( 0.1299999999999999212, 0.005640097544746083477, 0.009162537329199473349 ) ) ;
#3319 = CYLINDRICAL_SURFACE ( 'NONE', #5257, 0.005016500000000010534 ) ;
#3320 = ORIENTED_EDGE ( 'NONE', *, *, #3144, .T. ) ;
#3321 = CARTESIAN_POINT ( 'NONE',  ( -0.1299999999999999767, 0.005927412509691161631, -0.008868039094404388256 ) ) ;
#3322 = AXIS2_PLACEMENT_3D ( 'NONE', #2416, #5453, #729 ) ;
#3323 = CARTESIAN_POINT ( 'NONE',  ( 0.002647211874161932085, 0.009879815904443443875, 0.0009771100896459028982 ) ) ;
#3324 = DIRECTION ( 'NONE',  ( -0.000000000000000000, -1.000000000000000000, -0.000000000000000000 ) ) ;
#3325 = CARTESIAN_POINT ( 'NONE',  ( -0.01066806096747685735, 0.0009729210562361313838, -0.004363876462263082887 ) ) ;
#3326 = EDGE_CURVE ( 'NONE', #2281, #6647, #6946, .T. ) ;
#3327 = CARTESIAN_POINT ( 'NONE',  ( -0.001404488224300015587, 0.005588000000000000085, 0.0002539999999999999398 ) ) ;
#3328 = CARTESIAN_POINT ( 'NONE',  ( 0.1299190291780199791, 0.005726080448532232768, 0.009003346536996189448 ) ) ;
#3329 = CARTESIAN_POINT ( 'NONE',  ( -0.002963389362342185203, 0.009492466884509817571, 0.0007660961150097976569 ) ) ;
#3330 = CARTESIAN_POINT ( 'NONE',  ( -0.002325110902749821535, 0.01114128822966220338, -0.0002638745836311629715 ) ) ;
#3331 = CARTESIAN_POINT ( 'NONE',  ( 0.005134756932595838964, 0.002326296468180345887, 0.003573515448612638121 ) ) ;
#3332 = CARTESIAN_POINT ( 'NONE',  ( -0.004631615120808871104, 0.008031864869413839203, 0.004196503469877588093 ) ) ;
#3333 = CARTESIAN_POINT ( 'NONE',  ( 0.003032742352689406055, 0.01181790175326048048, -0.0006020605045006844659 ) ) ;
#3334 = CARTESIAN_POINT ( 'NONE',  ( -0.005336084932498661240, 0.007866063682596591625, 0.003474426076438365697 ) ) ;
#3335 = CARTESIAN_POINT ( 'NONE',  ( 0.000000000000000000, 0.02413508000000001361, 0.000000000000000000 ) ) ;
#3336 = CARTESIAN_POINT ( 'NONE',  ( -0.003279967176925129447, 0.009161298801252677065, 0.0001868886549140285974 ) ) ;
#3337 = CARTESIAN_POINT ( 'NONE',  ( -0.003017615799098844354, 0.01066204812977399052, -0.001805305000930121102 ) ) ;
#3338 = CARTESIAN_POINT ( 'NONE',  ( 0.002660445728644402624, 0.009861893431246637406, 0.0009713595516372371726 ) ) ;
#3339 = ORIENTED_EDGE ( 'NONE', *, *, #656, .T. ) ;
#3340 = CARTESIAN_POINT ( 'NONE',  ( 0.000000000000000000, 0.001808205287965903739, -0.005277611078687016732 ) ) ;
#3341 = PRODUCT ( '1045_reverse', '1045_reverse', '', ( #1057 ) ) ;
#3342 = ADVANCED_FACE ( 'NONE', ( #4294 ), #571, .T. ) ;
#3343 = ORIENTED_EDGE ( 'NONE', *, *, #833, .F. ) ;
#3344 = CARTESIAN_POINT ( 'NONE',  ( -0.09585621127526383622, 0.01011112847868235118, 0.002047717944798190751 ) ) ;
#3345 = CARTESIAN_POINT ( 'NONE',  ( 0.003180408254685334907, 0.009261625653963226346, -0.0004748239246962465796 ) ) ;
#3346 = CARTESIAN_POINT ( 'NONE',  ( 0.002283236622719006254, 0.01072266275182206900, -0.0008463262499638919256 ) ) ;
#3347 = CARTESIAN_POINT ( 'NONE',  ( -0.002792490817402387866, 0.009691395162715594688, 0.0009015770748035739027 ) ) ;
#3348 = CARTESIAN_POINT ( 'NONE',  ( -0.002816011348061053278, 0.009662661765234909633, -0.0008864885865642206436 ) ) ;
#3349 = CARTESIAN_POINT ( 'NONE',  ( -0.001565918349777555355, 0.001049683543376522636, -0.006058388478707180287 ) ) ;
#3350 = FACE_OUTER_BOUND ( 'NONE', #6016, .T. ) ;
#3351 = CARTESIAN_POINT ( 'NONE',  ( 0.003941295174106101973, 0.009056020037180447652, -0.0007540037283005738720 ) ) ;
#3352 = CARTESIAN_POINT ( 'NONE',  ( -0.002775391105533419125, 0.009712401796372649096, -0.0009123831000650101065 ) ) ;
#3353 = CARTESIAN_POINT ( 'NONE',  ( -0.0002540000000000001566, 0.003959823862167014333, 0.001418087575392719532 ) ) ;
#3354 = ORIENTED_EDGE ( 'NONE', *, *, #1602, .T. ) ;
#3355 = CARTESIAN_POINT ( 'NONE',  ( 0.004643745105038739329, 0.007741020651064483074, -0.004287909438224474408 ) ) ;
#3356 = CARTESIAN_POINT ( 'NONE',  ( -0.1299999999999999489, 0.005904082352643599818, -0.008834706674945713364 ) ) ;
#3357 = CARTESIAN_POINT ( 'NONE',  ( 0.002712853699151567249, 0.009791707486276947717, 0.0009474037717239816841 ) ) ;
#3358 = B_SPLINE_CURVE_WITH_KNOTS ( 'NONE', 3,
 ( #4658, #6846, #2044, #438 ),
 .UNSPECIFIED., .F., .F.,
 ( 4, 4 ),
 ( 0.005486497244110623978, 0.01067792281924099737 ),
 .UNSPECIFIED. ) ;
#3359 = DIRECTION ( 'NONE',  ( -1.000000000000000000, 9.484135310589723205E-16, 0.000000000000000000 ) ) ;
#3360 = CARTESIAN_POINT ( 'NONE',  ( 0.01071709507048036053, 0.008055475248751026163, -0.004402013130144175578 ) ) ;
#3361 = EDGE_CURVE ( 'NONE', #1082, #4225, #1470, .T. ) ;
#3362 = DIRECTION ( 'NONE',  ( 1.000000000000000000, 0.000000000000000000, 6.982962677686266711E-15 ) ) ;
#3363 = CARTESIAN_POINT ( 'NONE',  ( 0.1300068149819987584, 0.005915768311175747564, 0.008944155805989971453 ) ) ;
#3364 = CARTESIAN_POINT ( 'NONE',  ( -0.002809998754665978763, 0.009669905747119771772, 0.0008905123717995019807 ) ) ;
#3365 = CARTESIAN_POINT ( 'NONE',  ( -0.002332274874134798465, 0.01116524912538825395, 0.0001484423130363730946 ) ) ;
#3366 = DIRECTION ( 'NONE',  ( 0.000000000000000000, 0.000000000000000000, 1.000000000000000000 ) ) ;
#3367 = ORIENTED_EDGE ( 'NONE', *, *, #168, .F. ) ;
#3368 = CARTESIAN_POINT ( 'NONE',  ( -0.004572298980022660060, 0.007761052548408465396, 0.004327229423817468244 ) ) ;
#3369 = EDGE_CURVE ( 'NONE', #5522, #5599, #3812, .T. ) ;
#3370 = CARTESIAN_POINT ( 'NONE',  ( -0.003011518332033784502, 0.01175602430731402526, -0.0008245439840112743285 ) ) ;
#3371 = CARTESIAN_POINT ( 'NONE',  ( 0.003070978032316218527, 0.01050091924143631283, 0.001822469540989889777 ) ) ;
#3372 = CARTESIAN_POINT ( 'NONE',  ( 0.1299999999999998657, 0.001072457435249923310, 0.01786584610186448679 ) ) ;
#3373 = CARTESIAN_POINT ( 'NONE',  ( 0.01747809365003685084, 0.0003435990175735472601, 0.005100186359730938222 ) ) ;
#3374 = ORIENTED_EDGE ( 'NONE', *, *, #5327, .F. ) ;
#3375 = CARTESIAN_POINT ( 'NONE',  ( 0.004013008159823989313, 0.001623796090340303431, 0.004800563837754015344 ) ) ;
#3376 = CARTESIAN_POINT ( 'NONE',  ( 0.07407131639491804087, 0.01032469753050989196, -0.003237908868392052122 ) ) ;
#3377 = CARTESIAN_POINT ( 'NONE',  ( -0.003082331169683598555, 0.01046960566402750821, -0.001823980383665971825 ) ) ;
#3378 = CARTESIAN_POINT ( 'NONE',  ( 0.002883307352197311997, 0.009583327167470762076, 0.0008365064888077142387 ) ) ;
#3379 = ORIENTED_EDGE ( 'NONE', *, *, #6296, .F. ) ;
#3380 = CARTESIAN_POINT ( 'NONE',  ( 0.000000000000000000, 0.002200000000000024419, -0.004849742261192876991 ) ) ;
#3381 = AXIS2_PLACEMENT_3D ( 'NONE', #4292, #3247, #1641 ) ;
#3382 = CARTESIAN_POINT ( 'NONE',  ( -0.09835368432520806559, 0.009852688633857282705, 0.0009633268219224593726 ) ) ;
#3383 = AXIS2_PLACEMENT_3D ( 'NONE', #2234, #1144, #621 ) ;
#3384 = CARTESIAN_POINT ( 'NONE',  ( 0.003136764520438584808, 0.01033679650565574350, -0.001818066334504343188 ) ) ;
#3385 = CARTESIAN_POINT ( 'NONE',  ( 0.002329336918127019283, 0.01048430353208059697, -0.0009640247009627596906 ) ) ;
#3386 = CARTESIAN_POINT ( 'NONE',  ( -0.003053199788614003023, 0.009394555355038882588, 0.0006684716832466133839 ) ) ;
#3387 = EDGE_CURVE ( 'NONE', #4094, #1227, #3270, .T. ) ;
#3388 = CARTESIAN_POINT ( 'NONE',  ( -0.002926719548893472276, 0.009533489039690595454, -0.0008004419134500502346 ) ) ;
#3389 = AXIS2_PLACEMENT_3D ( 'NONE', #1871, #4587, #6114 ) ;
#3390 = CARTESIAN_POINT ( 'NONE',  ( -0.004564119347660254046, 0.001997339550764504201, -0.004279394910478723398 ) ) ;
#3391 = CIRCLE ( 'NONE', #6173, 0.002895600000000001645 ) ;
#3392 = CARTESIAN_POINT ( 'NONE',  ( 0.004668429191946355493, 0.007930447757507322684, -0.004274461196564186168 ) ) ;
#3393 = CARTESIAN_POINT ( 'NONE',  ( 0.005235714666251185985, 0.007437918538954933594, -0.003573026952427485817 ) ) ;
#3394 = CARTESIAN_POINT ( 'NONE',  ( -0.003015253340023353948, 0.009435462464923669371, -0.0007125584754260554749 ) ) ;
#3395 = CARTESIAN_POINT ( 'NONE',  ( -0.001437170998174991648, 0.001673741513759882150, 0.0002539999999999999398 ) ) ;
#3396 = ORIENTED_EDGE ( 'NONE', *, *, #3693, .T. ) ;
#3397 = CARTESIAN_POINT ( 'NONE',  ( -0.002022813875226638601, 0.01115795445816240850, -0.0002192321141968368056 ) ) ;
#3398 = CARTESIAN_POINT ( 'NONE',  ( 0.002326889699800529544, 0.01114739639015060318, 0.0002400170712445449613 ) ) ;
#3399 = CARTESIAN_POINT ( 'NONE',  ( 4.665904304751414786E-19, 0.006959600000000000682, -0.003809999999999999585 ) ) ;
#3400 = CARTESIAN_POINT ( 'NONE',  ( -0.03001791880397789228, -0.0004603294020596733049, -0.008862087538974361065 ) ) ;
#3401 = FACE_OUTER_BOUND ( 'NONE', #1870, .T. ) ;
#3402 = CARTESIAN_POINT ( 'NONE',  ( 0.1298672114621390039, 0.005799188238318116369, 0.008826365434242765956 ) ) ;
#3403 = PRODUCT ( 'BLDCMotorPropCollar', 'BLDCMotorPropCollar', '', ( #3665 ) ) ;
#3404 = CARTESIAN_POINT ( 'NONE',  ( 0.006255008133390944393, 0.005126676854131591993, 1.034551594579393840E-05 ) ) ;
#3405 = ORIENTED_EDGE ( 'NONE', *, *, #5841, .T. ) ;
#3406 = DIRECTION ( 'NONE',  ( 0.000000000000000000, 0.000000000000000000, -1.000000000000000000 ) ) ;
#3407 = CARTESIAN_POINT ( 'NONE',  ( -0.003240142272791428010, 0.01011877269125978536, -0.001778755089930072423 ) ) ;
#3408 = EDGE_CURVE ( 'NONE', #2967, #1216, #3425, .T. ) ;
#3409 = CARTESIAN_POINT ( 'NONE',  ( 0.003061596625185977836, 0.01189572240626590206, -3.179207651715843701E-05 ) ) ;
#3410 = CARTESIAN_POINT ( 'NONE',  ( -0.002541949055656420389, 0.009170193112560922483, -0.0002651302037200580527 ) ) ;
#3411 = CARTESIAN_POINT ( 'NONE',  ( 0.002944178808970904140, 0.009513943622505929149, -0.0007841938185554653577 ) ) ;
#3412 = CARTESIAN_POINT ( 'NONE',  ( 0.003707415075489457930, 0.009368517343346998219, -0.001295726377298918536 ) ) ;
#3413 = ORIENTED_EDGE ( 'NONE', *, *, #4683, .F. ) ;
#3414 = CARTESIAN_POINT ( 'NONE',  ( 0.003575247804696951581, 0.001317390788158104200, 0.005178738450752704697 ) ) ;
#3415 = CARTESIAN_POINT ( 'NONE',  ( -0.002950188498995124156, 0.01148461320057287544, 0.001290947613800367709 ) ) ;
#3416 = CARTESIAN_POINT ( 'NONE',  ( 0.003166176361274438029, 0.009276203246125533375, 0.0005016932909982105499 ) ) ;
#3417 = VERTEX_POINT ( 'NONE', #4982 ) ;
#3418 = CARTESIAN_POINT ( 'NONE',  ( -0.03004450371382531501, -0.0009156489969351568493, -0.009343593620298467836 ) ) ;
#3419 = CARTESIAN_POINT ( 'NONE',  ( -0.1143361187286382058, 0.008886664005689886778, -0.001798104515173859323 ) ) ;
#3420 = LINE ( 'NONE', #6632, #918 ) ;
#3421 = CARTESIAN_POINT ( 'NONE',  ( -0.002735127171951430049, 0.009763149310375701315, 0.0009354820412654452294 ) ) ;
#3422 = CARTESIAN_POINT ( 'NONE',  ( -0.002334717099215981827, 0.01117305001923537232, 7.927989448824643661E-05 ) ) ;
#3423 = CARTESIAN_POINT ( 'NONE',  ( -0.004006927641656692594, 0.001438812185503556993, -0.004805681746547660511 ) ) ;
#3424 = CARTESIAN_POINT ( 'NONE',  ( 0.004037218488056221709, 0.008933497912699492685, 0.0002713046687857166833 ) ) ;
#3425 = LINE ( 'NONE', #5925, #2373 ) ;
#3426 = CARTESIAN_POINT ( 'NONE',  ( -0.0002540000000000001566, 0.004930093882071131389, -0.001409983389151052598 ) ) ;
#3427 = ORIENTED_EDGE ( 'NONE', *, *, #5485, .T. ) ;
#3428 = CARTESIAN_POINT ( 'NONE',  ( 0.0002539999999999995061, 0.000000000000000000, 0.003954250593981114593 ) ) ;
#3429 = CARTESIAN_POINT ( 'NONE',  ( 0.001783079999999999821, 0.02476500000000000229, 0.000000000000000000 ) ) ;
#3430 = CARTESIAN_POINT ( 'NONE',  ( 0.002330178993673394025, 0.01115840712821562254, 0.0001890466062473792621 ) ) ;
#3431 = CARTESIAN_POINT ( 'NONE',  ( 0.0002540000000000000482, 0.000000000000000000, -0.0002540000000000000482 ) ) ;
#3432 = CARTESIAN_POINT ( 'NONE',  ( -0.03967421650238060760, -0.0006114436324195257448, -0.01421244208435728552 ) ) ;
#3433 = CARTESIAN_POINT ( 'NONE',  ( -1.204485184444895089E-17, 0.01015018309780834661, 0.000000000000000000 ) ) ;
#3434 = CARTESIAN_POINT ( 'NONE',  ( 0.1298733415520838819, 0.005791040625882626011, 0.008845815497748267878 ) ) ;
#3435 = CARTESIAN_POINT ( 'NONE',  ( 0.003535012025949377766, 0.001217167492442487080, 0.005162725651336417913 ) ) ;
#3436 = ORIENTED_EDGE ( 'NONE', *, *, #4924, .F. ) ;
#3437 = AXIS2_PLACEMENT_3D ( 'NONE', #3227, #4344, #1699 ) ;
#3438 = CARTESIAN_POINT ( 'NONE',  ( -0.004494020663777032083, 0.007773018935076073457, 0.004343709992550939293 ) ) ;
#3439 = CARTESIAN_POINT ( 'NONE',  ( -0.003058562955480981574, 0.01188812896363650694, -0.0002121853190458303793 ) ) ;
#3440 = CARTESIAN_POINT ( 'NONE',  ( 0.002936814042234496980, 0.01136714548872699675, 0.001425165659997782927 ) ) ;
#3441 = CARTESIAN_POINT ( 'NONE',  ( 0.001886057082338769061, 0.01084837144719195436, -0.0007773780187445578907 ) ) ;
#3442 = CARTESIAN_POINT ( 'NONE',  ( -0.003061338374298220276, 0.01189507514834951124, 0.0001815524526655374856 ) ) ;
#3443 = DIRECTION ( 'NONE',  ( 0.000000000000000000, 0.000000000000000000, -1.000000000000000000 ) ) ;
#3444 = VECTOR ( 'NONE', #4377, 1.000000000000000000 ) ;
#3445 = EDGE_LOOP ( 'NONE', ( #1559, #5103, #4687, #2845 ) ) ;
#3446 = CARTESIAN_POINT ( 'NONE',  ( 0.006125816353627070408, 0.004447748214102217358, 0.001602301812225577580 ) ) ;
#3447 = CARTESIAN_POINT ( 'NONE',  ( -0.002958614746840200829, 0.01153610953735802712, 0.001221258203761894966 ) ) ;
#3448 = CARTESIAN_POINT ( 'NONE',  ( 0.002808834756173279011, 0.009671494153835901580, 0.0008909448888480866720 ) ) ;
#3449 = ORIENTED_EDGE ( 'NONE', *, *, #2747, .F. ) ;
#3450 = CARTESIAN_POINT ( 'NONE',  ( -0.05301705031603139162, -0.0008450581136781314551, -0.02099197204913890932 ) ) ;
#3451 = EDGE_CURVE ( 'NONE', #51, #4718, #2160, .T. ) ;
#3452 = CARTESIAN_POINT ( 'NONE',  ( -0.1233659020034090642, 0.007800558503891408604, -0.004459100501621121072 ) ) ;
#3453 = EDGE_CURVE ( 'NONE', #6908, #51, #3937, .T. ) ;
#3454 = CARTESIAN_POINT ( 'NONE',  ( 0.002285886621793996060, 0.01094661549164028559, 0.0006431333968005381162 ) ) ;
#3455 = CARTESIAN_POINT ( 'NONE',  ( 0.1299412206022986238, 0.006002953211545396760, 0.008784355091794137163 ) ) ;
#3456 = ADVANCED_FACE ( 'NONE', ( #5069, #4008 ), #4465, .T. ) ;
#3457 = CARTESIAN_POINT ( 'NONE',  ( -0.002285665120672937881, 0.01094496101059767856, -0.0006452832938095973874 ) ) ;
#3458 = CARTESIAN_POINT ( 'NONE',  ( -0.006036039503539416748, 0.007936070324823197783, 0.004144525239630931883 ) ) ;
#3459 = CARTESIAN_POINT ( 'NONE',  ( 0.004497849281976875821, 0.007964942574347102025, -0.004339814644780773042 ) ) ;
#3460 = CARTESIAN_POINT ( 'NONE',  ( 0.004002879986726607525, 0.008976998320787590857, -0.0005063861078629557089 ) ) ;
#3461 = CARTESIAN_POINT ( 'NONE',  ( -0.05001024892780176617, 0.009832815644935316915, 0.003894536671387354657 ) ) ;
#3462 = CARTESIAN_POINT ( 'NONE',  ( 1.710831578408852409E-19, 0.009271000000000001462, 0.001397000000000000021 ) ) ;
#3463 = ORIENTED_EDGE ( 'NONE', *, *, #1498, .F. ) ;
#3464 = CARTESIAN_POINT ( 'NONE',  ( -0.002991490219924914946, 0.01075807880326930949, -0.001784535761075076296 ) ) ;
#3465 = CARTESIAN_POINT ( 'NONE',  ( 0.002311870291072464032, 0.01055162128800039151, 0.0009376497525002247101 ) ) ;
#3466 = CARTESIAN_POINT ( 'NONE',  ( 0.000000000000000000, 0.006959600000000000682, 0.003809999999999999585 ) ) ;
#3467 = CARTESIAN_POINT ( 'NONE',  ( 0.1299999999999998934, 0.004585931413959958014, 0.01292123918108037221 ) ) ;
#3468 = CARTESIAN_POINT ( 'NONE',  ( 0.1299906822993039668, 0.005625812159380842725, 0.009235587138852609929 ) ) ;
#3469 = CARTESIAN_POINT ( 'NONE',  ( 0.002706391072599112751, 0.001174403060103890476, 0.005641761707349642746 ) ) ;
#3470 = VERTEX_POINT ( 'NONE', #4969 ) ;
#3471 = CARTESIAN_POINT ( 'NONE',  ( -0.002299815848522619981, 0.01103708612089373056, 0.0005135115369675552965 ) ) ;
#3472 = CARTESIAN_POINT ( 'NONE',  ( -0.002751105587761863269, 0.001067439842844407002, -0.005620117187530883178 ) ) ;
#3473 = ADVANCED_FACE ( 'NONE', ( #1883 ), #2461, .F. ) ;
#3474 = CARTESIAN_POINT ( 'NONE',  ( 0.003167861479650193376, 0.01026662395341387812, 0.001810184394408326583 ) ) ;
#3475 = CARTESIAN_POINT ( 'NONE',  ( -0.003872672137664107724, 0.009145650402728175421, -0.0009511032290580027264 ) ) ;
#3476 = CARTESIAN_POINT ( 'NONE',  ( -9.896207414363052682E-31, 0.01149665802481590268, 0.000000000000000000 ) ) ;
#3477 = CARTESIAN_POINT ( 'NONE',  ( 0.003278499106950927104, 0.01004595988246591645, -0.001756617298924868830 ) ) ;
#3478 = ORIENTED_EDGE ( 'NONE', *, *, #5651, .F. ) ;
#3479 = CARTESIAN_POINT ( 'NONE',  ( 0.005233938895021731687, 0.002894290234705718719, 0.003425112182082999408 ) ) ;
#3480 = CARTESIAN_POINT ( 'NONE',  ( 0.03933748293642036487, 0.009178614335926959730, -0.003554669646003843185 ) ) ;
#3481 = CARTESIAN_POINT ( 'NONE',  ( 0.08772053286219166912, 0.01031004896584939573, -0.002850363091297459465 ) ) ;
#3482 = CARTESIAN_POINT ( 'NONE',  ( -0.003666642747675715516, 0.009427121302630877067, 0.001350560111945946435 ) ) ;
#3483 = CARTESIAN_POINT ( 'NONE',  ( 0.003282533819927686749, 0.009158735744470396234, -0.0001796238830940419414 ) ) ;
#3484 = VERTEX_POINT ( 'NONE', #2532 ) ;
#3485 = CARTESIAN_POINT ( 'NONE',  ( 0.000000000000000000, 0.001612307931948843507, -0.005491545487434086603 ) ) ;
#3486 = CARTESIAN_POINT ( 'NONE',  ( -0.1258128522007241623, 0.007331063061535885404, -0.005533833725148679106 ) ) ;
#3487 = FACE_OUTER_BOUND ( 'NONE', #1731, .T. ) ;
#3488 = CARTESIAN_POINT ( 'NONE',  ( 0.09780144001868894266, 0.01007147210535139226, -0.001016191672387481903 ) ) ;
#3489 = AXIS2_PLACEMENT_3D ( 'NONE', #4376, #1215, #3366 ) ;
#3490 = CARTESIAN_POINT ( 'NONE',  ( -0.002282896450367831974, 0.01072754407460757044, -0.0008428802116240932023 ) ) ;
#3491 = EDGE_CURVE ( 'NONE', #5587, #5353, #5046, .T. ) ;
#3492 = CARTESIAN_POINT ( 'NONE',  ( -0.1243096602211989504, 0.007832494891504991966, -0.004878676288277971999 ) ) ;
#3493 = AXIS2_PLACEMENT_3D ( 'NONE', #356, #5777, #853 ) ;
#3494 = DIRECTION ( 'NONE',  ( 0.000000000000000000, -1.000000000000000000, 0.000000000000000000 ) ) ;
#3495 = CARTESIAN_POINT ( 'NONE',  ( 0.002949117381920214002, 0.01147897224524864132, 0.001299325595455642522 ) ) ;
#3496 = CARTESIAN_POINT ( 'NONE',  ( -0.1189830434120250774, 0.008416805424124821494, -0.002985510690128520116 ) ) ;
#3497 = CARTESIAN_POINT ( 'NONE',  ( 0.004635733843697689358, 0.002196065008228232848, 0.004200568347768387882 ) ) ;
#3498 = ORIENTED_EDGE ( 'NONE', *, *, #1460, .F. ) ;
#3499 = CIRCLE ( 'NONE', #3046, 0.002895600000000001645 ) ;
#3500 = CARTESIAN_POINT ( 'NONE',  ( -0.002943880569577228545, 0.01101660212333961143, -0.001685655146617465660 ) ) ;
#3501 = CARTESIAN_POINT ( 'NONE',  ( 0.002553711557161050544, 0.01001722587610523810, -0.001006044910075651984 ) ) ;
#3502 = CARTESIAN_POINT ( 'NONE',  ( 0.000000000000000000, 0.01000000000000000021, 0.000000000000000000 ) ) ;
#3503 = CARTESIAN_POINT ( 'NONE',  ( 0.03338846163707697573, 0.009097296101793809001, -0.004256484899750040581 ) ) ;
#3504 = AXIS2_PLACEMENT_3D ( 'NONE', #655, #228, #6505 ) ;
#3505 = CARTESIAN_POINT ( 'NONE',  ( 0.01065840023094422051, 0.0005703461745046463057, 0.004718154834515812801 ) ) ;
#3506 = CARTESIAN_POINT ( 'NONE',  ( -0.002984768004972240124, 0.01165744438736282355, 0.001019921441481188001 ) ) ;
#3507 = ORIENTED_EDGE ( 'NONE', *, *, #312, .F. ) ;
#3508 = CARTESIAN_POINT ( 'NONE',  ( -0.002311972894109071315, 0.01109222665705545362, -0.0004047878317218936537 ) ) ;
#3509 = CARTESIAN_POINT ( 'NONE',  ( -0.001259752956145032124, 0.0008065124251799134182, -0.006121725467729530190 ) ) ;
#3510 = CARTESIAN_POINT ( 'NONE',  ( 0.003776134118509498656, 0.009274974657528838734, -0.001163206936511627975 ) ) ;
#3511 = CARTESIAN_POINT ( 'NONE',  ( 0.003235707610063497542, 0.01012773267066146426, -0.001780784909908754779 ) ) ;
#3512 = CARTESIAN_POINT ( 'NONE',  ( -1.047902110467058392E-17, 0.001651000000000004894, 0.000000000000000000 ) ) ;
#3513 = CARTESIAN_POINT ( 'NONE',  ( 0.004022396171868176072, 0.008952238212006488269, 0.0003896755667906377243 ) ) ;
#3514 = VERTEX_POINT ( 'NONE', #1458 ) ;
#3515 = CARTESIAN_POINT ( 'NONE',  ( 0.003322747868112221024, 0.001196332066900965925, 0.005343352505229241253 ) ) ;
#3516 = CARTESIAN_POINT ( 'NONE',  ( 0.003106703092177108983, 0.01040759914745558422, -0.001823309082234992424 ) ) ;
#3517 = CARTESIAN_POINT ( 'NONE',  ( -0.003714946293824595517, 0.009359057444650386443, 0.001274210092820289445 ) ) ;
#3518 = ORIENTED_EDGE ( 'NONE', *, *, #86, .T. ) ;
#3519 = CARTESIAN_POINT ( 'NONE',  ( -0.1300000000000000044, 0.001072457435249923310, -0.01786584610186358127 ) ) ;
#3520 = B_SPLINE_CURVE_WITH_KNOTS ( 'NONE', 3,
 ( #5291, #2148, #498, #3249, #377, #2649, #5891 ),
 .UNSPECIFIED., .F., .F.,
 ( 4, 3, 4 ),
 ( 0.008729009194748192646, 0.01361370798839668661, 0.01431720391460388278 ),
 .UNSPECIFIED. ) ;
#3521 = CARTESIAN_POINT ( 'NONE',  ( -0.1298046589335720147, 0.005873239052399868015, -0.008655478987683935810 ) ) ;
#3522 = CARTESIAN_POINT ( 'NONE',  ( 0.000000000000000000, 0.000000000000000000, 0.000000000000000000 ) ) ;
#3523 = CARTESIAN_POINT ( 'NONE',  ( 0.03397741836241729985, 0.008919675312974838927, -0.003236467598532135562 ) ) ;
#3524 = B_SPLINE_SURFACE_WITH_KNOTS ( 'NONE', 1, 3, ( 
 ( #335, #1485, #301, #3578, #4591, #6719, #903, #4693, #375, #1913, #1876, #2012, #6289, #5664, #5762, #971, #5165, #6258, #1357, #6225, #4067, #5231, #5200, #1423, #1454, #5695, #5630, #2451, #4659, #4726, #4034, #6154, #3513, #835, #2984, #5096, #6784, #871, #5129, #2487, #3610, #937, #2154, #5409, #1101, #6322, #4301, #1519, #3707, #4336, #1035, #5655, #2515, #1566, #6678, #328, #930, #1445, #3538, #3599, #5721, #6744, #3077, #2637, #4770, #2096, #3723, #5842, #2936, #2309, #5524, #2413, #3474, #726, #2874, #1736, #3371, #2906, #4455, #5590, #4417, #4998, #3893, #6013, #193, #4527, #4490, #1219, #5976, #3997, #1324, #5486, #1838, #797, #2341, #3440, #5451, #3928, #2945, #4925, #6650, #6116, #6582, #5061, #3965, #2272, #762, #265, #694, #658, #6544, #2837, #5031, #6047, #230, #1258, #4557, #1873, #1772, #4961, #6082, #6683, #2380, #3409, #1181, #6617, #153, #1807, #1290, #5558, #3333, #2803, #116, #407, #1483, #333, #3575, #5093, #373, #5628, #3118, #5728, #4031, #2585, #935, #5198, #6716, #4589, #4065, #2557, #3638, #2483, #5693, #298, #2523, #832, #5229, #3083, #6151, #4720, #4690, #6813, #1911, #6190, #1389, #436, #2009, #6750, #6255, #1421, #2981, #2448, #901, #5759, #969, #4160, #6287, #6845, #1354, #3511, #6782, #3545, #5661, #868, #3013, #5127, #4657, #4623, #1943, #4098, #5163, #6222, #3050, #1979, #4129, #1452, #3606, #611, #3674, #6910, #31, #3773, #5261, #3510 ),
 ( #5896, #4332, #4227, #5295, #1584, #5406, #6461, #3738, #5858, #4750, #6354, #1098, #503, #1648, #470, #1067, #6878, #2077, #3218, #574, #537, #1549, #2043, #2188, #3806, #3705, #4849, #5930, #5334, #6424, #1517, #2113, #1136, #999, #2721, #3290, #2653, #2758, #2152, #2618, #3253, #4884, #5823, #5790, #1031, #3182, #5369, #4261, #4195, #6390, #6319, #3148, #4783, #2683, #4299, #4812, #1618, #4950, #219, #141, #4406, #6531, #1723, #1245, #182, #4913, #3357, #6496, #3323, #1314, #2368, #4368, #6641, #1828, #2332, #1687, #4517, #1208, #3849, #715, #753, #5472, #6606, #2897, #4481, #6106, #3986, #3465, #104, #5581, #5515, #2862, #5966, #788, #1169, #5442, #646, #3885, #6001, #3954, #2793, #4988, #2260, #681, #2828, #3917, #2296, #1795, #4443, #6571, #2933, #1762, #2223, #67, #6036, #6072, #3398, #1282, #3430, #5549, #5023, #961, #4122, #1379, #6280, #929, #3076, #2550, #5187, #5154, #4682, #6807, #2002, #1900, #3535, #5720, #5619, #5084, #6142, #1936, #2476, #5652, #6741, #4648, #824, #6708, #4154, #1478, #363, #2969, #3632, #6774, #289, #860, #2440, #5751, #4088, #5052, #3007, #255, #2403, #3042, #4549, #2513, #6675, #4581, #895, #1968, #1864, #6213, #4022, #1443, #5119, #4057, #1346, #6182, #6246, #3501, #326, #4614, #1413, #5685, #2578, #464, #3175, #1640, #5851, #1542, #5325, #3110, #5290, #2038, #429, #6452, #1575, #5783, #5223, #1090, #5361, #2614, #5888, #565, #4252, #531 ) ),
 .UNSPECIFIED., .F., .T., .F.,
 ( 2, 2 ),
 ( 4, 2, 2, 2, 2, 2, 2, 2, 2, 2, 2, 2, 2, 2, 2, 2, 2, 2, 2, 2, 2, 2, 2, 2, 2, 2, 2, 2, 2, 2, 2, 2, 2, 2, 2, 2, 2, 2, 2, 2, 2, 2, 2, 2, 2, 2, 2, 2, 2, 2, 2, 2, 2, 2, 2, 2, 2, 2, 2, 2, 2, 2, 2, 2, 2, 2, 2, 2, 2, 2, 2, 2, 2, 2, 2, 2, 2, 2, 2, 2, 2, 2, 2, 2, 2, 2, 2, 2, 2, 2, 2, 2, 2, 2, 2, 2, 2, 2, 2, 2, 2, 4 ),
 ( 0.000000000000000000, 1.000000000000000000 ),
 ( 0.0007095175029722192162, 0.0008566319699084754252, 0.0009301892033766035297, 0.001003746436844731634, 0.001077303670312859847, 0.001150860903780987843, 0.001297975370717244052, 0.001445089837653500261, 0.001518647071121628257, 0.001592204304589756470, 0.001665761538057884466, 0.001739318771526012462, 0.001886433238462268671, 0.001923211855196332778, 0.001959990471930396667, 0.002033547705398524880, 0.002107104938866653093, 0.002180662172334780873, 0.002254219405802909085, 0.002327776639271037298, 0.002401333872739165078, 0.002474891106207293291, 0.002622005573143549283, 0.002695562806611677496, 0.002769120040079805709, 0.002842677273547933921, 0.002916234507016062134, 0.003063348973952318127, 0.003136906207420446339, 0.003210463440888574119, 0.003284020674356702332, 0.003357577907824830545, 0.003504692374761086537, 0.003651806841697342529, 0.003798921308633598955, 0.003946035775569855381, 0.004093150242506110939, 0.004240264709442367365, 0.004313821942910495144, 0.004387379176378623791, 0.004460936409846751570, 0.004534493643314879349, 0.004681608110251135775, 0.004755165343719263554, 0.004828722577187392201, 0.004975837044123648627, 0.005122951511059905053, 0.005196508744528032832, 0.005270065977996160611, 0.005417180444932417037, 0.005490737678400544816, 0.005564294911868673463, 0.005637852145336801242, 0.005711409378804929021, 0.005858523845741185447, 0.005932081079209313226, 0.006005638312677441873, 0.006079195546145569652, 0.006152752779613697431, 0.006226310013081826078, 0.006299867246549953857, 0.006446981713486210283, 0.006594096180422465842, 0.006741210647358722267, 0.006888325114294978693, 0.006961882347763106473, 0.007035439581231234252, 0.007108996814699362898, 0.007182554048167490678, 0.007256111281635618457, 0.007329668515103747103, 0.007403225748571874883, 0.007476782982040002662, 0.007550340215508131309, 0.007623897448976259088, 0.007771011915912515514, 0.007918126382848771072, 0.007991683616316899719, 0.008065240849785028365, 0.008138798083253157012, 0.008212355316721283924, 0.008359469783657539482, 0.008433027017125668129, 0.008506584250593796775, 0.008580141484061925422, 0.008653698717530052334, 0.008800813184466307892, 0.008874370417934436539, 0.008947927651402565186, 0.009021484884870693832, 0.009095042118338822479, 0.009242156585275078037, 0.009315713818743204949, 0.009389271052211333596, 0.009462828285679462242, 0.009536385519147590889, 0.009683499986083846447, 0.009830614453020102006, 0.009904171686488230653, 0.009977728919956359299, 0.01005128615342448795, 0.01012484338689261486 ),
 .UNSPECIFIED. ) ;
#3525 = CARTESIAN_POINT ( 'NONE',  ( -0.002586582398323541282, 0.009967143380570402805, -0.0009976519531898382642 ) ) ;
#3526 = DIRECTION ( 'NONE',  ( 0.000000000000000000, 0.000000000000000000, 1.000000000000000000 ) ) ;
#3527 = CARTESIAN_POINT ( 'NONE',  ( 0.003808520602133034973, 0.009231101778707184041, 0.001098503761649305497 ) ) ;
#3528 = PRESENTATION_STYLE_ASSIGNMENT (( #5147 ) ) ;
#3529 = CARTESIAN_POINT ( 'NONE',  ( 0.005122438058431941568, 0.002743650337631446060, 0.003590294141815376233 ) ) ;
#3530 = CARTESIAN_POINT ( 'NONE',  ( 0.001429071916480830319, 0.002644011576293511974, -0.0002540000000000001024 ) ) ;
#3531 = EDGE_CURVE ( 'NONE', #2538, #4596, #2508, .T. ) ;
#3532 = ORIENTED_EDGE ( 'NONE', *, *, #207, .F. ) ;
#3533 =( NAMED_UNIT ( * ) SI_UNIT ( $, .STERADIAN. ) SOLID_ANGLE_UNIT ( ) );
#3534 = CARTESIAN_POINT ( 'NONE',  ( -0.002948339999257718145, 0.01147177985930318209, -0.001307174548824891055 ) ) ;
#3535 = CARTESIAN_POINT ( 'NONE',  ( 0.002310316774322967483, 0.01108521996955201191, -0.0004201515903004392357 ) ) ;
#3536 = APPLICATION_CONTEXT ( 'automotive_design' ) ;
#3537 = CARTESIAN_POINT ( 'NONE',  ( 0.03753227371524357758, 0.009223702238232805301, -0.003420000943432842128 ) ) ;
#3538 = CARTESIAN_POINT ( 'NONE',  ( 0.003596086380520016178, 0.009528977834569598432, 0.001450465852538120135 ) ) ;
#3539 = SURFACE_STYLE_USAGE ( .BOTH. , #897 ) ;
#3540 = AXIS2_PLACEMENT_3D ( 'NONE', #4101, #6226, #4068 ) ;
#3541 = CARTESIAN_POINT ( 'NONE',  ( 0.1299999999999998657, 0.0006367031403336849589, 0.01842142212890030342 ) ) ;
#3542 = CARTESIAN_POINT ( 'NONE',  ( -0.002935520076731703513, 0.01103707356631764350, 0.001686858701521036204 ) ) ;
#3543 = ORIENTED_EDGE ( 'NONE', *, *, #6418, .F. ) ;
#3544 = DIRECTION ( 'NONE',  ( 0.000000000000000000, 0.000000000000000000, -1.000000000000000000 ) ) ;
#3545 = CARTESIAN_POINT ( 'NONE',  ( 0.003282743340501020901, 0.01003785635589646459, -0.001754212857989375512 ) ) ;
#3546 = CARTESIAN_POINT ( 'NONE',  ( 0.004023265628399342805, 0.008950764875585395797, -0.0004343163662619966094 ) ) ;
#3547 = CARTESIAN_POINT ( 'NONE',  ( -0.003052831560446738271, 0.01187432929044408662, 0.0003633057325906754250 ) ) ;
#3548 = CARTESIAN_POINT ( 'NONE',  ( -0.005016500000000020942, 0.001651000000000009665, 0.000000000000000000 ) ) ;
#3549 = DIRECTION ( 'NONE',  ( 9.484135310589723205E-16, 1.000000000000000000, -0.000000000000000000 ) ) ;
#3550 = DIRECTION ( 'NONE',  ( -0.000000000000000000, 1.000000000000000000, -0.000000000000000000 ) ) ;
#3551 = CARTESIAN_POINT ( 'NONE',  ( 0.1159967330583303036, 0.009039028652219179005, 0.001006699083332385919 ) ) ;
#3552 = CARTESIAN_POINT ( 'NONE',  ( 0.003086912691352789936, 0.009358750451895322259, 0.0006249121647937184217 ) ) ;
#3553 = CARTESIAN_POINT ( 'NONE',  ( -0.002961645300713910967, 0.01155256221251819461, 0.001197305797169304813 ) ) ;
#3554 = CIRCLE ( 'NONE', #1408, 0.001427271232876712410 ) ;
#3555 = DIRECTION ( 'NONE',  ( 9.484135310589723205E-16, 1.000000000000000000, -0.000000000000000000 ) ) ;
#3556 = CARTESIAN_POINT ( 'NONE',  ( 0.002318524516110699943, 0.01111760665926016418, 0.0003399188124433678783 ) ) ;
#3557 = CARTESIAN_POINT ( 'NONE',  ( -0.1298923661951650321, 0.006045937577523760077, -0.008694067955481889556 ) ) ;
#3558 = CARTESIAN_POINT ( 'NONE',  ( 0.002323451886636896096, 0.01050101516561370747, 0.0009597695088112445129 ) ) ;
#3559 = CARTESIAN_POINT ( 'NONE',  ( 0.1212295773015042155, 0.008327369843933944693, 0.003716152890287953078 ) ) ;
#3560 = CARTESIAN_POINT ( 'NONE',  ( -0.002555904029731738674, 0.01001348443974222485, -0.001005868615384311908 ) ) ;
#3561 = ADVANCED_FACE ( 'NONE', ( #4758 ), #5269, .F. ) ;
#3562 = CARTESIAN_POINT ( 'NONE',  ( 0.002948552373886949730, 0.01097977222125443540, 0.001703884081200158053 ) ) ;
#3563 = CARTESIAN_POINT ( 'NONE',  ( 0.000000000000000000, 0.000000000000000000, 0.000000000000000000 ) ) ;
#3564 = CARTESIAN_POINT ( 'NONE',  ( -0.0002540000000000001566, 0.003614281620921026839, -0.001420970690457919921 ) ) ;
#3565 = DIRECTION ( 'NONE',  ( 1.224646799147352961E-16, 0.000000000000000000, -1.000000000000000000 ) ) ;
#3566 = ORIENTED_EDGE ( 'NONE', *, *, #1620, .T. ) ;
#3567 = DIRECTION ( 'NONE',  ( 0.000000000000000000, 0.000000000000000000, 1.000000000000000000 ) ) ;
#3568 = CARTESIAN_POINT ( 'NONE',  ( -0.002945900570677907702, 0.01145383308889713452, -0.001329179628902086435 ) ) ;
#3569 = CARTESIAN_POINT ( 'NONE',  ( 0.02538080654820341897, 0.008218906618824876539, -0.003000757860926892007 ) ) ;
#3570 = CARTESIAN_POINT ( 'NONE',  ( 0.000000000000000000, 0.02476499999999999882, -0.001783079999999999821 ) ) ;
#3571 = CARTESIAN_POINT ( 'NONE',  ( 0.03004450371382524909, -0.0009156489969351568493, 0.009343593620298677738 ) ) ;
#3572 = ORIENTED_EDGE ( 'NONE', *, *, #5701, .T. ) ;
#3573 = CARTESIAN_POINT ( 'NONE',  ( -0.004607783165511005787, 0.007748413838164802322, 0.004307943796045083859 ) ) ;
#3574 = CARTESIAN_POINT ( 'NONE',  ( -0.003296457520348403288, 0.001224691922357410909, -0.005318823520600091115 ) ) ;
#3575 = CARTESIAN_POINT ( 'NONE',  ( 0.003004115126445059628, 0.01172863472550510905, -0.0008672088005478304547 ) ) ;
#3576 = CARTESIAN_POINT ( 'NONE',  ( 0.002282801502190037052, 0.01091525291771103766, 0.0006795947544595774392 ) ) ;
#3577 = EDGE_CURVE ( 'NONE', #1862, #5631, #3259, .T. ) ;
#3578 = CARTESIAN_POINT ( 'NONE',  ( 0.003850363665560508058, 0.009175157103715079684, -0.001005797687751053054 ) ) ;
#3579 = CYLINDRICAL_SURFACE ( 'NONE', #5643, 0.005016500000000010534 ) ;
#3580 = CARTESIAN_POINT ( 'NONE',  ( -0.002635088973001151712, 0.009897063903403524945, -0.0009814504123125630287 ) ) ;
#3581 = CARTESIAN_POINT ( 'NONE',  ( 0.002997994573717569465, 0.009454229369337043346, 0.0007315317059637416750 ) ) ;
#3582 = CARTESIAN_POINT ( 'NONE',  ( -0.004030764986332990157, 0.008941650603558927435, 0.0003272299300869800968 ) ) ;
#3583 = CARTESIAN_POINT ( 'NONE',  ( -0.05058187948339240569, 0.009997201225576183431, 0.004526969189274352746 ) ) ;
#3584 = CARTESIAN_POINT ( 'NONE',  ( 0.002328638207622672589, 0.01048811706891573242, -0.0009621600966625673719 ) ) ;
#3585 = CARTESIAN_POINT ( 'NONE',  ( -0.002765400311556779397, 0.009724746726198180841, 0.0009185636229733552555 ) ) ;
#3586 = CARTESIAN_POINT ( 'NONE',  ( -0.1302156527758019378, 0.005674951544642356516, -0.008767787067761536809 ) ) ;
#3587 = CARTESIAN_POINT ( 'NONE',  ( 0.000000000000000000, 0.000000000000000000, 0.000000000000000000 ) ) ;
#3588 = VERTEX_POINT ( 'NONE', #2086 ) ;
#3589 = CARTESIAN_POINT ( 'NONE',  ( 0.1290643087107378462, 0.006557394522751962621, 0.007665797359280957651 ) ) ;
#3590 = CARTESIAN_POINT ( 'NONE',  ( -0.02131933912859065514, 0.007985843119623222200, 0.003026139002099235455 ) ) ;
#3591 = CARTESIAN_POINT ( 'NONE',  ( 0.003045748778400851620, 0.01057277449455143632, 0.001817493018381680396 ) ) ;
#3592 = CARTESIAN_POINT ( 'NONE',  ( -0.1280501322615498205, 0.006738960427092353239, -0.006834263065653907801 ) ) ;
#3593 = LINE ( 'NONE', #5182, #6386 ) ;
#3594 = DIRECTION ( 'NONE',  ( 6.217248937900877415E-15, 0.000000000000000000, 1.000000000000000000 ) ) ;
#3595 = EDGE_CURVE ( 'NONE', #2437, #2103, #218, .T. ) ;
#3596 = ORIENTED_EDGE ( 'NONE', *, *, #6732, .T. ) ;
#3597 = CARTESIAN_POINT ( 'NONE',  ( -0.003040256633881291935, 0.01058934179303940883, -0.001815736618103461946 ) ) ;
#3598 = CIRCLE ( 'NONE', #2589, 0.005016500000000010534 ) ;
#3599 = CARTESIAN_POINT ( 'NONE',  ( 0.003570789821857208151, 0.009566348508526702210, 0.001483058592282204607 ) ) ;
#3600 = FACE_OUTER_BOUND ( 'NONE', #2700, .T. ) ;
#3601 = CARTESIAN_POINT ( 'NONE',  ( 0.05298978097944315180, -0.001497834492737977344, 0.02201696167599351273 ) ) ;
#3602 = UNCERTAINTY_MEASURE_WITH_UNIT (LENGTH_MEASURE( 1.000000000000000082E-05 ), #6706, 'distance_accuracy_value', 'NONE');
#3603 = ORIENTED_EDGE ( 'NONE', *, *, #4894, .F. ) ;
#3604 = CARTESIAN_POINT ( 'NONE',  ( -0.002306954312637034699, 0.01107086035251463041, -0.0004508138718493675981 ) ) ;
#3605 = CARTESIAN_POINT ( 'NONE',  ( 0.0002539999999999999940, 0.001693388050948601989, -0.003597906215379685115 ) ) ;
#3606 = CARTESIAN_POINT ( 'NONE',  ( 0.003658528070406648694, 0.009438674427166119513, -0.001362776483007178746 ) ) ;
#3607 = DIRECTION ( 'NONE',  ( 0.000000000000000000, 0.000000000000000000, 1.000000000000000000 ) ) ;
#3608 = AXIS2_PLACEMENT_3D ( 'NONE', #1138, #1172, #2299 ) ;
#3609 = AXIS2_PLACEMENT_3D ( 'NONE', #4140, #2568, #2666 ) ;
#3610 = CARTESIAN_POINT ( 'NONE',  ( 0.003949024105604634176, 0.009046033358568619440, 0.0007277718656521468561 ) ) ;
#3611 = CARTESIAN_POINT ( 'NONE',  ( 0.000000000000000000, 0.02225040000000000351, 0.000000000000000000 ) ) ;
#3612 = CARTESIAN_POINT ( 'NONE',  ( 0.1143460135583362347, 0.009083007406221478910, 0.001830488872103185364 ) ) ;
#3613 = CARTESIAN_POINT ( 'NONE',  ( 0.002349933813401513041, 0.01042222562470247922, 0.0009821529215184516323 ) ) ;
#3614 = CARTESIAN_POINT ( 'NONE',  ( -0.002278609285935504457, 0.01083394203675157666, 0.0007610845002764947973 ) ) ;
#3615 = CARTESIAN_POINT ( 'NONE',  ( -0.003946058288770523670, 0.009049862477351686488, 0.0007379587575625608980 ) ) ;
#3616 = CARTESIAN_POINT ( 'NONE',  ( -0.1300000000000000044, 0.003658587300026895726, -0.01456859402096868060 ) ) ;
#3617 = ADVANCED_FACE ( 'NONE', ( #5377 ), #4145, .T. ) ;
#3618 = CARTESIAN_POINT ( 'NONE',  ( 0.002793618957848687835, 0.009690039300632839053, -0.0009008295614053848715 ) ) ;
#3619 = CARTESIAN_POINT ( 'NONE',  ( -0.04194570928651195768, 0.009571183283471586950, 0.003651995642112308531 ) ) ;
#3620 = CARTESIAN_POINT ( 'NONE',  ( 0.002321524728190195799, 0.01112862447981521376, 0.0003071187435427551941 ) ) ;
#3621 = CARTESIAN_POINT ( 'NONE',  ( -0.002289266738347702727, 0.01097489180290836010, 0.0006077887586816685438 ) ) ;
#3622 = CARTESIAN_POINT ( 'NONE',  ( -0.1289777606255897158, 0.006385357791709929745, -0.007580803821552972027 ) ) ;
#3623 = CARTESIAN_POINT ( 'NONE',  ( -0.003789631356622708263, 0.009256535976721136025, -0.001137997609227374462 ) ) ;
#3624 = ORIENTED_EDGE ( 'NONE', *, *, #6257, .F. ) ;
#3625 = CARTESIAN_POINT ( 'NONE',  ( 0.000000000000000000, 0.000000000000000000, 0.000000000000000000 ) ) ;
#3626 = CARTESIAN_POINT ( 'NONE',  ( 0.003008480451543160943, 0.01069384864008732922, 0.001799321750254022096 ) ) ;
#3627 = FACE_OUTER_BOUND ( 'NONE', #5803, .T. ) ;
#3628 = CARTESIAN_POINT ( 'NONE',  ( 0.003612449835235094411, 0.001332226486253932458, 0.005158264011248228122 ) ) ;
#3629 = CARTESIAN_POINT ( 'NONE',  ( 0.002282801502190037052, 0.01091525291771103766, 0.0006795947544595774392 ) ) ;
#3630 = EDGE_LOOP ( 'NONE', ( #2006, #4498, #2220, #3543 ) ) ;
#3631 = CARTESIAN_POINT ( 'NONE',  ( -0.002961645300713910967, 0.01155256221251819461, 0.001197305797169304813 ) ) ;
#3632 = CARTESIAN_POINT ( 'NONE',  ( 0.002278559410488175448, 0.01081602759826134040, -0.0007765759649193440224 ) ) ;
#3633 = CARTESIAN_POINT ( 'NONE',  ( -0.003410352410051800415, 0.009811576685079042778, 0.001662368029385236654 ) ) ;
#3634 = CARTESIAN_POINT ( 'NONE',  ( -0.006325010942324383288, 0.004678880532691703960, -0.0007790587046952004210 ) ) ;
#3635 = CARTESIAN_POINT ( 'NONE',  ( 2.097098385491625110E-17, 0.008737115150035060923, -0.003003164247451594812 ) ) ;
#3636 = ORIENTED_EDGE ( 'NONE', *, *, #693, .T. ) ;
#3637 = CARTESIAN_POINT ( 'NONE',  ( -0.004636094515475713655, 0.007939092956796043460, 0.004191559632175566319 ) ) ;
#3638 = CARTESIAN_POINT ( 'NONE',  ( 0.002936491667490558760, 0.01136737453793745974, -0.001425996149608676046 ) ) ;
#3639 = LINE ( 'NONE', #334, #2993 ) ;
#3640 = CARTESIAN_POINT ( 'NONE',  ( -0.05055027864255636633, 0.008621180954153548695, -0.002051032396461308603 ) ) ;
#3641 = CARTESIAN_POINT ( 'NONE',  ( 0.000000000000000000, 0.000000000000000000, 0.000000000000000000 ) ) ;
#3642 = SURFACE_STYLE_USAGE ( .BOTH. , #2453 ) ;
#3643 = CARTESIAN_POINT ( 'NONE',  ( 0.1195633899618779999, 0.008347886314130758406, 0.003154819093153063067 ) ) ;
#3644 = CARTESIAN_POINT ( 'NONE',  ( 0.002324537646881467013, 0.01050337610139049152, 0.0009563700724418011537 ) ) ;
#3645 = CARTESIAN_POINT ( 'NONE',  ( -0.002694082179719513130, 0.009816588233466131200, -0.0009563274703761336397 ) ) ;
#3646 = CARTESIAN_POINT ( 'NONE',  ( -0.06531939664575411864, 0.01189511719174943423, -0.003042805606070753035 ) ) ;
#3647 = VECTOR ( 'NONE', #4484, 1.000000000000000000 ) ;
#3648 = CARTESIAN_POINT ( 'NONE',  ( 0.005693451762049779596, 0.007654775378403286951, -0.002857956342774694951 ) ) ;
#3649 = CARTESIAN_POINT ( 'NONE',  ( -0.002884438135928730530, 0.02225040000000000351, 0.0002539999999999998856 ) ) ;
#3650 = CARTESIAN_POINT ( 'NONE',  ( 0.002304693305692757151, 0.01058306183002017710, -0.0009238879248803772261 ) ) ;
#3651 = STYLED_ITEM ( 'NONE', ( #1129 ), #879 ) ;
#3652 = CARTESIAN_POINT ( 'NONE',  ( -0.002322719043755192177, 0.01050987456965391670, 0.0009540078987602693215 ) ) ;
#3653 = CARTESIAN_POINT ( 'NONE',  ( -0.1302258385022398157, 0.005685096261506624241, -0.008728199700830370153 ) ) ;
#3654 = DIRECTION ( 'NONE',  ( 0.000000000000000000, 0.000000000000000000, -1.000000000000000000 ) ) ;
#3655 = ORIENTED_EDGE ( 'NONE', *, *, #952, .T. ) ;
#3656 = CIRCLE ( 'NONE', #6101, 0.02781451190476182805 ) ;
#3657 = PRODUCT_DEFINITION ( 'UNKNOWN', '', #6392, #1418 ) ;
#3658 = EDGE_CURVE ( 'NONE', #6085, #434, #2486, .T. ) ;
#3659 = CARTESIAN_POINT ( 'NONE',  ( 0.000000000000000000, 0.009271000000000001462, -0.001397000000000000021 ) ) ;
#3660 = CARTESIAN_POINT ( 'NONE',  ( 0.003032742352689406055, 0.01181790175326048048, -0.0006020605045006844659 ) ) ;
#3661 = CARTESIAN_POINT ( 'NONE',  ( -0.002327309658425404538, 0.01048499011666140061, 0.0009662791677612833901 ) ) ;
#3662 = CARTESIAN_POINT ( 'NONE',  ( -0.005880080447360296579, 0.003433865223395512947, -0.002176373915113743573 ) ) ;
#3663 = ADVANCED_FACE ( 'NONE', ( #1142 ), #6528, .F. ) ;
#3664 = ORIENTED_EDGE ( 'NONE', *, *, #1534, .T. ) ;
#3665 = PRODUCT_CONTEXT ( 'NONE', #1855, 'mechanical' ) ;
#3666 = CARTESIAN_POINT ( 'NONE',  ( -0.002939209022302432823, 0.01105678756232067808, 0.001664942561562569000 ) ) ;
#3667 = CARTESIAN_POINT ( 'NONE',  ( -0.004587934170958799310, 0.007720170938117896890, 0.004244265504501952037 ) ) ;
#3668 = CARTESIAN_POINT ( 'NONE',  ( -0.003830260121874097447, 0.009201899380253656183, 0.001052233998090351761 ) ) ;
#3669 = CARTESIAN_POINT ( 'NONE',  ( 0.001473200000000000030, 0.000000000000000000, 0.000000000000000000 ) ) ;
#3670 = CARTESIAN_POINT ( 'NONE',  ( 0.01751919680632349138, 0.003904984774575872859, 0.002019551362448237294 ) ) ;
#3671 = UNCERTAINTY_MEASURE_WITH_UNIT (LENGTH_MEASURE( 1.000000000000000082E-05 ), #1934, 'distance_accuracy_value', 'NONE');
#3672 = VERTEX_POINT ( 'NONE', #757 ) ;
#3673 = CARTESIAN_POINT ( 'NONE',  ( -0.1300000000000000044, 0.005612429250701388844, -0.009265824011770482788 ) ) ;
#3674 = CARTESIAN_POINT ( 'NONE',  ( 0.003694831726868768283, 0.009387312040392359683, -0.001306526087592945612 ) ) ;
#3675 = CARTESIAN_POINT ( 'NONE',  ( -1.204485184444895089E-17, 0.01015018309780834661, -0.002552700000000010169 ) ) ;
#3676 = CARTESIAN_POINT ( 'NONE',  ( 0.000000000000000000, 0.006469389508408842672, 0.001060076912540405727 ) ) ;
#3677 = CARTESIAN_POINT ( 'NONE',  ( 1.686279258222847794E-18, 0.01447799999999999782, 0.000000000000000000 ) ) ;
#3678 = CARTESIAN_POINT ( 'NONE',  ( 0.1261122881291265596, 0.007263906041864147227, 0.005684506083300760147 ) ) ;
#3679 = CARTESIAN_POINT ( 'NONE',  ( 0.003028415867149959490, 0.009421220095685091042, 0.0006976451908832876844 ) ) ;
#3680 = CARTESIAN_POINT ( 'NONE',  ( -0.002661294147482191202, 0.009860702540910882760, -0.0009710395920064785998 ) ) ;
#3681 = CARTESIAN_POINT ( 'NONE',  ( 0.002541949055656391766, 0.009170193112560938095, 0.0002651302037201037519 ) ) ;
#3682 = CARTESIAN_POINT ( 'NONE',  ( -0.004705164914168584976, 0.007932383614030372870, 0.004253490230611379347 ) ) ;
#3683 = CARTESIAN_POINT ( 'NONE',  ( 0.002316954058228625456, 0.01111169255993072792, 0.0003561383004808158317 ) ) ;
#3684 = CARTESIAN_POINT ( 'NONE',  ( -0.003119977172426221645, 0.009323998561804568153, 0.0005782519216349645301 ) ) ;
#3685 = CARTESIAN_POINT ( 'NONE',  ( -0.1302007651140565936, 0.005643377786513827793, -0.009424570123336258043 ) ) ;
#3686 = CARTESIAN_POINT ( 'NONE',  ( -0.003238147838367260410, 0.01012296592663045579, -0.001779511926489966240 ) ) ;
#3687 = VERTEX_POINT ( 'NONE', #2941 ) ;
#3688 = FACE_OUTER_BOUND ( 'NONE', #6113, .T. ) ;
#3689 = EDGE_CURVE ( 'NONE', #3514, #308, #6487, .T. ) ;
#3690 = CARTESIAN_POINT ( 'NONE',  ( 0.002957555013358233956, 0.01153008359787654515, -0.001229809224206425237 ) ) ;
#3691 = CARTESIAN_POINT ( 'NONE',  ( -1.204485184444895089E-17, 0.01015018309780834661, 0.000000000000000000 ) ) ;
#3692 = CARTESIAN_POINT ( 'NONE',  ( -0.003602023144791018788, 0.001244838077611562640, -0.005116033384451239806 ) ) ;
#3693 = EDGE_CURVE ( 'NONE', #3417, #2894, #6427, .T. ) ;
#3694 = ORIENTED_EDGE ( 'NONE', *, *, #2972, .F. ) ;
#3695 = CONTEXT_DEPENDENT_SHAPE_REPRESENTATION ( #1714, #124 ) ;
#3696 = ADVANCED_BREP_SHAPE_REPRESENTATION ( '', ( #165, #3950 ), #6630 ) ;
#3697 = EDGE_LOOP ( 'NONE', ( #4865, #1254, #2294, #1675, #87, #1645, #2242, #5322, #2878, #6816, #4193, #562 ) ) ;
#3698 = CARTESIAN_POINT ( 'NONE',  ( -0.003012394988727106100, 0.01175602262191538343, 0.0007973326765683486431 ) ) ;
#3699 = CARTESIAN_POINT ( 'NONE',  ( -0.006064434641149660764, 0.006204891179115600529, 0.001534642531762724256 ) ) ;
#3700 = PLANE ( 'NONE',  #2980 ) ;
#3701 = CARTESIAN_POINT ( 'NONE',  ( 0.005624698855100041146, 0.007713274750388745063, -0.002996022031692037544 ) ) ;
#3702 = CARTESIAN_POINT ( 'NONE',  ( 0.02282582766954648068, 0.008377499798608800674, -0.003943434724946588005 ) ) ;
#3703 = ORIENTED_EDGE ( 'NONE', *, *, #3782, .F. ) ;
#3704 = CARTESIAN_POINT ( 'NONE',  ( -0.006269435321545186596, 0.005907603679922121195, 0.0001121815777897480011 ) ) ;
#3705 = CARTESIAN_POINT ( 'NONE',  ( 0.003293003523656149335, 0.009148367928058518186, 9.451484728120756627E-05 ) ) ;
#3706 = CARTESIAN_POINT ( 'NONE',  ( 0.1299999999999998934, 0.001072457435249923527, 0.01786584610186449026 ) ) ;
#3707 = CARTESIAN_POINT ( 'NONE',  ( 0.003808520602133034973, 0.009231101778707184041, 0.001098503761649305497 ) ) ;
#3708 = AXIS2_PLACEMENT_3D ( 'NONE', #3205, #561, #2574 ) ;
#3709 = CARTESIAN_POINT ( 'NONE',  ( -1.204485184444895089E-17, 0.01015018309780834661, 0.000000000000000000 ) ) ;
#3710 = CARTESIAN_POINT ( 'NONE',  ( 0.1294777005469528730, 0.006345455595772151076, 0.008097152992280089515 ) ) ;
#3711 = CARTESIAN_POINT ( 'NONE',  ( -0.004051020690784171846, 0.008916105595832619912, 1.113130248699508283E-05 ) ) ;
#3712 = CARTESIAN_POINT ( 'NONE',  ( 0.004988989855480963943, 0.007468297221948846931, -0.003813609288297002946 ) ) ;
#3713 = AXIS2_PLACEMENT_3D ( 'NONE', #1644, #642, #4984 ) ;
#3714 = CARTESIAN_POINT ( 'NONE',  ( -0.006044343487291588789, 0.004553158297977217411, -0.001608043583120800533 ) ) ;
#3715 = CARTESIAN_POINT ( 'NONE',  ( -0.005857598135039592674, 0.003737064218812144629, -0.002397132044539378865 ) ) ;
#3716 = CARTESIAN_POINT ( 'NONE',  ( -0.004573808175515003092, 0.007649285579366761623, 0.004259434090767471107 ) ) ;
#3717 = CARTESIAN_POINT ( 'NONE',  ( -0.003192314815235469758, 0.009249470576857864515, 0.0004510798919141411852 ) ) ;
#3718 = CARTESIAN_POINT ( 'NONE',  ( 0.000000000000000000, 0.000000000000000000, -0.006032499999999996199 ) ) ;
#3719 = DIRECTION ( 'NONE',  ( 0.000000000000000000, 0.000000000000000000, -1.000000000000000000 ) ) ;
#3720 = ORIENTED_EDGE ( 'NONE', *, *, #1758, .T. ) ;
#3721 = B_SPLINE_CURVE_WITH_KNOTS ( 'NONE', 3,
 ( #5947, #3628, #2169, #3825, #4312, #5352, #3789, #4148, #592, #1081, #1474, #6275, #2737, #1151 ),
 .UNSPECIFIED., .F., .F.,
 ( 4, 2, 2, 2, 2, 2, 4 ),
 ( 0.000000000000000000, 0.0005898026618873696220, 0.0008847039928310542704, 0.001032154658302895890, 0.001105879991038817567, 0.001142742657406779815, 0.001179605323774742280 ),
 .UNSPECIFIED. ) ;
#3722 = CARTESIAN_POINT ( 'NONE',  ( 0.01534206416800704652, 0.007858762049349906145, -0.003286488975097578806 ) ) ;
#3723 = CARTESIAN_POINT ( 'NONE',  ( 0.003380534401333905054, 0.009865788406959919224, 0.001682056801871697864 ) ) ;
#3724 = CARTESIAN_POINT ( 'NONE',  ( -0.05511426101792352150, 0.01023242639219023448, 0.003892274034562410480 ) ) ;
#3725 = CARTESIAN_POINT ( 'NONE',  ( 0.003057513218649221109, 0.01188528450071860143, -0.0002266971086168799096 ) ) ;
#3726 = DIRECTION ( 'NONE',  ( -0.000000000000000000, -1.000000000000000000, -0.000000000000000000 ) ) ;
#3727 = LINE ( 'NONE', #525, #6381 ) ;
#3728 = ORIENTED_EDGE ( 'NONE', *, *, #2795, .F. ) ;
#3729 = CARTESIAN_POINT ( 'NONE',  ( -0.002934576450814281243, 0.01133513701912799813, 0.001456753681154358045 ) ) ;
#3730 = CARTESIAN_POINT ( 'NONE',  ( 0.004525522084764962982, 0.007796949741672831724, -0.004352295792288569769 ) ) ;
#3731 = LINE ( 'NONE', #4842, #3264 ) ;
#3732 = EDGE_CURVE ( 'NONE', #4671, #1082, #4451, .T. ) ;
#3733 =( LENGTH_UNIT ( ) NAMED_UNIT ( * ) SI_UNIT ( $, .METRE. ) );
#3734 = DIRECTION ( 'NONE',  ( 0.000000000000000000, 0.000000000000000000, 1.000000000000000000 ) ) ;
#3735 = PLANE ( 'NONE',  #348 ) ;
#3736 = ORIENTED_EDGE ( 'NONE', *, *, #3531, .F. ) ;
#3737 = CARTESIAN_POINT ( 'NONE',  ( -0.1299999999999999489, 0.005819684966793885715, -0.008867026780759436344 ) ) ;
#3738 = CARTESIAN_POINT ( 'NONE',  ( 0.003172745942114414946, 0.009269470967321920621, -0.0004893706793119337838 ) ) ;
#3739 = CARTESIAN_POINT ( 'NONE',  ( 0.01084006560096540013, 0.006400136686716212386, -0.001213086708602491293 ) ) ;
#3740 = CARTESIAN_POINT ( 'NONE',  ( -0.004139964805134774273, 0.007854645106463329848, 0.004603617608370684511 ) ) ;
#3741 = EDGE_CURVE ( 'NONE', #529, #5387, #1787, .T. ) ;
#3742 = SURFACE_STYLE_FILL_AREA ( #2761 ) ;
#3743 = CARTESIAN_POINT ( 'NONE',  ( 0.1299167067262112507, 0.006537328832931189534, 0.006631294480023280057 ) ) ;
#3744 = CARTESIAN_POINT ( 'NONE',  ( -0.002898463004431469075, 0.009565711414695466513, 0.0008246467272536214246 ) ) ;
#3745 = CARTESIAN_POINT ( 'NONE',  ( -0.002294254238363608710, 0.01100692276426524889, -0.0005622994280734475029 ) ) ;
#3746 = CARTESIAN_POINT ( 'NONE',  ( 0.005006299684002961554, 0.007538158306044206135, -0.003792043903917140506 ) ) ;
#3747 = CARTESIAN_POINT ( 'NONE',  ( 0.005994157965689837948, 0.004055645573880861318, 0.002044089202270210799 ) ) ;
#3748 = CARTESIAN_POINT ( 'NONE',  ( -0.006247442625623303783, 0.006381772781558211344, 0.0005525485456794053439 ) ) ;
#3749 = CARTESIAN_POINT ( 'NONE',  ( -0.006276313765532995879, 0.005026798294425278285, -0.0009414149778862864956 ) ) ;
#3750 = CARTESIAN_POINT ( 'NONE',  ( 0.003061339476266878093, 0.01189507236662398597, -0.0001002143324013551114 ) ) ;
#3751 = CARTESIAN_POINT ( 'NONE',  ( -0.003142680561733312769, 0.009300459540263412636, -0.0005417067454590216401 ) ) ;
#3752 = CARTESIAN_POINT ( 'NONE',  ( -0.1300371494952122786, 0.005875295888780012257, -0.009029195055039594686 ) ) ;
#3753 = CARTESIAN_POINT ( 'NONE',  ( -0.002975152356587898537, 0.01161845903260176095, -0.001093103597755685228 ) ) ;
#3754 = CARTESIAN_POINT ( 'NONE',  ( 0.004505664740597046733, 0.007689845047212226156, -0.004331597177916956740 ) ) ;
#3755 = ORIENTED_EDGE ( 'NONE', *, *, #2424, .T. ) ;
#3756 = AXIS2_PLACEMENT_3D ( 'NONE', #2839, #6015, #660 ) ;
#3757 = CARTESIAN_POINT ( 'NONE',  ( -0.02937205077810853271, 0.008851546506602617562, 0.004146949204184973217 ) ) ;
#3758 = CARTESIAN_POINT ( 'NONE',  ( 0.003007915566816559728, 0.01069586463251987613, -0.001798916287740547331 ) ) ;
#3759 = CARTESIAN_POINT ( 'NONE',  ( -0.002306610356709084316, 0.01056359251405123399, 0.0009363803222249037720 ) ) ;
#3760 = DIRECTION ( 'NONE',  ( 0.000000000000000000, 0.000000000000000000, -1.000000000000000000 ) ) ;
#3761 = CIRCLE ( 'NONE', #4554, 0.005016500000000010534 ) ;
#3762 = ORIENTED_EDGE ( 'NONE', *, *, #4408, .F. ) ;
#3763 = APPLICATION_PROTOCOL_DEFINITION ( 'draft international standard', 'automotive_design', 1998, #2075 ) ;
#3764 = ORIENTED_EDGE ( 'NONE', *, *, #347, .T. ) ;
#3765 = CARTESIAN_POINT ( 'NONE',  ( -0.003866390285409193606, 0.009153876227319650977, 0.0009683398460032502288 ) ) ;
#3766 = CARTESIAN_POINT ( 'NONE',  ( 0.004643745105038739329, 0.007741020651064483074, -0.004287909438224474408 ) ) ;
#3767 = DIRECTION ( 'NONE',  ( 9.484135310589723205E-16, 1.000000000000000000, -0.000000000000000000 ) ) ;
#3768 = LINE ( 'NONE', #1642, #957 ) ;
#3769 = DIRECTION ( 'NONE',  ( 0.000000000000000000, -0.000000000000000000, 1.000000000000000000 ) ) ;
#3770 = CARTESIAN_POINT ( 'NONE',  ( 0.004074865919910020118, 0.005396613307604068710, 0.001003501786316777491 ) ) ;
#3771 = ORIENTED_EDGE ( 'NONE', *, *, #777, .T. ) ;
#3772 = CARTESIAN_POINT ( 'NONE',  ( -0.006279258178784618422, 0.005076962861045842233, -0.0008798118930686483130 ) ) ;
#3773 = CARTESIAN_POINT ( 'NONE',  ( 0.003753635288385170302, 0.009305695424637879659, -0.001205724215125340100 ) ) ;
#3774 = B_SPLINE_CURVE_WITH_KNOTS ( 'NONE', 3,
 ( #3682, #5798, #942, #3334, #6510, #4378, #4272, #5977, #2732, #4858, #5833, #3860, #1042, #1556, #3191, #3749, #1593, #1146, #3715, #2198, #512, #2661, #5904, #6919, #2123, #3263 ),
 .UNSPECIFIED., .F., .F.,
 ( 4, 2, 2, 2, 2, 2, 2, 2, 2, 2, 2, 2, 4 ),
 ( 8.120840736498425762E-17, 0.0007564007188281645895, 0.001512801437656248081, 0.002269202156484331247, 0.003025602875312414630, 0.003782003594140498446, 0.004538404312968581829, 0.006051205750624749462, 0.007564007188280917095, 0.009076808625937085595, 0.01058961006359325323, 0.01134601078242133791, 0.01210241150124942086 ),
 .UNSPECIFIED. ) ;
#3775 = CARTESIAN_POINT ( 'NONE',  ( 0.04664984232644111412, -0.0005740548876334664605, 0.01780361097771133647 ) ) ;
#3776 = CLOSED_SHELL ( 'NONE', ( #1160, #555, #69, #4622, #3275, #4073, #820, #5913, #5135, #4334, #6652, #761, #1187, #3023, #5908, #879, #4600, #5551, #6338, #6171, #1666, #991, #3274, #670, #6022, #2864, #2712, #3064, #1033, #5014, #1415 ) ) ;
#3777 = B_SPLINE_CURVE_WITH_KNOTS ( 'NONE', 3,
 ( #5774, #517, #5837, #2603 ),
 .UNSPECIFIED., .F., .F.,
 ( 4, 4 ),
 ( 0.005486497244110623978, 0.01067792281924099737 ),
 .UNSPECIFIED. ) ;
#3778 = CARTESIAN_POINT ( 'NONE',  ( 0.1294255912842041389, 0.006158859042504793123, 0.008050420182570088359 ) ) ;
#3779 = CARTESIAN_POINT ( 'NONE',  ( -0.003274938174305999563, 0.009166298164591121789, 0.0002123962718920055504 ) ) ;
#3780 = CARTESIAN_POINT ( 'NONE',  ( -0.002320959572829840896, 0.01112657082705786199, -0.0003135193702636903724 ) ) ;
#3781 = CARTESIAN_POINT ( 'NONE',  ( 0.006272293199305230271, 0.005943912811809067866, -0.0009772729467014012496 ) ) ;
#3782 = EDGE_CURVE ( 'NONE', #2910, #4803, #2013, .T. ) ;
#3783 = CARTESIAN_POINT ( 'NONE',  ( -0.02734609838278328001, 0.008178857130004123233, 0.003099677071096255086 ) ) ;
#3784 = CARTESIAN_POINT ( 'NONE',  ( 0.003709657279488438788, 0.009362777017540287877, 0.001324974804308710593 ) ) ;
#3785 = CARTESIAN_POINT ( 'NONE',  ( 0.002533700486691936159, 0.01004893260558321552, -0.001010037549443621547 ) ) ;
#3786 = CARTESIAN_POINT ( 'NONE',  ( -0.05048707696088431535, -0.0005425209098756299210, -0.01946833671770526256 ) ) ;
#3787 = CARTESIAN_POINT ( 'NONE',  ( -0.1301339208192023034, 0.005744880693054287522, -0.009265322177029407941 ) ) ;
#3788 = CARTESIAN_POINT ( 'NONE',  ( -0.003040256633881291935, 0.01058934179303940883, -0.001815736618103461946 ) ) ;
#3789 = CARTESIAN_POINT ( 'NONE',  ( 0.004218195335533789225, 0.001635278888555808134, 0.004759063909364318230 ) ) ;
#3790 = ORIENTED_EDGE ( 'NONE', *, *, #2752, .T. ) ;
#3791 = ORIENTED_EDGE ( 'NONE', *, *, #4277, .T. ) ;
#3792 = CARTESIAN_POINT ( 'NONE',  ( -0.06324390727344118834, 0.01035093077738538994, 0.004335700043537861308 ) ) ;
#3793 = CARTESIAN_POINT ( 'NONE',  ( 0.003043207979239264359, 0.01184741162072351639, -0.0004796967261130604082 ) ) ;
#3794 = CARTESIAN_POINT ( 'NONE',  ( 0.002304851333874056562, 0.01106115267240508765, -0.0004692966480402546649 ) ) ;
#3795 = CARTESIAN_POINT ( 'NONE',  ( -0.004277247456663386439, 0.001599438915972395273, -0.004565758557828862585 ) ) ;
#3796 = ORIENTED_EDGE ( 'NONE', *, *, #950, .F. ) ;
#3797 = CARTESIAN_POINT ( 'NONE',  ( -0.003125884612871563176, 0.009317851504669448851, -0.0005693031510472171134 ) ) ;
#3798 = CARTESIAN_POINT ( 'NONE',  ( 0.004705164914168614466, 0.007932383614030372870, -0.004253490230611346387 ) ) ;
#3799 = CARTESIAN_POINT ( 'NONE',  ( 7.654042494670957930E-19, 9.999999999999939493E-05, 0.006250000000000000347 ) ) ;
#3800 = FACE_BOUND ( 'NONE', #2498, .T. ) ;
#3801 = CARTESIAN_POINT ( 'NONE',  ( -0.002822717085925249315, 0.009654731904936470974, -0.0008815302642091954813 ) ) ;
#3802 = CARTESIAN_POINT ( 'NONE',  ( 0.002884438135928730530, 0.02225040000000000351, 0.0002539999999999999398 ) ) ;
#3803 = UNCERTAINTY_MEASURE_WITH_UNIT (LENGTH_MEASURE( 1.000000000000000082E-05 ), #3733, 'distance_accuracy_value', 'NONE');
#3804 = ORIENTED_EDGE ( 'NONE', *, *, #1498, .T. ) ;
#3805 = CARTESIAN_POINT ( 'NONE',  ( -0.003697627707818909159, 0.009383255318256086483, -0.001302709460550573574 ) ) ;
#3806 = CARTESIAN_POINT ( 'NONE',  ( 0.003296701675677878637, 0.009144706661467407599, 5.131436826681973245E-05 ) ) ;
#3807 = CARTESIAN_POINT ( 'NONE',  ( 0.05048707696088417657, -0.0005425209098756299210, 0.01946833671770561644 ) ) ;
#3808 = CARTESIAN_POINT ( 'NONE',  ( 0.02266303645722014815, 0.008489714435482990582, -0.004072412112747037481 ) ) ;
#3809 =( LENGTH_UNIT ( ) NAMED_UNIT ( * ) SI_UNIT ( $, .METRE. ) );
#3810 = CARTESIAN_POINT ( 'NONE',  ( 0.1302161056456694332, 0.005671038407647184011, 0.008777536174434746874 ) ) ;
#3811 = CARTESIAN_POINT ( 'NONE',  ( -0.003184887483900550233, 0.009257046532735633063, 0.0004660543802466002999 ) ) ;
#3812 = CIRCLE ( 'NONE', #6838, 0.002413000000000001515 ) ;
#3813 = CARTESIAN_POINT ( 'NONE',  ( -0.002316355087703711024, 0.01110938980378429856, -0.0003622310852280825346 ) ) ;
#3814 = CARTESIAN_POINT ( 'NONE',  ( 0.005065991555443257084, 0.007558935928155508313, -0.003832382009481830748 ) ) ;
#3815 = VERTEX_POINT ( 'NONE', #1869 ) ;
#3816 = CARTESIAN_POINT ( 'NONE',  ( -0.004528612913412916052, 0.007734129510743388732, 0.004307702388550711629 ) ) ;
#3817 = CARTESIAN_POINT ( 'NONE',  ( -0.003042611277684035241, 0.01058147619327056387, -0.001817039387760043803 ) ) ;
#3818 = CARTESIAN_POINT ( 'NONE',  ( -0.005918200000000022748, 0.01016000000000000583, 0.001015999999999999976 ) ) ;
#3819 = CARTESIAN_POINT ( 'NONE',  ( 0.001785667394348154505, 0.01046305122213599635, -0.0009697504610784583087 ) ) ;
#3820 = AXIS2_PLACEMENT_3D ( 'NONE', #6283, #2553, #367 ) ;
#3821 = CARTESIAN_POINT ( 'NONE',  ( 0.003039162312812466668, 0.009409635159856570216, -0.0006851712005972985815 ) ) ;
#3822 = CARTESIAN_POINT ( 'NONE',  ( -0.003159476510595062362, 0.009283067575857376422, -0.0005141103398708261668 ) ) ;
#3823 = CARTESIAN_POINT ( 'NONE',  ( -0.1302215123882966286, 0.005560247516567217753, -0.009046752947796518271 ) ) ;
#3824 = CARTESIAN_POINT ( 'NONE',  ( -0.003181870217703427171, 0.01023661289298401222, -0.001805310851370969675 ) ) ;
#3825 = CARTESIAN_POINT ( 'NONE',  ( 0.003993432573387132797, 0.001518700044688067047, 0.004910152449933026693 ) ) ;
#3826 = ORIENTED_EDGE ( 'NONE', *, *, #297, .F. ) ;
#3827 = CARTESIAN_POINT ( 'NONE',  ( 0.1176988753728937381, 0.008559605882045132758, 0.002630759954885884648 ) ) ;
#3828 = CARTESIAN_POINT ( 'NONE',  ( 0.005080000000000000314, 0.000000000000000000, -0.0002540000000000003193 ) ) ;
#3829 = STYLED_ITEM ( 'NONE', ( #6149 ), #4857 ) ;
#3830 = B_SPLINE_CURVE_WITH_KNOTS ( 'NONE', 3,
 ( #1486, #376, #1946, #1520 ),
 .UNSPECIFIED., .F., .F.,
 ( 4, 4 ),
 ( 0.007917244418264276010, 0.01310866743548944925 ),
 .UNSPECIFIED. ) ;
#3831 = VECTOR ( 'NONE', #6527, 1.000000000000000000 ) ;
#3832 = ORIENTED_EDGE ( 'NONE', *, *, #4209, .F. ) ;
#3833 = AXIS2_PLACEMENT_3D ( 'NONE', #6693, #1744, #2390 ) ;
#3834 = CARTESIAN_POINT ( 'NONE',  ( -0.07949000536981221110, 0.01049815867465593924, 0.002868057591418865515 ) ) ;
#3835 = CARTESIAN_POINT ( 'NONE',  ( 0.003247353270438689370, 0.01010511900660246952, -0.001774581899888748706 ) ) ;
#3836 = CARTESIAN_POINT ( 'NONE',  ( 0.002309325039591403599, 0.01108096772494375666, -0.0004291717096538006228 ) ) ;
#3837 = CARTESIAN_POINT ( 'NONE',  ( -0.003194348886551624279, 0.009247392825533625946, 0.0004470698864621096887 ) ) ;
#3838 = ORIENTED_EDGE ( 'NONE', *, *, #433, .T. ) ;
#3839 = EDGE_CURVE ( 'NONE', #5250, #4514, #4027, .T. ) ;
#3840 = CARTESIAN_POINT ( 'NONE',  ( -0.002849394440885682448, 0.009622955344594844723, -0.0008626002101913235898 ) ) ;
#3841 = CARTESIAN_POINT ( 'NONE',  ( -0.004806643112390191104, 0.002001179726772804330, -0.004003988437598950123 ) ) ;
#3842 = CARTESIAN_POINT ( 'NONE',  ( 0.000000000000000000, 0.000000000000000000, 0.006150000000000000085 ) ) ;
#3843 = CARTESIAN_POINT ( 'NONE',  ( 0.004643745105038739329, 0.007741020651064483074, -0.004287909438224474408 ) ) ;
#3844 = CARTESIAN_POINT ( 'NONE',  ( 0.02601182283220110011, 0.008081783855727010454, -0.003088815360715028557 ) ) ;
#3845 = LINE ( 'NONE', #1681, #3831 ) ;
#3846 = ORIENTED_EDGE ( 'NONE', *, *, #2452, .F. ) ;
#3847 = CARTESIAN_POINT ( 'NONE',  ( -0.002290816493402964091, 0.01098469662784150834, -0.0005938044380686213850 ) ) ;
#3848 = CARTESIAN_POINT ( 'NONE',  ( -0.003548818063029103229, 0.009599206371496851395, -0.001510090617477644927 ) ) ;
#3849 = CARTESIAN_POINT ( 'NONE',  ( 0.002410881416328584156, 0.01027398422916417711, 0.001009722439853594960 ) ) ;
#3850 = CARTESIAN_POINT ( 'NONE',  ( 0.01756029996261014234, 0.006687074999683217599, -0.001397719483208305791 ) ) ;
#3851 = CARTESIAN_POINT ( 'NONE',  ( -0.1132709726663810867, 0.0006486805838273644945, -0.02138733699392606630 ) ) ;
#3852 = CARTESIAN_POINT ( 'NONE',  ( 0.005689000408545570250, 0.003060617360988923934, 0.002638104613234716535 ) ) ;
#3853 = CARTESIAN_POINT ( 'NONE',  ( 0.1298904954157408809, 0.005766758044078376666, 0.008904936856990782607 ) ) ;
#3854 = CARTESIAN_POINT ( 'NONE',  ( -0.003064991122414890273, 0.009381933151580543542, 0.0006541115454553151102 ) ) ;
#3855 = CARTESIAN_POINT ( 'NONE',  ( -0.002628845264250661597, 0.009905820901628554012, -0.0009838164473366796219 ) ) ;
#3856 = CARTESIAN_POINT ( 'NONE',  ( 0.006214999000363411255, 0.004637357349487260250, 0.0008440983527278019850 ) ) ;
#3857 = FACE_OUTER_BOUND ( 'NONE', #6284, .T. ) ;
#3858 = CARTESIAN_POINT ( 'NONE',  ( 0.004207103968099364794, 0.001718856176434893981, 0.004676920944818075548 ) ) ;
#3859 = CARTESIAN_POINT ( 'NONE',  ( -0.01531695747095061441, 0.007680334873652929113, 0.003376853577932297044 ) ) ;
#3860 = CARTESIAN_POINT ( 'NONE',  ( -0.006281663137173484207, 0.006560218563257467182, 0.0009911200883795528733 ) ) ;
#3861 = CARTESIAN_POINT ( 'NONE',  ( 0.003452957942434723999, 0.001265715187916231993, 0.005252063797436622335 ) ) ;
#3862 = CARTESIAN_POINT ( 'NONE',  ( 6.127887653573459528E-19, 0.000000000000000000, 0.005003799999999945444 ) ) ;
#3863 = CARTESIAN_POINT ( 'NONE',  ( -0.003039629653528857622, 0.01183739571253930242, -0.0005228284219441856756 ) ) ;
#3864 = CARTESIAN_POINT ( 'NONE',  ( 0.002481872773314986250, 0.01013615328982499231, 0.001016000000000038574 ) ) ;
#3865 = ORIENTED_EDGE ( 'NONE', *, *, #2120, .F. ) ;
#3866 = VERTEX_POINT ( 'NONE', #5159 ) ;
#3867 = CARTESIAN_POINT ( 'NONE',  ( -0.1275765124187301369, 0.007084891026520931563, -0.006550278332784821057 ) ) ;
#3868 = CARTESIAN_POINT ( 'NONE',  ( 0.003682796689915626698, 0.009404249759056119984, -0.001325632381828879694 ) ) ;
#3869 = CARTESIAN_POINT ( 'NONE',  ( 0.002291609958428593441, 0.01098952470617332346, -0.0005866616948460773090 ) ) ;
#3870 = CARTESIAN_POINT ( 'NONE',  ( -0.003066554400678032834, 0.009380317345476332433, 0.0006517742209327872941 ) ) ;
#3871 = CIRCLE ( 'NONE', #4206, 0.003962399999999999603 ) ;
#3872 = CARTESIAN_POINT ( 'NONE',  ( -0.003872672032660730637, 0.009145651123737124147, -0.0009511028107664540841 ) ) ;
#3873 = EDGE_CURVE ( 'NONE', #2743, #932, #2595, .T. ) ;
#3874 = CARTESIAN_POINT ( 'NONE',  ( -0.006255008133390955669, 0.005126676854131595462, -1.034551594559113838E-05 ) ) ;
#3875 = CARTESIAN_POINT ( 'NONE',  ( 0.000000000000000000, 0.000000000000000000, 0.000000000000000000 ) ) ;
#3876 = CARTESIAN_POINT ( 'NONE',  ( 0.003860302969660634256, 0.009161979179699701950, -0.0009820793623404669437 ) ) ;
#3877 = CARTESIAN_POINT ( 'NONE',  ( 0.1299999999999999212, 0.005802521958047091900, 0.008888147181372058753 ) ) ;
#3878 = VECTOR ( 'NONE', #5032, 1.000000000000000000 ) ;
#3879 = CARTESIAN_POINT ( 'NONE',  ( -0.0002540000000000001566, 0.000000000000000000, 0.001451138256679907184 ) ) ;
#3880 = ADVANCED_FACE ( 'NONE', ( #3600 ), #6488, .T. ) ;
#3881 = VERTEX_POINT ( 'NONE', #1576 ) ;
#3882 = CARTESIAN_POINT ( 'NONE',  ( -0.002383838677431306466, 0.01033358117615554468, -0.001002049509061335919 ) ) ;
#3883 = CARTESIAN_POINT ( 'NONE',  ( -0.003249806245630151250, 0.01010039661679660791, -0.001773232962526957246 ) ) ;
#3884 = AXIS2_PLACEMENT_3D ( 'NONE', #5053, #1796, #3955 ) ;
#3885 = CARTESIAN_POINT ( 'NONE',  ( 0.002279503742485710933, 0.01086772431013078438, 0.0007297828295932235441 ) ) ;
#3886 = CARTESIAN_POINT ( 'NONE',  ( 0.0002539999999999995061, 0.000000000000000000, 0.003954250593981114593 ) ) ;
#3887 = CARTESIAN_POINT ( 'NONE',  ( 0.003452957942434723999, 0.001265715187916231993, 0.005252063797436622335 ) ) ;
#3888 = CARTESIAN_POINT ( 'NONE',  ( -0.002709589483756790797, 0.009796184287052313658, 0.0009487556237776332982 ) ) ;
#3889 = CARTESIAN_POINT ( 'NONE',  ( -0.002280720953564345944, 0.01088724860135185414, -0.0007096942394510051110 ) ) ;
#3890 = CARTESIAN_POINT ( 'NONE',  ( 0.001876877681540888715, 0.0008558606109002131826, 0.005969745301742959004 ) ) ;
#3891 = ORIENTED_EDGE ( 'NONE', *, *, #3595, .T. ) ;
#3892 = CARTESIAN_POINT ( 'NONE',  ( -0.1299999999999999767, 0.004585931413959958014, -0.01292123918107946495 ) ) ;
#3893 = CARTESIAN_POINT ( 'NONE',  ( 0.003001862213655899937, 0.01071798703553169738, 0.001794196603031302916 ) ) ;
#3894 = PLANE ( 'NONE',  #4213 ) ;
#3895 = CARTESIAN_POINT ( 'NONE',  ( -0.005080000000000000314, 0.005588000000000000085, 0.0002539999999999998856 ) ) ;
#3896 = CARTESIAN_POINT ( 'NONE',  ( 0.006269435321545887424, 0.005907603679920061211, -0.0001121815777864567564 ) ) ;
#3897 = CARTESIAN_POINT ( 'NONE',  ( 0.06605415328372617190, 0.01026487559987339544, -0.003618220312797397475 ) ) ;
#3898 = CARTESIAN_POINT ( 'NONE',  ( -0.003002937280599490052, 0.01172461232716292406, -0.0008768731300110087050 ) ) ;
#3899 = CARTESIAN_POINT ( 'NONE',  ( 0.003017378525701177715, 0.009433146201250802373, 0.0007102759878547512456 ) ) ;
#3900 = VERTEX_POINT ( 'NONE', #604 ) ;
#3901 = CARTESIAN_POINT ( 'NONE',  ( 0.1297411135853036024, 0.005937442630026296998, 0.008514160897067564113 ) ) ;
#3902 =( BOUNDED_SURFACE ( )  B_SPLINE_SURFACE ( 3, 2, ( 
 ( #3910, #781, #2924 ),
 ( #5610, #708, #3392 ),
 ( #2822, #816, #1308 ),
 ( #3459, #6563, #1237 ),
 ( #1753, #2289, #4473 ),
 ( #4944, #5575, #249 ),
 ( #134, #2397, #6599 ),
 ( #3946, #4543, #6668 ),
 ( #2962, #281, #2432 ),
 ( #4573, #953, #319 ),
 ( #1961, #2468, #1471 ),
 ( #4080, #5744, #1503 ) ),
 .UNSPECIFIED., .F., .F., .T. ) 
 B_SPLINE_SURFACE_WITH_KNOTS ( ( 4, 2, 2, 2, 2, 4 ),
 ( 3, 3 ),
 ( 6.505213034913026604E-19, 0.0001580521344731969249, 0.0003161042689463931994, 0.0003951303361829913230, 0.0004741564034195895009, 0.0006322085378927857482 ),
 ( 0.000000000000000000, 1.000000000000000000 ),
 .UNSPECIFIED. ) 
 GEOMETRIC_REPRESENTATION_ITEM ( )  RATIONAL_B_SPLINE_SURFACE ( (
 ( 1.000000000000000000, 0.7322297594530349230, 1.000000000000000000),
 ( 1.000000000000000000, 0.7773341277452399112, 1.000000000000000000),
 ( 1.000000000000000000, 0.8185383093456473080, 1.000000000000000000),
 ( 1.000000000000000000, 0.8888637074315577369, 1.000000000000000000),
 ( 1.000000000000000000, 0.9190936076572384650, 1.000000000000000000),
 ( 1.000000000000000000, 0.9372203908010461326, 1.000000000000000000),
 ( 1.000000000000000000, 0.9380590598712513772, 1.000000000000000000),
 ( 1.000000000000000000, 0.9286208133399213027, 1.000000000000000000),
 ( 1.000000000000000000, 0.9187560877039833152, 1.000000000000000000),
 ( 1.000000000000000000, 0.8805545588917639277, 1.000000000000000000),
 ( 1.000000000000000000, 0.8444786034432638644, 1.000000000000000000),
 ( 1.000000000000000000, 0.8044043929877294774, 1.000000000000000000) ) ) 
 REPRESENTATION_ITEM ( '' )  SURFACE ( )  );
#3903 = ORIENTED_EDGE ( 'NONE', *, *, #4977, .T. ) ;
#3904 = CARTESIAN_POINT ( 'NONE',  ( -0.1214780905553494439, 0.008090060358095863338, -0.003775493179542857135 ) ) ;
#3905 = CARTESIAN_POINT ( 'NONE',  ( 0.003296701675677878637, 0.009144706661467407599, 5.131436826681973245E-05 ) ) ;
#3906 = CARTESIAN_POINT ( 'NONE',  ( 0.002286871097238484408, 0.01095569506308169752, -0.0006322887898150749428 ) ) ;
#3907 = CARTESIAN_POINT ( 'NONE',  ( 0.000000000000000000, 0.009900000000000000813, -0.006250000000000000347 ) ) ;
#3908 = CARTESIAN_POINT ( 'NONE',  ( -0.003108054218043024026, 0.009336460351802399263, -0.0005958933421455543016 ) ) ;
#3909 = CARTESIAN_POINT ( 'NONE',  ( -0.1300000000000000044, 0.005925007879322498859, -0.008924140516988820354 ) ) ;
#3910 = CARTESIAN_POINT ( 'NONE',  ( 0.004631615120808900594, 0.008031864869413839203, -0.004196503469877556000 ) ) ;
#3911 = CARTESIAN_POINT ( 'NONE',  ( 0.005648250718555787413, 0.002933168833841015219, 0.003006515832039162797 ) ) ;
#3912 = CARTESIAN_POINT ( 'NONE',  ( 0.1299999999999999489, 0.005889533028476855170, 0.008829331652361216420 ) ) ;
#3913 = CARTESIAN_POINT ( 'NONE',  ( -0.001409983389151052598, 0.004930093882071131389, 0.0002539999999999999398 ) ) ;
#3914 = ADVANCED_FACE ( 'NONE', ( #6383 ), #2124, .T. ) ;
#3915 = VERTEX_POINT ( 'NONE', #3842 ) ;
#3916 = CARTESIAN_POINT ( 'NONE',  ( 0.0002539999999999999940, 0.005588000000000000085, 0.0002539999999999998856 ) ) ;
#3917 = CARTESIAN_POINT ( 'NONE',  ( 0.002296605074138616427, 0.01101980384816982420, 0.0005415700679674342053 ) ) ;
#3918 = LINE ( 'NONE', #1316, #5873 ) ;
#3919 = CARTESIAN_POINT ( 'NONE',  ( 0.000000000000000000, 0.006959600000000000682, 0.000000000000000000 ) ) ;
#3920 = CARTESIAN_POINT ( 'NONE',  ( -0.005918200000000021013, 0.001397000000000011514, 0.000000000000000000 ) ) ;
#3921 = CARTESIAN_POINT ( 'NONE',  ( 0.1302529394724374623, 0.005702267391239307891, 0.008650863227539969461 ) ) ;
#3922 = CARTESIAN_POINT ( 'NONE',  ( -0.003217563162982503902, 0.009223840631106355187, -0.0003951521869711014843 ) ) ;
#3923 = CARTESIAN_POINT ( 'NONE',  ( -0.002326121300765077345, 0.01114477850897695188, 0.0002505286908297589283 ) ) ;
#3924 = CARTESIAN_POINT ( 'NONE',  ( 0.001606363899545497744, 0.0009229401714946813265, 0.006215309846980391663 ) ) ;
#3925 = ORIENTED_EDGE ( 'NONE', *, *, #6372, .T. ) ;
#3926 = CARTESIAN_POINT ( 'NONE',  ( 0.001962714714447112967, 0.01036036470367779176, -0.001001840443155951541 ) ) ;
#3927 = CARTESIAN_POINT ( 'NONE',  ( -0.003184945192653006185, 0.01023034989719865361, -0.001803965947194792040 ) ) ;
#3928 = CARTESIAN_POINT ( 'NONE',  ( 0.002944230831875851995, 0.01144315852835926794, 0.001343053351138827952 ) ) ;
#3929 = CARTESIAN_POINT ( 'NONE',  ( 0.001820638173620020128, 0.01066910939230464664, 0.0009053563898126717894 ) ) ;
#3930 = CARTESIAN_POINT ( 'NONE',  ( 0.003473036523839351328, 0.009713123396388346348, -0.001601626068589157015 ) ) ;
#3931 = CARTESIAN_POINT ( 'NONE',  ( 0.002762465183106684735, 0.001025240679736498170, 0.005614621886402566993 ) ) ;
#3932 = CARTESIAN_POINT ( 'NONE',  ( -0.003036728079110046462, 0.01182935867984995226, 0.0005598126942331020216 ) ) ;
#3933 = DIRECTION ( 'NONE',  ( 0.000000000000000000, -0.000000000000000000, 1.000000000000000000 ) ) ;
#3934 = ORIENTED_EDGE ( 'NONE', *, *, #777, .F. ) ;
#3935 = CARTESIAN_POINT ( 'NONE',  ( -0.01065840023094425347, 0.0005703461745046463057, -0.004718154834515738208 ) ) ;
#3936 = AXIS2_PLACEMENT_3D ( 'NONE', #6440, #2202, #6475 ) ;
#3937 = B_SPLINE_CURVE_WITH_KNOTS ( 'NONE', 3,
 ( #4327, #5509, #4909, #2291, #4946, #1130, #4879, #136, #3286, #62, #1680, #3844, #5960, #2255, #1755, #6031, #5455, #3480, #768, #5980, #2808, #1224, #4930, #2278, #6121, #803, #3897, #3376, #5492, #6087, #2842, #159, #2314, #6588, #732, #5564, #1295, #3827, #5949, #594, #5879, #3235, #1116, #3308, #2779, #554, #4833, #3272, #737, #4566, #5600, #2883, #5007, #3901, #5496, #5037, #6593, #807, #6553, #202 ),
 .UNSPECIFIED., .F., .F.,
 ( 4, 2, 2, 2, 2, 2, 2, 2, 2, 2, 2, 2, 2, 2, 2, 2, 2, 2, 2, 2, 2, 2, 2, 2, 2, 2, 2, 2, 2, 4 ),
 ( 0.0001042750394380355741, 0.004121650207024407306, 0.008139025374610782751, 0.01215640054219715646, 0.01617377570978353538, 0.02019115087736991776, 0.02420852604495630361, 0.02822590121254269294, 0.03224327638012908226, 0.04027802671530187478, 0.04429540188288827451, 0.04831277705047467425, 0.05634752738564746677, 0.06438227772082023848, 0.08045177839116578189, 0.08848652872633855360, 0.09652127906151132530, 0.1045560293966840970, 0.1125907797318568687, 0.1166081548994432615, 0.1206255300670296404, 0.1226342176508228438, 0.1246429052346160748, 0.1256472490265126141, 0.1266515928184091810, 0.1271537647143574645, 0.1276559366103057480, 0.1281581085062540315, 0.1284091944542281871, 0.1286602804022023427 ),
 .UNSPECIFIED. ) ;
#3938 = CARTESIAN_POINT ( 'NONE',  ( -0.1258326468046895297, 0.007524302774315596090, -0.005579789310919719587 ) ) ;
#3939 = COLOUR_RGB ( '',0.8980392156862745390, 0.9176470588235293713, 0.9294117647058823817 ) ;
#3940 = CARTESIAN_POINT ( 'NONE',  ( 0.002312483809368672504, 0.01109418626568868874, -0.0004000095599102207250 ) ) ;
#3941 = CARTESIAN_POINT ( 'NONE',  ( -0.002854690153522691093, 0.009616741955014117965, 0.0008585953414548431074 ) ) ;
#3942 = CARTESIAN_POINT ( 'NONE',  ( -0.002536116043786082550, 0.01004466865262014681, -0.001009926804137689996 ) ) ;
#3943 = CIRCLE ( 'NONE', #2371, 0.005003800000000000088 ) ;
#3944 = CARTESIAN_POINT ( 'NONE',  ( -0.001566982232030871046, 0.0008441680611031633944, -0.006058454453489419203 ) ) ;
#3945 = AXIS2_PLACEMENT_3D ( 'NONE', #2679, #4844, #4808 ) ;
#3946 = CARTESIAN_POINT ( 'NONE',  ( 0.004458970108024110091, 0.007771905783156052988, -0.004379512754945746877 ) ) ;
#3947 = CARTESIAN_POINT ( 'NONE',  ( 0.003996945766211892556, 0.008984576217179605223, 0.0005336016481677808166 ) ) ;
#3948 = CARTESIAN_POINT ( 'NONE',  ( -0.002723560728865358563, 0.009778103362685504688, -0.0009414960348558767565 ) ) ;
#3949 = CARTESIAN_POINT ( 'NONE',  ( -0.001447224898745791757, 0.0004689809571372346758, 0.0002539999999999999398 ) ) ;
#3950 = AXIS2_PLACEMENT_3D ( 'NONE', #216, #3567, #3984 ) ;
#3951 = VERTEX_POINT ( 'NONE', #2146 ) ;
#3952 = CARTESIAN_POINT ( 'NONE',  ( -0.002284008161212477094, 0.01092932850346197381, -0.0006639254296708977082 ) ) ;
#3953 = CARTESIAN_POINT ( 'NONE',  ( -0.1300000000000000044, 0.005925007879322498859, -0.008924140516988820354 ) ) ;
#3954 = CARTESIAN_POINT ( 'NONE',  ( 0.002283779814145799059, 0.01092680193773558697, 0.0006667599719423904529 ) ) ;
#3955 = DIRECTION ( 'NONE',  ( -1.000000000000000000, 0.000000000000000000, 0.000000000000000000 ) ) ;
#3956 = CARTESIAN_POINT ( 'NONE',  ( 0.006445297981199969370, 0.007745091019225800594, -0.004149875311453391641 ) ) ;
#3957 = CARTESIAN_POINT ( 'NONE',  ( 2.955072726342565266E-19, 0.02225040000000000351, -0.002413000000000001515 ) ) ;
#3958 =( BOUNDED_SURFACE ( )  B_SPLINE_SURFACE ( 3, 2, ( 
 ( #5196, #3509, #6648 ),
 ( #4128, #5627, #2522 ),
 ( #867, #4096, #6115 ),
 ( #5126, #332, #1323 ),
 ( #3472, #4656, #2944 ),
 ( #5060, #3574, #3996 ),
 ( #2410, #4556, #1872 ),
 ( #831, #3012, #406 ),
 ( #1942, #2447, #1836 ),
 ( #1450, #6221, #2979 ),
 ( #2556, #5092, #6781 ),
 ( #1909, #4064, #6189 ),
 ( #1388, #5691, #968 ),
 ( #6423, #6812, #2617 ),
 ( #469, #4749, #6353 ),
 ( #1548, #2076, #998 ),
 ( #5822, #5857, #4395 ),
 ( #2042, #3117, #3772 ),
 ( #4159, #4719, #501 ),
 ( #4811, #3704, #5895 ),
 ( #1030, #1616, #5260 ),
 ( #3181, #573, #4194 ),
 ( #6389, #1065, #435 ),
 ( #6844, #1097, #3217 ),
 ( #6909, #4226, #1482 ),
 ( #5294, #4298, #3252 ),
 ( #2151, #5333, #4689 ),
 ( #2652, #5228, #5368 ),
 ( #2008, #6286, #3147 ),
 ( #2584, #3637, #5757 ) ),
 .UNSPECIFIED., .F., .F., .F. ) 
 B_SPLINE_SURFACE_WITH_KNOTS ( ( 4, 2, 2, 2, 2, 2, 2, 2, 2, 2, 2, 2, 2, 2, 4 ),
 ( 3, 3 ),
 ( 0.009193627370020640219, 0.01015620055718920861, 0.01111877374435777874, 0.01208134693152634713, 0.01304392011869491552, 0.01400649330586348565, 0.01496906649303205404, 0.01689421286736919256, 0.01785678605453776269, 0.01881935924170632934, 0.02074450561604346960, 0.02170707880321203972, 0.02266965199038060985, 0.02363222517754917651, 0.02459479836471774664 ),
 ( 0.000000000000000000, 1.000000000000000000 ),
 .UNSPECIFIED. ) 
 GEOMETRIC_REPRESENTATION_ITEM ( )  RATIONAL_B_SPLINE_SURFACE ( (
 ( 1.000000000000000000, 0.9197565035702855996, 1.000000000000000000),
 ( 1.000000000000000000, 0.9202449730171793352, 1.000000000000000000),
 ( 1.000000000000000000, 0.9198792735746132987, 1.000000000000000000),
 ( 1.000000000000000000, 0.9173872131827562892, 1.000000000000000000),
 ( 1.000000000000000000, 0.9152274029373722586, 1.000000000000000000),
 ( 1.000000000000000000, 0.9093563852793594693, 1.000000000000000000),
 ( 1.000000000000000000, 0.9056349806037192751, 1.000000000000000000),
 ( 1.000000000000000000, 0.8967508807087788414, 1.000000000000000000),
 ( 1.000000000000000000, 0.8916119261233894644, 1.000000000000000000),
 ( 1.000000000000000000, 0.8796780598404894125, 1.000000000000000000),
 ( 1.000000000000000000, 0.8731842765386337302, 1.000000000000000000),
 ( 1.000000000000000000, 0.8592182110591062294, 1.000000000000000000),
 ( 1.000000000000000000, 0.8517479220210030233, 1.000000000000000000),
 ( 1.000000000000000000, 0.8284875224932437554, 1.000000000000000000),
 ( 1.000000000000000000, 0.8116761804788764634, 1.000000000000000000),
 ( 1.000000000000000000, 0.7847931662575173828, 1.000000000000000000),
 ( 1.000000000000000000, 0.7755087403223308584, 1.000000000000000000),
 ( 1.000000000000000000, 0.7566966541615379738, 1.000000000000000000),
 ( 1.000000000000000000, 0.7471867213605081215, 1.000000000000000000),
 ( 1.000000000000000000, 0.7186380702010803923, 1.000000000000000000),
 ( 1.000000000000000000, 0.6993247179042606509, 1.000000000000000000),
 ( 1.000000000000000000, 0.6736452094559626236, 1.000000000000000000),
 ( 1.000000000000000000, 0.6657064990081043021, 1.000000000000000000),
 ( 1.000000000000000000, 0.6534941952211283933, 1.000000000000000000),
 ( 1.000000000000000000, 0.6490673151292780663, 1.000000000000000000),
 ( 1.000000000000000000, 0.6486042711297044239, 1.000000000000000000),
 ( 1.000000000000000000, 0.6524834814183387843, 1.000000000000000000),
 ( 1.000000000000000000, 0.6773312508968349910, 1.000000000000000000),
 ( 1.000000000000000000, 0.6992026988640930307, 1.000000000000000000),
 ( 1.000000000000000000, 0.7322297594534371568, 1.000000000000000000) ) ) 
 REPRESENTATION_ITEM ( '' )  SURFACE ( )  );
#3959 = CARTESIAN_POINT ( 'NONE',  ( 0.1302214705862847766, 0.005602867291918446971, 0.008944368386336153456 ) ) ;
#3960 = CARTESIAN_POINT ( 'NONE',  ( 0.004163702507134711857, 0.001729579184724238912, 0.004670452494006408981 ) ) ;
#3961 = ORIENTED_EDGE ( 'NONE', *, *, #4427, .F. ) ;
#3962 = CARTESIAN_POINT ( 'NONE',  ( 0.003058739815433263003, 0.009388678591500707049, -0.0006613012057985512586 ) ) ;
#3963 = CARTESIAN_POINT ( 'NONE',  ( -0.002977224127541186049, 0.01081782430086668245, -0.001767935099033020926 ) ) ;
#3964 = EDGE_CURVE ( 'NONE', #2791, #2985, #2358, .T. ) ;
#3965 = CARTESIAN_POINT ( 'NONE',  ( 0.002979959938947846030, 0.01163807896237228912, 0.001056760502104231794 ) ) ;
#3966 = CARTESIAN_POINT ( 'NONE',  ( 0.002032000000000023371, 0.01117600000000004527, 3.184181620198244007E-18 ) ) ;
#3967 = EDGE_CURVE ( 'NONE', #5201, #4225, #96, .T. ) ;
#3968 = CARTESIAN_POINT ( 'NONE',  ( 0.003137906540408882776, 0.01033193540838515771, -0.001819555932889109539 ) ) ;
#3969 = ORIENTED_EDGE ( 'NONE', *, *, #649, .T. ) ;
#3970 = CARTESIAN_POINT ( 'NONE',  ( 0.006211691473612271017, 0.006836368502132961732, -0.001388707103031498139 ) ) ;
#3971 = CARTESIAN_POINT ( 'NONE',  ( -0.003266161417297533398, 0.01006877901273041213, 0.001764359131792811539 ) ) ;
#3972 = CARTESIAN_POINT ( 'NONE',  ( 0.002860305296915306196, 0.009610134299329496296, 0.0008544030394520536016 ) ) ;
#3973 = ORIENTED_EDGE ( 'NONE', *, *, #1546, .F. ) ;
#3974 = CARTESIAN_POINT ( 'NONE',  ( -0.01066323059921055541, 0.0007716336153703888447, -0.004541015648389410547 ) ) ;
#3975 = CARTESIAN_POINT ( 'NONE',  ( -0.1268922468539634696, 0.007611726923193699521, -0.004320960985563334494 ) ) ;
#3976 = CARTESIAN_POINT ( 'NONE',  ( 0.001962714714447108197, 0.01036036470367779523, 0.001001840443155951324 ) ) ;
#3977 = CARTESIAN_POINT ( 'NONE',  ( -0.003282379867238034623, 0.009158885406116428970, 0.0001796824028916243240 ) ) ;
#3978 = CARTESIAN_POINT ( 'NONE',  ( -0.002279773941403985277, 0.01076995843281699713, -0.0008132626711905220325 ) ) ;
#3979 = CARTESIAN_POINT ( 'NONE',  ( -0.004893209826573615036, 0.002077609741038290853, -0.004131812075888940429 ) ) ;
#3980 = LINE ( 'NONE', #5076, #1557 ) ;
#3981 = CARTESIAN_POINT ( 'NONE',  ( 0.005689013876084880565, 0.007053903804381759374, -0.002804822874823387126 ) ) ;
#3982 = CARTESIAN_POINT ( 'NONE',  ( -0.004511481572529262192, 0.007830492152318142135, 0.004359777332273634398 ) ) ;
#3983 = ORIENTED_EDGE ( 'NONE', *, *, #2415, .T. ) ;
#3984 = DIRECTION ( 'NONE',  ( 1.000000000000000000, 0.000000000000000000, 0.000000000000000000 ) ) ;
#3985 = CARTESIAN_POINT ( 'NONE',  ( -0.003042085055071243934, 0.01184418529987246553, -0.0004919081105665480983 ) ) ;
#3986 = CARTESIAN_POINT ( 'NONE',  ( 0.002320078451593773818, 0.01051952249122421919, 0.0009504199027117301093 ) ) ;
#3987 = CARTESIAN_POINT ( 'NONE',  ( 0.000000000000000000, 0.006959600000000000682, 0.000000000000000000 ) ) ;
#3988 = VECTOR ( 'NONE', #2517, 1.000000000000000000 ) ;
#3989 = CARTESIAN_POINT ( 'NONE',  ( 0.04700136460350590878, 0.009682939578422623816, -0.003844244885505223967 ) ) ;
#3990 = CARTESIAN_POINT ( 'NONE',  ( 0.003061340060767294910, 0.01189507105402040459, 1.243432941813064297E-15 ) ) ;
#3991 = CARTESIAN_POINT ( 'NONE',  ( 0.05048175232413455032, -0.001498485931086144954, 0.02093825059649203138 ) ) ;
#3992 = CARTESIAN_POINT ( 'NONE',  ( 0.002801191919707638790, 0.001053042385055073674, 0.005775045978432973882 ) ) ;
#3993 = EDGE_LOOP ( 'NONE', ( #3282, #3094, #3764, #5160 ) ) ;
#3994 = CIRCLE ( 'NONE', #2642, 0.006150000000000000085 ) ;
#3995 = CARTESIAN_POINT ( 'NONE',  ( -0.002330187342489034152, 0.01115844763916076093, 0.0001893723918260816603 ) ) ;
#3996 = CARTESIAN_POINT ( 'NONE',  ( -0.003322747868112518963, 0.001196332066900916485, -0.005343352505229223906 ) ) ;
#3997 = CARTESIAN_POINT ( 'NONE',  ( 0.002937827517145920331, 0.01107170734931833649, 0.001656435693942644822 ) ) ;
#3998 = CARTESIAN_POINT ( 'NONE',  ( -0.002552636668894320195, 0.009144159119497565283, 0.0001344024305930432820 ) ) ;
#3999 = CARTESIAN_POINT ( 'NONE',  ( 0.002824425957479523817, 0.009652718905854132392, -0.0008803111081439224687 ) ) ;
#4000 = CARTESIAN_POINT ( 'NONE',  ( 0.003078217446714489464, 0.01047875866622466692, -0.001825102751743374252 ) ) ;
#4001 = STYLED_ITEM ( 'NONE', ( #3528 ), #2511 ) ;
#4002 = ORIENTED_EDGE ( 'NONE', *, *, #4970, .T. ) ;
#4003 = CARTESIAN_POINT ( 'NONE',  ( 0.005890654715914557180, 0.007415703029948642576, -0.002107042649142828843 ) ) ;
#4004 = CARTESIAN_POINT ( 'NONE',  ( 0.07949000536969957897, 0.01049815867465743284, -0.002868057591423509370 ) ) ;
#4005 = CARTESIAN_POINT ( 'NONE',  ( -0.003491092854130535290, 0.009687235042533975243, 0.001576308157580617614 ) ) ;
#4006 = FACE_BOUND ( 'NONE', #4711, .T. ) ;
#4007 = ORIENTED_EDGE ( 'NONE', *, *, #2509, .T. ) ;
#4008 = FACE_BOUND ( 'NONE', #5117, .T. ) ;
#4009 = ADVANCED_FACE ( 'NONE', ( #3350 ), #4807, .F. ) ;
#4010 = CARTESIAN_POINT ( 'NONE',  ( -0.1221259944897333388, 0.008193177652621003518, -0.004034782654324071266 ) ) ;
#4011 = CARTESIAN_POINT ( 'NONE',  ( 0.002291390703893443452, 0.01098809547120158971, 0.0005886906376446558297 ) ) ;
#4012 = CARTESIAN_POINT ( 'NONE',  ( 0.04194570928651162461, 0.009571183283471562664, -0.003651995642111982836 ) ) ;
#4013 = B_SPLINE_CURVE_WITH_KNOTS ( 'NONE', 3,
 ( #4588, #3605, #5589, #5162 ),
 .UNSPECIFIED., .F., .F.,
 ( 4, 4 ),
 ( 0.005486497244110623978, 0.01067792281924099737 ),
 .UNSPECIFIED. ) ;
#4014 = CARTESIAN_POINT ( 'NONE',  ( -0.002341152660057356418, 0.01044905572679238719, -0.0009741601063735455621 ) ) ;
#4015 = CARTESIAN_POINT ( 'NONE',  ( -0.004705164914168584976, 0.007932383614030372870, 0.004253490230611379347 ) ) ;
#4016 = CARTESIAN_POINT ( 'NONE',  ( -0.002292323896799035830, 0.01099513338796142235, 0.0005796615396155468860 ) ) ;
#4017 = CARTESIAN_POINT ( 'NONE',  ( -0.1300000000000000044, 0.005612429250701388844, -0.009265824011770482788 ) ) ;
#4018 = CARTESIAN_POINT ( 'NONE',  ( 0.003079821547884172440, 0.01047714226085739130, 0.001823178998851111149 ) ) ;
#4019 = CARTESIAN_POINT ( 'NONE',  ( -0.004673377233536437844, 0.007930708503588096425, 0.004271636556781551082 ) ) ;
#4020 = ORIENTED_EDGE ( 'NONE', *, *, #6377, .T. ) ;
#4021 = CARTESIAN_POINT ( 'NONE',  ( -0.003059643874716820155, 0.01189074600112210132, 0.0001480326878962498179 ) ) ;
#4022 = CARTESIAN_POINT ( 'NONE',  ( 0.002425856910875228215, 0.01024263333028895863, -0.001012765856576869654 ) ) ;
#4023 = CARTESIAN_POINT ( 'NONE',  ( 0.004573808175515032583, 0.007649285579366761623, -0.004259434090767439014 ) ) ;
#4024 = CARTESIAN_POINT ( 'NONE',  ( 0.02944785646542034604, 0.008342660111920611674, -0.003136439952790837093 ) ) ;
#4025 = DIRECTION ( 'NONE',  ( -0.000000000000000000, 1.000000000000000000, -0.000000000000000000 ) ) ;
#4026 = CARTESIAN_POINT ( 'NONE',  ( 0.01747578506825337927, 0.0001435717927740536503, 0.005273211948973853362 ) ) ;
#4027 = LINE ( 'NONE', #6146, #6828 ) ;
#4028 = ORIENTED_EDGE ( 'NONE', *, *, #6214, .F. ) ;
#4029 = DIRECTION ( 'NONE',  ( 0.000000000000000000, 0.000000000000000000, -1.000000000000000000 ) ) ;
#4030 = SURFACE_STYLE_FILL_AREA ( #1978 ) ;
#4031 = CARTESIAN_POINT ( 'NONE',  ( 0.002973257635943617194, 0.01160908846311347470, -0.001107739403958985782 ) ) ;
#4032 = CARTESIAN_POINT ( 'NONE',  ( -1.925929944387235853E-33, 0.01270000000000000122, 0.000000000000000000 ) ) ;
#4033 = DIRECTION ( 'NONE',  ( 9.484135310589723205E-16, 1.000000000000000000, -0.000000000000000000 ) ) ;
#4034 = CARTESIAN_POINT ( 'NONE',  ( 0.004033987541208867815, 0.008937576761717943089, 0.0003011683938723540982 ) ) ;
#4035 = EDGE_LOOP ( 'NONE', ( #4810, #4321, #5090, #6622 ) ) ;
#4036 = CARTESIAN_POINT ( 'NONE',  ( 0.002751105587761832044, 0.001067439842844467284, 0.005620117187530898790 ) ) ;
#4037 = CARTESIAN_POINT ( 'NONE',  ( 0.003776134118509498656, 0.009274974657528838734, -0.001163206936511627975 ) ) ;
#4038 = CARTESIAN_POINT ( 'NONE',  ( -0.003326822452781586208, 0.009958706645786755129, 0.001723746675943185497 ) ) ;
#4039 = VERTEX_POINT ( 'NONE', #4777 ) ;
#4040 = CARTESIAN_POINT ( 'NONE',  ( -0.04667586987686319494, -0.001184229939884806886, -0.01870726707077449355 ) ) ;
#4041 = CARTESIAN_POINT ( 'NONE',  ( 0.002808163153717651694, 0.009672315388550479023, -0.0008913588937161166011 ) ) ;
#4042 = CARTESIAN_POINT ( 'NONE',  ( 0.002287428891956026604, 0.01095979755267678657, 0.0006268001692697154886 ) ) ;
#4043 = EDGE_CURVE ( 'NONE', #4797, #4738, #5672, .T. ) ;
#4044 = CARTESIAN_POINT ( 'NONE',  ( -0.1302174301697512082, 0.005680423327153239811, -0.008751028012751713853 ) ) ;
#4045 = DIRECTION ( 'NONE',  ( 0.000000000000000000, 0.000000000000000000, -1.000000000000000000 ) ) ;
#4046 = CARTESIAN_POINT ( 'NONE',  ( 0.1249134012405875294, 0.007718806033410866019, 0.005139982742899418602 ) ) ;
#4047 = CIRCLE ( 'NONE', #6373, 0.005918200000000010605 ) ;
#4048 = CARTESIAN_POINT ( 'NONE',  ( -0.002320959572829840896, 0.01112657082705786199, -0.0003135193702636903724 ) ) ;
#4049 = PRESENTATION_LAYER_ASSIGNMENT (  '', '', ( #3829 ) ) ;
#4050 = FACE_OUTER_BOUND ( 'NONE', #5081, .T. ) ;
#4051 = CARTESIAN_POINT ( 'NONE',  ( 0.003532574332362035593, 0.009623752089949226193, 0.001529342892305888624 ) ) ;
#4052 = CARTESIAN_POINT ( 'NONE',  ( -0.1245947298847594337, 0.007582341175014091147, -0.004963967114229611566 ) ) ;
#4053 = DIRECTION ( 'NONE',  ( -1.123292760552739875E-17, 0.000000000000000000, 1.000000000000000000 ) ) ;
#4054 = FACE_OUTER_BOUND ( 'NONE', #20, .T. ) ;
#4055 = ORIENTED_EDGE ( 'NONE', *, *, #516, .F. ) ;
#4056 = CARTESIAN_POINT ( 'NONE',  ( -0.003034389027361370731, 0.01182261055250980603, -0.0005840186336435724580 ) ) ;
#4057 = CARTESIAN_POINT ( 'NONE',  ( 0.002495212895965901855, 0.01011300978019521839, -0.001015040889188480048 ) ) ;
#4058 = DIRECTION ( 'NONE',  ( -0.000000000000000000, -1.000000000000000000, -0.000000000000000000 ) ) ;
#4059 = CARTESIAN_POINT ( 'NONE',  ( 0.04970638277948303402, 0.009819052097965175890, -0.003891371170271485519 ) ) ;
#4060 = CARTESIAN_POINT ( 'NONE',  ( -0.005872244926915114530, 0.006831788524322553353, 0.002400906963287879545 ) ) ;
#4061 = CARTESIAN_POINT ( 'NONE',  ( 0.1302203562126030556, 0.005534363329346634643, 0.009108940792993090729 ) ) ;
#4062 = ORIENTED_EDGE ( 'NONE', *, *, #5824, .T. ) ;
#4063 = CARTESIAN_POINT ( 'NONE',  ( -0.002314268895883478915, 0.01110129333172316102, 0.0003829653270879699667 ) ) ;
#4064 = CARTESIAN_POINT ( 'NONE',  ( -0.005110283626529856828, 0.002653300158250161602, -0.003608228422929525819 ) ) ;
#4065 = CARTESIAN_POINT ( 'NONE',  ( 0.002946760902660168491, 0.01146034412533320120, -0.001321290405232182150 ) ) ;
#4066 = CARTESIAN_POINT ( 'NONE',  ( -0.003452957942434760862, 0.001265715187916231993, -0.005252063797436598049 ) ) ;
#4067 = CARTESIAN_POINT ( 'NONE',  ( 0.004046758603396333892, 0.008921470372101305418, -0.0001512152916902166665 ) ) ;
#4068 = DIRECTION ( 'NONE',  ( 0.000000000000000000, 0.000000000000000000, 1.000000000000000000 ) ) ;
#4069 = DIRECTION ( 'NONE',  ( 0.000000000000000000, 0.000000000000000000, 1.000000000000000000 ) ) ;
#4070 = CARTESIAN_POINT ( 'NONE',  ( 0.003058740138896383007, 0.009388678719891949132, -0.0006613013555501493163 ) ) ;
#4071 = CARTESIAN_POINT ( 'NONE',  ( -0.002986998858779638805, 0.01077642804085626911, 0.001779638116112826438 ) ) ;
#4072 = CARTESIAN_POINT ( 'NONE',  ( 0.000000000000000000, 0.007799999999999968417, 0.004849742261192872654 ) ) ;
#4073 = ADVANCED_FACE ( 'NONE', ( #2253 ), #674, .F. ) ;
#4074 = CARTESIAN_POINT ( 'NONE',  ( 0.002287471729310269850, 0.01096010086429615414, -0.0006264123803669107305 ) ) ;
#4075 = CARTESIAN_POINT ( 'NONE',  ( -0.1297009911105849456, 0.005971814837629911381, -0.008439677900258717863 ) ) ;
#4076 = CARTESIAN_POINT ( 'NONE',  ( 0.004646989106323273777, 0.007649285579366761623, -0.004327585036219718309 ) ) ;
#4077 = CARTESIAN_POINT ( 'NONE',  ( 0.06325680537098882228, 0.01042399117712167721, -0.003714640986387541047 ) ) ;
#4078 = B_SPLINE_SURFACE_WITH_KNOTS ( 'NONE', 3, 3, ( 
 ( #1319, #1384, #2407, #4652, #2518, #4618, #6250, #1831, #3991, #3601, #5088, #2975, #293, #3541 ),
 ( #5658, #4584, #3505, #864, #3008, #3571, #5724, #2444, #4552, #792, #931, #224, #6680, #1868 ),
 ( #5123, #4522, #5688, #4026, #5624, #3045, #1350, #828, #6712, #5158, #5817, #4156, #3113, #6907 ),
 ( #6351, #403, #1579, #3143, #2040, #1614, #965, #2110, #2149, #5226, #4192, #432, #2004, #4685 ),
 ( #5256, #3770, #1027, #3670, #499, #5191, #467, #6282, #2552, #5892, #1514, #6810, #1480, #6421 ),
 ( #3635, #4809, #6943, #5292, #5755, #534, #6314, #2581, #3179, #5854, #5785, #4780, #1063, #2650 ),
 ( #2680, #5331, #4716, #4295, #3702, #1094, #6842, #2615, #996, #4256, #4747, #6874, #2073, #4224 ) ),
 .UNSPECIFIED., .F., .F., .F.,
 ( 4, 3, 4 ),
 ( 4, 1, 1, 1, 1, 1, 1, 1, 1, 1, 1, 4 ),
 ( -0.05616555982631313282, 0.000000000000000000, 1.000000000000000000 ),
 ( 0.000000000000000000, 0.09375000000000000000, 0.1536846834549344121, 0.1562500000000000000, 0.2187500000000000000, 0.3125000000000000000, 0.3750000000000000000, 0.3846922576685049000, 0.4062500000000000000, 0.4375000000000000000, 0.6250000000000000000, 1.000000000000000000 ),
 .UNSPECIFIED. ) ;
#4079 = CARTESIAN_POINT ( 'NONE',  ( -0.002334242742220049571, 0.01117154988379873669, 9.656071243416318797E-05 ) ) ;
#4080 = CARTESIAN_POINT ( 'NONE',  ( 0.004573808175515057736, 0.007649285579366752082, -0.004259434090767414728 ) ) ;
#4081 = CARTESIAN_POINT ( 'NONE',  ( 0.003840170800595781031, 0.009188715472854339095, 0.001029408643615455522 ) ) ;
#4082 = CARTESIAN_POINT ( 'NONE',  ( -0.1176988753728937659, 0.008559605882045136227, -0.002630759954885075833 ) ) ;
#4083 = DIRECTION ( 'NONE',  ( -1.000000000000000000, 0.000000000000000000, -1.123292760552739875E-17 ) ) ;
#4084 = CARTESIAN_POINT ( 'NONE',  ( -0.003159476510595062362, 0.009283067575857376422, -0.0005141103398708261668 ) ) ;
#4085 = EDGE_CURVE ( 'NONE', #1115, #3484, #558, .T. ) ;
#4086 = VERTEX_POINT ( 'NONE', #3799 ) ;
#4087 = CARTESIAN_POINT ( 'NONE',  ( -0.002997585091939185525, 0.01073416629617417010, -0.001790466542578184311 ) ) ;
#4088 = CARTESIAN_POINT ( 'NONE',  ( 0.002295627109051914805, 0.01062971436653429615, -0.0009010695450804499622 ) ) ;
#4089 = CARTESIAN_POINT ( 'NONE',  ( -0.003848026886900612464, 0.009178224688986753518, 0.001011919407912804459 ) ) ;
#4090 = CYLINDRICAL_SURFACE ( 'NONE', #2067, 0.002413000000000001515 ) ;
#4091 = MECHANICAL_DESIGN_GEOMETRIC_PRESENTATION_REPRESENTATION (  '', ( #4651 ), #2533 ) ;
#4092 = CARTESIAN_POINT ( 'NONE',  ( 0.1302199633550495672, 0.005524644240998455129, 0.009128250923261015462 ) ) ;
#4093 = UNCERTAINTY_MEASURE_WITH_UNIT (LENGTH_MEASURE( 1.000000000000000082E-05 ), #6933, 'distance_accuracy_value', 'NONE');
#4094 = VERTEX_POINT ( 'NONE', #1611 ) ;
#4095 = CARTESIAN_POINT ( 'NONE',  ( -0.002325279983772305780, 0.01114189375328438446, -0.0002620840526732219514 ) ) ;
#4096 = CARTESIAN_POINT ( 'NONE',  ( -0.001881156445282256961, 0.0008388415507717015759, -0.005968539326463712970 ) ) ;
#4097 = CIRCLE ( 'NONE', #3093, 0.001473200000000000030 ) ;
#4098 = CARTESIAN_POINT ( 'NONE',  ( 0.003457884388255067463, 0.009739698264697891836, -0.001610268417528420678 ) ) ;
#4099 = DIRECTION ( 'NONE',  ( -0.000000000000000000, 1.000000000000000000, -0.000000000000000000 ) ) ;
#4100 = CARTESIAN_POINT ( 'NONE',  ( 0.002323978452039379434, 0.01015999999999832142, -0.001016000000007534097 ) ) ;
#4101 = CARTESIAN_POINT ( 'NONE',  ( 0.000000000000000000, 0.01000000000000000021, 0.000000000000000000 ) ) ;
#4102 = DIRECTION ( 'NONE',  ( -1.000000000000000000, 8.537024980200825762E-16, 0.000000000000000000 ) ) ;
#4103 = CARTESIAN_POINT ( 'NONE',  ( 0.002868579653920234809, 0.009600422215702909476, 0.0008481570498475528340 ) ) ;
#4104 = CARTESIAN_POINT ( 'NONE',  ( -0.004020637408968782099, 0.008954466345868286603, 0.0004013710577905277646 ) ) ;
#4105 = CIRCLE ( 'NONE', #4871, 0.006250000000000000347 ) ;
#4106 = CARTESIAN_POINT ( 'NONE',  ( -0.03923548659797585630, 0.004264507786225816069, -0.007689882168275550926 ) ) ;
#4107 = CARTESIAN_POINT ( 'NONE',  ( 0.002291790098607036311, 0.01099095263944147374, -0.0005848677312176014248 ) ) ;
#4108 = EDGE_CURVE ( 'NONE', #4738, #1058, #1091, .T. ) ;
#4109 = CARTESIAN_POINT ( 'NONE',  ( -0.002941884710084368554, 0.009516499747838642886, 0.0007863907638089033710 ) ) ;
#4110 = CARTESIAN_POINT ( 'NONE',  ( -0.1299295633161759722, 0.006009160983870227846, -0.008766646708454915726 ) ) ;
#4111 = CARTESIAN_POINT ( 'NONE',  ( -0.003624592654353401590, 0.009487257092761046048, -0.001412384991999573883 ) ) ;
#4112 = EDGE_LOOP ( 'NONE', ( #750, #3098, #3374, #4832 ) ) ;
#4113 = DIRECTION ( 'NONE',  ( 0.000000000000000000, -1.000000000000000000, 0.000000000000000000 ) ) ;
#4114 = APPLICATION_CONTEXT ( 'automotive_design' ) ;
#4115 = CARTESIAN_POINT ( 'NONE',  ( -0.005249251399230017018, 0.007902092979407046233, 0.004604778610332203523 ) ) ;
#4116 = CARTESIAN_POINT ( 'NONE',  ( 0.003107260045256662277, 0.01040618222761947702, 0.001823265887822054067 ) ) ;
#4117 = FACE_OUTER_BOUND ( 'NONE', #3993, .T. ) ;
#4118 = CARTESIAN_POINT ( 'NONE',  ( -0.005918200000000008870, 0.01447800000000000302, 0.000000000000000000 ) ) ;
#4119 = DIRECTION ( 'NONE',  ( 1.000000000000000000, -0.000000000000000000, -0.000000000000000000 ) ) ;
#4120 = ORIENTED_EDGE ( 'NONE', *, *, #4296, .F. ) ;
#4121 = CARTESIAN_POINT ( 'NONE',  ( -0.003181870217703427171, 0.01023661289298401222, -0.001805310851370969675 ) ) ;
#4122 = CARTESIAN_POINT ( 'NONE',  ( 0.002335415816976767894, 0.01117525309621956141, 5.206747534373747685E-05 ) ) ;
#4123 = CARTESIAN_POINT ( 'NONE',  ( 0.05105954839755596358, 0.009878333084029177272, -0.003902519009090451609 ) ) ;
#4124 = EDGE_CURVE ( 'NONE', #6705, #6626, #3731, .T. ) ;
#4125 = CARTESIAN_POINT ( 'NONE',  ( 0.1302460703500423755, 0.005308357454121782372, 0.009971510732745597974 ) ) ;
#4126 = ORIENTED_EDGE ( 'NONE', *, *, #1451, .T. ) ;
#4127 = CARTESIAN_POINT ( 'NONE',  ( -0.002297960013631069297, 0.01102742901686418718, 0.0005295716709698035374 ) ) ;
#4128 = CARTESIAN_POINT ( 'NONE',  ( -0.001572466931928021092, 0.0008526945812379895743, -0.006057398000975882865 ) ) ;
#4129 = CARTESIAN_POINT ( 'NONE',  ( 0.003609374649228894866, 0.009509389203591765011, -0.001433322402467714215 ) ) ;
#4130 = CARTESIAN_POINT ( 'NONE',  ( -0.004631615120808876308, 0.008031864869413738589, 0.004196503469877582021 ) ) ;
#4131 = CARTESIAN_POINT ( 'NONE',  ( -0.001451138256679907184, 0.000000000000000000, 0.0002539999999999999398 ) ) ;
#4132 = DIRECTION ( 'NONE',  ( 0.000000000000000000, 1.000000000000000000, 0.000000000000000000 ) ) ;
#4133 = CARTESIAN_POINT ( 'NONE',  ( 0.003245417641797944657, 0.009195787815756759423, 0.0003206813170564039328 ) ) ;
#4134 = CARTESIAN_POINT ( 'NONE',  ( -0.002727091995226881005, 0.009773277201069754949, -0.0009400284053367541576 ) ) ;
#4135 = CARTESIAN_POINT ( 'NONE',  ( 0.000000000000000000, 0.008737115150035060923, 0.003003164247451594812 ) ) ;
#4136 = CARTESIAN_POINT ( 'NONE',  ( -0.1299412206022987071, 0.006002953211545397627, -0.008784355091793228168 ) ) ;
#4137 = CARTESIAN_POINT ( 'NONE',  ( 0.002425856910875228215, 0.01024263333028895863, -0.001012765856576869654 ) ) ;
#4138 = CARTESIAN_POINT ( 'NONE',  ( -0.002278609285935504457, 0.01083394203675157666, 0.0007610845002764947973 ) ) ;
#4139 = CARTESIAN_POINT ( 'NONE',  ( -0.1293199774099394739, 0.006217987103613032557, -0.007928298492400641384 ) ) ;
#4140 = CARTESIAN_POINT ( 'NONE',  ( 1.686279258222847794E-18, 0.01447799999999999782, 0.000000000000000000 ) ) ;
#4141 = ORIENTED_EDGE ( 'NONE', *, *, #3873, .F. ) ;
#4142 = B_SPLINE_CURVE_WITH_KNOTS ( 'NONE', 3,
 ( #1157, #4469, #5536, #4394, #4504, #1673, #2321, #3313, #131, #3977, #635, #171, #2851, #6596, #3837, #5954, #5430, #2355, #1784, #3870, #3386, #4870, #6483, #5463, #6026, #4356, #4975, #2887, #3281, #5988, #1196, #3941, #2784, #6520, #2286, #6633, #206, #1122, #3347, #91, #669, #3421, #2818, #4905, #2249, #1817, #5392, #2742, #1711, #1233, #4432, #1271, #6559, #55, #1749, #5503, #5012 ),
 .UNSPECIFIED., .F., .F.,
 ( 4, 2, 2, 2, 2, 2, 2, 2, 2, 2, 2, 2, 2, 2, 2, 1, 1, 2, 2, 1, 2, 2, 2, 2, 2, 2, 2, 2, 2, 4 ),
 ( 0.9966729680437044214, 1.018255005312767469, 1.039837042581830628, 1.083001117119956946, 1.104583154389020105, 1.126165191658083264, 1.147747228927146423, 1.158538247561677892, 1.169329266196209360, 1.190911303465272075, 1.201702322099803322, 1.212493340734334346, 1.223284359368865593, 1.234075378003396839, 1.239470887320662351, 1.244866396637927863, 1.247564151296560730, 1.248913028625877386, 1.250261905955194042, 1.255657415272461108, 1.261052924589728175, 1.266448433906995241, 1.277239452541529374, 1.282634961858796885, 1.288030471176064173, 1.298821489810599195, 1.309612508445133994, 1.320403527079669015, 1.331194545714204036, 1.341985564348738835 ),
 .UNSPECIFIED. ) ;
#4143 = DIRECTION ( 'NONE',  ( 0.000000000000000000, 0.000000000000000000, 1.000000000000000000 ) ) ;
#4144 = CARTESIAN_POINT ( 'NONE',  ( -0.02268484045224587742, 0.007877460061742497591, 0.003100061788157373443 ) ) ;
#4145 = TOROIDAL_SURFACE ( 'NONE', #6387, 0.006150000000000000085, 0.0001000000000000000048 ) ;
#4146 = CARTESIAN_POINT ( 'NONE',  ( 0.003971271928541160803, 0.009017405695926485748, 0.0006456119724665793048 ) ) ;
#4147 = CARTESIAN_POINT ( 'NONE',  ( 0.0002540000000000000482, 0.0004689809571372345674, -0.001447224898745791974 ) ) ;
#4148 = CARTESIAN_POINT ( 'NONE',  ( 0.004275782549640875022, 0.001663218847973493668, 0.004722526119535846827 ) ) ;
#4149 = CARTESIAN_POINT ( 'NONE',  ( 0.000000000000000000, 0.000000000000000000, 0.000000000000000000 ) ) ;
#4150 = ORIENTED_EDGE ( 'NONE', *, *, #1074, .T. ) ;
#4151 = CARTESIAN_POINT ( 'NONE',  ( 0.0002539999999997642885, 0.01768531428571429309, 0.0002539999999999854115 ) ) ;
#4152 = CARTESIAN_POINT ( 'NONE',  ( -0.002988221802096170405, 0.01167119994363450750, 0.0009934116559821841875 ) ) ;
#4153 = AXIS2_PLACEMENT_3D ( 'NONE', #3212, #2787, #1715 ) ;
#4154 = CARTESIAN_POINT ( 'NONE',  ( 0.002282756867926337505, 0.01091549943926374729, -0.0006795457787810894618 ) ) ;
#4155 = CARTESIAN_POINT ( 'NONE',  ( -0.006270703828217025211, 0.004384647778955056904, -0.001160513267363584133 ) ) ;
#4156 = CARTESIAN_POINT ( 'NONE',  ( 0.08789284118094588261, -0.0003125353848297439873, 0.02732323678129902969 ) ) ;
#4157 =( GEOMETRIC_REPRESENTATION_CONTEXT ( 3 ) GLOBAL_UNCERTAINTY_ASSIGNED_CONTEXT ( ( #368 ) ) GLOBAL_UNIT_ASSIGNED_CONTEXT ( ( #4621, #934, #264 ) ) REPRESENTATION_CONTEXT ( 'NONE', 'WORKASPACE' ) );
#4158 = VERTEX_POINT ( 'NONE', #1061 ) ;
#4159 = CARTESIAN_POINT ( 'NONE',  ( -0.006216557281089584927, 0.005359994839226468570, -0.0006900880553002735262 ) ) ;
#4160 = CARTESIAN_POINT ( 'NONE',  ( 0.003168306242598018570, 0.01026632458198359354, -0.001809492057636363348 ) ) ;
#4161 = DIRECTION ( 'NONE',  ( 0.000000000000000000, 1.000000000000000000, 0.000000000000000000 ) ) ;
#4162 = AXIS2_PLACEMENT_3D ( 'NONE', #2767, #151, #1143 ) ;
#4163 = CIRCLE ( 'NONE', #2583, 0.001415789041095890559 ) ;
#4164 = CARTESIAN_POINT ( 'NONE',  ( 0.1132709726663809341, 0.0006486805838273644945, 0.02138733699392685733 ) ) ;
#4165 = DIRECTION ( 'NONE',  ( 0.000000000000000000, 0.000000000000000000, 1.000000000000000000 ) ) ;
#4166 = CARTESIAN_POINT ( 'NONE',  ( 0.1278528624237962319, 0.007002198103007153430, 0.006728968383863062099 ) ) ;
#4167 = CARTESIAN_POINT ( 'NONE',  ( 0.002338940261752429483, 0.01045483952032489998, 0.0009728761998736305729 ) ) ;
#4168 = CARTESIAN_POINT ( 'NONE',  ( -0.003142680561733312769, 0.009300459540263412636, -0.0005417067454590216401 ) ) ;
#4169 = CARTESIAN_POINT ( 'NONE',  ( -0.05351620202844323965, 0.01107995536383967264, -0.002217331489128648511 ) ) ;
#4170 = PRODUCT_RELATED_PRODUCT_CATEGORY ( 'part', '', ( #4466 ) ) ;
#4171 = CARTESIAN_POINT ( 'NONE',  ( 0.002813882804852210675, 0.009665409640365442770, -0.0008875075278753387625 ) ) ;
#4172 = EDGE_CURVE ( 'NONE', #121, #4158, #2923, .T. ) ;
#4173 = CARTESIAN_POINT ( 'NONE',  ( -0.03132178370248922539, 0.008688445111724368841, 0.003123131668092898622 ) ) ;
#4174 = CARTESIAN_POINT ( 'NONE',  ( 0.002330178993673394025, 0.01115840712821562254, 0.0001890466062473792621 ) ) ;
#4175 = CARTESIAN_POINT ( 'NONE',  ( -0.002332038241729824345, 0.01047785809722040842, 0.0009651474064688095322 ) ) ;
#4176 = EDGE_CURVE ( 'NONE', #3915, #6867, #793, .T. ) ;
#4177 = CARTESIAN_POINT ( 'NONE',  ( -0.1298806388141268420, 0.005780902808298549710, -0.008870355378887143788 ) ) ;
#4178 = CARTESIAN_POINT ( 'NONE',  ( -0.003346855716561899802, 0.009923657102535595256, -0.001708727553858117084 ) ) ;
#4179 = ORIENTED_EDGE ( 'NONE', *, *, #1705, .T. ) ;
#4180 = DIRECTION ( 'NONE',  ( -0.000000000000000000, -1.000000000000000000, -0.000000000000000000 ) ) ;
#4181 = B_SPLINE_CURVE_WITH_KNOTS ( 'NONE', 3,
 ( #3887, #6679, #684, #2939, #5026, #1765 ),
 .UNSPECIFIED., .F., .F.,
 ( 4, 2, 4 ),
 ( 0.000000000000000000, 0.001165411334338428348, 0.002330822668676856696 ),
 .UNSPECIFIED. ) ;
#4182 = B_SPLINE_CURVE_WITH_KNOTS ( 'NONE', 3,
 ( #5415, #760, #4416, #1180, #6541, #4960, #2378, #2768, #1735, #6616, #3407, #657, #3927, #4489, #2802, #4923, #3817, #2308, #4997, #2873, #3963, #115, #1218, #4526, #6012, #6046, #5484, #1256, #3370, #192, #692, #3439, #152, #4454 ),
 .UNSPECIFIED., .F., .F.,
 ( 4, 2, 2, 2, 2, 2, 2, 2, 2, 2, 2, 2, 2, 2, 2, 2, 4 ),
 ( 0.003171851149140990193, 0.02895122199405838342, 0.05473059283897577232, 0.1062893345288109387, 0.1320687053737284733, 0.1449583907961872753, 0.1578480762186460773, 0.1836274470635636813, 0.1965171324860224833, 0.2094068179084812853, 0.2222965033309400595, 0.2351861887533988338, 0.2609655595983168541, 0.3125243012881527838, 0.3640830429779887689, 0.3898624138229068725, 0.4156417846678248651 ),
 .UNSPECIFIED. ) ;
#4183 = CARTESIAN_POINT ( 'NONE',  ( -0.01049512605531060551, 0.007908099179641421561, 0.003723001392115731032 ) ) ;
#4184 = CARTESIAN_POINT ( 'NONE',  ( 0.003047652162659780697, 0.01185937589071974982, -0.0004174096357141983925 ) ) ;
#4185 = DIRECTION ( 'NONE',  ( 0.000000000000000000, 0.000000000000000000, -1.000000000000000000 ) ) ;
#4186 = CARTESIAN_POINT ( 'NONE',  ( -0.006254921116560083726, 0.005146296938812093894, 1.609471190147564808E-05 ) ) ;
#4187 = VERTEX_POINT ( 'NONE', #4325 ) ;
#4188 = APPLICATION_PROTOCOL_DEFINITION ( 'draft international standard', 'automotive_design', 1998, #3536 ) ;
#4189 = CARTESIAN_POINT ( 'NONE',  ( -0.002998680027365473698, 0.01170978255637580671, 0.0009113117926225197457 ) ) ;
#4190 = CARTESIAN_POINT ( 'NONE',  ( -0.005401357656185193715, 0.007331937592521789622, 0.003339917052618855426 ) ) ;
#4191 = CARTESIAN_POINT ( 'NONE',  ( 7.654042494670957930E-19, 0.009900000000000000813, 0.006250000000000000347 ) ) ;
#4192 = CARTESIAN_POINT ( 'NONE',  ( 0.06293829927198590912, -0.0004111327656885649948, 0.02381863383957553981 ) ) ;
#4193 = ORIENTED_EDGE ( 'NONE', *, *, #1278, .T. ) ;
#4194 = CARTESIAN_POINT ( 'NONE',  ( -0.006211691473612395049, 0.006836368502132928772, 0.001388707103031503777 ) ) ;
#4195 = CARTESIAN_POINT ( 'NONE',  ( 0.003086912691352789936, 0.009358750451895322259, 0.0006249121647937184217 ) ) ;
#4196 = CARTESIAN_POINT ( 'NONE',  ( -0.05375896055050215921, 0.01011414554320247058, 0.004513732244032424810 ) ) ;
#4197 = CARTESIAN_POINT ( 'NONE',  ( -0.002323978452039403720, 0.01015999999999832142, -0.001016000000007534097 ) ) ;
#4198 = CARTESIAN_POINT ( 'NONE',  ( 0.1287402585294410429, 0.007100580111012804417, 0.005431538104480937434 ) ) ;
#4199 = CARTESIAN_POINT ( 'NONE',  ( 0.002308149563497759096, 0.01056745902135477512, 0.0009308767482855933965 ) ) ;
#4200 = CARTESIAN_POINT ( 'NONE',  ( -0.003929804074428739497, 0.009070904646158317250, 0.0007911688481970778663 ) ) ;
#4201 = CARTESIAN_POINT ( 'NONE',  ( 0.006161754881623937238, 0.006289326464865535420, -0.001505603303441880453 ) ) ;
#4202 = COLOUR_RGB ( '',0.2509803921568627416, 0.2509803921568627416, 0.2509803921568627416 ) ;
#4203 = CARTESIAN_POINT ( 'NONE',  ( -0.03928838923248094417, 0.009370105975740311566, 0.003511994938936792519 ) ) ;
#4204 = EDGE_CURVE ( 'NONE', #1216, #121, #3598, .T. ) ;
#4205 = CARTESIAN_POINT ( 'NONE',  ( 0.002334663284312536898, 0.01117290163158848534, 8.646704013715736186E-05 ) ) ;
#4206 = AXIS2_PLACEMENT_3D ( 'NONE', #4551, #1867, #1285 ) ;
#4207 = CARTESIAN_POINT ( 'NONE',  ( -0.002676360484146426966, 0.009840258634274071797, 0.0009645017940127353223 ) ) ;
#4208 = DIRECTION ( 'NONE',  ( 1.000000000000000000, 0.000000000000000000, 1.224646799147353207E-16 ) ) ;
#4209 = EDGE_CURVE ( 'NONE', #5780, #4440, #2243, .T. ) ;
#4210 = CARTESIAN_POINT ( 'NONE',  ( -0.003497956567893385944, 0.009676615840010321240, -0.001568913172417674227 ) ) ;
#4211 = ORIENTED_EDGE ( 'NONE', *, *, #3361, .T. ) ;
#4212 = CARTESIAN_POINT ( 'NONE',  ( -0.001451138256679907184, 0.000000000000000000, -0.0002540000000000002651 ) ) ;
#4213 = AXIS2_PLACEMENT_3D ( 'NONE', #6048, #5559, #2907 ) ;
#4214 = B_SPLINE_CURVE_WITH_KNOTS ( 'NONE', 3,
 ( #6924, #3269, #2699, #2130, #1439, #629, #4900, #84, #4280, #3754, #5386, #5877 ),
 .UNSPECIFIED., .F., .F.,
 ( 4, 2, 2, 2, 2, 4 ),
 ( 1.226634733346699156E-18, 0.0001565952397007353220, 0.0003131904794014694514, 0.0003914880992518361908, 0.0004697857191022029302, 0.0006263809588029363006 ),
 .UNSPECIFIED. ) ;
#4215 = CARTESIAN_POINT ( 'NONE',  ( -0.01319672322697463575, 0.007876544469598286552, 0.003465893266819084027 ) ) ;
#4216 = CARTESIAN_POINT ( 'NONE',  ( 0.002966756657222328723, 0.01157857650067246197, -0.001157561235147938324 ) ) ;
#4217 = CARTESIAN_POINT ( 'NONE',  ( 0.0002540000000000000482, 0.0002344904790593442089, -0.001449181636525680595 ) ) ;
#4218 = CARTESIAN_POINT ( 'NONE',  ( 0.000000000000000000, 0.001015999999999999976, 0.000000000000000000 ) ) ;
#4219 = EDGE_LOOP ( 'NONE', ( #113, #5020, #1770, #215 ) ) ;
#4220 = CARTESIAN_POINT ( 'NONE',  ( -0.003440260630039129481, 0.009767628322561842241, 0.001628128137161114451 ) ) ;
#4221 = CARTESIAN_POINT ( 'NONE',  ( -0.006006849171420128829, 0.006442034660810289429, 0.001749209793010742192 ) ) ;
#4222 = FILL_AREA_STYLE_COLOUR ( '', #5758 ) ;
#4223 = CARTESIAN_POINT ( 'NONE',  ( 0.004847374140275278152, 0.008055342279007031078, -0.003958373621020177396 ) ) ;
#4224 = CARTESIAN_POINT ( 'NONE',  ( 0.1299999999999999489, 0.005905080481937456140, 0.007984259463645676166 ) ) ;
#4225 = VERTEX_POINT ( 'NONE', #6065 ) ;
#4226 = CARTESIAN_POINT ( 'NONE',  ( -0.005768834660553489105, 0.007455969099560747458, 0.002422779197447860050 ) ) ;
#4227 = CARTESIAN_POINT ( 'NONE',  ( 0.003096715892006210967, 0.009348375891890954234, -0.0006120090349219077606 ) ) ;
#4228 = CARTESIAN_POINT ( 'NONE',  ( 0.01075406328422111313, 0.003686528871476170855, 0.001575394876830332443 ) ) ;
#4229 = CARTESIAN_POINT ( 'NONE',  ( -0.01075406328422112354, 0.003686528871476170855, -0.001575394876830257416 ) ) ;
#4230 = DIRECTION ( 'NONE',  ( 0.000000000000000000, 0.000000000000000000, -1.000000000000000000 ) ) ;
#4231 = CARTESIAN_POINT ( 'NONE',  ( 0.1275765124187301924, 0.007084891026521426827, 0.006550278332783061180 ) ) ;
#4232 = CARTESIAN_POINT ( 'NONE',  ( 0.002298087229781355708, 0.01061433563962789484, 0.0009094013330753360864 ) ) ;
#4233 = CARTESIAN_POINT ( 'NONE',  ( -0.004041003362132971656, 0.008928722959713928167, -0.0002313569717782052403 ) ) ;
#4234 = CARTESIAN_POINT ( 'NONE',  ( 0.000000000000000000, 0.009900000000000000813, 0.000000000000000000 ) ) ;
#4235 = CARTESIAN_POINT ( 'NONE',  ( -0.004807814875570019797, 0.002372829503086795223, -0.004001812065736398520 ) ) ;
#4236 = CARTESIAN_POINT ( 'NONE',  ( 0.003069356607499918073, 0.01050550628812560623, 0.001822173302748422968 ) ) ;
#4237 = CARTESIAN_POINT ( 'NONE',  ( 0.002626337266487839030, 0.009909085142535387775, -0.0009850278098841498426 ) ) ;
#4238 = CARTESIAN_POINT ( 'NONE',  ( -0.002353554614260010367, 0.01041290827691107070, 0.0009841648240534993115 ) ) ;
#4239 = CARTESIAN_POINT ( 'NONE',  ( -0.1300290175395019121, 0.005573207433327133017, -0.009350698459859635783 ) ) ;
#4240 = CARTESIAN_POINT ( 'NONE',  ( -0.003574241690112685884, 0.009561217580954324904, -0.001478701500457607013 ) ) ;
#4241 = ORIENTED_EDGE ( 'NONE', *, *, #5990, .T. ) ;
#4242 = EDGE_CURVE ( 'NONE', #6147, #3417, #5330, .T. ) ;
#4243 = CARTESIAN_POINT ( 'NONE',  ( -0.04564947883147052465, 0.009606150176280397329, 0.003808421215445715723 ) ) ;
#4244 = CARTESIAN_POINT ( 'NONE',  ( 0.002951861604087790709, 0.01095661476203474080, -0.001714591486736884423 ) ) ;
#4245 = DIRECTION ( 'NONE',  ( -5.616463802763698759E-17, 0.000000000000000000, -1.000000000000000000 ) ) ;
#4246 = DIRECTION ( 'NONE',  ( -0.000000000000000000, -1.000000000000000000, -0.000000000000000000 ) ) ;
#4247 = EDGE_CURVE ( 'NONE', #2791, #6673, #3980, .T. ) ;
#4248 = ORIENTED_EDGE ( 'NONE', *, *, #4820, .F. ) ;
#4249 = ITEM_DEFINED_TRANSFORMATION ( 'NONE', 'NONE', #465,  #3950 ) ;
#4250 = CARTESIAN_POINT ( 'NONE',  ( -0.002966381409367923813, 0.01087164021939731468, 0.001749196694202615702 ) ) ;
#4251 = ADVANCED_FACE ( 'NONE', ( #6029, #5507 ), #746, .F. ) ;
#4252 = CARTESIAN_POINT ( 'NONE',  ( 0.003049052342669995690, 0.009399019675847913868, -0.0006733630433110483890 ) ) ;
#4253 = CARTESIAN_POINT ( 'NONE',  ( 0.0002539999999999993435, 0.005588000000000000085, 0.005080000000000000314 ) ) ;
#4254 = DIRECTION ( 'NONE',  ( 1.000000000000000000, -9.484135310589723205E-16, 0.000000000000000000 ) ) ;
#4255 = CARTESIAN_POINT ( 'NONE',  ( 0.000000000000000000, 0.000000000000000000, 0.000000000000000000 ) ) ;
#4256 = CARTESIAN_POINT ( 'NONE',  ( 0.05375896055050219391, 0.01011414554320247058, -0.004513732244032049243 ) ) ;
#4257 = EDGE_CURVE ( 'NONE', #434, #6085, #4047, .T. ) ;
#4258 = ORIENTED_EDGE ( 'NONE', *, *, #1376, .T. ) ;
#4259 = VECTOR ( 'NONE', #6904, 1.000000000000000000 ) ;
#4260 = CARTESIAN_POINT ( 'NONE',  ( -0.1299999999999999212, 0.005802521958046995623, -0.008888147181371094246 ) ) ;
#4261 = CARTESIAN_POINT ( 'NONE',  ( 0.003096256849149381808, 0.009348901923179086734, 0.0006120764809180551883 ) ) ;
#4262 = CARTESIAN_POINT ( 'NONE',  ( -0.001785667394348170118, 0.01046305122213599982, -0.0009697504610784572245 ) ) ;
#4263 = AXIS2_PLACEMENT_3D ( 'NONE', #2337, #1410, #3565 ) ;
#4264 = CARTESIAN_POINT ( 'NONE',  ( 0.1252098022553994050, 0.007458870567256309023, 0.005245027366338505734 ) ) ;
#4265 = CARTESIAN_POINT ( 'NONE',  ( -0.002365787952905255408, 0.01037994385333798272, 0.0009920524876101107035 ) ) ;
#4266 = CARTESIAN_POINT ( 'NONE',  ( -0.002279139083742464256, 0.01084979488776469797, -0.0007461529428633053695 ) ) ;
#4267 = DIRECTION ( 'NONE',  ( 0.000000000000000000, 0.000000000000000000, -1.000000000000000000 ) ) ;
#4268 = CARTESIAN_POINT ( 'NONE',  ( 0.002630448271912164300, 0.009903096536000579111, -0.0009837035607536152512 ) ) ;
#4269 = AXIS2_PLACEMENT_3D ( 'NONE', #2436, #2362, #4576 ) ;
#4270 = CARTESIAN_POINT ( 'NONE',  ( -0.002831590365319663124, 0.001093258614591580483, -0.005579853839461661712 ) ) ;
#4271 = CONICAL_SURFACE ( 'NONE', #3277, 0.002552700000000010169, 1.029744258676654090 ) ;
#4272 = CARTESIAN_POINT ( 'NONE',  ( -0.005794033441348544165, 0.007560434722445842290, 0.002647151052385365074 ) ) ;
#4273 = CARTESIAN_POINT ( 'NONE',  ( 0.002987956263062286743, 0.009465310648105386415, -0.0007415609992138343359 ) ) ;
#4274 = ORIENTED_EDGE ( 'NONE', *, *, #5254, .F. ) ;
#4275 = CARTESIAN_POINT ( 'NONE',  ( -0.003236002131905225867, 0.009205245098276072097, -0.0003478284822952928458 ) ) ;
#4276 = CARTESIAN_POINT ( 'NONE',  ( -0.1300547681383073806, 0.005538539042547412951, -0.009428108736592565736 ) ) ;
#4277 = EDGE_CURVE ( 'NONE', #2141, #6771, #6720, .T. ) ;
#4278 = AXIS2_PLACEMENT_3D ( 'NONE', #2548, #5781, #5848 ) ;
#4279 = CARTESIAN_POINT ( 'NONE',  ( -0.003046615533742745661, 0.01185654178562653253, -0.0004294154034090712788 ) ) ;
#4280 = CARTESIAN_POINT ( 'NONE',  ( 0.004468711695316169435, 0.007748824409835116875, -0.004369602728022760341 ) ) ;
#4281 = ORIENTED_EDGE ( 'NONE', *, *, #1166, .F. ) ;
#4282 = EDGE_LOOP ( 'NONE', ( #4968, #5124, #5423, #4636, #5839, #5998 ) ) ;
#4283 = CARTESIAN_POINT ( 'NONE',  ( -0.05781312056411342520, 0.01024361929214539710, 0.004487699350236999500 ) ) ;
#4284 = CARTESIAN_POINT ( 'NONE',  ( 0.002948554260950724502, 0.01097979143893471239, -0.001703871615079399771 ) ) ;
#4285 = CARTESIAN_POINT ( 'NONE',  ( -0.002279550751316865038, 0.01086401650544896284, 0.0007328463357005060184 ) ) ;
#4286 = B_SPLINE_CURVE_WITH_KNOTS ( 'NONE', 3,
 ( #4468, #4354, #560, #4318, #2320, #3385, #5356, #704, #2850, #3346, #2707, #5502, #2209, #4836, #1710, #1748, #6482, #668, #3906, #5462, #170, #3241, #3869, #4431, #4939, #4974, #3280, #1672, #634, #6595, #1783, #2783, #4904, #3794, #5391, #130, #3836, #3940, #6446, #90, #5916, #2817, #5953, #1156, #1086, #3312, #17, #2173, #1635, #2285, #5429, #6558, #1121, #598, #6025, #2741, #1232, #2248, #4869, #54, #4393, #6519, #2354, #848, #883, #1270, #4011, #1853, #5109, #3454, #4539, #2958, #2497 ),
 .UNSPECIFIED., .F., .F.,
 ( 4, 2, 2, 2, 2, 2, 2, 2, 2, 2, 2, 2, 1, 2, 2, 2, 1, 2, 2, 2, 2, 2, 2, 2, 2, 2, 2, 2, 2, 2, 2, 2, 2, 2, 2, 1, 2, 4 ),
 ( 0.1493911743164058337, 0.1715294823879345842, 0.1936677904594633071, 0.2158060985309920576, 0.2379444066025208082, 0.2490135606382855027, 0.2600827146740501972, 0.2711518687098148361, 0.2822210227455795861, 0.2932901767813442251, 0.2960574652902854265, 0.2988247537992266833, 0.3043593308171085310, 0.3098939078349903786, 0.3112775520894607850, 0.3126611963439311914, 0.3154284848528720042, 0.3181957733618127615, 0.3209630618707535188, 0.3264976388886353664, 0.3375667929243987286, 0.3431013699422805763, 0.3486359469601623684, 0.3597051009959257861, 0.3707742550316892594, 0.4150508711747429302, 0.4371891792462699877, 0.4427237562641515023, 0.4482583332820331279, 0.4537929102999146425, 0.4593274873177962681, 0.4703966413535598523, 0.4814657953893234366, 0.4842330838982646934, 0.4870003724072059503, 0.4925349494250881310, 0.4980695264429703117, 0.5036041034608523814 ),
 .UNSPECIFIED. ) ;
#4287 = DIRECTION ( 'NONE',  ( 1.000000000000000000, -0.000000000000000000, 1.235622036608013801E-16 ) ) ;
#4288 = ORIENTED_EDGE ( 'NONE', *, *, #4257, .T. ) ;
#4289 = PRODUCT_CONTEXT ( 'NONE', #6742, 'mechanical' ) ;
#4290 = CARTESIAN_POINT ( 'NONE',  ( -0.003714946293824595517, 0.009359057444650386443, 0.001274210092820289445 ) ) ;
#4291 = CARTESIAN_POINT ( 'NONE',  ( -0.006216266188284457275, 0.005756202833941678927, 0.0006994242409186848808 ) ) ;
#4292 = CARTESIAN_POINT ( 'NONE',  ( 0.000000000000000000, 0.005587999999999999218, 0.000000000000000000 ) ) ;
#4293 = DIRECTION ( 'NONE',  ( -0.000000000000000000, 1.000000000000000000, 0.000000000000000000 ) ) ;
#4294 = FACE_OUTER_BOUND ( 'NONE', #3445, .T. ) ;
#4295 = CARTESIAN_POINT ( 'NONE',  ( 0.01760140311889677942, 0.008151381810670958392, -0.003997515822972413403 ) ) ;
#4296 = EDGE_CURVE ( 'NONE', #3915, #4086, #5367, .T. ) ;
#4297 = ORIENTED_EDGE ( 'NONE', *, *, #6343, .T. ) ;
#4298 = CARTESIAN_POINT ( 'NONE',  ( -0.005519122122379841941, 0.007695702975311938428, 0.002947492932618090734 ) ) ;
#4299 = CARTESIAN_POINT ( 'NONE',  ( 0.002977167340868229223, 0.009477108897660535894, 0.0007529205026600121597 ) ) ;
#4300 = CARTESIAN_POINT ( 'NONE',  ( 0.03923548659797580773, 0.003713046435310995378, 0.007309626244071652269 ) ) ;
#4301 = CARTESIAN_POINT ( 'NONE',  ( 0.003840170800595781031, 0.009188715472854339095, 0.001029408643615455522 ) ) ;
#4302 = CARTESIAN_POINT ( 'NONE',  ( 0.1293015203095357613, 0.006878196121022034024, 0.005907236006171344422 ) ) ;
#4303 = CARTESIAN_POINT ( 'NONE',  ( -0.003169577531507330580, 0.009272722171040545178, 0.0004952446918536710773 ) ) ;
#4304 = CARTESIAN_POINT ( 'NONE',  ( -0.002311412589176848036, 0.01108975180811546529, -0.0004100174722079900371 ) ) ;
#4305 = DIRECTION ( 'NONE',  ( 9.484135310589723205E-16, 1.000000000000000000, -0.000000000000000000 ) ) ;
#4306 = CARTESIAN_POINT ( 'NONE',  ( -0.004052218234153748266, 0.001707537579050476045, -0.004767007694106567550 ) ) ;
#4307 = CARTESIAN_POINT ( 'NONE',  ( 0.004050873552436906957, 0.008916288796237995321, 2.549550198696828356E-14 ) ) ;
#4308 = CARTESIAN_POINT ( 'NONE',  ( 0.002945135682515049452, 0.01099649028184247410, -0.001698368022165756656 ) ) ;
#4309 = CARTESIAN_POINT ( 'NONE',  ( -0.003295184709018054384, 0.009146208502703749577, 7.531944377903815010E-05 ) ) ;
#4310 = CARTESIAN_POINT ( 'NONE',  ( -0.1299546882275485760, 0.005676391512616378414, -0.009119978016493487938 ) ) ;
#4311 = CARTESIAN_POINT ( 'NONE',  ( -0.002939531339409265018, 0.01139786665243296138, -0.001392976245133432196 ) ) ;
#4312 = CARTESIAN_POINT ( 'NONE',  ( 0.004068102172660841009, 0.001557685478484453290, 0.004859513628020034615 ) ) ;
#4313 = EDGE_LOOP ( 'NONE', ( #6219, #766, #893, #240 ) ) ;
#4314 = EDGE_CURVE ( 'NONE', #932, #1745, #1819, .T. ) ;
#4315 = AXIS2_PLACEMENT_3D ( 'NONE', #1221, #4531, #2312 ) ;
#4316 = CARTESIAN_POINT ( 'NONE',  ( -0.03889552437124789430, 0.009139377420723914652, 0.003534634225665237404 ) ) ;
#4317 = CARTESIAN_POINT ( 'NONE',  ( 0.003056059672711211681, 0.01188151480986386101, 0.0002573086633413968231 ) ) ;
#4318 = CARTESIAN_POINT ( 'NONE',  ( 0.002379211138859806465, 0.01034454558628858552, -0.001000135501318506542 ) ) ;
#4319 = CARTESIAN_POINT ( 'NONE',  ( -0.004668615532577437971, 0.001882890392535612216, -0.004164736008788264866 ) ) ;
#4320 = AXIS2_PLACEMENT_3D ( 'NONE', #2163, #5344, #659 ) ;
#4321 = ORIENTED_EDGE ( 'NONE', *, *, #3028, .F. ) ;
#4322 = CARTESIAN_POINT ( 'NONE',  ( -0.003921252684257168358, 0.009082010500807681519, 0.0008175564754672232006 ) ) ;
#4323 = CARTESIAN_POINT ( 'NONE',  ( -0.006076425673420488525, 0.006277757856243509384, 0.001487083827503542406 ) ) ;
#4324 = VECTOR ( 'NONE', #6670, 1.000000000000000000 ) ;
#4325 = CARTESIAN_POINT ( 'NONE',  ( 0.001785667394348154505, 0.01046305122213599635, -0.0009697504610784583087 ) ) ;
#4326 = CARTESIAN_POINT ( 'NONE',  ( 0.002329923591208379798, 0.01015672691987399255, -0.001015999999999998024 ) ) ;
#4327 = CARTESIAN_POINT ( 'NONE',  ( 0.004643745105038739329, 0.007741020651064483074, -0.004287909438224474408 ) ) ;
#4328 = LINE ( 'NONE', #5401, #4822 ) ;
#4329 = ORIENTED_EDGE ( 'NONE', *, *, #2972, .T. ) ;
#4330 = CARTESIAN_POINT ( 'NONE',  ( -0.002281524929187892479, 0.01089907681679414507, -0.0006972409981699931791 ) ) ;
#4331 = FACE_OUTER_BOUND ( 'NONE', #601, .T. ) ;
#4332 = CARTESIAN_POINT ( 'NONE',  ( 0.003078115731349158075, 0.009367996807980016188, -0.0006371779800283507373 ) ) ;
#4333 = CARTESIAN_POINT ( 'NONE',  ( 0.004107415362522407604, 0.006351090971974351906, -0.0009556366808563858612 ) ) ;
#4334 = ADVANCED_FACE ( 'NONE', ( #4050 ), #1670, .T. ) ;
#4335 = CARTESIAN_POINT ( 'NONE',  ( -0.03923548659797585630, 0.003713046435310995378, -0.007309626244071378183 ) ) ;
#4336 = CARTESIAN_POINT ( 'NONE',  ( 0.003786576161737313043, 0.009260756426154193727, 0.001143120066158731345 ) ) ;
#4337 = CARTESIAN_POINT ( 'NONE',  ( 0.005880080447360278365, 0.003433865223395502972, 0.002176373915113796482 ) ) ;
#4338 = CARTESIAN_POINT ( 'NONE',  ( 0.1298870221551726711, 0.005771803435880224972, 0.008892556819992229744 ) ) ;
#4339 = CARTESIAN_POINT ( 'NONE',  ( -0.003288852561936506970, 0.009152480095939902888, -0.0001321560971190971609 ) ) ;
#4340 = CARTESIAN_POINT ( 'NONE',  ( -0.002428790748164205617, 0.01023605538851321724, -0.001013684125211278568 ) ) ;
#4341 = CARTESIAN_POINT ( 'NONE',  ( 0.005318530521744180110, 0.007242588825343125765, -0.003331565316424918259 ) ) ;
#4342 = ORIENTED_EDGE ( 'NONE', *, *, #2752, .F. ) ;
#4343 = CARTESIAN_POINT ( 'NONE',  ( -0.001965326635986851169, 0.0008928685326609990796, -0.005941240993530987058 ) ) ;
#4344 = DIRECTION ( 'NONE',  ( -0.000000000000000000, -1.000000000000000000, -0.000000000000000000 ) ) ;
#4345 = CARTESIAN_POINT ( 'NONE',  ( 0.003016479281612399494, 0.01177123405474359702, -0.0007807528046967071719 ) ) ;
#4346 = CARTESIAN_POINT ( 'NONE',  ( -0.003277849037835900859, 0.009163400132342968546, -0.0002005828728192991881 ) ) ;
#4347 = DIRECTION ( 'NONE',  ( 0.000000000000000000, 0.000000000000000000, -1.000000000000000000 ) ) ;
#4348 = CARTESIAN_POINT ( 'NONE',  ( -0.003016357437237636181, 0.01176863628455102409, -0.0007623705508770615849 ) ) ;
#4349 = CARTESIAN_POINT ( 'NONE',  ( 0.000000000000000000, 9.999999999999939493E-05, -0.006250000000000000347 ) ) ;
#4350 = ORIENTED_EDGE ( 'NONE', *, *, #5990, .F. ) ;
#4351 = ADVANCED_FACE ( 'NONE', ( #1822 ), #3902, .F. ) ;
#4352 = CARTESIAN_POINT ( 'NONE',  ( -0.03471704953713187353, 0.009179348548803815261, 0.004296066273095207333 ) ) ;
#4353 = CARTESIAN_POINT ( 'NONE',  ( 0.003306940053391334289, 0.009993784509153688309, -0.001738291061236448736 ) ) ;
#4354 = CARTESIAN_POINT ( 'NONE',  ( 0.002442661346970019607, 0.01020774495202662023, -0.001015999999999999976 ) ) ;
#4355 = B_SPLINE_CURVE_WITH_KNOTS ( 'NONE', 3,
 ( #1043, #3750, #1077, #3228, #5346, #4345, #547, #5943, #4826, #7, #1147, #4308, #6437, #1627, #5064, #6653, #1841, #1326, #4000, #3968, #6118, #4459, #2384, #3477, #1775, #2909, #3930, #765, #3412, #2947 ),
 .UNSPECIFIED., .F., .F.,
 ( 4, 2, 2, 2, 2, 2, 2, 2, 2, 2, 2, 2, 2, 2, 4 ),
 ( 0.6082349046494399669, 0.6324825495791848162, 0.6567301945089295545, 0.7052254843684193641, 0.7537207742279090628, 0.7779684191576538010, 0.8022160640873984283, 0.8143398865522708530, 0.8264637090171431666, 0.8507113539468873498, 0.8749589988766315329, 0.8870828213415034025, 0.8992066438063752720, 0.9477019336658623061, 0.9961972235253493402 ),
 .UNSPECIFIED. ) ;
#4356 = CARTESIAN_POINT ( 'NONE',  ( -0.002939953383700448074, 0.009518642743962519095, 0.0007882621631873606202 ) ) ;
#4357 = ORIENTED_EDGE ( 'NONE', *, *, #2079, .F. ) ;
#4358 = CARTESIAN_POINT ( 'NONE',  ( -0.004030764986332990157, 0.008941650603558927435, 0.0003272299300869800968 ) ) ;
#4359 = CARTESIAN_POINT ( 'NONE',  ( -0.002706391072600258536, 0.001174403060102655137, -0.005641761707350474546 ) ) ;
#4360 = DIRECTION ( 'NONE',  ( 0.000000000000000000, 0.000000000000000000, 1.000000000000000000 ) ) ;
#4361 = CARTESIAN_POINT ( 'NONE',  ( 0.003978437549457085332, 0.009008204683540931013, -0.0006186106290775521092 ) ) ;
#4362 = CARTESIAN_POINT ( 'NONE',  ( 0.1299999999999998934, 0.005863220238160429462, 0.008834688275974682606 ) ) ;
#4363 = CARTESIAN_POINT ( 'NONE',  ( -0.0002540000000000001566, 0.0004689809571372345674, 0.001447224898745791974 ) ) ;
#4364 = B_SPLINE_CURVE_WITH_KNOTS ( 'NONE', 3,
 ( #4688, #4127, #3471, #1835, #5690, #2978, #5588, #6253, #4063, #263, #2481, #4655, #1387, #1420, #1977, #900, #3995, #1449, #3049, #5125, #331, #2409, #6148, #4095, #1353, #4620, #830, #5161, #1941, #370, #3508, #3604, #5626, #4479, #5404, #1721, #609, #2755, #5513, #1685, #3847, #5440, #29, #6070, #3952, #1243, #4330, #5964, #4441, #4366, #713, #751, #4986, #139, #5928, #3882, #65, #2330, #180, #6569, #1280 ),
 .UNSPECIFIED., .F., .F.,
 ( 4, 2, 2, 2, 2, 2, 2, 2, 2, 2, 2, 2, 2, 2, 2, 2, 2, 2, 2, 2, 2, 2, 1, 2, 2, 2, 2, 2, 2, 2, 4 ),
 ( 0.4972012469207513496, 0.5075032751389311203, 0.5126542892480211444, 0.5178053033571111685, 0.5281073315752915498, 0.5332583456843817959, 0.5384093597934720421, 0.5487113880116524234, 0.5590134162298328047, 0.5796174726661936782, 0.6002215291025546628, 0.6208255855389155364, 0.6311276137570960287, 0.6362786278661862749, 0.6414296419752765210, 0.6517316701934569023, 0.6620336984116372836, 0.6671847125207273077, 0.6697602195752724308, 0.6723357266298174428, 0.6826377548479979351, 0.6877887689570880703, 0.6929397830661783164, 0.6980907971752685626, 0.7032418112843588087, 0.7238458677207185721, 0.7444499241570783354, 0.7856580370297987503, 0.8062620934661591798, 0.8165641216843394501, 0.8268661499025196093 ),
 .UNSPECIFIED. ) ;
#4365 = ORIENTED_EDGE ( 'NONE', *, *, #5912, .T. ) ;
#4366 = CARTESIAN_POINT ( 'NONE',  ( -0.002278279579266409820, 0.01081717931336722421, -0.0007762061703112527189 ) ) ;
#4367 = CARTESIAN_POINT ( 'NONE',  ( -0.003421889539310983899, 0.009797367633435943857, -0.001645505034272620347 ) ) ;
#4368 = CARTESIAN_POINT ( 'NONE',  ( 0.002542950667004827657, 0.01003380642222333370, 0.001008622607919398449 ) ) ;
#4369 = CARTESIAN_POINT ( 'NONE',  ( 0.1299999999999998102, 0.008306382705677337053, 0.003074156660428389257 ) ) ;
#4370 = CARTESIAN_POINT ( 'NONE',  ( 0.01347791301502672748, 0.008160073546283579463, -0.004326138241317510451 ) ) ;
#4371 = CARTESIAN_POINT ( 'NONE',  ( 0.004987470970016229591, 0.007468959342659063291, -0.003815240277439747082 ) ) ;
#4372 = CARTESIAN_POINT ( 'NONE',  ( 0.1297716216318661742, 0.006152918073054220068, 0.008482836819403299228 ) ) ;
#4373 = CARTESIAN_POINT ( 'NONE',  ( -0.002676360484146426966, 0.009840258634274071797, 0.0009645017940127353223 ) ) ;
#4374 = AXIS2_PLACEMENT_3D ( 'NONE', #3625, #5678, #2031 ) ;
#4375 = CARTESIAN_POINT ( 'NONE',  ( -0.002335720246469710857, 0.01117621491252695533, 2.751476311476611526E-05 ) ) ;
#4376 = CARTESIAN_POINT ( 'NONE',  ( 0.000000000000000000, 0.005588000000000000085, 0.000000000000000000 ) ) ;
#4377 = DIRECTION ( 'NONE',  ( 1.000000000000000000, -0.000000000000000000, -0.000000000000000000 ) ) ;
#4378 = CARTESIAN_POINT ( 'NONE',  ( -0.005693451762049755310, 0.007654775378403288685, 0.002857956342774737018 ) ) ;
#4379 = AXIS2_PLACEMENT_3D ( 'NONE', #42, #6469, #2626 ) ;
#4380 = CARTESIAN_POINT ( 'NONE',  ( -0.004561123406942923196, 0.008014486923732163162, 0.004273265711587394960 ) ) ;
#4381 = CARTESIAN_POINT ( 'NONE',  ( 0.001876066586107563326, 0.0008811849340588058044, 0.005970044175151758420 ) ) ;
#4382 = CARTESIAN_POINT ( 'NONE',  ( -0.003010649535161263619, 0.01068614516421625797, -0.001800852310811748656 ) ) ;
#4383 = CARTESIAN_POINT ( 'NONE',  ( 0.003197300072312584882, 0.009244391008561520656, -0.0004405394753386382336 ) ) ;
#4384 = ORIENTED_EDGE ( 'NONE', *, *, #4678, .F. ) ;
#4385 = ADVANCED_FACE ( 'NONE', ( #3688 ), #6800, .T. ) ;
#4386 = VECTOR ( 'NONE', #5424, 1.000000000000000000 ) ;
#4387 = EDGE_CURVE ( 'NONE', #700, #5527, #6155, .T. ) ;
#4388 = AXIS2_PLACEMENT_3D ( 'NONE', #5578, #4083, #4053 ) ;
#4389 = CIRCLE ( 'NONE', #1683, 0.002737011426054730689 ) ;
#4390 = B_SPLINE_CURVE_WITH_KNOTS ( 'NONE', 3,
 ( #5019, #6638, #819, #890, #3037, #1409, #3564, #4610, #3426, #2471 ),
 .UNSPECIFIED., .F., .F.,
 ( 4, 3, 3, 4 ),
 ( 0.01291021206184760767, 0.01361370798805195542, 0.01652461958139217132, 0.01849840678158934382 ),
 .UNSPECIFIED. ) ;
#4391 = CARTESIAN_POINT ( 'NONE',  ( -0.05503222453059123526, 0.01016951547956866306, 0.004538068924915450789 ) ) ;
#4392 = CARTESIAN_POINT ( 'NONE',  ( 0.003131931476120231039, 0.009311597866442004531, -0.0005592252776213725053 ) ) ;
#4393 = CARTESIAN_POINT ( 'NONE',  ( 0.002304025047075520909, 0.01105769133114639126, 0.0004766442627588064924 ) ) ;
#4394 = CARTESIAN_POINT ( 'NONE',  ( -0.003225248977493045278, 0.009216021608166209689, -0.0003785000607453420634 ) ) ;
#4395 = CARTESIAN_POINT ( 'NONE',  ( -0.006186469435840967479, 0.004658724342312157291, -0.001362973362492498437 ) ) ;
#4396 = CONTEXT_DEPENDENT_SHAPE_REPRESENTATION ( #2455, #1752 ) ;
#4397 = CARTESIAN_POINT ( 'NONE',  ( -0.004019813836287429616, 0.008955497057262288424, -0.0004099051101662089594 ) ) ;
#4398 = CARTESIAN_POINT ( 'NONE',  ( -0.001295301446637701220, 0.0009318506679657688691, -0.006279013763294725992 ) ) ;
#4399 = DIRECTION ( 'NONE',  ( -0.000000000000000000, -1.000000000000000000, -0.000000000000000000 ) ) ;
#4400 = CARTESIAN_POINT ( 'NONE',  ( 0.005957798755212310483, 0.003500924411103205174, 0.002286028542852946033 ) ) ;
#4401 = CARTESIAN_POINT ( 'NONE',  ( -0.002929287471661097802, 0.009530709047314549903, -0.0007977305843944732097 ) ) ;
#4402 = DIRECTION ( 'NONE',  ( 9.484135310589723205E-16, 1.000000000000000000, -0.000000000000000000 ) ) ;
#4403 = ORIENTED_EDGE ( 'NONE', *, *, #5474, .T. ) ;
#4404 =( LENGTH_UNIT ( ) NAMED_UNIT ( * ) SI_UNIT ( $, .METRE. ) );
#4405 = CARTESIAN_POINT ( 'NONE',  ( -0.003309918748771290865, 0.009988811468067524194, -0.001735747880386962275 ) ) ;
#4406 = CARTESIAN_POINT ( 'NONE',  ( 0.002868579653920234809, 0.009600422215702909476, 0.0008481570498475528340 ) ) ;
#4407 = DIRECTION ( 'NONE',  ( 9.484135310589723205E-16, 1.000000000000000000, -0.000000000000000000 ) ) ;
#4408 = EDGE_CURVE ( 'NONE', #3588, #3514, #3103, .T. ) ;
#4409 = CARTESIAN_POINT ( 'NONE',  ( -0.004042316477297652581, 0.001735814177769827958, -0.004670813650600475625 ) ) ;
#4410 = CARTESIAN_POINT ( 'NONE',  ( 0.004631615120808905799, 0.008031864869413738589, -0.004196503469877549929 ) ) ;
#4411 = CARTESIAN_POINT ( 'NONE',  ( 0.1301032429598070472, 0.005787563987055598623, 0.009194047070706054189 ) ) ;
#4412 = CARTESIAN_POINT ( 'NONE',  ( -0.002455741101695713049, 0.01018355810415810803, 0.001016239183790094850 ) ) ;
#4413 = CARTESIAN_POINT ( 'NONE',  ( -0.002286939474989329538, 0.01095580690983198602, -0.0006318584878698894599 ) ) ;
#4414 = CARTESIAN_POINT ( 'NONE',  ( 0.004223479153384983135, 0.001565377896975277431, 0.004615688567573985809 ) ) ;
#4415 = CARTESIAN_POINT ( 'NONE',  ( 0.000000000000000000, 0.000000000000000000, 0.002449999999999999921 ) ) ;
#4416 = CARTESIAN_POINT ( 'NONE',  ( -0.003806189264308616413, 0.009233918930647493778, -0.001106483314956907462 ) ) ;
#4417 = CARTESIAN_POINT ( 'NONE',  ( 0.003022557651106498513, 0.01064548704627098566, 0.001808079577054050573 ) ) ;
#4418 = CARTESIAN_POINT ( 'NONE',  ( -0.002423389084788824584, 0.009530282977552527804, -0.0008079907265821512910 ) ) ;
#4419 = PLANE ( 'NONE',  #734 ) ;
#4420 = EDGE_LOOP ( 'NONE', ( #5911, #2258, #3413 ) ) ;
#4421 = CARTESIAN_POINT ( 'NONE',  ( -0.003252155068910089070, 0.009189035967590580486, -0.0002996204672524902337 ) ) ;
#4422 = CARTESIAN_POINT ( 'NONE',  ( -0.002974967323375316344, 0.01082941783259516212, -0.001763747030635426675 ) ) ;
#4423 = CARTESIAN_POINT ( 'NONE',  ( 0.002844897502287210399, 0.009628245417180865059, 0.0008659588283211306584 ) ) ;
#4424 = ORIENTED_EDGE ( 'NONE', *, *, #5438, .T. ) ;
#4425 = CARTESIAN_POINT ( 'NONE',  ( -0.1123313774808387122, 5.425414110102468957E-05, -0.02241647820108528047 ) ) ;
#4426 = CARTESIAN_POINT ( 'NONE',  ( 0.002296605074138616427, 0.01101980384816982420, 0.0005415700679674342053 ) ) ;
#4427 = EDGE_CURVE ( 'NONE', #227, #3687, #6493, .T. ) ;
#4428 = ORIENTED_EDGE ( 'NONE', *, *, #892, .F. ) ;
#4429 = CARTESIAN_POINT ( 'NONE',  ( -0.1103714189840599852, 0.009200792712854573285, -0.0009627472230512254016 ) ) ;
#4430 = CARTESIAN_POINT ( 'NONE',  ( 0.003202294619808969834, 0.009239316910672683986, -0.0004299770692428940859 ) ) ;
#4431 = CARTESIAN_POINT ( 'NONE',  ( 0.002293004354090038503, 0.01099849041581614159, -0.0005738454077457610025 ) ) ;
#4432 = CARTESIAN_POINT ( 'NONE',  ( -0.002575512136888278777, 0.009983678345246929306, 0.001000799732109867004 ) ) ;
#4433 = AXIS2_PLACEMENT_3D ( 'NONE', #2788, #2254, #3317 ) ;
#4434 = CARTESIAN_POINT ( 'NONE',  ( -0.004045596440757511479, 0.008922933706666464140, -0.0001705421974516355620 ) ) ;
#4435 = CARTESIAN_POINT ( 'NONE',  ( 0.000000000000000000, 0.02413508000000001361, -0.002412999999999997612 ) ) ;
#4436 = DIRECTION ( 'NONE',  ( 1.000000000000000000, -0.000000000000000000, 1.235622036608013801E-16 ) ) ;
#4437 = CARTESIAN_POINT ( 'NONE',  ( 0.004051390392908507145, 0.008915640392593687444, 2.943151801935632941E-05 ) ) ;
#4438 = CARTESIAN_POINT ( 'NONE',  ( -0.002870830655449099073, 0.009597739277934348376, -0.0008465606371280019402 ) ) ;
#4439 = PLANE ( 'NONE',  #6945 ) ;
#4440 = VERTEX_POINT ( 'NONE', #5215 ) ;
#4441 = CARTESIAN_POINT ( 'NONE',  ( -0.002278703490701073937, 0.01085033460193650379, -0.0007470012514959816592 ) ) ;
#4442 = CARTESIAN_POINT ( 'NONE',  ( -0.003472512988068766210, 0.009716298603287945590, -0.001595876565800931910 ) ) ;
#4443 = CARTESIAN_POINT ( 'NONE',  ( 0.002306946123977590603, 0.01107099332087920635, 0.0004511476912835551880 ) ) ;
#4444 = DIRECTION ( 'NONE',  ( 0.000000000000000000, 0.000000000000000000, 1.000000000000000000 ) ) ;
#4445 = DIRECTION ( 'NONE',  ( 0.000000000000000000, 0.000000000000000000, 1.000000000000000000 ) ) ;
#4446 = DIRECTION ( 'NONE',  ( -6.982962677686266711E-15, 0.000000000000000000, 1.000000000000000000 ) ) ;
#4447 = CARTESIAN_POINT ( 'NONE',  ( 0.1302285877805934577, 0.005686698528622908914, 0.008720604632852048399 ) ) ;
#4448 = CLOSED_SHELL ( 'NONE', ( #6303, #600, #3617, #472, #510, #4769, #6567, #5776, #3473, #6603, #4477, #6686, #4887, #1267, #1971, #5860, #372, #5855, #4351, #3237, #3663, #2665, #27, #5622 ) ) ;
#4449 = CYLINDRICAL_SURFACE ( 'NONE', #1126, 0.005003799999999945444 ) ;
#4450 = CARTESIAN_POINT ( 'NONE',  ( -0.002312752116796750607, 0.01109522496189562987, 0.0003973787090787171184 ) ) ;
#4451 = LINE ( 'NONE', #3115, #6270 ) ;
#4452 = ORIENTED_EDGE ( 'NONE', *, *, #5497, .F. ) ;
#4453 = CARTESIAN_POINT ( 'NONE',  ( -0.004596803734654194250, 0.008028076885738252150, 0.004234924251284691125 ) ) ;
#4454 = CARTESIAN_POINT ( 'NONE',  ( -0.003061339652629327043, 0.01189507120221239625, -1.799449169056443702E-15 ) ) ;
#4455 = CARTESIAN_POINT ( 'NONE',  ( 0.003045748778400851620, 0.01057277449455143632, 0.001817493018381680396 ) ) ;
#4456 = DIRECTION ( 'NONE',  ( -0.000000000000000000, 0.000000000000000000, -1.000000000000000000 ) ) ;
#4457 = B_SPLINE_CURVE_WITH_KNOTS ( 'NONE', 3,
 ( #5870, #3226, #43, #2122, #6399, #4823 ),
 .UNSPECIFIED., .F., .F.,
 ( 4, 2, 4 ),
 ( 0.000000000000000000, 0.001165411334338426180, 0.002330822668676852359 ),
 .UNSPECIFIED. ) ;
#4458 = CARTESIAN_POINT ( 'NONE',  ( 0.002914789098849987752, 0.009547137988024385208, -0.0008104971437686352099 ) ) ;
#4459 = CARTESIAN_POINT ( 'NONE',  ( 0.003224297748252635300, 0.01014994995682690082, -0.001786791159980029688 ) ) ;
#4460 = ORIENTED_EDGE ( 'NONE', *, *, #3453, .T. ) ;
#4461 = CARTESIAN_POINT ( 'NONE',  ( 0.006103048436449875179, 0.006830248113877153068, -0.001374612878643819694 ) ) ;
#4462 = CARTESIAN_POINT ( 'NONE',  ( -0.002971089129847751583, 0.01160025904699247754, 0.001123942887937817627 ) ) ;
#4463 = CARTESIAN_POINT ( 'NONE',  ( 0.003272236558063522892, 0.009168952739982094008, -0.0002296060120908613629 ) ) ;
#4464 = VERTEX_POINT ( 'NONE', #4673 ) ;
#4465 = PLANE ( 'NONE',  #3833 ) ;
#4466 = PRODUCT ( 'BLDCMotorPropThread', 'BLDCMotorPropThread', '', ( #4804 ) ) ;
#4467 = CARTESIAN_POINT ( 'NONE',  ( -0.09858040257326633471, 0.01002040288020945337, 0.001736152408297187864 ) ) ;
#4468 = CARTESIAN_POINT ( 'NONE',  ( 0.002468811352581104946, 0.01015999993208476469, -0.001016000136871583921 ) ) ;
#4469 = CARTESIAN_POINT ( 'NONE',  ( -0.003164683896697085674, 0.009277681959032241937, -0.0005055648815351314719 ) ) ;
#4470 = EDGE_CURVE ( 'NONE', #273, #2985, #887, .T. ) ;
#4471 = CARTESIAN_POINT ( 'NONE',  ( -0.003943439169871576847, 0.009053248091504042042, -0.0007468343721394097136 ) ) ;
#4472 = CARTESIAN_POINT ( 'NONE',  ( -0.004082399880964263789, 0.001515707343338324603, -0.004945487857179977319 ) ) ;
#4473 = CARTESIAN_POINT ( 'NONE',  ( 0.004532770357480533224, 0.007879700853608869252, -0.004348545423956086918 ) ) ;
#4474 = CARTESIAN_POINT ( 'NONE',  ( 0.004008026001311729841, 0.008970471746155353476, 0.0004765575360903924126 ) ) ;
#4475 = CARTESIAN_POINT ( 'NONE',  ( -0.002971799453534318403, 0.009483111419674932624, -0.0007580029600270610192 ) ) ;
#4476 = FACE_OUTER_BOUND ( 'NONE', #6604, .T. ) ;
#4477 = ADVANCED_FACE ( 'NONE', ( #1994 ), #1734, .T. ) ;
#4478 = ORIENTED_EDGE ( 'NONE', *, *, #3082, .F. ) ;
#4479 = CARTESIAN_POINT ( 'NONE',  ( -0.002299809042694915193, 0.01103667738431634258, -0.0005136665478359145158 ) ) ;
#4480 = DIRECTION ( 'NONE',  ( -1.000000000000000000, 9.509597446299629225E-16, 0.000000000000000000 ) ) ;
#4481 = CARTESIAN_POINT ( 'NONE',  ( 0.002338940261752429483, 0.01045483952032489998, 0.0009728761998736305729 ) ) ;
#4482 = CARTESIAN_POINT ( 'NONE',  ( 0.002341819305917652513, 0.01015018309780834661, 0.001015952571939930400 ) ) ;
#4483 = CARTESIAN_POINT ( 'NONE',  ( 0.01319672322697579628, 0.007876544469595554362, -0.003465893266808748544 ) ) ;
#4484 = DIRECTION ( 'NONE',  ( -0.000000000000000000, -1.000000000000000000, -0.000000000000000000 ) ) ;
#4485 = CARTESIAN_POINT ( 'NONE',  ( 0.1302216401915850252, 0.005682730685485447471, 0.008739654804386010403 ) ) ;
#4486 = CARTESIAN_POINT ( 'NONE',  ( 0.002517088618585268302, 0.0009997525009271858182, 0.005905364163237078121 ) ) ;
#4487 = ORIENTED_EDGE ( 'NONE', *, *, #1460, .T. ) ;
#4488 = CARTESIAN_POINT ( 'NONE',  ( -0.004513834932629541725, 0.007841908605045333144, 0.004358545206616415077 ) ) ;
#4489 = CARTESIAN_POINT ( 'NONE',  ( -0.003130645894089448787, 0.01034847334314930624, -0.001821393458405109371 ) ) ;
#4490 = CARTESIAN_POINT ( 'NONE',  ( 0.002955564268332880589, 0.01093271748953920063, 0.001725072122518320813 ) ) ;
#4491 = FACE_OUTER_BOUND ( 'NONE', #6934, .T. ) ;
#4492 = CARTESIAN_POINT ( 'NONE',  ( 0.05303068498432528949, -0.0005186699241482085106, 0.02047947723571216447 ) ) ;
#4493 = ORIENTED_EDGE ( 'NONE', *, *, #1818, .T. ) ;
#4494 = CARTESIAN_POINT ( 'NONE',  ( 0.004766757252919632225, 0.002329117488616522149, 0.004050794132694503745 ) ) ;
#4495 = CARTESIAN_POINT ( 'NONE',  ( 0.06596042398092225034, 0.01026392963062881976, -0.003622269679980175908 ) ) ;
#4496 = CARTESIAN_POINT ( 'NONE',  ( -0.003022085625774449495, 0.01178635892478539261, 0.0007096388746892191238 ) ) ;
#4497 = CARTESIAN_POINT ( 'NONE',  ( 0.002581561767604571931, 0.009974516500166143856, 0.0009992124895170353873 ) ) ;
#4498 = ORIENTED_EDGE ( 'NONE', *, *, #6561, .F. ) ;
#4499 = CARTESIAN_POINT ( 'NONE',  ( -0.03972349952376748317, -0.001159164714647768334, -0.01494512854273208520 ) ) ;
#4500 = AXIS2_PLACEMENT_3D ( 'NONE', #2325, #3494, #5644 ) ;
#4501 = CARTESIAN_POINT ( 'NONE',  ( -0.1117050949616506389, 0.009300172546760868131, -0.001256033347531646405 ) ) ;
#4502 = VECTOR ( 'NONE', #4287, 1.000000000000000000 ) ;
#4503 = DIRECTION ( 'NONE',  ( -0.7318093080824114027, 0.000000000000000000, 0.6815094545227837752 ) ) ;
#4504 = CARTESIAN_POINT ( 'NONE',  ( -0.003241217049884711175, 0.009199983709326625334, -0.0003359852530900902970 ) ) ;
#4505 = CARTESIAN_POINT ( 'NONE',  ( -0.002306259360189522045, 0.01106764313931491404, -0.0004568792965425572616 ) ) ;
#4506 = VECTOR ( 'NONE', #285, 1.000000000000000000 ) ;
#4507 = CARTESIAN_POINT ( 'NONE',  ( -0.006253204365156112866, 0.005392202688914924692, 0.0001808438952537346736 ) ) ;
#4508 = VECTOR ( 'NONE', #2138, 1.000000000000000000 ) ;
#4509 = DIRECTION ( 'NONE',  ( -1.000000000000000000, 9.484135310589723205E-16, 0.000000000000000000 ) ) ;
#4510 = CARTESIAN_POINT ( 'NONE',  ( 0.006239357457073734826, 0.006092512661138079627, -0.001196689787743755989 ) ) ;
#4511 = CARTESIAN_POINT ( 'NONE',  ( -0.1288132878355970068, 0.006460599825596166981, -0.007424071211227718445 ) ) ;
#4512 = CARTESIAN_POINT ( 'NONE',  ( 0.000000000000000000, 0.006985000000000001624, 0.000000000000000000 ) ) ;
#4513 = VECTOR ( 'NONE', #4847, 1.000000000000000000 ) ;
#4514 = VERTEX_POINT ( 'NONE', #5801 ) ;
#4515 =( NAMED_UNIT ( * ) SI_UNIT ( $, .STERADIAN. ) SOLID_ANGLE_UNIT ( ) );
#4516 = CARTESIAN_POINT ( 'NONE',  ( -0.002935457931298512090, 0.01110778941617771021, -0.001633903717015559691 ) ) ;
#4517 = CARTESIAN_POINT ( 'NONE',  ( 0.002434609251847470301, 0.01022496753981057445, 0.001014052728670547824 ) ) ;
#4518 = CARTESIAN_POINT ( 'NONE',  ( -0.0002540000000000001024, 0.005080000000000001181, -0.002884438135928730530 ) ) ;
#4519 = CARTESIAN_POINT ( 'NONE',  ( 0.04293486756230563417, 0.009631329177300099187, -0.003684881721696698156 ) ) ;
#4520 = EDGE_CURVE ( 'NONE', #253, #5555, #3146, .T. ) ;
#4521 = CARTESIAN_POINT ( 'NONE',  ( 0.000000000000000000, 0.005587999999999999218, 0.000000000000000000 ) ) ;
#4522 = CARTESIAN_POINT ( 'NONE',  ( 0.004040488319631259893, 0.001530203345231007789, 0.004876790274515679924 ) ) ;
#4523 = CARTESIAN_POINT ( 'NONE',  ( 0.006327224927175866681, 0.004639057316858468533, 0.0008342968822136077184 ) ) ;
#4524 = VERTEX_POINT ( 'NONE', #3718 ) ;
#4525 = CARTESIAN_POINT ( 'NONE',  ( -0.004631278765588734726, 0.007923707600832906317, 0.004295163096132537973 ) ) ;
#4526 = CARTESIAN_POINT ( 'NONE',  ( -0.002938753934190723154, 0.01105104436477870669, -0.001670140483524476180 ) ) ;
#4527 = CARTESIAN_POINT ( 'NONE',  ( 0.002959526298997615813, 0.01090904794061763397, 0.001734863350460766644 ) ) ;
#4528 = B_SPLINE_CURVE_WITH_KNOTS ( 'NONE', 3,
 ( #4821, #5304, #4759, #6885, #6434, #3648, #2087, #5769, #6330, #2052, #5831, #6917, #1525, #1040, #2691, #5342, #3189, #3747, #5869, #3225, #544, #229, #6506, #724, #5557, #3858 ),
 .UNSPECIFIED., .F., .F.,
 ( 4, 2, 2, 2, 2, 2, 2, 2, 2, 2, 2, 2, 4 ),
 ( 8.120840736498425762E-17, 0.0007564007188281654569, 0.001512801437656249815, 0.002269202156484333415, 0.003025602875312418099, 0.003782003594140502349, 0.004538404312968586166, 0.006051205750624753799, 0.007564007188280921432, 0.009076808625937087330, 0.01058961006359325496, 0.01134601078242133791, 0.01210241150124942086 ),
 .UNSPECIFIED. ) ;
#4529 = CARTESIAN_POINT ( 'NONE',  ( -0.002335870553884297676, 0.01015345462724923792, -0.001015984183931893095 ) ) ;
#4530 = CARTESIAN_POINT ( 'NONE',  ( 0.002835327708627634336, 0.009639681966114130307, -0.0008726675565605855264 ) ) ;
#4531 = DIRECTION ( 'NONE',  ( -0.000000000000000000, -1.000000000000000000, -0.000000000000000000 ) ) ;
#4532 = ORIENTED_EDGE ( 'NONE', *, *, #5184, .T. ) ;
#4533 = CARTESIAN_POINT ( 'NONE',  ( 0.005110283626529357227, 0.002653300158249988997, 0.003608228422929290764 ) ) ;
#4534 = CARTESIAN_POINT ( 'NONE',  ( -0.003414844324678404600, 0.009808832404104570954, 0.001651980905200398520 ) ) ;
#4535 = CARTESIAN_POINT ( 'NONE',  ( 0.002538325849890324046, 0.01004139800412358514, 0.001009299348401611991 ) ) ;
#4536 = ORIENTED_EDGE ( 'NONE', *, *, #2211, .F. ) ;
#4537 = CARTESIAN_POINT ( 'NONE',  ( -0.1129577742712002952, 0.0004505384362519178928, -0.02173038406297913769 ) ) ;
#4538 = CARTESIAN_POINT ( 'NONE',  ( -0.1103799020569107975, 0.009397616450939699773, -0.0009913436372137509472 ) ) ;
#4539 = CARTESIAN_POINT ( 'NONE',  ( 0.002284331068004928200, 0.01093207036415463212, 0.0006605239212646457246 ) ) ;
#4540 = CARTESIAN_POINT ( 'NONE',  ( 0.04726569508601517061, 0.009894411678342271768, -0.003828357027314726550 ) ) ;
#4541 = CARTESIAN_POINT ( 'NONE',  ( -0.002479889893148696373, 0.01013938886829005362, -0.001016298435693098251 ) ) ;
#4542 = CARTESIAN_POINT ( 'NONE',  ( -0.04593524839810294441, 0.009819880181704444475, 0.003792251613638805523 ) ) ;
#4543 = CARTESIAN_POINT ( 'NONE',  ( 0.004484706048571060998, 0.007789288600857914753, -0.004353308937681907992 ) ) ;
#4544 = CARTESIAN_POINT ( 'NONE',  ( 0.002957493189939648919, 0.01152976245737105145, 0.001230257990328721815 ) ) ;
#4545 = CARTESIAN_POINT ( 'NONE',  ( -0.1298865482567295448, 0.005774473721695529312, -0.008884714991461583125 ) ) ;
#4546 = CARTESIAN_POINT ( 'NONE',  ( -0.004641865577601168510, 0.007925632192754127059, 0.004289268215034554993 ) ) ;
#4547 = ORIENTED_EDGE ( 'NONE', *, *, #126, .T. ) ;
#4548 = CARTESIAN_POINT ( 'NONE',  ( -0.003054050645425514243, 0.01187628270884028177, -0.0003019802239645909378 ) ) ;
#4549 = CARTESIAN_POINT ( 'NONE',  ( 0.002338587673651448904, 0.01045593910920202332, -0.0009725268809766018149 ) ) ;
#4550 = CARTESIAN_POINT ( 'NONE',  ( 0.0002539999999999995603, 0.003386741698954053026, 0.003241398377801033882 ) ) ;
#4551 = CARTESIAN_POINT ( 'NONE',  ( 0.000000000000000000, 0.000000000000000000, 0.000000000000000000 ) ) ;
#4552 = CARTESIAN_POINT ( 'NONE',  ( 0.05048352720305109009, -0.001179830924015973313, 0.02044827930356322640 ) ) ;
#4553 = EDGE_LOOP ( 'NONE', ( #4660, #1531 ) ) ;
#4554 = AXIS2_PLACEMENT_3D ( 'NONE', #3512, #5062, #266 ) ;
#4555 = CARTESIAN_POINT ( 'NONE',  ( 0.002884438135928730530, 0.005080000000000001181, 0.0002539999999999999398 ) ) ;
#4556 = CARTESIAN_POINT ( 'NONE',  ( -0.003546386081645204382, 0.001345703579371894170, -0.005154698817306542849 ) ) ;
#4557 = CARTESIAN_POINT ( 'NONE',  ( 0.003045360956600138939, 0.01185313946270557216, 0.0004475730487886685725 ) ) ;
#4558 = CARTESIAN_POINT ( 'NONE',  ( 0.02279801190476180364, 0.001650999999999957406, 0.000000000000000000 ) ) ;
#4559 = CARTESIAN_POINT ( 'NONE',  ( 0.004207103968099364794, 0.001718856176434893981, 0.004676920944818075548 ) ) ;
#4560 = ORIENTED_EDGE ( 'NONE', *, *, #5701, .F. ) ;
#4561 = CARTESIAN_POINT ( 'NONE',  ( 0.001881156445281797042, 0.0008388415507719657960, 0.005968539326464007005 ) ) ;
#4562 = CARTESIAN_POINT ( 'NONE',  ( 0.003096715892006210967, 0.009348375891890954234, -0.0006120090349219077606 ) ) ;
#4563 = CARTESIAN_POINT ( 'NONE',  ( 0.07979384874172928965, 0.01042537018395081790, -0.003496803831989807494 ) ) ;
#4564 = CARTESIAN_POINT ( 'NONE',  ( -0.002971076257895687023, 0.01084800199594063153, 0.001757552477839384279 ) ) ;
#4565 = ORIENTED_EDGE ( 'NONE', *, *, #2347, .T. ) ;
#4566 = CARTESIAN_POINT ( 'NONE',  ( 0.1291609269861155873, 0.006299738390094717852, 0.007758888153368218542 ) ) ;
#4567 = CARTESIAN_POINT ( 'NONE',  ( 0.002279312095702081160, 0.01078873997236683493, 0.0007982785207955451741 ) ) ;
#4568 = CARTESIAN_POINT ( 'NONE',  ( -0.1270109514403237605, 0.007241660704978161375, -0.006208260177810916332 ) ) ;
#4569 = CYLINDRICAL_SURFACE ( 'NONE', #1801, 0.001015999999999999976 ) ;
#4570 = LINE ( 'NONE', #6698, #343 ) ;
#4571 = CARTESIAN_POINT ( 'NONE',  ( -0.002306065025374130686, 0.01057674512781317869, -0.0009267570113190478623 ) ) ;
#4572 = CARTESIAN_POINT ( 'NONE',  ( -0.002284200561560931556, 0.01093113165385884225, 0.0006617531444411970179 ) ) ;
#4573 = CARTESIAN_POINT ( 'NONE',  ( 0.004505964335760303564, 0.007689527314119397848, -0.004331286736033422742 ) ) ;
#4574 = CARTESIAN_POINT ( 'NONE',  ( 0.003949024105604634176, 0.009046033358568619440, 0.0007277718656521468561 ) ) ;
#4575 = CARTESIAN_POINT ( 'NONE',  ( -0.09005638292591944261, 0.01011330470636746109, 0.001922779640322406537 ) ) ;
#4576 = DIRECTION ( 'NONE',  ( 0.000000000000000000, 0.000000000000000000, 1.000000000000000000 ) ) ;
#4577 = CARTESIAN_POINT ( 'NONE',  ( 0.0002540000000000000482, 0.000000000000000000, -0.001451138256679906750 ) ) ;
#4578 = ORIENTED_EDGE ( 'NONE', *, *, #649, .F. ) ;
#4579 =( LENGTH_UNIT ( ) NAMED_UNIT ( * ) SI_UNIT ( $, .METRE. ) );
#4580 = CARTESIAN_POINT ( 'NONE',  ( -0.003064693821842326242, 0.01051717330069334988, -0.001822430946636155631 ) ) ;
#4581 = CARTESIAN_POINT ( 'NONE',  ( 0.002374432084980521857, 0.01035795124331452370, -0.0009966716725317405559 ) ) ;
#4582 = DIRECTION ( 'NONE',  ( -3.552713678800500929E-15, 0.000000000000000000, 1.000000000000000000 ) ) ;
#4583 = EDGE_CURVE ( 'NONE', #6647, #227, #1012, .T. ) ;
#4584 = CARTESIAN_POINT ( 'NONE',  ( 0.004038660161964899298, 0.001324592512692187619, 0.005082766898430855600 ) ) ;
#4585 = PRODUCT_DEFINITION_CONTEXT ( 'detailed design', #3536, 'design' ) ;
#4586 = ORIENTED_EDGE ( 'NONE', *, *, #4085, .T. ) ;
#4587 = DIRECTION ( 'NONE',  ( -0.6697111861146238798, -0.07172577225776871623, -0.7391497417891522703 ) ) ;
#4588 = CARTESIAN_POINT ( 'NONE',  ( 0.0002539999999999998856, 0.000000000000000000, -0.003954250593981113726 ) ) ;
#4589 = CARTESIAN_POINT ( 'NONE',  ( 0.002949261748314423778, 0.01147824960847120337, -0.001299052372765649487 ) ) ;
#4590 = CARTESIAN_POINT ( 'NONE',  ( 0.003815821460535341256, 0.009220948072527764688, -0.001086675662410242164 ) ) ;
#4591 = CARTESIAN_POINT ( 'NONE',  ( 0.003860302969660634256, 0.009161979179699701950, -0.0009820793623404669437 ) ) ;
#4592 = FACE_OUTER_BOUND ( 'NONE', #4313, .T. ) ;
#4593 = CARTESIAN_POINT ( 'NONE',  ( 0.006241588098556569326, 0.006295685424444019511, -0.0006091947302869815716 ) ) ;
#4594 = CARTESIAN_POINT ( 'NONE',  ( 0.003037132619091726347, 0.01059893632697661396, -0.001814613167507295654 ) ) ;
#4595 = CARTESIAN_POINT ( 'NONE',  ( -0.002931764225958816226, 0.01119012821389204354, 0.001578365416925789442 ) ) ;
#4596 = VERTEX_POINT ( 'NONE', #3230 ) ;
#4597 = CARTESIAN_POINT ( 'NONE',  ( 0.000000000000000000, 0.005687855486936412540, -0.001040745975770953659 ) ) ;
#4598 = CARTESIAN_POINT ( 'NONE',  ( 0.002325635624244155007, 0.01114310973439833728, 0.0002570121951512625391 ) ) ;
#4599 = CARTESIAN_POINT ( 'NONE',  ( -0.1291371463993433999, 0.006520559956556317219, -0.007740835890234811813 ) ) ;
#4600 = ADVANCED_FACE ( 'NONE', ( #4765 ), #5384, .F. ) ;
#4601 = CARTESIAN_POINT ( 'NONE',  ( 0.001404488224300015587, 0.005588000000000000085, 0.0002539999999999998856 ) ) ;
#4602 = CARTESIAN_POINT ( 'NONE',  ( 0.1030797572358926606, 0.009840385881072685401, -0.0002765426560819704452 ) ) ;
#4603 = VECTOR ( 'NONE', #6404, 1.000000000000000000 ) ;
#4604 = APPLICATION_CONTEXT ( 'automotive_design' ) ;
#4605 = EDGE_CURVE ( 'NONE', #3216, #2094, #627, .T. ) ;
#4606 = CARTESIAN_POINT ( 'NONE',  ( -0.002304515063353567220, 0.01105972048055370825, -0.0004722930365539974992 ) ) ;
#4607 = CARTESIAN_POINT ( 'NONE',  ( -0.02132891890503783514, 0.007809853525732862907, 0.003119071542141590905 ) ) ;
#4608 = CARTESIAN_POINT ( 'NONE',  ( 0.003933012063640841348, 0.009066744686877823561, 0.0007809919257440499710 ) ) ;
#4609 = CARTESIAN_POINT ( 'NONE',  ( -0.04600527013137310078, 0.009626842663206909567, 0.003818440986580782549 ) ) ;
#4610 = CARTESIAN_POINT ( 'NONE',  ( -0.0002540000000000001566, 0.004272187755612158119, -0.001415477532827728174 ) ) ;
#4611 = DIRECTION ( 'NONE',  ( -1.000000000000000000, 9.484135310589723205E-16, 0.000000000000000000 ) ) ;
#4612 = VERTEX_POINT ( 'NONE', #5349 ) ;
#4613 = CARTESIAN_POINT ( 'NONE',  ( -0.002995989130276701003, 0.01170014385122308473, -0.0009327809181004975605 ) ) ;
#4614 = CARTESIAN_POINT ( 'NONE',  ( 0.002584401885374340308, 0.009970395056698734201, -0.0009982762949246476187 ) ) ;
#4615 = CARTESIAN_POINT ( 'NONE',  ( 0.02539262685323553925, 0.008039489914035177764, -0.003086656622007603098 ) ) ;
#4616 =( GEOMETRIC_REPRESENTATION_CONTEXT ( 3 ) GLOBAL_UNCERTAINTY_ASSIGNED_CONTEXT ( ( #3671 ) ) GLOBAL_UNIT_ASSIGNED_CONTEXT ( ( #1934, #822, #6140 ) ) REPRESENTATION_CONTEXT ( 'NONE', 'WORKASPACE' ) );
#4617 = DIRECTION ( 'NONE',  ( 0.000000000000000000, 0.000000000000000000, 1.000000000000000000 ) ) ;
#4618 = CARTESIAN_POINT ( 'NONE',  ( 0.03005779616874896046, -0.001143308794372898621, 0.009584346660960731124 ) ) ;
#4619 = EDGE_LOOP ( 'NONE', ( #1288, #3865, #5244, #6687, #6388 ) ) ;
#4620 = CARTESIAN_POINT ( 'NONE',  ( -0.002320834870439346387, 0.01112610605144211465, -0.0003146734875858800515 ) ) ;
#4621 =( LENGTH_UNIT ( ) NAMED_UNIT ( * ) SI_UNIT ( $, .METRE. ) );
#4622 = ADVANCED_FACE ( 'NONE', ( #550 ), #1236, .F. ) ;
#4623 = CARTESIAN_POINT ( 'NONE',  ( 0.003419587008494665015, 0.009801388534784195514, -0.001647132411848828198 ) ) ;
#4624 = DIRECTION ( 'NONE',  ( -0.000000000000000000, -1.000000000000000000, -0.000000000000000000 ) ) ;
#4625 = DIRECTION ( 'NONE',  ( 7.105427357601001859E-15, 0.000000000000000000, 1.000000000000000000 ) ) ;
#4626 = VERTEX_POINT ( 'NONE', #2697 ) ;
#4627 = CARTESIAN_POINT ( 'NONE',  ( -0.002597832342476142503, 0.009950450134973896216, -0.0009943698949793314690 ) ) ;
#4628 = CARTESIAN_POINT ( 'NONE',  ( 0.003165253495816675294, 0.009277135976252025990, 0.0005038793181368049229 ) ) ;
#4629 = CARTESIAN_POINT ( 'NONE',  ( -0.004011070899875891944, 0.008966603845776157516, 0.0004595978849905096517 ) ) ;
#4630 = CARTESIAN_POINT ( 'NONE',  ( 0.1037150675780063175, 0.009610987979735075709, -0.0002017724888658248479 ) ) ;
#4631 = CARTESIAN_POINT ( 'NONE',  ( -0.05375896055050215921, 0.01011414554320247058, 0.004513732244032424810 ) ) ;
#4632 = CARTESIAN_POINT ( 'NONE',  ( 0.002332742671192395995, 0.01116675288138320628, 0.0001378481489333439143 ) ) ;
#4633 = CARTESIAN_POINT ( 'NONE',  ( -0.002298932352424001065, 0.01103230488051556296, 0.0005211923024877099762 ) ) ;
#4634 = CARTESIAN_POINT ( 'NONE',  ( -0.1302042649047399636, 0.006292542480325683668, -0.007153272397368762477 ) ) ;
#4635 = CARTESIAN_POINT ( 'NONE',  ( -0.002884438135928730530, 0.005587999999999999218, -0.0002540000000000004277 ) ) ;
#4636 = ORIENTED_EDGE ( 'NONE', *, *, #168, .T. ) ;
#4637 = CARTESIAN_POINT ( 'NONE',  ( 0.02200953777386474228, 0.008018946854354717935, -0.003015838176264870173 ) ) ;
#4638 = CARTESIAN_POINT ( 'NONE',  ( -0.002364208214925056072, 0.01038407905815851885, -0.0009911228726238723464 ) ) ;
#4639 = ADVANCED_FACE ( 'NONE', ( #2128 ), #6928, .F. ) ;
#4640 = B_SPLINE_CURVE_WITH_KNOTS ( 'NONE', 3,
 ( #5405, #610, #3397, #6495, #1686, #1168, #2720, #714 ),
 .UNSPECIFIED., .F., .F.,
 ( 4, 2, 2, 4 ),
 ( 0.003231878583347443795, 0.003558582052934564522, 0.003885285522521684815, 0.004538692461695928437 ),
 .UNSPECIFIED. ) ;
#4641 = CARTESIAN_POINT ( 'NONE',  ( -0.01071709507033274771, 0.008055475248764334961, 0.004402013130207190275 ) ) ;
#4642 = CARTESIAN_POINT ( 'NONE',  ( 0.002933090403191551503, 0.01130715779029881247, 0.001482864465607500442 ) ) ;
#4643 = CARTESIAN_POINT ( 'NONE',  ( -0.1215148921840914081, 0.008090800208774173718, -0.003775806684856641924 ) ) ;
#4644 = CARTESIAN_POINT ( 'NONE',  ( 0.001965326635986839026, 0.0008928685326609964775, 0.005941240993530992262 ) ) ;
#4645 = CARTESIAN_POINT ( 'NONE',  ( 0.001420970690457919921, 0.003614281620921026839, -0.0002540000000000001024 ) ) ;
#4646 = ORIENTED_EDGE ( 'NONE', *, *, #2509, .F. ) ;
#4647 = CARTESIAN_POINT ( 'NONE',  ( -0.003016357437237636181, 0.01176863628455102409, -0.0007623705508770615849 ) ) ;
#4648 = CARTESIAN_POINT ( 'NONE',  ( 0.002287471729310269850, 0.01096010086429615414, -0.0006264123803669107305 ) ) ;
#4649 = CARTESIAN_POINT ( 'NONE',  ( 0.05511426101788578780, 0.01023242639218865935, -0.003892274034568731379 ) ) ;
#4650 = FACE_OUTER_BOUND ( 'NONE', #771, .T. ) ;
#4651 = STYLED_ITEM ( 'NONE', ( #3256 ), #186 ) ;
#4652 = CARTESIAN_POINT ( 'NONE',  ( 0.01747116790468644307, -0.0002564826568249335692, 0.005619263127459683642 ) ) ;
#4653 = CARTESIAN_POINT ( 'NONE',  ( -0.002999105026382540857, 0.01072356216962983520, 0.001795285193925599950 ) ) ;
#4654 = ORIENTED_EDGE ( 'NONE', *, *, #2647, .T. ) ;
#4655 = CARTESIAN_POINT ( 'NONE',  ( -0.002320243259922102983, 0.01112394856399413247, 0.0003212523122577446788 ) ) ;
#4656 = CARTESIAN_POINT ( 'NONE',  ( -0.002762465183106099700, 0.001025240679736343996, -0.005614621886402057852 ) ) ;
#4657 = CARTESIAN_POINT ( 'NONE',  ( 0.003394107675243073635, 0.009843408211449996073, -0.001669965267518803151 ) ) ;
#4658 = CARTESIAN_POINT ( 'NONE',  ( 0.003954250593981114593, 0.000000000000000000, 0.0002539999999999999398 ) ) ;
#4659 = CARTESIAN_POINT ( 'NONE',  ( 0.004041328173635672961, 0.008928313858622435525, 0.0002260492162571461731 ) ) ;
#4660 = ORIENTED_EDGE ( 'NONE', *, *, #5285, .F. ) ;
#4661 = CARTESIAN_POINT ( 'NONE',  ( 0.005537321277351180647, 0.007806714503409030795, -0.002913476203622321174 ) ) ;
#4662 = CARTESIAN_POINT ( 'NONE',  ( 0.002977167340868229223, 0.009477108897660535894, 0.0007529205026600121597 ) ) ;
#4663 = CARTESIAN_POINT ( 'NONE',  ( -0.003894511868846682340, 0.009116918716218986793, 0.0008942742359879695324 ) ) ;
#4664 = AXIS2_PLACEMENT_3D ( 'NONE', #3121, #3085, #4625 ) ;
#4665 = CARTESIAN_POINT ( 'NONE',  ( -0.01747809365003688553, 0.0003435990175735472601, -0.005100186359730815924 ) ) ;
#4666 = CARTESIAN_POINT ( 'NONE',  ( -0.1174181349008112385, 0.008786510957397915267, -0.002588581361649149384 ) ) ;
#4667 = CARTESIAN_POINT ( 'NONE',  ( 0.002402686964321732073, 0.01029183075196065528, -0.001007546389526458837 ) ) ;
#4668 = CARTESIAN_POINT ( 'NONE',  ( -0.002709589483756790797, 0.009796184287052313658, 0.0009487556237776332982 ) ) ;
#4669 = CARTESIAN_POINT ( 'NONE',  ( -0.1298351090302379829, 0.005840060448612207494, -0.008729977206386097324 ) ) ;
#4670 = CARTESIAN_POINT ( 'NONE',  ( -0.003472512988068766210, 0.009716298603287945590, -0.001595876565800931910 ) ) ;
#4671 = VERTEX_POINT ( 'NONE', #6584 ) ;
#4672 = CARTESIAN_POINT ( 'NONE',  ( -0.001650999999999998389, 0.01270000000000000295, 0.000000000000000000 ) ) ;
#4673 = CARTESIAN_POINT ( 'NONE',  ( -1.173223625603060539E-17, 3.732723443801142422E-20, 0.002552700000000011470 ) ) ;
#4674 = CARTESIAN_POINT ( 'NONE',  ( 0.002944230831875851995, 0.01144315852835926794, 0.001343053351138827952 ) ) ;
#4675 = LINE ( 'NONE', #1605, #4508 ) ;
#4676 = DIRECTION ( 'NONE',  ( 0.000000000000000000, 0.000000000000000000, 1.000000000000000000 ) ) ;
#4677 = CARTESIAN_POINT ( 'NONE',  ( -0.003257026946166589193, 0.009184162359689844804, -0.0002833491413799333280 ) ) ;
#4678 = EDGE_CURVE ( 'NONE', #1638, #2743, #5583, .T. ) ;
#4679 = ORIENTED_EDGE ( 'NONE', *, *, #4204, .T. ) ;
#4680 =( NAMED_UNIT ( * ) PLANE_ANGLE_UNIT ( ) SI_UNIT ( $, .RADIAN. ) );
#4681 = CARTESIAN_POINT ( 'NONE',  ( -0.002931764225958816226, 0.01119012821389204354, 0.001578365416925789442 ) ) ;
#4682 = CARTESIAN_POINT ( 'NONE',  ( 0.002320076089559583183, 0.01112335867846722844, -0.0003232568059403213801 ) ) ;
#4683 = EDGE_CURVE ( 'NONE', #5555, #4626, #3041, .T. ) ;
#4684 = CARTESIAN_POINT ( 'NONE',  ( -0.004965165608068201376, 0.007602414957071117717, 0.003941154946898776067 ) ) ;
#4685 = CARTESIAN_POINT ( 'NONE',  ( 0.1299999999999998934, 0.001072457435249923310, 0.01786584610186449026 ) ) ;
#4686 = ADVANCED_FACE ( 'NONE', ( #2450 ), #5063, .T. ) ;
#4687 = ORIENTED_EDGE ( 'NONE', *, *, #6039, .T. ) ;
#4688 = CARTESIAN_POINT ( 'NONE',  ( -0.002295601128247076565, 0.01101390091596106055, 0.0005505535629898901254 ) ) ;
#4689 = CARTESIAN_POINT ( 'NONE',  ( -0.005476125705676042864, 0.007808242378742781022, 0.003258953480442091256 ) ) ;
#4690 = CARTESIAN_POINT ( 'NONE',  ( 0.002951861604087790709, 0.01095661476203474080, -0.001714591486736884423 ) ) ;
#4691 = EDGE_CURVE ( 'NONE', #1813, #2668, #415, .T. ) ;
#4692 = DIRECTION ( 'NONE',  ( -0.000000000000000000, -1.000000000000000000, -0.000000000000000000 ) ) ;
#4693 = CARTESIAN_POINT ( 'NONE',  ( 0.003907275139042349667, 0.009100223907378643742, -0.0008586716636901099015 ) ) ;
#4694 = ORIENTED_EDGE ( 'NONE', *, *, #2501, .T. ) ;
#4695 = CARTESIAN_POINT ( 'NONE',  ( 0.003234271285340675501, 0.009206987320949306872, 0.0003525740754712089020 ) ) ;
#4696 = CARTESIAN_POINT ( 'NONE',  ( -0.003010987826996460153, 0.009440052606589527731, -0.0007175881264613434736 ) ) ;
#4697 = CARTESIAN_POINT ( 'NONE',  ( 0.002355026210800616627, 0.009883465708888398635, -0.0009865185062197176502 ) ) ;
#4698 = CARTESIAN_POINT ( 'NONE',  ( 0.002784090927741047529, 0.009701744050744573467, -0.0009068436284649700110 ) ) ;
#4699 = CARTESIAN_POINT ( 'NONE',  ( -0.09515310279409404381, 0.01016481387043564888, 0.001343028775068844625 ) ) ;
#4700 = CARTESIAN_POINT ( 'NONE',  ( 0.002335795393299804068, 0.01117644471752775141, -1.702473551884709659E-05 ) ) ;
#4701 = CARTESIAN_POINT ( 'NONE',  ( -0.002281270158328758263, 0.01089600297733746281, 0.0007006136966735506582 ) ) ;
#4702 = CARTESIAN_POINT ( 'NONE',  ( -0.1300233423927890930, 0.005893529708056234953, -0.008991657172324418745 ) ) ;
#4703 = CARTESIAN_POINT ( 'NONE',  ( -0.003649289105995176617, 0.009451741357236665211, -0.001377116157819969827 ) ) ;
#4704 = EDGE_LOOP ( 'NONE', ( #3596, #1331, #3826, #5068, #5748 ) ) ;
#4705 = CARTESIAN_POINT ( 'NONE',  ( -0.002468811874218818873, 0.01015999986950846465, 0.001015999683797368623 ) ) ;
#4706 = CARTESIAN_POINT ( 'NONE',  ( -0.01726075149641509085, 0.007693066436719708280, 0.003258344701364349668 ) ) ;
#4707 = AXIS2_PLACEMENT_3D ( 'NONE', #4255, #1093, #533 ) ;
#4708 = CARTESIAN_POINT ( 'NONE',  ( 0.002969892558865691590, 0.01159360913063458252, 0.001133478951496343784 ) ) ;
#4709 = CARTESIAN_POINT ( 'NONE',  ( 0.002468811352581104946, 0.01015999993208476469, -0.001016000136871583921 ) ) ;
#4710 = CARTESIAN_POINT ( 'NONE',  ( 0.002323978452039379434, 0.01015999999999832142, 0.001016000000007534097 ) ) ;
#4711 = EDGE_LOOP ( 'NONE', ( #6352, #6899 ) ) ;
#4712 = DIRECTION ( 'NONE',  ( -5.551115123125782702E-17, 4.930380657631323784E-32, -1.000000000000000000 ) ) ;
#4713 = CARTESIAN_POINT ( 'NONE',  ( -0.003031184670049004697, 0.01181362318448175852, 0.0006204532298651762407 ) ) ;
#4714 = CARTESIAN_POINT ( 'NONE',  ( 0.004538955661497879809, 0.007785335283777714867, -0.004345138882074876807 ) ) ;
#4715 = DIRECTION ( 'NONE',  ( -0.000000000000000000, -1.000000000000000000, -0.000000000000000000 ) ) ;
#4716 = CARTESIAN_POINT ( 'NONE',  ( 0.01092606791770968713, 0.007944354947990329291, -0.004200375897603515069 ) ) ;
#4717 = UNCERTAINTY_MEASURE_WITH_UNIT (LENGTH_MEASURE( 1.000000000000000082E-05 ), #3809, 'distance_accuracy_value', 'NONE');
#4718 = VERTEX_POINT ( 'NONE', #2161 ) ;
#4719 = CARTESIAN_POINT ( 'NONE',  ( -0.006223103841616929588, 0.005294412557420165658, -0.0006301423979136594727 ) ) ;
#4720 = CARTESIAN_POINT ( 'NONE',  ( 0.002948554260950724502, 0.01097979143893471239, -0.001703871615079399771 ) ) ;
#4721 = FACE_OUTER_BOUND ( 'NONE', #1632, .T. ) ;
#4722 = EDGE_CURVE ( 'NONE', #6422, #2041, #454, .T. ) ;
#4723 = VECTOR ( 'NONE', #4831, 1.000000000000000000 ) ;
#4724 = CIRCLE ( 'NONE', #4824, 0.006032499999999996199 ) ;
#4725 = CARTESIAN_POINT ( 'NONE',  ( -0.05058187948339240569, 0.009997201225576183431, 0.004526969189274352746 ) ) ;
#4726 = CARTESIAN_POINT ( 'NONE',  ( 0.004037218488056221709, 0.008933497912699492685, 0.0002713046687857166833 ) ) ;
#4727 = ORIENTED_EDGE ( 'NONE', *, *, #2191, .F. ) ;
#4728 = CARTESIAN_POINT ( 'NONE',  ( 0.1255932111223267145, 0.007875046032950451524, 0.003737237254428826122 ) ) ;
#4729 = CARTESIAN_POINT ( 'NONE',  ( 0.003058126858157895426, 0.009389312884792529526, 0.0006622316207556669171 ) ) ;
#4730 = CARTESIAN_POINT ( 'NONE',  ( -0.002281991673644560847, 0.01073861748825456590, 0.0008353191401582092061 ) ) ;
#4731 = CARTESIAN_POINT ( 'NONE',  ( -0.003935358556472585805, 0.009063702429170776911, -0.0007734472561024730193 ) ) ;
#4732 = CARTESIAN_POINT ( 'NONE',  ( -0.04618643467053173274, 0.01031807738083266243, -0.001729601550672991896 ) ) ;
#4733 = CARTESIAN_POINT ( 'NONE',  ( 0.002510306470866566133, 0.01008731586856251479, -0.001013564668252436895 ) ) ;
#4734 = CARTESIAN_POINT ( 'NONE',  ( -0.002884438135928730530, 0.005080000000000001181, -0.0002540000000000004277 ) ) ;
#4735 = CARTESIAN_POINT ( 'NONE',  ( -0.002809998754665978763, 0.009669905747119771772, 0.0008905123717995019807 ) ) ;
#4736 = CARTESIAN_POINT ( 'NONE',  ( -0.1302285877805930969, 0.005686698528623559436, -0.008720604632851706658 ) ) ;
#4737 = CYLINDRICAL_SURFACE ( 'NONE', #3609, 0.001650999999999998823 ) ;
#4738 = VERTEX_POINT ( 'NONE', #6362 ) ;
#4739 = CARTESIAN_POINT ( 'NONE',  ( 0.01800625011562918473, 0.007881117948134215220, -0.003129230983605835008 ) ) ;
#4740 = CARTESIAN_POINT ( 'NONE',  ( -0.006442150450766909696, 0.007936155486813279217, 0.004108467253976788580 ) ) ;
#4741 = CARTESIAN_POINT ( 'NONE',  ( 0.003023897020303455314, 0.01179185972840860255, -0.0006922897079817448562 ) ) ;
#4742 = CARTESIAN_POINT ( 'NONE',  ( -0.002295601128247076565, 0.01101390091596106055, 0.0005505535629898901254 ) ) ;
#4743 = CARTESIAN_POINT ( 'NONE',  ( -0.003349150860987439721, 0.001146755730243789002, -0.005285613137359563597 ) ) ;
#4744 = CARTESIAN_POINT ( 'NONE',  ( -0.002931431431069992603, 0.01121164643581852409, 0.001562340607535643491 ) ) ;
#4745 = CARTESIAN_POINT ( 'NONE',  ( -0.005337807772027888635, 0.007309863629338024180, 0.003300252592081767775 ) ) ;
#4746 = DIRECTION ( 'NONE',  ( 0.000000000000000000, 0.000000000000000000, 1.000000000000000000 ) ) ;
#4747 = CARTESIAN_POINT ( 'NONE',  ( 0.06650994533263816788, 0.01047777061362243148, -0.004315580539923425697 ) ) ;
#4748 = ORIENTED_EDGE ( 'NONE', *, *, #2011, .F. ) ;
#4749 = CARTESIAN_POINT ( 'NONE',  ( -0.005838305167165712059, 0.003849893309376681023, -0.002281543218932225673 ) ) ;
#4750 = CARTESIAN_POINT ( 'NONE',  ( 0.003195210741913849777, 0.009246519917045729203, -0.0004450714650875559324 ) ) ;
#4751 = CARTESIAN_POINT ( 'NONE',  ( 0.06531939664575409088, 0.009000763105967776387, 0.003825746732502426431 ) ) ;
#4752 = PRESENTATION_LAYER_ASSIGNMENT (  '', '', ( #4651 ) ) ;
#4753 = CARTESIAN_POINT ( 'NONE',  ( -0.05327344350638433396, 0.004101283989318208791, -0.01145124347468960344 ) ) ;
#4754 =( NAMED_UNIT ( * ) SI_UNIT ( $, .STERADIAN. ) SOLID_ANGLE_UNIT ( ) );
#4755 = CARTESIAN_POINT ( 'NONE',  ( 0.1156517625873916821, 0.008767188766599254973, 0.002106461816941265948 ) ) ;
#4756 = CARTESIAN_POINT ( 'NONE',  ( 0.002934496517383687955, 0.009524812368285437425, 0.0007931174686750785399 ) ) ;
#4757 = CARTESIAN_POINT ( 'NONE',  ( -0.003958878011040965761, 0.009033332825958135040, -0.0006927232688659650970 ) ) ;
#4758 = FACE_OUTER_BOUND ( 'NONE', #4872, .T. ) ;
#4759 = CARTESIAN_POINT ( 'NONE',  ( 0.005043503486655553057, 0.007938029871693404182, -0.003875549129046335951 ) ) ;
#4760 = CARTESIAN_POINT ( 'NONE',  ( -0.005389284909125426244, 0.007904665487892408721, 0.003180403303488190791 ) ) ;
#4761 = CARTESIAN_POINT ( 'NONE',  ( -0.1212295773015042988, 0.008327369843933949897, -0.003716152890287094824 ) ) ;
#4762 = CARTESIAN_POINT ( 'NONE',  ( 0.002584401885374340308, 0.009970395056698734201, -0.0009982762949246476187 ) ) ;
#4763 = AXIS2_PLACEMENT_3D ( 'NONE', #2333, #2970, #1901 ) ;
#4764 = CARTESIAN_POINT ( 'NONE',  ( -0.002832249336180586632, 0.009643186068656503865, 0.0008752764168892376764 ) ) ;
#4765 = FACE_OUTER_BOUND ( 'NONE', #6579, .T. ) ;
#4766 = EDGE_CURVE ( 'NONE', #6414, #2269, #4528, .T. ) ;
#4767 = CARTESIAN_POINT ( 'NONE',  ( 0.000000000000000000, 0.005587999999999999218, 0.002895600000000001645 ) ) ;
#4768 = VERTEX_POINT ( 'NONE', #77 ) ;
#4769 = ADVANCED_FACE ( 'NONE', ( #2905, #2271 ), #6581, .T. ) ;
#4770 = CARTESIAN_POINT ( 'NONE',  ( 0.003456214892252700531, 0.009742080252342915844, 0.001612438121736598342 ) ) ;
#4771 = CARTESIAN_POINT ( 'NONE',  ( -0.02539262685323790195, 0.008039489914038378329, 0.003086656622012683236 ) ) ;
#4772 = CARTESIAN_POINT ( 'NONE',  ( 0.002940398426528213240, 0.01104874920269012691, -0.001668516033787606273 ) ) ;
#4773 = CARTESIAN_POINT ( 'NONE',  ( 0.005080000000000000314, 0.005588000000000000085, -0.0002540000000000003193 ) ) ;
#4774 = LINE ( 'NONE', #1570, #4502 ) ;
#4775 = VERTEX_POINT ( 'NONE', #3299 ) ;
#4776 = CARTESIAN_POINT ( 'NONE',  ( -0.002971076257895687023, 0.01084800199594063153, 0.001757552477839384279 ) ) ;
#4777 = CARTESIAN_POINT ( 'NONE',  ( -0.002884438135928730530, 0.005080000000000001181, 0.0002539999999999998856 ) ) ;
#4778 = PLANE ( 'NONE',  #2182 ) ;
#4779 = DIRECTION ( 'NONE',  ( -0.000000000000000000, 1.000000000000000000, 0.000000000000000000 ) ) ;
#4780 = CARTESIAN_POINT ( 'NONE',  ( 0.09771270277881004274, 0.01142320837424796835, 0.005687534523511303917 ) ) ;
#4781 = ORIENTED_EDGE ( 'NONE', *, *, #3689, .T. ) ;
#4782 = CARTESIAN_POINT ( 'NONE',  ( -0.1299999999999999767, 0.005640097544746024497, -0.009162537329198545272 ) ) ;
#4783 = CARTESIAN_POINT ( 'NONE',  ( 0.003028415867149959490, 0.009421220095685091042, 0.0006976451908832876844 ) ) ;
#4784 = CARTESIAN_POINT ( 'NONE',  ( 0.1299999999999999489, 0.005905080481937456140, 0.007984259463645676166 ) ) ;
#4785 = CARTESIAN_POINT ( 'NONE',  ( -0.01751919680632350526, 0.003515337008628383053, -0.001851233438261193484 ) ) ;
#4786 = CARTESIAN_POINT ( 'NONE',  ( 0.006206788219951165329, 0.005695055927666033482, -0.0007769687579007488387 ) ) ;
#4787 = CARTESIAN_POINT ( 'NONE',  ( 0.1283883515372657991, 0.006824910374260488057, 0.007107105523177494229 ) ) ;
#4788 = CARTESIAN_POINT ( 'NONE',  ( -0.002280057574862370210, 0.01087500605495848524, -0.0007220290320036008413 ) ) ;
#4789 = CARTESIAN_POINT ( 'NONE',  ( 0.006172432274705958767, 0.005860820220424185940, -0.001016648922312701460 ) ) ;
#4790 = CARTESIAN_POINT ( 'NONE',  ( -0.004847882670994312602, 0.008055397623070600921, 0.003957812363634225818 ) ) ;
#4791 = CARTESIAN_POINT ( 'NONE',  ( 0.003233034625505884149, 0.01012552552587453643, 0.001788710129256501115 ) ) ;
#4792 = CARTESIAN_POINT ( 'NONE',  ( 0.002913436652106977942, 0.009548586652657120588, -0.0008120301267590303990 ) ) ;
#4793 = CARTESIAN_POINT ( 'NONE',  ( -0.003257026946166589193, 0.009184162359689844804, -0.0002833491413799333280 ) ) ;
#4794 = CARTESIAN_POINT ( 'NONE',  ( -0.1303273152749439001, 0.005430225634598205911, -0.009790659220106502636 ) ) ;
#4795 = CARTESIAN_POINT ( 'NONE',  ( -0.003832832042649656368, 0.009198425953284008680, -0.001046992743211510842 ) ) ;
#4796 = DIRECTION ( 'NONE',  ( -0.000000000000000000, 1.000000000000000000, -0.000000000000000000 ) ) ;
#4797 = VERTEX_POINT ( 'NONE', #5975 ) ;
#4798 = EDGE_CURVE ( 'NONE', #1745, #1638, #4182, .T. ) ;
#4799 = CARTESIAN_POINT ( 'NONE',  ( -0.03348373982925189479, 0.008876364885728906320, 0.003212963923984814979 ) ) ;
#4800 = CARTESIAN_POINT ( 'NONE',  ( 0.003049522187725177240, 0.01186433547480997795, 0.0003844226074130085492 ) ) ;
#4801 =( NAMED_UNIT ( * ) PLANE_ANGLE_UNIT ( ) SI_UNIT ( $, .RADIAN. ) );
#4802 = DIRECTION ( 'NONE',  ( -0.000000000000000000, -1.000000000000000000, -0.000000000000000000 ) ) ;
#4803 = VERTEX_POINT ( 'NONE', #1806 ) ;
#4804 = PRODUCT_CONTEXT ( 'NONE', #2075, 'mechanical' ) ;
#4805 = CARTESIAN_POINT ( 'NONE',  ( -0.003290106300714050989, 0.01002435774135651374, 0.001749509997172565010 ) ) ;
#4806 = CARTESIAN_POINT ( 'NONE',  ( -0.006161754881624065608, 0.006289326464865354141, 0.001505603303441645615 ) ) ;
#4807 = CYLINDRICAL_SURFACE ( 'NONE', #336, 0.001650999999999998823 ) ;
#4808 = DIRECTION ( 'NONE',  ( 0.000000000000000000, 0.000000000000000000, -1.000000000000000000 ) ) ;
#4809 = CARTESIAN_POINT ( 'NONE',  ( 0.004107415362522420614, 0.008618816613600569290, -0.002898724015767574838 ) ) ;
#4810 = ORIENTED_EDGE ( 'NONE', *, *, #6521, .F. ) ;
#4811 = CARTESIAN_POINT ( 'NONE',  ( -0.006268830194423992939, 0.005972414516753848587, 3.862390476906316355E-05 ) ) ;
#4812 = CARTESIAN_POINT ( 'NONE',  ( 0.002945249107597691218, 0.009512724164460924225, 0.0007832836943168746801 ) ) ;
#4813 = CARTESIAN_POINT ( 'NONE',  ( 0.05051867780172025757, 0.004039330022138959767, 0.01075968455708363816 ) ) ;
#4814 = CARTESIAN_POINT ( 'NONE',  ( -0.03835802678916636760, 0.009378482947929952032, 0.004352954126073564807 ) ) ;
#4815 = DIRECTION ( 'NONE',  ( -1.000000000000000000, 6.338020585019357744E-16, 0.000000000000000000 ) ) ;
#4816 = CARTESIAN_POINT ( 'NONE',  ( 0.1269877777904902805, 0.007049153091564479799, 0.006160805095345797330 ) ) ;
#4817 = CARTESIAN_POINT ( 'NONE',  ( -0.003137223079854329060, 0.009306070366613355613, 0.0005514714017243256723 ) ) ;
#4818 = CARTESIAN_POINT ( 'NONE',  ( -0.002330741034838825290, 0.01116025924922591991, -0.0001790050205016936703 ) ) ;
#4819 = DIRECTION ( 'NONE',  ( 9.484135310589723205E-16, 1.000000000000000000, -0.000000000000000000 ) ) ;
#4820 = EDGE_CURVE ( 'NONE', #4464, #3881, #6937, .T. ) ;
#4821 = CARTESIAN_POINT ( 'NONE',  ( 0.004705164914168614466, 0.007932383614030372870, -0.004253490230611346387 ) ) ;
#4822 = VECTOR ( 'NONE', #4402, 1.000000000000000000 ) ;
#4823 = CARTESIAN_POINT ( 'NONE',  ( -0.001348694731337228298, 0.0008508732707223399822, -0.006102747129093847971 ) ) ;
#4824 = AXIS2_PLACEMENT_3D ( 'NONE', #2634, #1013, #3719 ) ;
#4825 = CARTESIAN_POINT ( 'NONE',  ( 0.003869916040558184570, 0.009149061734078322433, 0.0009616543753942746308 ) ) ;
#4826 = CARTESIAN_POINT ( 'NONE',  ( 0.002934885569080858750, 0.01139720084712926400, -0.001407369148242811584 ) ) ;
#4827 = VERTEX_POINT ( 'NONE', #296 ) ;
#4828 = CARTESIAN_POINT ( 'NONE',  ( -0.02297305825785929401, -6.618838861039471537E-05, -0.006358794152084536883 ) ) ;
#4829 = CARTESIAN_POINT ( 'NONE',  ( -0.1301032429598073525, 0.005787563987055127646, -0.009194047070704801719 ) ) ;
#4830 = CARTESIAN_POINT ( 'NONE',  ( -0.003056570728386340599, 0.01188283930779337159, 0.0002447263788170019245 ) ) ;
#4831 = DIRECTION ( 'NONE',  ( -1.347951312663287604E-16, -0.000000000000000000, 1.000000000000000000 ) ) ;
#4832 = ORIENTED_EDGE ( 'NONE', *, *, #6859, .F. ) ;
#4833 = CARTESIAN_POINT ( 'NONE',  ( 0.1280501322615497650, 0.006738960427092372321, 0.006834263065654731795 ) ) ;
#4834 = CARTESIAN_POINT ( 'NONE',  ( -0.07948902919227227026, 0.01030063615066468055, 0.002877323600690887429 ) ) ;
#4835 = CARTESIAN_POINT ( 'NONE',  ( 0.003000849218461929414, 0.01171791421373451388, 0.0008944066714572447736 ) ) ;
#4836 = CARTESIAN_POINT ( 'NONE',  ( 0.002278841617977522219, 0.01083930614435696035, -0.0007559174249791564054 ) ) ;
#4837 = CARTESIAN_POINT ( 'NONE',  ( -0.005918200000000022748, 0.01016000000000000583, 0.000000000000000000 ) ) ;
#4838 = EDGE_CURVE ( 'NONE', #4803, #6797, #4013, .T. ) ;
#4839 = EDGE_LOOP ( 'NONE', ( #4329, #6139 ) ) ;
#4840 = CARTESIAN_POINT ( 'NONE',  ( -0.004048300108186776713, 0.008919529215187524743, 0.0001318401114713652717 ) ) ;
#4841 = CARTESIAN_POINT ( 'NONE',  ( -0.005704089822508219380, 0.006831553707947734914, 0.002570361431557948405 ) ) ;
#4842 = CARTESIAN_POINT ( 'NONE',  ( -0.0002540000000000002109, 0.02225040000000000351, 0.002884438135928730530 ) ) ;
#4843 = CYLINDRICAL_SURFACE ( 'NONE', #4433, 0.002413000000000001515 ) ;
#4844 = DIRECTION ( 'NONE',  ( -0.000000000000000000, -1.000000000000000000, -0.000000000000000000 ) ) ;
#4845 = CARTESIAN_POINT ( 'NONE',  ( -0.0002540000000000001566, 0.002331647672120191160, 0.001431680676413782903 ) ) ;
#4846 = ORIENTED_EDGE ( 'NONE', *, *, #2452, .T. ) ;
#4847 = DIRECTION ( 'NONE',  ( -1.000000000000000000, -0.000000000000000000, -1.123292760552739721E-17 ) ) ;
#4848 = CARTESIAN_POINT ( 'NONE',  ( -0.1299999999999999767, 0.005926573962051828043, -0.008897229684479996542 ) ) ;
#4849 = CARTESIAN_POINT ( 'NONE',  ( 0.003292149416556563405, 0.009149213728331506007, 0.0001031632025679777740 ) ) ;
#4850 = CARTESIAN_POINT ( 'NONE',  ( -3.386556920630767177E-17, 0.002200000000000026587, 0.004849742261192878726 ) ) ;
#4851 = CARTESIAN_POINT ( 'NONE',  ( -0.02292398139508834351, 0.003448409073906997212, -0.002519888445189175964 ) ) ;
#4852 = DIRECTION ( 'NONE',  ( -0.000000000000000000, 1.000000000000000000, -0.000000000000000000 ) ) ;
#4853 = CARTESIAN_POINT ( 'NONE',  ( 0.1290172241997788183, 0.006574799387578619467, 0.007629161259103020912 ) ) ;
#4854 = CARTESIAN_POINT ( 'NONE',  ( -0.003296537272461133507, 0.009144870281470393256, -4.548113940268013464E-05 ) ) ;
#4855 = CARTESIAN_POINT ( 'NONE',  ( 0.002557613700476472646, 0.01001113200864421626, -0.001005190850078124852 ) ) ;
#4856 = CARTESIAN_POINT ( 'NONE',  ( -0.006113470051590690242, 0.006928345356560680103, 0.001325262706882093886 ) ) ;
#4857 = MANIFOLD_SOLID_BREP ( 'Revolve1', #5893 ) ;
#4858 = CARTESIAN_POINT ( 'NONE',  ( -0.006159055969147006655, 0.006976905059187542280, 0.001605209331620952072 ) ) ;
#4859 = CARTESIAN_POINT ( 'NONE',  ( 0.002977469414852783585, 0.009476864861027729792, -0.0007522148042613661283 ) ) ;
#4860 = CARTESIAN_POINT ( 'NONE',  ( 0.001259752956144959265, 0.0008065124251799155866, 0.006121725467729528455 ) ) ;
#4861 = CARTESIAN_POINT ( 'NONE',  ( 0.000000000000000000, 0.009271000000000001462, 0.000000000000000000 ) ) ;
#4862 = CARTESIAN_POINT ( 'NONE',  ( -0.002937107888633739942, 0.01108534699045246423, -0.001647551463401312685 ) ) ;
#4863 = AXIS2_PLACEMENT_3D ( 'NONE', #2900, #1726, #2831 ) ;
#4864 = CARTESIAN_POINT ( 'NONE',  ( 0.004705164914168614466, 0.007932383614030372870, -0.004253490230611346387 ) ) ;
#4865 = ORIENTED_EDGE ( 'NONE', *, *, #3839, .F. ) ;
#4866 = VECTOR ( 'NONE', #567, 1.000000000000000000 ) ;
#4867 = CARTESIAN_POINT ( 'NONE',  ( -0.04158365855191745869, 0.009537023684283840036, 0.003624743632580055327 ) ) ;
#4868 = CARTESIAN_POINT ( 'NONE',  ( 0.003288080152557949429, 0.009153245829851349921, -0.0001378413581891806106 ) ) ;
#4869 = CARTESIAN_POINT ( 'NONE',  ( 0.002310210541650461070, 0.01108473386192837355, 0.0004210711139911465671 ) ) ;
#4870 = CARTESIAN_POINT ( 'NONE',  ( -0.003025062287234311226, 0.009424826465884918181, 0.0007016265178419033716 ) ) ;
#4871 = AXIS2_PLACEMENT_3D ( 'NONE', #3119, #374, #3607 ) ;
#4872 = EDGE_LOOP ( 'NONE', ( #4958, #6156, #3736, #2212, #1123, #6161 ) ) ;
#4873 = VERTEX_POINT ( 'NONE', #371 ) ;
#4874 = CARTESIAN_POINT ( 'NONE',  ( -0.003051040656470974024, 0.009396822173043025209, -0.0006714272012836451815 ) ) ;
#4875 = CARTESIAN_POINT ( 'NONE',  ( -0.002801191919707738971, 0.001053042385054509455, -0.005775045978433653894 ) ) ;
#4876 = AXIS2_PLACEMENT_3D ( 'NONE', #1347, #5620, #825 ) ;
#4877 = DIRECTION ( 'NONE',  ( -0.000000000000000000, 1.000000000000000000, -0.000000000000000000 ) ) ;
#4878 = LINE ( 'NONE', #2108, #4866 ) ;
#4879 = CARTESIAN_POINT ( 'NONE',  ( 0.01531695747095063696, 0.007680334873652934317, -0.003376853577932191226 ) ) ;
#4880 = FACE_OUTER_BOUND ( 'NONE', #4948, .T. ) ;
#4881 = SHAPE_REPRESENTATION ( '1045_reverse', ( #3950 ), #4616 ) ;
#4882 = EDGE_LOOP ( 'NONE', ( #6547, #3031, #387, #836 ) ) ;
#4883 = CARTESIAN_POINT ( 'NONE',  ( -0.003649289105995176617, 0.009451741357236665211, -0.001377116157819969827 ) ) ;
#4884 = CARTESIAN_POINT ( 'NONE',  ( 0.003195100990395717024, 0.009246632824250936022, 0.0004453026763308348289 ) ) ;
#4885 = CARTESIAN_POINT ( 'NONE',  ( 0.1244236575554601987, 0.006586940915285195187, 0.009982979922872437656 ) ) ;
#4886 = CARTESIAN_POINT ( 'NONE',  ( 0.005090252467746808271, 0.007935091606249300780, -0.004225267298490971955 ) ) ;
#4887 = ADVANCED_FACE ( 'NONE', ( #6749 ), #3958, .F. ) ;
#4888 = SURFACE_SIDE_STYLE ('',( #3742 ) ) ;
#4889 = CARTESIAN_POINT ( 'NONE',  ( 0.1299802669372958353, 0.005950259211010535711, 0.008878092175830973667 ) ) ;
#4890 = CARTESIAN_POINT ( 'NONE',  ( -0.003119977172426221645, 0.009323998561804568153, 0.0005782519216349645301 ) ) ;
#4891 = CARTESIAN_POINT ( 'NONE',  ( -0.002479889893148696373, 0.01013938886829005362, -0.001016298435693098251 ) ) ;
#4892 = CARTESIAN_POINT ( 'NONE',  ( 0.006064434641149579232, 0.006204891179115324708, -0.001534642531763126061 ) ) ;
#4893 = CARTESIAN_POINT ( 'NONE',  ( -0.004521996583906540655, 0.007924444229978420962, 0.004314708878753951114 ) ) ;
#4894 = EDGE_CURVE ( 'NONE', #1241, #2094, #3152, .T. ) ;
#4895 = CARTESIAN_POINT ( 'NONE',  ( -0.006051224766358994506, 0.007102647918266931371, 0.001587849582733407219 ) ) ;
#4896 = CARTESIAN_POINT ( 'NONE',  ( 0.003029602462059179276, 0.01062119132915574811, 0.001812531800332726345 ) ) ;
#4897 = CARTESIAN_POINT ( 'NONE',  ( -0.004050872798929809095, 0.008916291661684564579, 6.034618988865796572E-12 ) ) ;
#4898 = LINE ( 'NONE', #3862, #6509 ) ;
#4899 = CARTESIAN_POINT ( 'NONE',  ( -0.002992471226451655190, 0.01168727846368335793, -0.0009604074825730309420 ) ) ;
#4900 = CARTESIAN_POINT ( 'NONE',  ( 0.004449449230357775675, 0.007823290589355210572, -0.004389185248267602965 ) ) ;
#4901 = ORIENTED_EDGE ( 'NONE', *, *, #258, .F. ) ;
#4902 = CARTESIAN_POINT ( 'NONE',  ( -0.04293486756231496698, 0.009631329177300557154, 0.003684881721689353771 ) ) ;
#4903 = CARTESIAN_POINT ( 'NONE',  ( 0.003457884388255067463, 0.009739698264697891836, -0.001610268417528420678 ) ) ;
#4904 = CARTESIAN_POINT ( 'NONE',  ( 0.002303306819717188415, 0.01105392431902991676, -0.0004829231768009855925 ) ) ;
#4905 = CARTESIAN_POINT ( 'NONE',  ( -0.002709184290474414385, 0.009796742596902136002, 0.0009489124508516029021 ) ) ;
#4906 = CARTESIAN_POINT ( 'NONE',  ( -0.004011070899875891944, 0.008966603845776157516, 0.0004595978849905096517 ) ) ;
#4907 = CARTESIAN_POINT ( 'NONE',  ( -0.001266107094209787797, 0.001056651727053382374, -0.006120416945834842790 ) ) ;
#4908 = DIRECTION ( 'NONE',  ( 0.000000000000000000, 0.000000000000000000, -1.000000000000000000 ) ) ;
#4909 = CARTESIAN_POINT ( 'NONE',  ( 0.007313750181647784426, 0.007743516961754392906, -0.004077425021704628519 ) ) ;
#4910 = CARTESIAN_POINT ( 'NONE',  ( -0.002984768004972240124, 0.01165744438736282355, 0.001019921441481188001 ) ) ;
#4911 = EDGE_LOOP ( 'NONE', ( #4297, #2510, #6492 ) ) ;
#4912 = CARTESIAN_POINT ( 'NONE',  ( -0.003285590619230813018, 0.01003307119273390453, -0.001751918081717070488 ) ) ;
#4913 = CARTESIAN_POINT ( 'NONE',  ( 0.002734981547142662818, 0.009763181124050160017, 0.0009358077471299393844 ) ) ;
#4914 = CARTESIAN_POINT ( 'NONE',  ( -0.001785667394348159709, 0.01046305122213600676, 0.0009697504610784551645 ) ) ;
#4915 = CARTESIAN_POINT ( 'NONE',  ( 0.01468926106740897630, 0.008207620271893966216, -0.004289518856895509387 ) ) ;
#4916 = CARTESIAN_POINT ( 'NONE',  ( -0.0002539999999999999940, 0.005587999999999999218, -0.002884438135928730097 ) ) ;
#4917 = CARTESIAN_POINT ( 'NONE',  ( 0.1299903952031214172, 0.005937486408667621944, 0.008901540142211001108 ) ) ;
#4918 = EDGE_CURVE ( 'NONE', #6147, #2894, #5240, .T. ) ;
#4919 = CARTESIAN_POINT ( 'NONE',  ( -0.003285819233843891886, 0.009155488577982363180, 0.0001526078874640121878 ) ) ;
#4920 = CARTESIAN_POINT ( 'NONE',  ( -0.002301036902294934308, 0.01104302909569164319, -0.0005028110339928659571 ) ) ;
#4921 = CARTESIAN_POINT ( 'NONE',  ( 0.004564119347659925316, 0.001997339550764160292, 0.004279394910479183099 ) ) ;
#4922 = CARTESIAN_POINT ( 'NONE',  ( -0.004522954726818889833, 0.007802176972681418125, 0.004353663230839898216 ) ) ;
#4923 = CARTESIAN_POINT ( 'NONE',  ( -0.003056697417545282784, 0.01054027265004532816, -0.001820623361152210514 ) ) ;
#4924 = EDGE_CURVE ( 'NONE', #6811, #2791, #2331, .T. ) ;
#4925 = CARTESIAN_POINT ( 'NONE',  ( 0.002957493189939648919, 0.01152976245737105145, 0.001230257990328721815 ) ) ;
#4926 = CARTESIAN_POINT ( 'NONE',  ( 0.002936526052290912552, 0.01107868784012299747, 0.001654078417028752475 ) ) ;
#4927 = AXIS2_PLACEMENT_3D ( 'NONE', #4149, #2545, #5183 ) ;
#4928 = DIRECTION ( 'NONE',  ( -0.000000000000000000, -1.000000000000000000, -0.000000000000000000 ) ) ;
#4929 = CARTESIAN_POINT ( 'NONE',  ( -0.003296537272461133507, 0.009144870281470393256, -4.548113940268013464E-05 ) ) ;
#4930 = CARTESIAN_POINT ( 'NONE',  ( 0.05134605063566043126, 0.009890222878672642187, -0.003903867806544818880 ) ) ;
#4931 = CARTESIAN_POINT ( 'NONE',  ( -0.003025757579759360324, 0.01179742429875805208, -0.0006741759308306114308 ) ) ;
#4932 = CARTESIAN_POINT ( 'NONE',  ( 0.002711605742060378601, 0.009793555679543973838, 0.0009477474726427437138 ) ) ;
#4933 = VERTEX_POINT ( 'NONE', #5547 ) ;
#4934 = CARTESIAN_POINT ( 'NONE',  ( -0.02297581468733134527, -0.0002735950502497385729, -0.006549384423005851809 ) ) ;
#4935 = VECTOR ( 'NONE', #5510, 1.000000000000000000 ) ;
#4936 = CARTESIAN_POINT ( 'NONE',  ( 0.002291762254253201531, 0.01099080452922531793, 0.0005850816206410799697 ) ) ;
#4937 = CARTESIAN_POINT ( 'NONE',  ( -0.1239869107458978631, 0.007694290871874433224, -0.004706274017266534430 ) ) ;
#4938 = CARTESIAN_POINT ( 'NONE',  ( 0.003394107675243073635, 0.009843408211449996073, -0.001669965267518803151 ) ) ;
#4939 = CARTESIAN_POINT ( 'NONE',  ( 0.002295072660629161616, 0.01101114539092934094, -0.0005551988554945456664 ) ) ;
#4940 = DIRECTION ( 'NONE',  ( 0.000000000000000000, 0.000000000000000000, -1.000000000000000000 ) ) ;
#4941 = CARTESIAN_POINT ( 'NONE',  ( -0.003894511868846682340, 0.009116918716218986793, 0.0008942742359879695324 ) ) ;
#4942 = CARTESIAN_POINT ( 'NONE',  ( -0.005964542529256647817, 0.003476238596195777193, -0.002318433933205028396 ) ) ;
#4943 = PRODUCT_DEFINITION_SHAPE ( 'NONE', 'NONE',  #1158 ) ;
#4944 = CARTESIAN_POINT ( 'NONE',  ( 0.004450201275412029103, 0.007851393157529895292, -0.004388425814196965542 ) ) ;
#4945 = CARTESIAN_POINT ( 'NONE',  ( 0.003933138384148457053, 0.009066579172317075497, -0.0007805844139566642682 ) ) ;
#4946 = CARTESIAN_POINT ( 'NONE',  ( 0.01131471827119114384, 0.007713102965228875452, -0.003714864417458639718 ) ) ;
#4947 = DIRECTION ( 'NONE',  ( 0.000000000000000000, 1.000000000000000000, 0.000000000000000000 ) ) ;
#4948 = EDGE_LOOP ( 'NONE', ( #6805, #3983, #6504, #2635 ) ) ;
#4949 = DIRECTION ( 'NONE',  ( -1.000000000000000000, -0.000000000000000000, -1.123292760552739721E-17 ) ) ;
#4950 = CARTESIAN_POINT ( 'NONE',  ( 0.002912786715353206032, 0.009549425033604248131, 0.0008122172469370305629 ) ) ;
#4951 = DIRECTION ( 'NONE',  ( 0.000000000000000000, 0.000000000000000000, 1.000000000000000000 ) ) ;
#4952 = CARTESIAN_POINT ( 'NONE',  ( 0.01737561495729450511, 0.008298934285634990485, -0.004195902101836490247 ) ) ;
#4953 = CYLINDRICAL_SURFACE ( 'NONE', #5425, 0.006250000000000000347 ) ;
#4954 = CARTESIAN_POINT ( 'NONE',  ( 0.1302202420705673991, 0.005681955736171564499, 0.008743446967064529354 ) ) ;
#4955 = DIRECTION ( 'NONE',  ( 9.484135310589723205E-16, 1.000000000000000000, -0.000000000000000000 ) ) ;
#4956 = CARTESIAN_POINT ( 'NONE',  ( -0.002327331638278147541, 0.01114889640927021856, 0.0002337515366291035993 ) ) ;
#4957 = CARTESIAN_POINT ( 'NONE',  ( 0.001566982232030894031, 0.0008441680611033930285, 0.006058454453489416601 ) ) ;
#4958 = ORIENTED_EDGE ( 'NONE', *, *, #2235, .F. ) ;
#4959 = CARTESIAN_POINT ( 'NONE',  ( 0.002323978452039379434, 0.01015999999999832142, -0.001016000000007534097 ) ) ;
#4960 = CARTESIAN_POINT ( 'NONE',  ( -0.003570485955050463171, 0.009564641112630108827, -0.001492299781558367169 ) ) ;
#4961 = CARTESIAN_POINT ( 'NONE',  ( 0.003054655926436987759, 0.01187786862372528125, 0.0002891739818857449020 ) ) ;
#4962 = CARTESIAN_POINT ( 'NONE',  ( 0.002032000000000005156, 0.01117600000000000884, 0.0001095815266610157491 ) ) ;
#4963 = CARTESIAN_POINT ( 'NONE',  ( 0.03967421650238051045, -0.0006114436324195257448, 0.01421244208435756308 ) ) ;
#4964 = ORIENTED_EDGE ( 'NONE', *, *, #2813, .T. ) ;
#4965 = CARTESIAN_POINT ( 'NONE',  ( 0.004224317338950240273, 0.001778474386158960217, 0.004614355669170100080 ) ) ;
#4966 = CARTESIAN_POINT ( 'NONE',  ( -0.003061461253750153398, 0.01189538552720019633, 5.139087042563522233E-05 ) ) ;
#4967 = CARTESIAN_POINT ( 'NONE',  ( 0.002874453898845180481, 0.009593608694910948226, 0.0008435019567933603338 ) ) ;
#4968 = ORIENTED_EDGE ( 'NONE', *, *, #1706, .F. ) ;
#4969 = CARTESIAN_POINT ( 'NONE',  ( -0.001348694731337228298, 0.0008508732707223399822, -0.006102747129093847971 ) ) ;
#4970 = EDGE_CURVE ( 'NONE', #5310, #2870, #680, .T. ) ;
#4971 = CARTESIAN_POINT ( 'NONE',  ( -0.1278528624237962041, 0.007002198103009928121, -0.006728968383848614454 ) ) ;
#4972 = EDGE_CURVE ( 'NONE', #2967, #5659, #6830, .T. ) ;
#4973 = CARTESIAN_POINT ( 'NONE',  ( 0.003646299416538464726, 0.009456154402577927193, -0.001380806280119722387 ) ) ;
#4974 = CARTESIAN_POINT ( 'NONE',  ( 0.002297559191816004286, 0.01102491037094872027, -0.0005332691653146838778 ) ) ;
#4975 = CARTESIAN_POINT ( 'NONE',  ( -0.002924677319789921633, 0.009535865946108709745, 0.0008020259638811273045 ) ) ;
#4976 = AXIS2_PLACEMENT_3D ( 'NONE', #3669, #4293, #2071 ) ;
#4977 = EDGE_CURVE ( 'NONE', #6277, #253, #5962, .T. ) ;
#4978 = CARTESIAN_POINT ( 'NONE',  ( -0.002727091995226881005, 0.009773277201069754949, -0.0009400284053367541576 ) ) ;
#4979 = CARTESIAN_POINT ( 'NONE',  ( -0.005083000731843592516, 0.002458817224321815757, -0.003647276870701889571 ) ) ;
#4980 = DIRECTION ( 'NONE',  ( -1.000000000000000000, 0.000000000000000000, 0.000000000000000000 ) ) ;
#4981 = CARTESIAN_POINT ( 'NONE',  ( 0.004013121271743879705, 0.008964000266788946583, 0.0004477753070320720499 ) ) ;
#4982 = CARTESIAN_POINT ( 'NONE',  ( -0.1299999999999999767, 0.001072457435249923310, -0.01786584610186357780 ) ) ;
#4983 = CIRCLE ( 'NONE', #3884, 0.02781451190476182805 ) ;
#4984 = DIRECTION ( 'NONE',  ( 0.000000000000000000, 0.000000000000000000, -1.000000000000000000 ) ) ;
#4985 = ORIENTED_EDGE ( 'NONE', *, *, #978, .T. ) ;
#4986 = CARTESIAN_POINT ( 'NONE',  ( -0.002300783562989971304, 0.01058919875442614587, -0.0009253182353800216324 ) ) ;
#4987 = CARTESIAN_POINT ( 'NONE',  ( -0.002884438135928730530, 0.02225040000000000351, -0.0002540000000000004277 ) ) ;
#4988 = CARTESIAN_POINT ( 'NONE',  ( 0.002287428891956026604, 0.01095979755267678657, 0.0006268001692697154886 ) ) ;
#4989 = CARTESIAN_POINT ( 'NONE',  ( 0.000000000000000000, 0.005587999999999999218, 0.000000000000000000 ) ) ;
#4990 = CARTESIAN_POINT ( 'NONE',  ( 0.006442150450771642889, 0.007936155486813357279, -0.004108467253977740943 ) ) ;
#4991 = CARTESIAN_POINT ( 'NONE',  ( -0.002329923595958884042, 0.01015672691725862976, 0.001015999999999998024 ) ) ;
#4992 = CARTESIAN_POINT ( 'NONE',  ( 0.1299964112898304436, 0.005929731144460643685, 0.008915638833485665937 ) ) ;
#4993 = CARTESIAN_POINT ( 'NONE',  ( -0.002032000000004162421, 0.01117600000000831817, -1.059639207150322950E-15 ) ) ;
#4994 = CARTESIAN_POINT ( 'NONE',  ( 0.005231993761097588486, 0.002623194066334079855, 0.003430126943366080053 ) ) ;
#4995 = ORIENTED_EDGE ( 'NONE', *, *, #656, .F. ) ;
#4996 = CARTESIAN_POINT ( 'NONE',  ( -0.004636094515475727533, 0.007939092956796034786, 0.004191559632175558513 ) ) ;
#4997 = CARTESIAN_POINT ( 'NONE',  ( -0.003006105372490364309, 0.01070154734489077789, -0.001798175616790393446 ) ) ;
#4998 = CARTESIAN_POINT ( 'NONE',  ( 0.003008480451543160943, 0.01069384864008732922, 0.001799321750254022096 ) ) ;
#4999 = CARTESIAN_POINT ( 'NONE',  ( -0.002341819305917676799, 0.01015018309780834661, -0.001015952571939930400 ) ) ;
#5000 = CLOSED_SHELL ( 'NONE', ( #910, #3149, #2579, #1124, #2937, #6660, #6944, #3114, #1757, #5178, #100, #4686, #4251, #6129, #852, #6126, #3914, #5615, #1924, #4009, #2095, #6004, #5350, #2929, #5105, #1257, #3561, #520, #6821 ) ) ;
#5001 = CARTESIAN_POINT ( 'NONE',  ( 0.002939236970731764521, 0.009519496308384224961, -0.0007887246116273425017 ) ) ;
#5002 = CYLINDRICAL_SURFACE ( 'NONE', #3322, 0.002552700000000011037 ) ;
#5003 = CARTESIAN_POINT ( 'NONE',  ( 0.001893223174096464760, 0.0008094025270839204280, 0.005997139495345190502 ) ) ;
#5004 = CARTESIAN_POINT ( 'NONE',  ( -0.003153673557064123195, 0.01029781736579693865, 0.001814481734520973942 ) ) ;
#5005 = CARTESIAN_POINT ( 'NONE',  ( 0.002800301214593863344, 0.009681865496777001048, 0.0008965338244279054229 ) ) ;
#5006 = ORIENTED_EDGE ( 'NONE', *, *, #1204, .T. ) ;
#5007 = CARTESIAN_POINT ( 'NONE',  ( 0.1295756073997277880, 0.006064465021372365469, 0.008245933538170348992 ) ) ;
#5008 = PRODUCT_DEFINITION_SHAPE ( 'NONE', 'NONE',  #2709 ) ;
#5009 = CARTESIAN_POINT ( 'NONE',  ( 0.002284863800354713752, 0.01070412692447362570, 0.0008586992225888723414 ) ) ;
#5010 = CARTESIAN_POINT ( 'NONE',  ( -0.09566273219638189718, 0.009950183982236848745, 0.001298869373191878680 ) ) ;
#5011 = CARTESIAN_POINT ( 'NONE',  ( 0.0002539999999999999940, 0.005588000000000000085, 0.0002539999999999998856 ) ) ;
#5012 = CARTESIAN_POINT ( 'NONE',  ( -0.002468811874218818873, 0.01015999986950846465, 0.001015999683797368623 ) ) ;
#5013 = CARTESIAN_POINT ( 'NONE',  ( -0.002596990210633545303, 0.009951747528474936058, -0.0009945514417541141770 ) ) ;
#5014 = ADVANCED_FACE ( 'NONE', ( #6570 ), #2827, .T. ) ;
#5015 = CARTESIAN_POINT ( 'NONE',  ( -0.004301997297838747701, 0.001642117958166960717, -0.004752717630180635158 ) ) ;
#5016 = DIRECTION ( 'NONE',  ( 9.484135310589723205E-16, 1.000000000000000000, -0.000000000000000000 ) ) ;
#5017 = CARTESIAN_POINT ( 'NONE',  ( 0.005872244926915133612, 0.006831788524322553353, -0.002400906963287840080 ) ) ;
#5018 = FILL_AREA_STYLE_COLOUR ( '', #3106 ) ;
#5019 = CARTESIAN_POINT ( 'NONE',  ( -0.0002540000000000001566, 0.000000000000000000, -0.001451138256679908051 ) ) ;
#5020 = ORIENTED_EDGE ( 'NONE', *, *, #5786, .T. ) ;
#5021 = B_SPLINE_CURVE_WITH_KNOTS ( 'NONE', 3,
 ( #1078, #1148, #549, #2696, #4828, #2734, #6439, #626, #3786, #1628, #6548, #5906, #1045, #1740 ),
 .UNSPECIFIED., .F., .F.,
 ( 4, 1, 1, 1, 1, 1, 1, 1, 1, 1, 1, 4 ),
 ( 0.03385201378401994643, 0.09375000000000000000, 0.1536846834549344121, 0.1562500000000000000, 0.2187500000000000000, 0.3125000000000000000, 0.3750000000000000000, 0.3846922576685049000, 0.4062500000000000000, 0.4375000000000000000, 0.6250000000000000000, 1.000000000000000000 ),
 .UNSPECIFIED. ) ;
#5022 = CARTESIAN_POINT ( 'NONE',  ( -0.003060044795929984292, 0.01189177250905138448, -0.0001416542201078231449 ) ) ;
#5023 = CARTESIAN_POINT ( 'NONE',  ( 0.002332742671192395995, 0.01116675288138320628, 0.0001378481489333439143 ) ) ;
#5024 = CARTESIAN_POINT ( 'NONE',  ( 0.0002539999999999995603, 0.001693388050948602640, 0.003597906215379685115 ) ) ;
#5025 = CARTESIAN_POINT ( 'NONE',  ( 0.01860808025716055927, 0.007893010740934678846, -0.003104032832829683314 ) ) ;
#5026 = CARTESIAN_POINT ( 'NONE',  ( 0.001728005892970464188, 0.0008532082051161608664, 0.006018920132085805487 ) ) ;
#5027 = CARTESIAN_POINT ( 'NONE',  ( 0.1298351090302455046, 0.005840060448610053835, 0.008729977206384633218 ) ) ;
#5028 = CARTESIAN_POINT ( 'NONE',  ( 0.005830663600653827709, 0.003491797792982075446, 0.002313119394418843705 ) ) ;
#5029 = VERTEX_POINT ( 'NONE', #66 ) ;
#5030 = CARTESIAN_POINT ( 'NONE',  ( -0.004610106925833997241, 0.007947922451334127683, 0.004220319455391103453 ) ) ;
#5031 = CARTESIAN_POINT ( 'NONE',  ( 0.003029837992353962527, 0.01180946967019846049, 0.0006329094046391120065 ) ) ;
#5032 = DIRECTION ( 'NONE',  ( 9.484135310589723205E-16, 1.000000000000000000, -0.000000000000000000 ) ) ;
#5033 = CARTESIAN_POINT ( 'NONE',  ( 0.004833698708431114106, 0.002258305033533965049, 0.004045615621969601491 ) ) ;
#5034 = CARTESIAN_POINT ( 'NONE',  ( -0.003376848471845883548, 0.009872351103409265222, 0.001684665011216193026 ) ) ;
#5035 = CARTESIAN_POINT ( 'NONE',  ( 0.002733675959443587159, 0.009765084238310198228, 0.0009361284295118467089 ) ) ;
#5036 = EDGE_LOOP ( 'NONE', ( #3172, #6843, #1882, #722, #6259, #2860 ) ) ;
#5037 = CARTESIAN_POINT ( 'NONE',  ( 0.1298865482567295726, 0.005774473721695551863, 0.008884714991462455691 ) ) ;
#5038 = AXIS2_PLACEMENT_3D ( 'NONE', #5192, #1385, #6778 ) ;
#5039 = CARTESIAN_POINT ( 'NONE',  ( 0.002278810062679304492, 0.01081587135034012270, 0.0007761412928415644145 ) ) ;
#5040 = CARTESIAN_POINT ( 'NONE',  ( -0.1259192353503729711, 0.007813835056900558795, -0.003873761403877166391 ) ) ;
#5041 = CARTESIAN_POINT ( 'NONE',  ( 0.003954250593981114593, 0.000000000000000000, -0.0002540000000000002651 ) ) ;
#5042 = CARTESIAN_POINT ( 'NONE',  ( 0.1057098588303565512, 0.009702949829792273731, 0.0001356383782765374451 ) ) ;
#5043 = CARTESIAN_POINT ( 'NONE',  ( -0.002280057574862370210, 0.01087500605495848524, -0.0007220290320036008413 ) ) ;
#5044 = CONICAL_SURFACE ( 'NONE', #1467, 0.002552700000000010169, 1.029744258676654090 ) ;
#5045 = CARTESIAN_POINT ( 'NONE',  ( -0.1030797572358927577, 0.009840385881072687135, 0.0002765426560826824407 ) ) ;
#5046 = CIRCLE ( 'NONE', #2605, 0.001650999999999998389 ) ;
#5047 = CARTESIAN_POINT ( 'NONE',  ( -0.1299999999999999767, 0.002881910083708864607, -0.01528510080168152957 ) ) ;
#5048 = CARTESIAN_POINT ( 'NONE',  ( 0.004049490100813452412, 0.008918031395498352693, -9.106401191093520427E-05 ) ) ;
#5049 = PLANE ( 'NONE',  #242 ) ;
#5050 = ORIENTED_EDGE ( 'NONE', *, *, #2051, .F. ) ;
#5051 = CARTESIAN_POINT ( 'NONE',  ( -0.002953602712307566280, 0.01150664724053125990, -0.001262051093753503586 ) ) ;
#5052 = CARTESIAN_POINT ( 'NONE',  ( 0.002301448367630593711, 0.01059867453915427742, -0.0009165810253048320942 ) ) ;
#5053 = CARTESIAN_POINT ( 'NONE',  ( 0.02279801190476180364, 0.001650999999999957406, 0.000000000000000000 ) ) ;
#5054 = CARTESIAN_POINT ( 'NONE',  ( 0.06599777678203176678, 0.01038740599549187009, -0.004232842737178545318 ) ) ;
#5055 = CARTESIAN_POINT ( 'NONE',  ( 0.001348694731337154356, 0.0008508732707223393317, 0.006102747129093864450 ) ) ;
#5056 = CARTESIAN_POINT ( 'NONE',  ( 0.1301339208192020536, 0.005744880693055027382, 0.009265322177031330014 ) ) ;
#5057 = CARTESIAN_POINT ( 'NONE',  ( 0.003343331381802261415, 0.001199689290778544566, 0.005477245191539367210 ) ) ;
#5058 = ORIENTED_EDGE ( 'NONE', *, *, #1204, .F. ) ;
#5059 = DIRECTION ( 'NONE',  ( -0.000000000000000000, -1.000000000000000000, -0.000000000000000000 ) ) ;
#5060 = CARTESIAN_POINT ( 'NONE',  ( -0.003281825197301978941, 0.001267248944294634789, -0.005327656382589667471 ) ) ;
#5061 = CARTESIAN_POINT ( 'NONE',  ( 0.002976543580925959144, 0.01162358606056305109, 0.001082721945118897237 ) ) ;
#5062 = DIRECTION ( 'NONE',  ( 9.484135310589723205E-16, 1.000000000000000000, -0.000000000000000000 ) ) ;
#5063 = CYLINDRICAL_SURFACE ( 'NONE', #6271, 0.005918200000000010605 ) ;
#5064 = CARTESIAN_POINT ( 'NONE',  ( 0.002986698643410048200, 0.01077694745533394963, -0.001779820914166272946 ) ) ;
#5065 = CARTESIAN_POINT ( 'NONE',  ( 0.006186469435841090644, 0.004658724342312071422, 0.001362973362492627891 ) ) ;
#5066 = CARTESIAN_POINT ( 'NONE',  ( -0.003075424107654293245, 0.01048787753045566165, 0.001823624347193772898 ) ) ;
#5067 = CARTESIAN_POINT ( 'NONE',  ( 0.003202577544566698881, 0.009239024175388245788, -0.0004292029978340658643 ) ) ;
#5068 = ORIENTED_EDGE ( 'NONE', *, *, #1074, .F. ) ;
#5069 = FACE_OUTER_BOUND ( 'NONE', #4839, .T. ) ;
#5070 = CARTESIAN_POINT ( 'NONE',  ( 0.002746454335702964728, 0.009748754545562475504, -0.0009291691190473695986 ) ) ;
#5071 = CARTESIAN_POINT ( 'NONE',  ( -0.1252098022554089529, 0.007458870567258875546, -0.005245027366326975894 ) ) ;
#5072 = DIRECTION ( 'NONE',  ( 0.000000000000000000, 1.000000000000000000, 0.000000000000000000 ) ) ;
#5073 = CARTESIAN_POINT ( 'NONE',  ( 0.07923661467528071711, 0.01049948552543668312, -0.002885361775511933666 ) ) ;
#5074 = CARTESIAN_POINT ( 'NONE',  ( -0.002331638798992262136, 0.01116318375790659005, -0.0001618097939724984062 ) ) ;
#5075 = CARTESIAN_POINT ( 'NONE',  ( -0.1277989808283763462, 0.007024624151863867114, -0.006682156025585431203 ) ) ;
#5076 = CARTESIAN_POINT ( 'NONE',  ( -0.0002540000000000001566, 0.005588000000000000085, -0.0002540000000000001024 ) ) ;
#5077 = CARTESIAN_POINT ( 'NONE',  ( 0.003956700324351088149, 0.009036138208909572783, 0.0007006498132295811351 ) ) ;
#5078 = CARTESIAN_POINT ( 'NONE',  ( -0.1295756073997279545, 0.006064465021372359398, -0.008245933538169460814 ) ) ;
#5079 = CARTESIAN_POINT ( 'NONE',  ( -0.004525522084764929155, 0.007796949741672827387, 0.004352295792288607065 ) ) ;
#5080 = AXIS2_PLACEMENT_3D ( 'NONE', #3611, #6323, #4165 ) ;
#5081 = EDGE_LOOP ( 'NONE', ( #785, #6613, #1430, #1940 ) ) ;
#5082 = SHAPE_REPRESENTATION_RELATIONSHIP ( 'NONE' , 'NONE' ,  #4881, #1182 ) ;
#5083 = CARTESIAN_POINT ( 'NONE',  ( -0.002937107888633739942, 0.01108534699045246423, -0.001647551463401312685 ) ) ;
#5084 = CARTESIAN_POINT ( 'NONE',  ( 0.002301649967934112865, 0.01104605491231540511, -0.0004974550259144378591 ) ) ;
#5085 = DIRECTION ( 'NONE',  ( 0.000000000000000000, 1.000000000000000000, 0.000000000000000000 ) ) ;
#5086 = AXIS2_PLACEMENT_3D ( 'NONE', #5584, #5476, #6109 ) ;
#5087 = CARTESIAN_POINT ( 'NONE',  ( 0.05783088333480507215, 0.01011232452770871246, -0.003864419260091864292 ) ) ;
#5088 = CARTESIAN_POINT ( 'NONE',  ( 0.06273769577148792520, -0.001455131271292824926, 0.02556509721400784807 ) ) ;
#5089 = CARTESIAN_POINT ( 'NONE',  ( -0.002926991794150663514, 0.01118732792860691223, 0.001594042690389507657 ) ) ;
#5090 = ORIENTED_EDGE ( 'NONE', *, *, #4583, .T. ) ;
#5091 = CARTESIAN_POINT ( 'NONE',  ( -0.0002540000000000002109, 0.005080000000000001181, 0.002884438135928730530 ) ) ;
#5092 = CARTESIAN_POINT ( 'NONE',  ( -0.004788216862284970510, 0.002284167036999564145, -0.004025517040211787183 ) ) ;
#5093 = CARTESIAN_POINT ( 'NONE',  ( 0.002997223671224783035, 0.01170457950002424738, -0.0009229790522014124504 ) ) ;
#5094 = CARTESIAN_POINT ( 'NONE',  ( -0.003061339652629327043, 0.01189507120221239625, -1.799449169056443702E-15 ) ) ;
#5095 = EDGE_CURVE ( 'NONE', #5201, #5302, #4640, .T. ) ;
#5096 = CARTESIAN_POINT ( 'NONE',  ( 0.003996945766211892556, 0.008984576217179605223, 0.0005336016481677808166 ) ) ;
#5097 = CARTESIAN_POINT ( 'NONE',  ( -2.022319465497210922E-20, 0.01267867681766160839, 0.000000000000000000 ) ) ;
#5098 = CARTESIAN_POINT ( 'NONE',  ( 0.006185141756784376388, 0.005152516158725219814, 0.0009302647908473118824 ) ) ;
#5099 = CARTESIAN_POINT ( 'NONE',  ( 0.1119656575324873143, 0.009343945481123024435, 0.0002237065350423142213 ) ) ;
#5100 = CARTESIAN_POINT ( 'NONE',  ( 0.003508804095010532777, 0.009659842293826409465, -0.001556953248939392997 ) ) ;
#5101 = CARTESIAN_POINT ( 'NONE',  ( -0.003783315149078851029, 0.009265086096615292657, 0.001150375523169305109 ) ) ;
#5102 = CARTESIAN_POINT ( 'NONE',  ( 0.09835368432511408521, 0.009852688633859997547, -0.0009633268219283513609 ) ) ;
#5103 = ORIENTED_EDGE ( 'NONE', *, *, #6855, .T. ) ;
#5104 = CARTESIAN_POINT ( 'NONE',  ( -0.05303068498432543521, -0.0005186699241482085106, -0.02047947723571179324 ) ) ;
#5105 = ADVANCED_FACE ( 'NONE', ( #4331 ), #1381, .T. ) ;
#5106 = CARTESIAN_POINT ( 'NONE',  ( 0.002710449282682731581, 0.009795113535588486145, -0.0009482596651108020618 ) ) ;
#5107 = CARTESIAN_POINT ( 'NONE',  ( 0.002296573956489997119, 0.01101960177122544501, -0.0005418834381610402760 ) ) ;
#5108 = CARTESIAN_POINT ( 'NONE',  ( -0.1299903952031215837, 0.005937486408667507452, -0.008901540142209915171 ) ) ;
#5109 = CARTESIAN_POINT ( 'NONE',  ( 0.002287617362608708720, 0.01096143008174002738, 0.0006248300953703046908 ) ) ;
#5110 = CARTESIAN_POINT ( 'NONE',  ( 0.06592355659768887877, 0.01046065497202371131, -0.003615539989286766301 ) ) ;
#5111 = CARTESIAN_POINT ( 'NONE',  ( -0.002278886355060904222, 0.01083682806084576046, -0.0007579348224298869266 ) ) ;
#5112 = CARTESIAN_POINT ( 'NONE',  ( -0.01320202681189987237, 0.007694907025469364427, 0.003546999458903818056 ) ) ;
#5113 = CARTESIAN_POINT ( 'NONE',  ( 0.003030058718413258106, 0.01062113675028787153, 0.001811725691934608059 ) ) ;
#5114 = CARTESIAN_POINT ( 'NONE',  ( -0.004643745105038708972, 0.007741020651064483074, 0.004287909438224506500 ) ) ;
#5115 = CARTESIAN_POINT ( 'NONE',  ( -0.003236002131905225867, 0.009205245098276072097, -0.0003478284822952928458 ) ) ;
#5116 = ADVANCED_FACE ( 'NONE', ( #395, #323 ), #5747, .T. ) ;
#5117 = EDGE_LOOP ( 'NONE', ( #5881, #643 ) ) ;
#5118 = CARTESIAN_POINT ( 'NONE',  ( -0.003043948126255024544, 0.01184930182052831155, 0.0004671128488185078819 ) ) ;
#5119 = CARTESIAN_POINT ( 'NONE',  ( 0.002467743318293942525, 0.01016130842153028895, -0.001016509086354493727 ) ) ;
#5120 = CARTESIAN_POINT ( 'NONE',  ( 0.03742640991785978893, 0.009343799877417046859, -0.004372923610182250995 ) ) ;
#5121 = B_SPLINE_SURFACE_WITH_KNOTS ( 'NONE', 3, 3, ( 
 ( #1550, #32, #3219, #6391, #1688, #5859, #471, #6497, #68, #2722, #1585, #3254, #4369, #4784 ),
 ( #1171, #4333, #3739, #3850, #1137, #3291, #2759, #5407, #5370, #612, #4751, #2078, #4885, #5335 ),
 ( #538, #2030, #4228, #2153, #2684, #1068, #4300, #5296, #4813, #5967, #3183, #5262, #575, #5825 ),
 ( #4850, #1032, #6425, #2654, #2619, #1619, #6879, #3775, #3807, #5931, #2189, #6355, #6462, #3706 ) ),
 .UNSPECIFIED., .F., .F., .F.,
 ( 4, 4 ),
 ( 4, 1, 1, 1, 1, 1, 1, 1, 1, 1, 1, 4 ),
 ( 0.000000000000000000, 1.000000000000000000 ),
 ( 0.000000000000000000, 0.09375000000000000000, 0.1536846834549344121, 0.1562500000000000000, 0.2187500000000000000, 0.3125000000000000000, 0.3750000000000000000, 0.3846922576685049000, 0.4062500000000000000, 0.4375000000000000000, 0.6250000000000000000, 1.000000000000000000 ),
 .UNSPECIFIED. ) ;
#5122 = CARTESIAN_POINT ( 'NONE',  ( -0.004983852337304323782, 0.002148807765724258280, -0.004032258583745966865 ) ) ;
#5123 = CARTESIAN_POINT ( 'NONE',  ( -3.535946519806132954E-17, 0.002004102643982963970, 0.005063676669939946862 ) ) ;
#5124 = ORIENTED_EDGE ( 'NONE', *, *, #1459, .F. ) ;
#5125 = CARTESIAN_POINT ( 'NONE',  ( -0.002335934509862728006, 0.01117691742347245651, -1.451417200772872752E-05 ) ) ;
#5126 = CARTESIAN_POINT ( 'NONE',  ( -0.002464854691658534963, 0.0009880259469009777806, -0.005752003532490336003 ) ) ;
#5127 = CARTESIAN_POINT ( 'NONE',  ( 0.003381468674338819046, 0.009864559358762133023, -0.001680787207383171175 ) ) ;
#5128 = SPHERICAL_SURFACE ( 'NONE', #625, 0.002981341975184092965 ) ;
#5129 = CARTESIAN_POINT ( 'NONE',  ( 0.003971271928541160803, 0.009017405695926485748, 0.0006456119724665793048 ) ) ;
#5130 = ORIENTED_EDGE ( 'NONE', *, *, #1342, .T. ) ;
#5131 = CARTESIAN_POINT ( 'NONE',  ( 0.000000000000000000, 0.005588000000000000085, 0.000000000000000000 ) ) ;
#5132 = CARTESIAN_POINT ( 'NONE',  ( 0.003272703928879602212, 0.009168521230953616263, 0.0002225229692702600367 ) ) ;
#5133 = CARTESIAN_POINT ( 'NONE',  ( -0.004019813836287429616, 0.008955497057262288424, -0.0004099051101662089594 ) ) ;
#5134 = CARTESIAN_POINT ( 'NONE',  ( 0.002342384831631267195, 0.01001527709505118692, -0.001014649008101703182 ) ) ;
#5135 = ADVANCED_FACE ( 'NONE', ( #4054 ), #1461, .T. ) ;
#5136 = CARTESIAN_POINT ( 'NONE',  ( 0.002320076089559583183, 0.01112335867846722844, -0.0003232568059403213801 ) ) ;
#5137 = CARTESIAN_POINT ( 'NONE',  ( -0.002665403540881416695, 0.009855092475544486794, 0.0009692940046771212053 ) ) ;
#5138 = CARTESIAN_POINT ( 'NONE',  ( -0.1298733415520824108, 0.005791040625883060559, -0.008845815497747877565 ) ) ;
#5139 = FACE_OUTER_BOUND ( 'NONE', #2836, .T. ) ;
#5140 = ORIENTED_EDGE ( 'NONE', *, *, #2847, .F. ) ;
#5141 = CARTESIAN_POINT ( 'NONE',  ( 0.02733528151663348893, 0.008360819809663175284, -0.003019083333255961118 ) ) ;
#5142 = AXIS2_PLACEMENT_3D ( 'NONE', #6700, #4980, #1788 ) ;
#5143 = CARTESIAN_POINT ( 'NONE',  ( -0.002383906786629084659, 0.01033488302020880642, -0.001000975064616756042 ) ) ;
#5144 = CIRCLE ( 'NONE', #2246, 0.002031999999999999085 ) ;
#5145 = CARTESIAN_POINT ( 'NONE',  ( -0.006445297981200014473, 0.007745091019227381794, 0.004149875311456741392 ) ) ;
#5146 = CARTESIAN_POINT ( 'NONE',  ( 0.003306262453823135238, 0.009994949571708988678, 0.001738758094990265190 ) ) ;
#5147 = SURFACE_STYLE_USAGE ( .BOTH. , #1824 ) ;
#5148 = CARTESIAN_POINT ( 'NONE',  ( -0.004580854028138493794, 0.007757288769171855752, 0.004322597810206912916 ) ) ;
#5149 = CARTESIAN_POINT ( 'NONE',  ( 0.003241398377801033882, 0.003386741698954053893, -0.0002540000000000002109 ) ) ;
#5150 = ORIENTED_EDGE ( 'NONE', *, *, #614, .T. ) ;
#5151 = VECTOR ( 'NONE', #2965, 1.000000000000000000 ) ;
#5152 = CIRCLE ( 'NONE', #3053, 0.003962399999999999603 ) ;
#5153 = CARTESIAN_POINT ( 'NONE',  ( -0.003048689488528078060, 0.01186210571997283261, -0.0003978620385676520221 ) ) ;
#5154 = CARTESIAN_POINT ( 'NONE',  ( 0.002321550932043183867, 0.01112870908973647398, -0.0003068483097994549429 ) ) ;
#5155 = CARTESIAN_POINT ( 'NONE',  ( 0.04564947883147529861, 0.009606150176278433622, -0.003808421215437696964 ) ) ;
#5156 = AXIS2_PLACEMENT_3D ( 'NONE', #4151, #5810, #1573 ) ;
#5157 = CARTESIAN_POINT ( 'NONE',  ( 0.000000000000000000, 9.999999999999939493E-05, 0.000000000000000000 ) ) ;
#5158 = CARTESIAN_POINT ( 'NONE',  ( 0.05301705031603124590, -0.0008450581136781314551, 0.02099197204913928055 ) ) ;
#5159 = CARTESIAN_POINT ( 'NONE',  ( -0.002341819305917676799, 0.01015018309780834661, 0.001015952571939930400 ) ) ;
#5160 = ORIENTED_EDGE ( 'NONE', *, *, #3102, .F. ) ;
#5161 = CARTESIAN_POINT ( 'NONE',  ( -0.002317747781596804415, 0.01111466734861992975, -0.0003478587965825951224 ) ) ;
#5162 = CARTESIAN_POINT ( 'NONE',  ( 0.0002539999999999999940, 0.005080000000000001181, -0.002884438135928730530 ) ) ;
#5163 = CARTESIAN_POINT ( 'NONE',  ( 0.003470636356196602629, 0.009719519507629489907, -0.001597310287970711735 ) ) ;
#5164 = CARTESIAN_POINT ( 'NONE',  ( 0.003058739815433263003, 0.009388678591500707049, -0.0006613012057985512586 ) ) ;
#5165 = CARTESIAN_POINT ( 'NONE',  ( 0.004030389538041473027, 0.008942124063310959853, -0.0003312879593768117050 ) ) ;
#5166 = DIRECTION ( 'NONE',  ( 0.000000000000000000, 0.000000000000000000, 1.000000000000000000 ) ) ;
#5167 = CARTESIAN_POINT ( 'NONE',  ( 0.005476125705675513773, 0.007808242378742710765, -0.003258953480441726964 ) ) ;
#5168 = CARTESIAN_POINT ( 'NONE',  ( 0.002523469016626391209, 0.01006514095996713549, 0.001012058519479625907 ) ) ;
#5169 = CARTESIAN_POINT ( 'NONE',  ( -0.003051040656470974024, 0.009396822173043025209, -0.0006714272012836451815 ) ) ;
#5170 = CARTESIAN_POINT ( 'NONE',  ( -0.04595473084257698654, 0.009802317967478013996, 0.004513307731655695487 ) ) ;
#5171 = CARTESIAN_POINT ( 'NONE',  ( 0.002355624851305648977, 0.01040716517801884219, -0.0009856212503341300543 ) ) ;
#5172 = EDGE_CURVE ( 'NONE', #3116, #4612, #6127, .T. ) ;
#5173 = CARTESIAN_POINT ( 'NONE',  ( -0.002876475065354906682, 0.009591095495024881332, 0.0008423496998887529050 ) ) ;
#5174 = CARTESIAN_POINT ( 'NONE',  ( -0.1283572795164235059, 0.006633875444302346665, -0.007058429578366038834 ) ) ;
#5175 = CARTESIAN_POINT ( 'NONE',  ( -0.003452957942434760862, 0.001265715187916231993, -0.005252063797436598049 ) ) ;
#5176 = VERTEX_POINT ( 'NONE', #3629 ) ;
#5177 = CARTESIAN_POINT ( 'NONE',  ( 0.000000000000000000, -0.001498506304391716837, 0.000000000000000000 ) ) ;
#5178 = ADVANCED_FACE ( 'NONE', ( #1252 ), #2020, .T. ) ;
#5179 = DIRECTION ( 'NONE',  ( -0.000000000000000000, -1.000000000000000000, -0.000000000000000000 ) ) ;
#5180 = CARTESIAN_POINT ( 'NONE',  ( 0.003257905222913232320, 0.01008443792746602924, 0.001769186230005808085 ) ) ;
#5181 = CARTESIAN_POINT ( 'NONE',  ( -0.002425265741110547730, 0.01024284071831074727, 0.001013436100410113321 ) ) ;
#5182 = CARTESIAN_POINT ( 'NONE',  ( 7.387681815856407387E-19, 0.001015999999999999976, 0.006032499999999999668 ) ) ;
#5183 = DIRECTION ( 'NONE',  ( 0.000000000000000000, 0.000000000000000000, -1.000000000000000000 ) ) ;
#5184 = EDGE_CURVE ( 'NONE', #6867, #6516, #3273, .T. ) ;
#5185 = ORIENTED_EDGE ( 'NONE', *, *, #1465, .F. ) ;
#5186 = CARTESIAN_POINT ( 'NONE',  ( -0.002934432071958663259, 0.01112395311358321467, 0.001623694013057517052 ) ) ;
#5187 = CARTESIAN_POINT ( 'NONE',  ( 0.002325712570083519632, 0.01114348909264952989, -0.0002572825464332784617 ) ) ;
#5188 = B_SPLINE_CURVE_WITH_KNOTS ( 'NONE', 3,
 ( #2829, #4550, #5024, #3886 ),
 .UNSPECIFIED., .F., .F.,
 ( 4, 4 ),
 ( 0.007917244418264276010, 0.01310866743548944925 ),
 .UNSPECIFIED. ) ;
#5189 = CARTESIAN_POINT ( 'NONE',  ( 0.03069393083012049092, 0.008932077155401504237, -0.004181209682788794221 ) ) ;
#5190 = CARTESIAN_POINT ( 'NONE',  ( -0.005886985839374774508, 0.003357017069040544449, -0.002468144199579326396 ) ) ;
#5191 = CARTESIAN_POINT ( 'NONE',  ( 0.02978125322163850675, 0.003593040637191406879, 0.004575598783114915961 ) ) ;
#5192 = CARTESIAN_POINT ( 'NONE',  ( -1.204485184444895089E-17, 0.01046305122213599982, 0.000000000000000000 ) ) ;
#5193 = UNCERTAINTY_MEASURE_WITH_UNIT (LENGTH_MEASURE( 1.000000000000000082E-05 ), #4579, 'distance_accuracy_value', 'NONE');
#5194 = ORIENTED_EDGE ( 'NONE', *, *, #5997, .F. ) ;
#5195 = DIRECTION ( 'NONE',  ( 0.000000000000000000, 0.000000000000000000, 1.000000000000000000 ) ) ;
#5196 = CARTESIAN_POINT ( 'NONE',  ( -0.001259301152305724670, 0.0008491831240098129344, -0.006121818406960593921 ) ) ;
#5197 = VECTOR ( 'NONE', #2180, 1.000000000000000000 ) ;
#5198 = CARTESIAN_POINT ( 'NONE',  ( 0.002957555013358233956, 0.01153008359787654515, -0.001229809224206425237 ) ) ;
#5199 = CARTESIAN_POINT ( 'NONE',  ( 0.001650999999999998606, 0.01168399999999999994, 2.021891865392279179E-19 ) ) ;
#5200 = CARTESIAN_POINT ( 'NONE',  ( 0.004050347132878839157, 0.008916953101947181631, -6.096177328289460056E-05 ) ) ;
#5201 = VERTEX_POINT ( 'NONE', #4993 ) ;
#5202 = CARTESIAN_POINT ( 'NONE',  ( 0.002879730864603377658, 0.009587441940680679550, 0.0008394503833385082289 ) ) ;
#5203 = CARTESIAN_POINT ( 'NONE',  ( -0.002290028934948476220, 0.01066514813555990808, 0.0008816948468796001167 ) ) ;
#5204 = CARTESIAN_POINT ( 'NONE',  ( -0.003998722054705420442, 0.008982311470994692668, -0.0005248941447750930973 ) ) ;
#5205 = AXIS2_PLACEMENT_3D ( 'NONE', #5694, #4624, #2586 ) ;
#5206 = CARTESIAN_POINT ( 'NONE',  ( 0.1103799020569017492, 0.009397616450939930491, 0.0009913436372311931581 ) ) ;
#5207 = CARTESIAN_POINT ( 'NONE',  ( -0.02954458763929919060, 0.007785119534559170433, -0.0003634031287782288474 ) ) ;
#5208 = CARTESIAN_POINT ( 'NONE',  ( -0.003597906215379685115, 0.001693388050948601989, -0.0002540000000000004819 ) ) ;
#5209 = AXIS2_PLACEMENT_3D ( 'NONE', #3563, #2434, #321 ) ;
#5210 = CARTESIAN_POINT ( 'NONE',  ( 0.002306855622826303569, 0.01107030141629538472, -0.0004515623777515200303 ) ) ;
#5211 = CARTESIAN_POINT ( 'NONE',  ( -0.002279223990366031297, 0.01085944792331076242, 0.0007377190893356849700 ) ) ;
#5212 = CARTESIAN_POINT ( 'NONE',  ( -0.1298904954157403535, 0.005766758044078568353, -0.008904936856989956878 ) ) ;
#5213 = FACE_OUTER_BOUND ( 'NONE', #2121, .T. ) ;
#5214 = ORIENTED_EDGE ( 'NONE', *, *, #6936, .F. ) ;
#5215 = CARTESIAN_POINT ( 'NONE',  ( 6.127887653573426787E-19, 0.006959600000000000682, 0.005003799999999891668 ) ) ;
#5216 = CARTESIAN_POINT ( 'NONE',  ( 0.002940011462836093856, 0.01140551591830336886, -0.001385780552177038336 ) ) ;
#5217 = CARTESIAN_POINT ( 'NONE',  ( -0.002280251888343469164, 0.01087963659720106620, 0.0007175567489959564556 ) ) ;
#5218 = DIRECTION ( 'NONE',  ( 0.000000000000000000, 0.000000000000000000, -1.000000000000000000 ) ) ;
#5219 = EDGE_CURVE ( 'NONE', #1674, #2910, #14, .T. ) ;
#5220 = ORIENTED_EDGE ( 'NONE', *, *, #952, .F. ) ;
#5221 = APPLICATION_PROTOCOL_DEFINITION ( 'draft international standard', 'automotive_design', 1998, #6742 ) ;
#5222 = CARTESIAN_POINT ( 'NONE',  ( -0.002931945553696786808, 0.01127461209679984054, 0.001511551364526611237 ) ) ;
#5223 = CARTESIAN_POINT ( 'NONE',  ( 0.002956314486189399755, 0.009500347949454122226, -0.0007728906228045541666 ) ) ;
#5224 = CARTESIAN_POINT ( 'NONE',  ( -0.004027532072760030973, 0.008945466435453320111, 0.0004003742820065284255 ) ) ;
#5225 = CARTESIAN_POINT ( 'NONE',  ( -0.006239357457073723551, 0.006092512661138078760, 0.001196689787743798273 ) ) ;
#5226 = CARTESIAN_POINT ( 'NONE',  ( 0.05303068498432528949, -0.0005186699241482085106, 0.02047947723571216447 ) ) ;
#5227 = VERTEX_POINT ( 'NONE', #360 ) ;
#5228 = CARTESIAN_POINT ( 'NONE',  ( -0.005042727116971114538, 0.007919464560604815365, 0.003704318050489487871 ) ) ;
#5229 = CARTESIAN_POINT ( 'NONE',  ( 0.002936417298284053033, 0.01109425155469759804, -0.001642212544079286280 ) ) ;
#5230 = CARTESIAN_POINT ( 'NONE',  ( -9.027076867851186281E-34, 0.01270000000000000122, 0.000000000000000000 ) ) ;
#5231 = CARTESIAN_POINT ( 'NONE',  ( 0.004049490100813452412, 0.008918031395498352693, -9.106401191093520427E-05 ) ) ;
#5232 = CARTESIAN_POINT ( 'NONE',  ( 0.1240034598506478958, 0.007888362713918696187, 0.004749806638911647193 ) ) ;
#5233 = CARTESIAN_POINT ( 'NONE',  ( 0.003285567926547968212, 0.009155737371880438499, 0.0001549654586827016478 ) ) ;
#5234 = CARTESIAN_POINT ( 'NONE',  ( -0.002318416592999977908, 0.01052576602264832482, 0.0009480299556192959068 ) ) ;
#5235 = CARTESIAN_POINT ( 'NONE',  ( -0.003994509648430161382, 0.008987682254972531246, 0.0005452975101050846173 ) ) ;
#5236 = CARTESIAN_POINT ( 'NONE',  ( -0.004107415362522400665, 0.008618816613600569290, 0.002898724015767603461 ) ) ;
#5237 = CARTESIAN_POINT ( 'NONE',  ( 0.002580540886902587920, 0.009976152194143618132, -0.0009993849649723976405 ) ) ;
#5238 = CARTESIAN_POINT ( 'NONE',  ( -0.08720154580222808094, 0.01037353232320397008, 0.002189717430578449076 ) ) ;
#5239 = CARTESIAN_POINT ( 'NONE',  ( 0.002280218078016332198, 0.01076192556946825411, -0.0008192240939223348773 ) ) ;
#5240 = B_SPLINE_CURVE_WITH_KNOTS ( 'NONE', 3,
 ( #3673, #4782, #5789, #6876, #2112, #4260, #3737, #536, #2682, #1281, #3356, #3321, #4848, #3953 ),
 .UNSPECIFIED., .F., .F.,
 ( 4, 2, 2, 2, 2, 2, 4 ),
 ( 0.000000000000000000, 0.0003190044516962722474, 0.0003987555646203389133, 0.0004785066775444055251, 0.0005183822340064378822, 0.0005582577904684700226, 0.0006380089033925305086 ),
 .UNSPECIFIED. ) ;
#5241 = CARTESIAN_POINT ( 'NONE',  ( -0.002455741101695713049, 0.01018355810415810803, 0.001016239183790094850 ) ) ;
#5242 = CARTESIAN_POINT ( 'NONE',  ( -0.1302426901748674481, 0.005695183488613284745, -0.008681168914230397507 ) ) ;
#5243 = CARTESIAN_POINT ( 'NONE',  ( 0.000000000000000000, 0.02225040000000000351, 0.000000000000000000 ) ) ;
#5244 = ORIENTED_EDGE ( 'NONE', *, *, #5569, .F. ) ;
#5245 = CARTESIAN_POINT ( 'NONE',  ( -0.01737561495674360551, 0.008298934285632797794, 0.004195902101875912706 ) ) ;
#5246 = AXIS2_PLACEMENT_3D ( 'NONE', #5958, #532, #5326 ) ;
#5247 = CARTESIAN_POINT ( 'NONE',  ( 0.003061596625185977836, 0.01189572240626590206, -3.179207651715843701E-05 ) ) ;
#5248 = CARTESIAN_POINT ( 'NONE',  ( -0.002371993960894447969, 0.01036264263679022649, 0.0009964720082616281265 ) ) ;
#5249 = CARTESIAN_POINT ( 'NONE',  ( -0.004987470970016204437, 0.007468959342659063291, 0.003815240277439783077 ) ) ;
#5250 = VERTEX_POINT ( 'NONE', #6243 ) ;
#5251 = CARTESIAN_POINT ( 'NONE',  ( -0.003364204509163198561, 0.009893814050902843479, 0.001695038307418603651 ) ) ;
#5252 = AXIS2_PLACEMENT_3D ( 'NONE', #2861, #2756, #4480 ) ;
#5253 = CARTESIAN_POINT ( 'NONE',  ( 0.004579933844273335712, 0.007905921144328873287, -0.004323289478440933697 ) ) ;
#5254 = EDGE_CURVE ( 'NONE', #1222, #2668, #956, .T. ) ;
#5255 = FACE_OUTER_BOUND ( 'NONE', #2780, .T. ) ;
#5256 = CARTESIAN_POINT ( 'NONE',  ( -7.267490305760745353E-18, 0.005687855486936412540, 0.001040745975770953659 ) ) ;
#5257 = AXIS2_PLACEMENT_3D ( 'NONE', #2751, #5437, #5469 ) ;
#5258 = PRODUCT_DEFINITION_CONTEXT ( 'detailed design', #4114, 'design' ) ;
#5259 = ORIENTED_EDGE ( 'NONE', *, *, #1534, .F. ) ;
#5260 = CARTESIAN_POINT ( 'NONE',  ( -0.006346074075798627950, 0.006288359669725013604, 0.0006034219344604623871 ) ) ;
#5261 = CARTESIAN_POINT ( 'NONE',  ( 0.003764999550080872556, 0.009290133821019614171, -0.001184677287932901345 ) ) ;
#5262 = CARTESIAN_POINT ( 'NONE',  ( 0.09293689007689238946, 0.004333397402129251022, 0.01689187782048138034 ) ) ;
#5263 = AXIS2_PLACEMENT_3D ( 'NONE', #6761, #1816, #2465 ) ;
#5264 = CARTESIAN_POINT ( 'NONE',  ( 0.000000000000000000, 0.004334694754204434196, -0.001894832674326236066 ) ) ;
#5265 = CARTESIAN_POINT ( 'NONE',  ( 0.003602023144790964145, 0.001244838077611555485, 0.005116033384451278837 ) ) ;
#5266 = CARTESIAN_POINT ( 'NONE',  ( 0.1296793684110287004, 0.006219134463039639911, 0.008350692677399329175 ) ) ;
#5267 = CARTESIAN_POINT ( 'NONE',  ( 0.003264653786694002215, 0.009176544819493454019, 0.0002556609858173384620 ) ) ;
#5268 = CARTESIAN_POINT ( 'NONE',  ( -0.004028324287559505515, 0.008944731017132848128, -0.0003512157698373143296 ) ) ;
#5269 = CYLINDRICAL_SURFACE ( 'NONE', #5594, 0.002552700000000011037 ) ;
#5270 =( GEOMETRIC_REPRESENTATION_CONTEXT ( 3 ) GLOBAL_UNCERTAINTY_ASSIGNED_CONTEXT ( ( #3602 ) ) GLOBAL_UNIT_ASSIGNED_CONTEXT ( ( #6706, #6772, #1897 ) ) REPRESENTATION_CONTEXT ( 'NONE', 'WORKASPACE' ) );
#5271 = CARTESIAN_POINT ( 'NONE',  ( 0.002687450021483002958, 0.009825443942327306140, -0.0009593861951062849754 ) ) ;
#5272 = CARTESIAN_POINT ( 'NONE',  ( -0.005979122317841518638, 0.007744844914429263073, 0.004187566997727079111 ) ) ;
#5273 = CARTESIAN_POINT ( 'NONE',  ( -0.08985403380526675587, 0.01031585017115281382, 0.001929769718281465138 ) ) ;
#5274 = B_SPLINE_CURVE_WITH_KNOTS ( 'NONE', 3,
 ( #3204, #524, #5987, #1195 ),
 .UNSPECIFIED., .F., .F.,
 ( 4, 4 ),
 ( 0.000000000000000000, 0.9047166302141106398 ),
 .UNSPECIFIED. ) ;
#5275 = CARTESIAN_POINT ( 'NONE',  ( 0.002563856023001971195, 0.01000152479027832837, -0.001003688791452116711 ) ) ;
#5276 = CARTESIAN_POINT ( 'NONE',  ( -0.002491575561246204672, 0.01011883870894245141, 0.001015684566701296121 ) ) ;
#5277 = CARTESIAN_POINT ( 'NONE',  ( -0.1301865634197390265, 0.005371750542524573666, -0.009817535505665279244 ) ) ;
#5278 = DIRECTION ( 'NONE',  ( 0.000000000000000000, -0.000000000000000000, 1.000000000000000000 ) ) ;
#5279 = ORIENTED_EDGE ( 'NONE', *, *, #1247, .F. ) ;
#5280 = CARTESIAN_POINT ( 'NONE',  ( -0.002327331638278147541, 0.01114889640927021856, 0.0002337515366291035993 ) ) ;
#5281 = CARTESIAN_POINT ( 'NONE',  ( -0.04149036721534714311, 0.009580506763701396311, 0.004474101298874337898 ) ) ;
#5282 = CARTESIAN_POINT ( 'NONE',  ( 0.002931945260041330954, 0.01118283100939237128, -0.001583646352819262706 ) ) ;
#5283 = CARTESIAN_POINT ( 'NONE',  ( 0.1299999999999998657, 0.001072457435249923310, 0.01786584610186448679 ) ) ;
#5284 = CARTESIAN_POINT ( 'NONE',  ( -0.006227199430013606422, 0.004584647249125048570, -0.0007291612410159619426 ) ) ;
#5285 = EDGE_CURVE ( 'NONE', #4225, #1082, #5144, .T. ) ;
#5286 = EDGE_LOOP ( 'NONE', ( #2473, #1595, #3132, #197 ) ) ;
#5287 = SHAPE_DEFINITION_REPRESENTATION ( #1268, #5312 ) ;
#5288 = VERTEX_POINT ( 'NONE', #1965 ) ;
#5289 = CARTESIAN_POINT ( 'NONE',  ( -0.002933266849605165646, 0.01114619513709258491, 0.001609103664443582802 ) ) ;
#5290 = CARTESIAN_POINT ( 'NONE',  ( 0.002792053503226296206, 0.009691928877338605239, -0.0009018885796149349278 ) ) ;
#5291 = CARTESIAN_POINT ( 'NONE',  ( 0.001404488224300015587, 0.005588000000000000085, 0.0002539999999999998856 ) ) ;
#5292 = CARTESIAN_POINT ( 'NONE',  ( 0.01756029996261014234, 0.007414369570261522546, -0.001088935588565873198 ) ) ;
#5293 = VERTEX_POINT ( 'NONE', #4577 ) ;
#5294 = CARTESIAN_POINT ( 'NONE',  ( -0.005537321277351165902, 0.007806714503408749770, 0.002913476203622342858 ) ) ;
#5295 = CARTESIAN_POINT ( 'NONE',  ( 0.003123292591380687645, 0.009320587302561881768, -0.0005726258475219934497 ) ) ;
#5296 = CARTESIAN_POINT ( 'NONE',  ( 0.04641813849848640955, 0.003936173805662198689, 0.009641971191332473351 ) ) ;
#5297 = CARTESIAN_POINT ( 'NONE',  ( -0.004107415362522400665, 0.006351090971974351906, 0.0009556366808564145925 ) ) ;
#5298 = CARTESIAN_POINT ( 'NONE',  ( 0.004277247456663340469, 0.001599438915972384214, 0.004565758557828908555 ) ) ;
#5299 = CARTESIAN_POINT ( 'NONE',  ( 0.1226374622321215746, 0.008337425744873417158, 0.002687770112412792099 ) ) ;
#5300 = CARTESIAN_POINT ( 'NONE',  ( -0.002536116043786082550, 0.01004466865262014681, -0.001009926804137689996 ) ) ;
#5301 = CARTESIAN_POINT ( 'NONE',  ( 0.002342384968112341034, 0.01001524453752900175, 0.001014648693506298334 ) ) ;
#5302 = VERTEX_POINT ( 'NONE', #1440 ) ;
#5303 = AXIS2_PLACEMENT_3D ( 'NONE', #5157, #431, #4617 ) ;
#5304 = CARTESIAN_POINT ( 'NONE',  ( 0.004880277787112183296, 0.007950023068156796685, -0.004071141845211291056 ) ) ;
#5305 = EDGE_CURVE ( 'NONE', #4738, #926, #6164, .T. ) ;
#5306 = CARTESIAN_POINT ( 'NONE',  ( -0.006189393766297543280, 0.005177956979770991820, -0.0009009361160620959911 ) ) ;
#5307 = CARTESIAN_POINT ( 'NONE',  ( 0.003542679473390048048, 0.009594515293921860449, 0.001542954466921522307 ) ) ;
#5308 = CARTESIAN_POINT ( 'NONE',  ( 0.002467743318293942525, 0.01016130842153028895, -0.001016509086354493727 ) ) ;
#5309 = CIRCLE ( 'NONE', #6554, 0.002895600000000001645 ) ;
#5310 = VERTEX_POINT ( 'NONE', #2302 ) ;
#5311 = CARTESIAN_POINT ( 'NONE',  ( -0.003213151457615026196, 0.009228305882015407774, 0.0004055649893833238799 ) ) ;
#5312 = SHAPE_REPRESENTATION ( 'Propeller', ( #1572, #4278, #5156, #465, #2142 ), #6172 ) ;
#5313 = ADVANCED_FACE ( 'NONE', ( #3072 ), #4449, .T. ) ;
#5314 = CARTESIAN_POINT ( 'NONE',  ( -0.1301262071967580203, 0.005755844225156269041, -0.009247630882739254696 ) ) ;
#5315 = DIRECTION ( 'NONE',  ( -0.000000000000000000, 1.000000000000000000, -0.000000000000000000 ) ) ;
#5316 = LINE ( 'NONE', #3306, #809 ) ;
#5317 = EDGE_LOOP ( 'NONE', ( #2575, #4586, #4126, #548 ) ) ;
#5318 = CARTESIAN_POINT ( 'NONE',  ( 0.006036039503538917148, 0.007936070324823196048, -0.004144525239630931016 ) ) ;
#5319 = CARTESIAN_POINT ( 'NONE',  ( -0.04294685297505221322, 0.009435601607313080091, 0.003716055358455672922 ) ) ;
#5320 = CARTESIAN_POINT ( 'NONE',  ( 0.003017565602440582927, 0.01177243806575488036, 0.0007514376982240019267 ) ) ;
#5321 = CARTESIAN_POINT ( 'NONE',  ( -0.006249516656682395192, 0.005331344110616305192, 0.0002672863930836860322 ) ) ;
#5322 = ORIENTED_EDGE ( 'NONE', *, *, #5656, .T. ) ;
#5323 = APPLICATION_PROTOCOL_DEFINITION ( 'draft international standard', 'automotive_design', 1998, #1495 ) ;
#5324 = CARTESIAN_POINT ( 'NONE',  ( -0.002991711256142406961, 0.01168442285484127575, 0.0009663836180705845337 ) ) ;
#5325 = CARTESIAN_POINT ( 'NONE',  ( 0.002758464773753961045, 0.009733597306359680762, -0.0009223214058927554221 ) ) ;
#5326 = DIRECTION ( 'NONE',  ( 0.000000000000000000, 0.000000000000000000, -1.000000000000000000 ) ) ;
#5327 = EDGE_CURVE ( 'NONE', #5288, #5394, #2597, .T. ) ;
#5328 = DIRECTION ( 'NONE',  ( -0.000000000000000000, 1.000000000000000000, -0.000000000000000000 ) ) ;
#5329 = PLANE ( 'NONE',  #462 ) ;
#5330 = B_SPLINE_CURVE_WITH_KNOTS ( 'NONE', 3,
 ( #4017, #5540, #5047, #210 ),
 .UNSPECIFIED., .F., .F.,
 ( 4, 4 ),
 ( 0.1075172629733311958, 1.000000000000000000 ),
 .UNSPECIFIED. ) ;
#5331 = CARTESIAN_POINT ( 'NONE',  ( 0.004139964805134806365, 0.007854645106463329848, -0.004603617608370655888 ) ) ;
#5332 = ORIENTED_EDGE ( 'NONE', *, *, #3693, .F. ) ;
#5333 = CARTESIAN_POINT ( 'NONE',  ( -0.005378062409419737989, 0.007790372772070943905, 0.003199245512456228360 ) ) ;
#5334 = CARTESIAN_POINT ( 'NONE',  ( 0.003289134432085352722, 0.009152201024052326536, 0.0001291244324850944415 ) ) ;
#5335 = CARTESIAN_POINT ( 'NONE',  ( 0.1299999999999999212, 0.005127331716599461790, 0.01208255149432983788 ) ) ;
#5336 = CARTESIAN_POINT ( 'NONE',  ( -0.06650994533263814013, 0.01047777061362243148, 0.004315580539923889736 ) ) ;
#5337 = CARTESIAN_POINT ( 'NONE',  ( 0.006249516656682396927, 0.005331344110616300855, -0.0002672863930836331232 ) ) ;
#5338 = CARTESIAN_POINT ( 'NONE',  ( 0.1252283469453808751, 0.007652413325291710505, 0.005290183727934767537 ) ) ;
#5339 = CARTESIAN_POINT ( 'NONE',  ( -0.003005481770588703042, 0.009446036528508778077, 0.0007235321792234270443 ) ) ;
#5340 = CARTESIAN_POINT ( 'NONE',  ( -0.002306065025374130686, 0.01057674512781317869, -0.0009267570113190478623 ) ) ;
#5341 = CARTESIAN_POINT ( 'NONE',  ( 0.006310327156284834156, 0.005762813343398621481, -0.0007114305669314503365 ) ) ;
#5342 = CARTESIAN_POINT ( 'NONE',  ( 0.006276313765532987206, 0.005026798294425280887, 0.0009414149778863321405 ) ) ;
#5343 = CARTESIAN_POINT ( 'NONE',  ( -0.009981554964321150830, 0.007728104070074588890, 0.003841450609287094895 ) ) ;
#5344 = DIRECTION ( 'NONE',  ( 0.000000000000000000, -1.000000000000000000, -0.000000000000000000 ) ) ;
#5345 = EDGE_CURVE ( 'NONE', #3881, #4464, #2931, .T. ) ;
#5346 = CARTESIAN_POINT ( 'NONE',  ( 0.003042308534356681811, 0.01184526609479146994, -0.0004960632614175880268 ) ) ;
#5347 = ORIENTED_EDGE ( 'NONE', *, *, #4314, .F. ) ;
#5348 = CARTESIAN_POINT ( 'NONE',  ( -0.003217563162982503902, 0.009223840631106355187, -0.0003951521869711014843 ) ) ;
#5349 = CARTESIAN_POINT ( 'NONE',  ( 0.001404488224300015587, 0.005588000000000000085, -0.0002540000000000001024 ) ) ;
#5350 = ADVANCED_FACE ( 'NONE', ( #2101 ), #3242, .F. ) ;
#5351 = CARTESIAN_POINT ( 'NONE',  ( -0.003055209233201195904, 0.01187931040215905662, 0.0002770633558325990902 ) ) ;
#5352 = CARTESIAN_POINT ( 'NONE',  ( 0.004180626790800170793, 0.001615886146671662200, 0.004784130641508028275 ) ) ;
#5353 = VERTEX_POINT ( 'NONE', #6307 ) ;
#5354 = CARTESIAN_POINT ( 'NONE',  ( -0.07408284621651288482, 0.01052268294842681993, 0.003230364177222506093 ) ) ;
#5355 = CARTESIAN_POINT ( 'NONE',  ( 0.003060909579763935757, 0.01189397556754980163, 9.723316666656058017E-05 ) ) ;
#5356 = CARTESIAN_POINT ( 'NONE',  ( 0.002316719661594556987, 0.01052942494094539355, -0.0009477103585820834510 ) ) ;
#5357 = CARTESIAN_POINT ( 'NONE',  ( 0.000000000000000000, 0.01000000000000000021, 0.000000000000000000 ) ) ;
#5358 = ORIENTED_EDGE ( 'NONE', *, *, #6218, .F. ) ;
#5359 = ORIENTED_EDGE ( 'NONE', *, *, #2382, .F. ) ;
#5360 = CARTESIAN_POINT ( 'NONE',  ( -0.003953797383724194127, 0.009039878591052921339, 0.0007110402858727687308 ) ) ;
#5361 = CARTESIAN_POINT ( 'NONE',  ( 0.002987956263062286743, 0.009465310648105386415, -0.0007415609992138343359 ) ) ;
#5362 = DIRECTION ( 'NONE',  ( -0.000000000000000000, 1.000000000000000000, 0.000000000000000000 ) ) ;
#5363 = CARTESIAN_POINT ( 'NONE',  ( 0.005918200000000000197, 0.001396999999999999371, 0.000000000000000000 ) ) ;
#5364 = CARTESIAN_POINT ( 'NONE',  ( 0.004924268880275340342, 0.007954454374914418646, -0.004025333078830842758 ) ) ;
#5365 = CARTESIAN_POINT ( 'NONE',  ( 1.686279258222847794E-18, 0.01447799999999999782, 0.000000000000000000 ) ) ;
#5366 = EDGE_LOOP ( 'NONE', ( #572, #3973 ) ) ;
#5367 = CIRCLE ( 'NONE', #5142, 0.0001000000000000002623 ) ;
#5368 = CARTESIAN_POINT ( 'NONE',  ( -0.005127519220442413109, 0.007929532352984589028, 0.003772616121952914684 ) ) ;
#5369 = CARTESIAN_POINT ( 'NONE',  ( 0.003114432250569356807, 0.009329836262650817100, 0.0005859567645918710432 ) ) ;
#5370 = CARTESIAN_POINT ( 'NONE',  ( 0.05055027864255635245, 0.008621180954153548695, 0.002051032396461661619 ) ) ;
#5371 = CARTESIAN_POINT ( 'NONE',  ( 0.000000000000000000, 0.007799999999999969284, 0.004849742261192872654 ) ) ;
#5372 = CIRCLE ( 'NONE', #455, 0.003962399999999999603 ) ;
#5373 = CARTESIAN_POINT ( 'NONE',  ( 0.003058739815433263003, 0.009388678591500707049, -0.0006613012057985512586 ) ) ;
#5374 = CARTESIAN_POINT ( 'NONE',  ( 0.1233816938105334465, 0.007994855928803678430, 0.004501819470703482054 ) ) ;
#5375 = CARTESIAN_POINT ( 'NONE',  ( -0.003284468170049752948, 0.009156829141219548218, 0.0001611819941858257468 ) ) ;
#5376 = CARTESIAN_POINT ( 'NONE',  ( -0.002278886355060904222, 0.01083682806084576046, -0.0007579348224298869266 ) ) ;
#5377 = FACE_OUTER_BOUND ( 'NONE', #4112, .T. ) ;
#5378 = ORIENTED_EDGE ( 'NONE', *, *, #222, .F. ) ;
#5379 = CIRCLE ( 'NONE', #5819, 0.0001000000000000000319 ) ;
#5380 = CARTESIAN_POINT ( 'NONE',  ( -0.02601182283220107583, 0.008081783855727015659, 0.003088815360715212437 ) ) ;
#5381 = AXIS2_PLACEMENT_3D ( 'NONE', #6420, #6384, #4102 ) ;
#5382 = CARTESIAN_POINT ( 'NONE',  ( 0.004025318095018872062, 0.008948528476192665893, 0.0003711284699662382091 ) ) ;
#5383 = LINE ( 'NONE', #1110, #1953 ) ;
#5384 = PLANE ( 'NONE',  #673 ) ;
#5385 = CARTESIAN_POINT ( 'NONE',  ( -0.002932410020672311397, 0.01129984016163597220, -0.001490486783555690017 ) ) ;
#5386 = CARTESIAN_POINT ( 'NONE',  ( 0.004539146991791782361, 0.007664395279593408383, -0.004296653496469729147 ) ) ;
#5387 = VERTEX_POINT ( 'NONE', #1020 ) ;
#5388 = ORIENTED_EDGE ( 'NONE', *, *, #4766, .T. ) ;
#5389 = CARTESIAN_POINT ( 'NONE',  ( -0.04700136460348706274, 0.009682939578421692270, 0.003844244885504896972 ) ) ;
#5390 = CARTESIAN_POINT ( 'NONE',  ( 0.003276254495732973913, 0.009164988226325970766, -0.0002061681002913330813 ) ) ;
#5391 = CARTESIAN_POINT ( 'NONE',  ( 0.002305860139307459086, 0.01106575337551482172, -0.0004603484317658082373 ) ) ;
#5392 = CARTESIAN_POINT ( 'NONE',  ( -0.002661627309222886189, 0.009860176565447801439, 0.0009709980290407748196 ) ) ;
#5393 = PRODUCT_DEFINITION ( 'UNKNOWN', '', #5614, #5820 ) ;
#5394 = VERTEX_POINT ( 'NONE', #2175 ) ;
#5395 = CARTESIAN_POINT ( 'NONE',  ( -0.002882747497495105182, 0.009583941833562701837, -0.0008370517537101623221 ) ) ;
#5396 = EDGE_CURVE ( 'NONE', #426, #1321, #1054, .T. ) ;
#5397 = CARTESIAN_POINT ( 'NONE',  ( -0.003229480814690850656, 0.001312765479630572047, -0.005359331290106196174 ) ) ;
#5398 = DIRECTION ( 'NONE',  ( -0.000000000000000000, -1.000000000000000000, -0.000000000000000000 ) ) ;
#5399 = LINE ( 'NONE', #466, #6873 ) ;
#5400 = CARTESIAN_POINT ( 'NONE',  ( 0.1299999999999999767, 0.005926573962051813298, 0.008897229684480917680 ) ) ;
#5401 = CARTESIAN_POINT ( 'NONE',  ( 0.005918200000000012340, 0.01447799999999999261, 7.247704686713878810E-19 ) ) ;
#5402 = EDGE_CURVE ( 'NONE', #1167, #2611, #2479, .T. ) ;
#5403 = VERTEX_POINT ( 'NONE', #4710 ) ;
#5404 = CARTESIAN_POINT ( 'NONE',  ( -0.002298713264932075381, 0.01103096604132560929, -0.0005232267971312558677 ) ) ;
#5405 = CARTESIAN_POINT ( 'NONE',  ( -0.002032000000004162421, 0.01117600000000831817, -1.059639207150322950E-15 ) ) ;
#5406 = CARTESIAN_POINT ( 'NONE',  ( 0.003148739835554050653, 0.009294179350893926397, -0.0005318587023707323919 ) ) ;
#5407 = CARTESIAN_POINT ( 'NONE',  ( 0.04618643467053172580, 0.008446402498957863297, 0.001480331404953609369 ) ) ;
#5408 = CARTESIAN_POINT ( 'NONE',  ( -0.06293829927198607566, -0.0004111327656885649948, -0.02381863383957509919 ) ) ;
#5409 = CARTESIAN_POINT ( 'NONE',  ( 0.003898649647252074978, 0.009111460307960353444, 0.0008842531518466554673 ) ) ;
#5410 = CARTESIAN_POINT ( 'NONE',  ( 0.1302150670369128516, 0.005679800732107595507, 0.008755661904073440763 ) ) ;
#5411 = CARTESIAN_POINT ( 'NONE',  ( -0.002832249336180586632, 0.009643186068656503865, 0.0008752764168892376764 ) ) ;
#5412 = CARTESIAN_POINT ( 'NONE',  ( -0.002586582398323541282, 0.009967143380570402805, -0.0009976519531898382642 ) ) ;
#5413 = CARTESIAN_POINT ( 'NONE',  ( 0.005993436306903434513, 0.006369560001059595793, -0.001793342338044556826 ) ) ;
#5414 = CARTESIAN_POINT ( 'NONE',  ( -0.004475840903780785481, 0.007825838260413359171, 0.004362430702523356803 ) ) ;
#5415 = CARTESIAN_POINT ( 'NONE',  ( -0.003872672137664107724, 0.009145650402728175421, -0.0009511032290580027264 ) ) ;
#5416 = CARTESIAN_POINT ( 'NONE',  ( -0.002550198028887928989, 0.001009603019184496416, -0.005714660387353616075 ) ) ;
#5417 = CARTESIAN_POINT ( 'NONE',  ( 0.003102451870574965409, 0.01041660151025232406, 0.001824755843055256201 ) ) ;
#5418 = CARTESIAN_POINT ( 'NONE',  ( 1.747903146857562262E-19, 0.005588000000000000085, 0.001427271232876712410 ) ) ;
#5419 = CARTESIAN_POINT ( 'NONE',  ( -0.003297287727521060630, 0.009144128020666107345, 2.361381739498950576E-05 ) ) ;
#5420 = CARTESIAN_POINT ( 'NONE',  ( -0.1302199633550485958, 0.005524644240999096977, -0.009128250923261544553 ) ) ;
#5421 = CARTESIAN_POINT ( 'NONE',  ( -0.002934550383609204911, 0.01133990458306222832, -0.001453246308346443699 ) ) ;
#5422 = DIRECTION ( 'NONE',  ( 9.484135310589723205E-16, 1.000000000000000000, -0.000000000000000000 ) ) ;
#5423 = ORIENTED_EDGE ( 'NONE', *, *, #1886, .F. ) ;
#5424 = DIRECTION ( 'NONE',  ( 1.000000000000000000, -0.000000000000000000, -5.616463802763698759E-17 ) ) ;
#5425 = AXIS2_PLACEMENT_3D ( 'NONE', #145, #2300, #1250 ) ;
#5426 = ORIENTED_EDGE ( 'NONE', *, *, #2062, .F. ) ;
#5427 = CARTESIAN_POINT ( 'NONE',  ( -0.04970638277950181066, 0.009819052097966097029, 0.003891371170272456097 ) ) ;
#5428 = CARTESIAN_POINT ( 'NONE',  ( 0.003584439525778824586, 0.009545936938645947084, -0.001466238856866944502 ) ) ;
#5429 = CARTESIAN_POINT ( 'NONE',  ( 0.002326579561407746306, 0.01114666753316530257, 0.0002478653542285556128 ) ) ;
#5430 = CARTESIAN_POINT ( 'NONE',  ( -0.003164488982525600833, 0.009277926397092918151, 0.0005046775581983597471 ) ) ;
#5431 = AXIS2_PLACEMENT_3D ( 'NONE', #5230, #1981, #936 ) ;
#5432 = CARTESIAN_POINT ( 'NONE',  ( -0.002860522849845315539, 0.009609856219277896142, -0.0008543066276550484754 ) ) ;
#5433 = CARTESIAN_POINT ( 'NONE',  ( -0.005864337160177932398, 0.003399158257008782092, -0.002219522207161437992 ) ) ;
#5434 = CARTESIAN_POINT ( 'NONE',  ( 0.0002539999999999998314, 0.0002344904790593441547, 0.001449181636525680595 ) ) ;
#5435 = CARTESIAN_POINT ( 'NONE',  ( 0.003819792036286183065, 0.009215893353883739328, -0.001075575442349632456 ) ) ;
#5436 = CARTESIAN_POINT ( 'NONE',  ( 0.1299999999999999767, 0.005904082352643733392, 0.008834706674946558175 ) ) ;
#5437 = DIRECTION ( 'NONE',  ( 9.484135310589723205E-16, 1.000000000000000000, -0.000000000000000000 ) ) ;
#5438 = EDGE_CURVE ( 'NONE', #2041, #6422, #799, .T. ) ;
#5439 = ORIENTED_EDGE ( 'NONE', *, *, #6081, .F. ) ;
#5440 = CARTESIAN_POINT ( 'NONE',  ( -0.002288142014999933107, 0.01096508849794577273, -0.0006198439885456748103 ) ) ;
#5441 = CARTESIAN_POINT ( 'NONE',  ( -0.003359270673714205655, 0.009902261951195458212, -0.001698994498597018602 ) ) ;
#5442 = CARTESIAN_POINT ( 'NONE',  ( 0.002278810062679304492, 0.01081587135034012270, 0.0007761412928415644145 ) ) ;
#5443 = CARTESIAN_POINT ( 'NONE',  ( 0.002335870549133394879, 0.01015345462986199342, 0.001015984183957139176 ) ) ;
#5444 = CARTESIAN_POINT ( 'NONE',  ( -0.05048707696088431535, -0.0005425209098756299210, -0.01946833671770526256 ) ) ;
#5445 = CYLINDRICAL_SURFACE ( 'NONE', #3200, 0.006250000000000000347 ) ;
#5446 = CARTESIAN_POINT ( 'NONE',  ( 0.1298923661951668085, 0.006045937577522746999, 0.008694067955481891291 ) ) ;
#5447 = CARTESIAN_POINT ( 'NONE',  ( -0.003271177453148439458, 0.009170041171954504758, 0.0002291949572005017510 ) ) ;
#5448 = CARTESIAN_POINT ( 'NONE',  ( -0.002555904029731738674, 0.01001348443974222485, -0.001005868615384311908 ) ) ;
#5449 = CARTESIAN_POINT ( 'NONE',  ( 0.005225727382067411018, 0.002402690466855026720, 0.003694617048631878339 ) ) ;
#5450 = CARTESIAN_POINT ( 'NONE',  ( -0.004564094450289002576, 0.007898750230048243864, 0.004331872616544084516 ) ) ;
#5451 = CARTESIAN_POINT ( 'NONE',  ( 0.002938471294662384561, 0.01138653692602110794, 0.001405067347367898629 ) ) ;
#5452 = CARTESIAN_POINT ( 'NONE',  ( 0.003132496387553404104, 0.01034453948610530166, 0.001820718543281332714 ) ) ;
#5453 = DIRECTION ( 'NONE',  ( -0.000000000000000000, -1.000000000000000000, -0.000000000000000000 ) ) ;
#5454 = CARTESIAN_POINT ( 'NONE',  ( -0.003258332020054168464, 0.009182857028719232720, 0.0002788096788596294059 ) ) ;
#5455 = CARTESIAN_POINT ( 'NONE',  ( 0.03534120024088169276, 0.008846833402067093288, -0.003359291175929071584 ) ) ;
#5456 = CARTESIAN_POINT ( 'NONE',  ( 0.003299685363321068661, 0.009141720636127068436, 7.448279513886305991E-05 ) ) ;
#5457 = ORIENTED_EDGE ( 'NONE', *, *, #1451, .F. ) ;
#5458 = CARTESIAN_POINT ( 'NONE',  ( -0.004040488319631293720, 0.001530203345231007789, -0.004876790274515651301 ) ) ;
#5459 = ORIENTED_EDGE ( 'NONE', *, *, #4172, .F. ) ;
#5460 = CARTESIAN_POINT ( 'NONE',  ( -0.1037150675779122677, 0.009610987979737792286, 0.0002017724888731110659 ) ) ;
#5461 = CARTESIAN_POINT ( 'NONE',  ( 0.003296961072639812296, 0.009144451184526201232, -3.482792626121308571E-05 ) ) ;
#5462 = CARTESIAN_POINT ( 'NONE',  ( 0.002289501290175052599, 0.01097508468282694383, -0.0006065760001987033053 ) ) ;
#5463 = CARTESIAN_POINT ( 'NONE',  ( -0.002983291352023220364, 0.009470419234028554234, 0.0007464687582572087808 ) ) ;
#5464 = CARTESIAN_POINT ( 'NONE',  ( -0.004050588271479159397, 0.008916649675692021881, -4.933943487111433479E-05 ) ) ;
#5465 = CARTESIAN_POINT ( 'NONE',  ( -0.004706843373244844371, 0.001922406229978880759, -0.004346768010899738563 ) ) ;
#5466 = CARTESIAN_POINT ( 'NONE',  ( 0.0002539999999999998314, 0.002644011576293511974, 0.001429071916480830319 ) ) ;
#5467 = CARTESIAN_POINT ( 'NONE',  ( 0.004030389538041473027, 0.008942124063310959853, -0.0003312879593768117050 ) ) ;
#5468 = CARTESIAN_POINT ( 'NONE',  ( 0.1299999999999999489, 0.005925007879322498859, 0.008924140516989727615 ) ) ;
#5469 = DIRECTION ( 'NONE',  ( -1.000000000000000000, 1.037410630505414223E-15, 0.000000000000000000 ) ) ;
#5470 = VERTEX_POINT ( 'NONE', #18 ) ;
#5471 = DIRECTION ( 'NONE',  ( -0.000000000000000000, 1.000000000000000000, -0.000000000000000000 ) ) ;
#5472 = CARTESIAN_POINT ( 'NONE',  ( 0.002374986328726705082, 0.01035657601644173788, 0.0009969422125921168810 ) ) ;
#5473 = CARTESIAN_POINT ( 'NONE',  ( -0.0002540000000000001024, 0.001693388050948602640, -0.003597906215379685115 ) ) ;
#5474 = EDGE_CURVE ( 'NONE', #1954, #3470, #2804, .T. ) ;
#5475 = CARTESIAN_POINT ( 'NONE',  ( 0.01454797697428657048, 0.007861535493199007033, -0.003346674707964381133 ) ) ;
#5476 = DIRECTION ( 'NONE',  ( 1.000000000000000000, -0.000000000000000000, 1.224646799147353207E-16 ) ) ;
#5477 = CARTESIAN_POINT ( 'NONE',  ( 0.1301108769235100326, 0.005777161678491802080, 0.009211981016335222400 ) ) ;
#5478 = CARTESIAN_POINT ( 'NONE',  ( -0.002931066511842277296, 0.009528682455016160291, 0.0007962024391814730671 ) ) ;
#5479 = AXIS2_PLACEMENT_3D ( 'NONE', #1128, #5398, #6135 ) ;
#5480 = CARTESIAN_POINT ( 'NONE',  ( -0.002330529598710326129, 0.01115956045265675128, 0.0001828620119867968889 ) ) ;
#5481 = CARTESIAN_POINT ( 'NONE',  ( 0.003480854980678910280, 0.001400978924652551347, 0.005199710221727263035 ) ) ;
#5482 = ORIENTED_EDGE ( 'NONE', *, *, #2382, .T. ) ;
#5483 = DIRECTION ( 'NONE',  ( -1.000000000000000000, 0.000000000000000000, 0.000000000000000000 ) ) ;
#5484 = CARTESIAN_POINT ( 'NONE',  ( -0.002944242790952215742, 0.01146481718444479318, -0.001332457790758303021 ) ) ;
#5485 = EDGE_CURVE ( 'NONE', #3048, #2611, #4774, .T. ) ;
#5486 = CARTESIAN_POINT ( 'NONE',  ( 0.002931130423585095058, 0.01120333548624212298, 0.001569560205682938572 ) ) ;
#5487 = DIRECTION ( 'NONE',  ( -1.000000000000000000, 1.050710766793948317E-15, 0.000000000000000000 ) ) ;
#5488 = AXIS2_PLACEMENT_3D ( 'NONE', #6080, #1656, #5938 ) ;
#5489 = CARTESIAN_POINT ( 'NONE',  ( 0.03001791880397782983, -0.0004603294020596733049, 0.008862087538974570966 ) ) ;
#5490 = ORIENTED_EDGE ( 'NONE', *, *, #1376, .F. ) ;
#5491 = CARTESIAN_POINT ( 'NONE',  ( 0.003296457520348008204, 0.001224691922357355614, 0.005318823520599473553 ) ) ;
#5492 = CARTESIAN_POINT ( 'NONE',  ( 0.07940699017819785599, 0.01030074004316823728, -0.002882317463731148225 ) ) ;
#5493 = CARTESIAN_POINT ( 'NONE',  ( -0.002945900570677907702, 0.01145383308889713452, -0.001329179628902086435 ) ) ;
#5494 = CARTESIAN_POINT ( 'NONE',  ( 0.003143099478354441888, 0.009299992766047149306, 0.0005414613725284836724 ) ) ;
#5495 = ORIENTED_EDGE ( 'NONE', *, *, #6470, .F. ) ;
#5496 = CARTESIAN_POINT ( 'NONE',  ( 0.1298112955855620920, 0.005870566048075761059, 0.008657907503673374985 ) ) ;
#5497 = EDGE_CURVE ( 'NONE', #700, #4086, #3727, .T. ) ;
#5498 = AXIS2_PLACEMENT_3D ( 'NONE', #3892, #5483, #620 ) ;
#5499 = AXIS2_PLACEMENT_3D ( 'NONE', #2728, #509, #5937 ) ;
#5500 = CARTESIAN_POINT ( 'NONE',  ( -0.1252283469453903120, 0.007652413325292180615, -0.005290183727924487565 ) ) ;
#5501 = CARTESIAN_POINT ( 'NONE',  ( 0.003534155378421893843, 0.009621162473987608654, -0.001528053892140210368 ) ) ;
#5502 = CARTESIAN_POINT ( 'NONE',  ( 0.002279357033753574673, 0.01078412217915370418, -0.0008021044869713695770 ) ) ;
#5503 = CARTESIAN_POINT ( 'NONE',  ( -0.002480766660393904192, 0.01013817476883201694, 0.001016000000000049849 ) ) ;
#5504 = CARTESIAN_POINT ( 'NONE',  ( -0.002650432957785823183, 0.009875628743357031322, -0.0009755169890936382128 ) ) ;
#5505 = CARTESIAN_POINT ( 'NONE',  ( -0.003480854980677948376, 0.001400978924652778596, -0.005199710221727925699 ) ) ;
#5506 = PRODUCT_DEFINITION_SHAPE ( 'NONE', 'NONE',  #6949 ) ;
#5507 = FACE_OUTER_BOUND ( 'NONE', #5849, .T. ) ;
#5508 = CARTESIAN_POINT ( 'NONE',  ( 0.004033987541208867815, 0.008937576761717943089, 0.0003011683938723540982 ) ) ;
#5509 = CARTESIAN_POINT ( 'NONE',  ( 0.005979122317841545527, 0.007744844914429255267, -0.004187566997727034009 ) ) ;
#5510 = DIRECTION ( 'NONE',  ( -0.000000000000000000, 1.000000000000000000, -0.000000000000000000 ) ) ;
#5511 = ADVANCED_FACE ( 'NONE', ( #1606 ), #1677, .T. ) ;
#5512 = ORIENTED_EDGE ( 'NONE', *, *, #1889, .T. ) ;
#5513 = CARTESIAN_POINT ( 'NONE',  ( -0.002295896455609868804, 0.01101562329798579445, -0.0005479097886557459220 ) ) ;
#5514 = CARTESIAN_POINT ( 'NONE',  ( -0.003396697001137236310, 0.009838770817116124917, -0.001668185981984765835 ) ) ;
#5515 = CARTESIAN_POINT ( 'NONE',  ( 0.002292816168224906699, 0.01064482126106792818, 0.0008935249729611063549 ) ) ;
#5516 = DIRECTION ( 'NONE',  ( -0.000000000000000000, -1.000000000000000000, -0.000000000000000000 ) ) ;
#5517 = CARTESIAN_POINT ( 'NONE',  ( 0.000000000000000000, 0.005588000000000000085, 0.000000000000000000 ) ) ;
#5518 = CARTESIAN_POINT ( 'NONE',  ( -0.002323978452039403720, 0.01015999999999832142, 0.001016000000007534097 ) ) ;
#5519 = CARTESIAN_POINT ( 'NONE',  ( 0.1297009911105778679, 0.005971814837631267067, 0.008439677900262508234 ) ) ;
#5520 = CARTESIAN_POINT ( 'NONE',  ( 0.002884438135928730530, 0.005080000000000001181, -0.0002540000000000002109 ) ) ;
#5521 = CARTESIAN_POINT ( 'NONE',  ( -0.1299999999999999767, 0.005751886828364114607, -0.01189968851867618388 ) ) ;
#5522 = VERTEX_POINT ( 'NONE', #599 ) ;
#5523 = CARTESIAN_POINT ( 'NONE',  ( -0.004476605237198946936, 0.007846203625530401293, 0.004361648582932253770 ) ) ;
#5524 = CARTESIAN_POINT ( 'NONE',  ( 0.003234471269454799666, 0.01012961700998151957, 0.001781927706079117039 ) ) ;
#5525 = DIRECTION ( 'NONE',  ( -1.000000000000000000, 0.000000000000000000, 0.000000000000000000 ) ) ;
#5526 = FACE_OUTER_BOUND ( 'NONE', #865, .T. ) ;
#5527 = VERTEX_POINT ( 'NONE', #3907 ) ;
#5528 = CARTESIAN_POINT ( 'NONE',  ( 0.006268830194423982531, 0.005972414516753283067, -3.862390476882051910E-05 ) ) ;
#5529 = CARTESIAN_POINT ( 'NONE',  ( -0.002931431431069992603, 0.01121164643581852409, 0.001562340607535643491 ) ) ;
#5530 = CARTESIAN_POINT ( 'NONE',  ( 0.002495414461667525875, 0.01011251102925722622, 0.001015152377126747217 ) ) ;
#5531 = ORIENTED_EDGE ( 'NONE', *, *, #4605, .T. ) ;
#5532 = CARTESIAN_POINT ( 'NONE',  ( -0.06280456360498742896, -0.001107131769424738246, -0.02498294275586330701 ) ) ;
#5533 = EDGE_CURVE ( 'NONE', #1227, #5689, #4142, .T. ) ;
#5534 = CARTESIAN_POINT ( 'NONE',  ( -0.1275287102007307272, 0.007459158799390019044, -0.004655231708018652513 ) ) ;
#5535 = CARTESIAN_POINT ( 'NONE',  ( 0.002433092010638996175, 0.01022729016937736456, 0.001014380212358388742 ) ) ;
#5536 = CARTESIAN_POINT ( 'NONE',  ( -0.003187866795482637364, 0.009253943964905012379, -0.0004619739835762301907 ) ) ;
#5537 = COLOUR_RGB ( '',0.8980392156862745390, 0.9176470588235293713, 0.9294117647058823817 ) ;
#5538 = CARTESIAN_POINT ( 'NONE',  ( -0.002333023789208068730, 0.01116765639922990237, 0.0001311012882987551800 ) ) ;
#5539 = CARTESIAN_POINT ( 'NONE',  ( -0.003948167319408241865, 0.001610498798632381936, -0.004854003853284747511 ) ) ;
#5540 = CARTESIAN_POINT ( 'NONE',  ( -0.1299999999999999767, 0.004691362732167804819, -0.01270435550149947961 ) ) ;
#5541 = CARTESIAN_POINT ( 'NONE',  ( 0.003990960766290547503, 0.008992209237763237190, 0.0005618635112646946537 ) ) ;
#5542 = CARTESIAN_POINT ( 'NONE',  ( -0.002797478475534963347, 0.009685221162450097579, -0.0008985448646774604189 ) ) ;
#5543 = AXIS2_PLACEMENT_3D ( 'NONE', #3987, #3324, #6107 ) ;
#5544 = CARTESIAN_POINT ( 'NONE',  ( -0.004705164914168584976, 0.007932383614030372870, 0.004253490230611379347 ) ) ;
#5545 =( BOUNDED_SURFACE ( )  B_SPLINE_SURFACE ( 3, 2, ( 
 ( #3332, #4996, #2307 ),
 ( #4453, #5030, #2270 ),
 ( #759, #6011, #4525 ),
 ( #6580, #4893, #5450 ),
 ( #3298, #6079, #191 ),
 ( #2340, #5523, #4488 ),
 ( #723, #5414, #2801 ),
 ( #2904, #6614, #4922 ),
 ( #1217, #3438, #1805 ),
 ( #5556, #3816, #3368 ),
 ( #6714, #6780, #3573 ),
 ( #2521, #6220, #933 ) ),
 .UNSPECIFIED., .F., .F., .F. ) 
 B_SPLINE_SURFACE_WITH_KNOTS ( ( 4, 2, 2, 2, 2, 4 ),
 ( 3, 3 ),
 ( 0.000000000000000000, 0.0001580521344731987139, 0.0003161042689463974278, 0.0003951303361829967440, 0.0004741564034195961145, 0.0006322085378927948555 ),
 ( 0.000000000000000000, 1.000000000000000000 ),
 .UNSPECIFIED. ) 
 GEOMETRIC_REPRESENTATION_ITEM ( )  RATIONAL_B_SPLINE_SURFACE ( (
 ( 1.000000000000000000, 0.7322297594530370324, 1.000000000000000000),
 ( 1.000000000000000000, 0.7773341277452818776, 1.000000000000000000),
 ( 1.000000000000000000, 0.8185383093455840253, 1.000000000000000000),
 ( 1.000000000000000000, 0.8888637074316312336, 1.000000000000000000),
 ( 1.000000000000000000, 0.9190936076572502333, 1.000000000000000000),
 ( 1.000000000000000000, 0.9372203908010404705, 1.000000000000000000),
 ( 1.000000000000000000, 0.9380590598713144379, 1.000000000000000000),
 ( 1.000000000000000000, 0.9286208133398542452, 1.000000000000000000),
 ( 1.000000000000000000, 0.9187560877040499285, 1.000000000000000000),
 ( 1.000000000000000000, 0.8805545588916232624, 1.000000000000000000),
 ( 1.000000000000000000, 0.8444786034433621191, 1.000000000000000000),
 ( 1.000000000000000000, 0.8044043929877361387, 1.000000000000000000) ) ) 
 REPRESENTATION_ITEM ( '' )  SURFACE ( )  );
#5546 = ORIENTED_EDGE ( 'NONE', *, *, #4314, .T. ) ;
#5547 = CARTESIAN_POINT ( 'NONE',  ( 7.387681815856404498E-19, 0.000000000000000000, 0.006032499999999996199 ) ) ;
#5548 = CIRCLE ( 'NONE', #4876, 0.005918200000000010605 ) ;
#5549 = CARTESIAN_POINT ( 'NONE',  ( 0.002331970895085784187, 0.01116426560361988111, 0.0001549387555960532546 ) ) ;
#5550 = FACE_BOUND ( 'NONE', #6034, .T. ) ;
#5551 = ADVANCED_FACE ( 'NONE', ( #705 ), #6060, .F. ) ;
#5552 = CARTESIAN_POINT ( 'NONE',  ( 0.000000000000000000, 0.006959600000000000682, -0.005003799999999891668 ) ) ;
#5553 = CARTESIAN_POINT ( 'NONE',  ( 0.000000000000000000, 0.01000000000000000021, 0.002449999999999999921 ) ) ;
#5554 = CARTESIAN_POINT ( 'NONE',  ( 0.005083000731843308889, 0.002458817224323697932, 0.003647276870700557738 ) ) ;
#5555 = VERTEX_POINT ( 'NONE', #5641 ) ;
#5556 = CARTESIAN_POINT ( 'NONE',  ( -0.004505964335760170858, 0.007689527314119279019, 0.004331286736033560653 ) ) ;
#5557 = CARTESIAN_POINT ( 'NONE',  ( 0.004372284118167102558, 0.001840613601359172152, 0.004530421845491871581 ) ) ;
#5558 = CARTESIAN_POINT ( 'NONE',  ( 0.003035489939430115018, 0.01182574510541588124, -0.0005716536254836340541 ) ) ;
#5559 = DIRECTION ( 'NONE',  ( 1.235622036608014047E-16, 0.000000000000000000, -1.000000000000000000 ) ) ;
#5560 = DIRECTION ( 'NONE',  ( -1.000000000000000000, 8.793502125528728518E-16, 0.000000000000000000 ) ) ;
#5561 = DIRECTION ( 'NONE',  ( 1.000000000000000000, -0.000000000000000000, -5.616463802763698759E-17 ) ) ;
#5562 = ORIENTED_EDGE ( 'NONE', *, *, #347, .F. ) ;
#5563 = CARTESIAN_POINT ( 'NONE',  ( 0.006279258178784470970, 0.005076962861045906418, 0.0008798118930686280384 ) ) ;
#5564 = CARTESIAN_POINT ( 'NONE',  ( 0.1112071494882470174, 0.009148577783937902191, 0.001110401749798415423 ) ) ;
#5565 = CARTESIAN_POINT ( 'NONE',  ( -0.003002165313322880877, 0.01172193931856708136, 0.0008832186610947267719 ) ) ;
#5566 = CARTESIAN_POINT ( 'NONE',  ( 0.002905044095723204826, 0.009558177803488531951, 0.0008190490098397227572 ) ) ;
#5567 = EDGE_LOOP ( 'NONE', ( #3655, #4403, #3755 ) ) ;
#5568 = CARTESIAN_POINT ( 'NONE',  ( -0.01065356986267795153, 0.0003690587336389037666, -0.004895294020642065869 ) ) ;
#5569 = EDGE_CURVE ( 'NONE', #1058, #2141, #4570, .T. ) ;
#5570 = CARTESIAN_POINT ( 'NONE',  ( -0.1066997934461966641, 0.009666654527735000016, 0.0006538739567107435240 ) ) ;
#5571 = DIRECTION ( 'NONE',  ( -1.123292760552739875E-17, 0.000000000000000000, 1.000000000000000000 ) ) ;
#5572 = CARTESIAN_POINT ( 'NONE',  ( 0.1292984142354702826, 0.006448350200832434279, 0.007889517926338882742 ) ) ;
#5573 = CARTESIAN_POINT ( 'NONE',  ( -0.002294254238363608710, 0.01100692276426524889, -0.0005622994280734475029 ) ) ;
#5574 = CARTESIAN_POINT ( 'NONE',  ( -0.1249134012405875988, 0.007718806033410859080, -0.005139982742898555577 ) ) ;
#5575 = CARTESIAN_POINT ( 'NONE',  ( 0.004476605237199098725, 0.007846203625530354456, -0.004361648582932078563 ) ) ;
#5576 = CARTESIAN_POINT ( 'NONE',  ( 0.004013417894836004800, 0.008963615322288865164, -0.0004490066914853513497 ) ) ;
#5577 = CARTESIAN_POINT ( 'NONE',  ( -0.1227640498311172584, 0.007908094738423764036, -0.004210567009018207317 ) ) ;
#5578 = CARTESIAN_POINT ( 'NONE',  ( -0.0002540000000000001566, 0.005588000000000000085, 0.0002539999999999999398 ) ) ;
#5579 = ORIENTED_EDGE ( 'NONE', *, *, #1705, .F. ) ;
#5580 = CARTESIAN_POINT ( 'NONE',  ( -0.002980181310871337936, 0.01080570456660322545, -0.001771175997730062681 ) ) ;
#5581 = CARTESIAN_POINT ( 'NONE',  ( 0.002298087229781355708, 0.01061433563962789484, 0.0009094013330753360864 ) ) ;
#5582 = CARTESIAN_POINT ( 'NONE',  ( -0.0002540000000000001024, 0.003386741698954053026, -0.003241398377801033882 ) ) ;
#5583 = B_SPLINE_CURVE_WITH_KNOTS ( 'NONE', 3,
 ( #6718, #3442, #3547, #728, #2983, #2343 ),
 .UNSPECIFIED., .F., .F.,
 ( 4, 2, 4 ),
 ( 0.4156417846678249206, 0.4593845100104945178, 0.5031272353531640595 ),
 .UNSPECIFIED. ) ;
#5584 = CARTESIAN_POINT ( 'NONE',  ( 7.531577814756222303E-19, 0.009900000000000000813, -0.006150000000000000085 ) ) ;
#5585 = CARTESIAN_POINT ( 'NONE',  ( 0.1303801673795369209, 0.005357410076657978526, 0.009939846962476503456 ) ) ;
#5586 = CARTESIAN_POINT ( 'NONE',  ( 0.002435646532846101522, 0.001124609053959163248, 0.005763946547807607262 ) ) ;
#5587 = VERTEX_POINT ( 'NONE', #4672 ) ;
#5588 = CARTESIAN_POINT ( 'NONE',  ( -0.002308337251136247797, 0.01107672391491226413, 0.0004382115648445479615 ) ) ;
#5589 = CARTESIAN_POINT ( 'NONE',  ( 0.0002539999999999999940, 0.003386741698954053026, -0.003241398377801033449 ) ) ;
#5590 = CARTESIAN_POINT ( 'NONE',  ( 0.003030058718413258106, 0.01062113675028787153, 0.001811725691934608059 ) ) ;
#5591 = CARTESIAN_POINT ( 'NONE',  ( 0.002032000000000006024, 0.01117600000000001058, -0.0001096960252198394832 ) ) ;
#5592 = CARTESIAN_POINT ( 'NONE',  ( 0.002927196726298232025, 0.009533079001476915670, -0.0007995633518183261962 ) ) ;
#5593 = CARTESIAN_POINT ( 'NONE',  ( 0.005080000000000000314, 0.005588000000000000085, -0.0002540000000000003193 ) ) ;
#5594 = AXIS2_PLACEMENT_3D ( 'NONE', #5797, #1555, #4267 ) ;
#5595 = CARTESIAN_POINT ( 'NONE',  ( 0.004590827522812607892, 0.002152669410602642448, 0.004249788150944704655 ) ) ;
#5596 = CARTESIAN_POINT ( 'NONE',  ( 0.09028159185999222458, 0.01030566338704571455, -0.001886200855621541269 ) ) ;
#5597 = CARTESIAN_POINT ( 'NONE',  ( -0.003041797148665537076, 0.01058352791155158304, 0.001817081551245737546 ) ) ;
#5598 = CARTESIAN_POINT ( 'NONE',  ( 0.003229837910742048342, 0.009211417094276324116, 0.0003671188729529110116 ) ) ;
#5599 = VERTEX_POINT ( 'NONE', #6664 ) ;
#5600 = CARTESIAN_POINT ( 'NONE',  ( 0.1292732251151224587, 0.006243126499232426116, 0.007876137277820459415 ) ) ;
#5601 = VECTOR ( 'NONE', #1405, 1.000000000000000000 ) ;
#5602 = CARTESIAN_POINT ( 'NONE',  ( 0.002280842956579681724, 0.01089215495032680621, 0.0007052642387394209619 ) ) ;
#5603 = CARTESIAN_POINT ( 'NONE',  ( -0.1249056840120845446, 0.007519646565623726298, -0.005106614300118084669 ) ) ;
#5604 = AXIS2_PLACEMENT_3D ( 'NONE', #742, #2210, #6763 ) ;
#5605 = CARTESIAN_POINT ( 'NONE',  ( 0.002323978452039379434, 0.01015999999999832142, 0.001016000000007534097 ) ) ;
#5606 = CARTESIAN_POINT ( 'NONE',  ( 0.05792343826331646656, 0.01031189203740056140, -0.003851985114936199925 ) ) ;
#5607 = CARTESIAN_POINT ( 'NONE',  ( -0.002398191214603316926, 0.01030184180768088653, -0.001006189448670147040 ) ) ;
#5608 = AXIS2_PLACEMENT_3D ( 'NONE', #1240, #63, #6491 ) ;
#5609 = CARTESIAN_POINT ( 'NONE',  ( -0.05525626416771033111, 0.01023660171127137482, 0.003890483831620717304 ) ) ;
#5610 = CARTESIAN_POINT ( 'NONE',  ( 0.004596803734654090166, 0.008028076885738233068, -0.004234924251284807352 ) ) ;
#5611 = CARTESIAN_POINT ( 'NONE',  ( 0.002966659563033239352, 0.01157813186572312358, 0.001158261664329022838 ) ) ;
#5612 = CARTESIAN_POINT ( 'NONE',  ( -0.1277827926012309046, 0.006823277093425676038, -0.006652804852882770494 ) ) ;
#5613 = LINE ( 'NONE', #4118, #5151 ) ;
#5614 = PRODUCT_DEFINITION_FORMATION_WITH_SPECIFIED_SOURCE ( 'ANY', '', #4466, .NOT_KNOWN. ) ;
#5615 = ADVANCED_FACE ( 'NONE', ( #2539 ), #1335, .T. ) ;
#5616 = ORIENTED_EDGE ( 'NONE', *, *, #2415, .F. ) ;
#5617 = SHAPE_REPRESENTATION_RELATIONSHIP ( 'NONE' , 'NONE' ,  #2233, #2685 ) ;
#5618 = CARTESIAN_POINT ( 'NONE',  ( -0.003031603771426615631, 0.01181461495655541753, -0.0006142885267490513302 ) ) ;
#5619 = CARTESIAN_POINT ( 'NONE',  ( 0.002305111702041018947, 0.01106246439476214934, -0.0004670255017329298154 ) ) ;
#5620 = DIRECTION ( 'NONE',  ( 9.484135310589723205E-16, 1.000000000000000000, -0.000000000000000000 ) ) ;
#5621 = CARTESIAN_POINT ( 'NONE',  ( 0.03889552437123364181, 0.009139377420724350068, -0.003534634225669659648 ) ) ;
#5622 = ADVANCED_FACE ( 'NONE', ( #1854 ), #1993, .F. ) ;
#5623 = CARTESIAN_POINT ( 'NONE',  ( 2.569357970483111459E-19, 0.02476499999999999882, 0.001783079999999999821 ) ) ;
#5624 = CARTESIAN_POINT ( 'NONE',  ( 0.02297581468733130017, -0.0002735950502497385729, 0.006549384423006012271 ) ) ;
#5625 = ORIENTED_EDGE ( 'NONE', *, *, #3369, .T. ) ;
#5626 = CARTESIAN_POINT ( 'NONE',  ( -0.002303577254644681872, 0.01105548414767622799, -0.0004806312260040932881 ) ) ;
#5627 = CARTESIAN_POINT ( 'NONE',  ( -0.001574901523068294703, 0.0008101933006469511957, -0.006056873109280012067 ) ) ;
#5628 = CARTESIAN_POINT ( 'NONE',  ( 0.002986835865823338990, 0.01166580092942262094, -0.001004141018738058909 ) ) ;
#5629 = CARTESIAN_POINT ( 'NONE',  ( -0.002504049794147753579, 0.009272037137915852684, -0.0005114036125271305888 ) ) ;
#5630 = CARTESIAN_POINT ( 'NONE',  ( 0.004044802407392937213, 0.008923934678939217033, 0.0001805904025080642364 ) ) ;
#5631 = VERTEX_POINT ( 'NONE', #6236 ) ;
#5632 = CARTESIAN_POINT ( 'NONE',  ( 0.002782967392556173238, 0.0009962072809684126371, 0.005640913763028748695 ) ) ;
#5633 = CARTESIAN_POINT ( 'NONE',  ( 0.003147095710188464821, 0.01031324708887658079, -0.001815645929083589856 ) ) ;
#5634 = CARTESIAN_POINT ( 'NONE',  ( -0.003738282954768582227, 0.009326733736154000851, 0.001234109559827624956 ) ) ;
#5635 = ORIENTED_EDGE ( 'NONE', *, *, #6649, .T. ) ;
#5636 = CARTESIAN_POINT ( 'NONE',  ( -0.004074865919910027057, 0.005396613307604068710, -0.001003501786316749085 ) ) ;
#5637 = B_SPLINE_SURFACE_WITH_KNOTS ( 'NONE', 1, 3, ( 
 ( #5959, #176, #5435, #1163, #3876, #6030, #5994, #1309, #1201, #4945, #3351, #2823, #4361, #3460, #5576, #1789, #5467, #2326, #782, #135, #2891, #5048, #1275, #4437, #2925, #2360, #6564, #1754, #1238, #3424, #5508, #709, #2856, #4981, #4474, #3947, #5541, #747, #4146, #5077, #4574, #4608, #5713, #817, #282, #1339, #4081, #6735, #3527, #1929, #6766, #2963, #1892, #6801, #1995, #357, #2433, #5745, #1962, #6701, #5645, #4051, #392, #6206, #1472, #854, #922, #3069, #5146, #5180, #2504, #3104, #6175, #3035, #4116, #4018, #1406, #2398, #3591, #5113, #1372, #3626, #3000, #6240, #6273, #320, #2469, #3562, #6136, #6669, #5679, #888, #954, #4642, #1437, #2542, #250, #4674, #3495, #4544, #1859, #5611, #4708, #1504, #6445, #559, #2572, #4835, #16, #5320, #6832, #2706, #6340, #2032, #5844, #5883, #1536, #4800, #1085, #2671, #4317, #2172, #5355, #5247, #1634, #3725, #1052, #4184, #3793, #6305, #3660, #5778, #4741, #2608, #2137, #988, #3203, #3135, #457, #6865, #2098, #2064, #5915, #4216, #1018, #3690, #5806, #423, #1120, #5216, #6929, #3168, #523, #5282, #488, #3240, #2639, #4772, #6896, #4284, #4244, #6411, #6374, #1568, #1604, #3758, #2419, #6518, #4594, #6159, #1360, #838, #3516, #3384, #5633, #305, #1155, #633, #667, #1879, #3835, #3311, #4353, #129, #2816, #1709, #4938, #2849, #5952, #4903, #2987, #5100, #5501, #5428, #1916, #4973, #2782, #3868, #89, #2456, #2284, #6723, #5986, #4037 ),
 ( #4070, #270, #4562, #2247, #4392, #1194, #6195, #6689, #3345, #703, #4430, #53, #1671, #6557, #3279, #5390, #597, #2740, #4868, #2208, #6481, #6024, #5461, #1747, #3905, #1231, #3018, #6817, #476, #5233, #874, #2561, #5132, #5267, #1984, #907, #4133, #4695, #6881, #339, #6260, #6325, #3123, #4628, #6292, #2047, #6755, #1948, #3552, #2016, #4729, #443, #3679, #3581, #4662, #939, #4756, #5795, #3086, #5202, #4103, #5697, #2592, #6788, #1004, #6228, #411, #1426, #3057, #5667, #1456, #2490, #5168, #1395, #3154, #1522, #1488, #2623, #2083, #379, #2529, #5732, #6850, #3613, #4167, #3644, #5765, #974, #4199, #4232, #2391, #5009, #203, #2426, #4567, #5039, #2352, #5638, #5602, #6695, #1884, #4042, #6165, #4936, #125, #4426, #6555, #1229, #5736, #5771, #3092, #3683, #3556, #3620, #2565, #4598, #1988, #2994, #4174, #5702, #4632, #4205, #5671, #4700, #6857, #880, #6758, #3026, #6727, #311, #5136, #912, #6332, #943, #6231, #5210, #845, #3061, #1920, #5107, #1527, #4107, #2463, #4074, #2054, #3127, #6199, #449, #2599, #417, #1398, #5239, #1952, #344, #1463, #1494, #1429, #6823, #3650, #2022, #2493, #3584, #980, #5171, #383, #6265, #6298, #2534, #4667, #6793, #4137, #482, #5308, #3192, #2733, #3161, #3785, #2090, #5275, #4762, #2695, #4237, #3302, #2662, #1594, #513, #6401, #1010, #81, #624, #3265, #2125, #5905, #2771, #4792, #6473, #1700, #4859, #4273, #2238, #1659, #3821, #2630, #5872 ) ),
 .UNSPECIFIED., .F., .T., .F.,
 ( 2, 2 ),
 ( 4, 2, 2, 2, 2, 2, 2, 2, 2, 2, 2, 2, 2, 2, 2, 2, 2, 2, 2, 2, 2, 2, 2, 2, 2, 2, 2, 2, 2, 2, 2, 2, 2, 2, 2, 2, 2, 2, 2, 2, 2, 2, 2, 2, 2, 2, 2, 2, 2, 2, 2, 2, 2, 2, 2, 2, 2, 2, 2, 2, 2, 2, 2, 2, 2, 2, 2, 2, 2, 2, 2, 2, 2, 2, 2, 2, 2, 2, 2, 2, 2, 2, 2, 2, 2, 2, 2, 2, 2, 2, 2, 2, 2, 2, 2, 2, 2, 2, 2, 2, 2, 4 ),
 ( 0.000000000000000000, 1.000000000000000000 ),
 ( 0.0007095175029722192162, 0.0008566319699084754252, 0.0009301892033766035297, 0.001003746436844731634, 0.001077303670312859847, 0.001150860903780987843, 0.001297975370717244052, 0.001445089837653500261, 0.001518647071121628257, 0.001592204304589756470, 0.001665761538057884466, 0.001739318771526012462, 0.001886433238462268671, 0.001923211855196332778, 0.001959990471930396667, 0.002033547705398524880, 0.002107104938866653093, 0.002180662172334780873, 0.002254219405802909085, 0.002327776639271037298, 0.002401333872739165078, 0.002474891106207293291, 0.002622005573143549283, 0.002695562806611677496, 0.002769120040079805709, 0.002842677273547933921, 0.002916234507016062134, 0.003063348973952318127, 0.003136906207420446339, 0.003210463440888574119, 0.003284020674356702332, 0.003357577907824830545, 0.003504692374761086537, 0.003651806841697342529, 0.003798921308633598955, 0.003946035775569855381, 0.004093150242506110939, 0.004240264709442367365, 0.004313821942910495144, 0.004387379176378623791, 0.004460936409846751570, 0.004534493643314879349, 0.004681608110251135775, 0.004755165343719263554, 0.004828722577187392201, 0.004975837044123648627, 0.005122951511059905053, 0.005196508744528032832, 0.005270065977996160611, 0.005417180444932417037, 0.005490737678400544816, 0.005564294911868673463, 0.005637852145336801242, 0.005711409378804929021, 0.005858523845741185447, 0.005932081079209313226, 0.006005638312677441873, 0.006079195546145569652, 0.006152752779613697431, 0.006226310013081826078, 0.006299867246549953857, 0.006446981713486210283, 0.006594096180422465842, 0.006741210647358722267, 0.006888325114294978693, 0.006961882347763106473, 0.007035439581231234252, 0.007108996814699362898, 0.007182554048167490678, 0.007256111281635618457, 0.007329668515103747103, 0.007403225748571874883, 0.007476782982040002662, 0.007550340215508131309, 0.007623897448976259088, 0.007771011915912515514, 0.007918126382848771072, 0.007991683616316899719, 0.008065240849785028365, 0.008138798083253157012, 0.008212355316721283924, 0.008359469783657539482, 0.008433027017125668129, 0.008506584250593796775, 0.008580141484061925422, 0.008653698717530052334, 0.008800813184466307892, 0.008874370417934436539, 0.008947927651402565186, 0.009021484884870693832, 0.009095042118338822479, 0.009242156585275078037, 0.009315713818743204949, 0.009389271052211333596, 0.009462828285679462242, 0.009536385519147590889, 0.009683499986083846447, 0.009830614453020102006, 0.009904171686488230653, 0.009977728919956359299, 0.01005128615342448795, 0.01012484338689261486 ),
 .UNSPECIFIED. ) ;
#5638 = CARTESIAN_POINT ( 'NONE',  ( 0.002279503742485710933, 0.01086772431013078438, 0.0007297828295932235441 ) ) ;
#5639 = CARTESIAN_POINT ( 'NONE',  ( -0.1294777005469531228, 0.006345455595771190907, -0.008097152992284042949 ) ) ;
#5640 = DIRECTION ( 'NONE',  ( -0.000000000000000000, -1.000000000000000000, -0.000000000000000000 ) ) ;
#5641 = CARTESIAN_POINT ( 'NONE',  ( 0.002737011426054730689, 0.01267867681766160666, 4.747656475035185122E-19 ) ) ;
#5642 = CARTESIAN_POINT ( 'NONE',  ( -0.002301036902294934308, 0.01104302909569164319, -0.0005028110339928659571 ) ) ;
#5643 = AXIS2_PLACEMENT_3D ( 'NONE', #3677, #3549, #1983 ) ;
#5644 = DIRECTION ( 'NONE',  ( 0.000000000000000000, 0.000000000000000000, -1.000000000000000000 ) ) ;
#5645 = CARTESIAN_POINT ( 'NONE',  ( 0.003558032068204259983, 0.009585376740737444959, 0.001498891282744545901 ) ) ;
#5646 = CARTESIAN_POINT ( 'NONE',  ( 0.005264090599126133169, 0.002936957067140560495, 0.003378383774223696866 ) ) ;
#5647 = DIRECTION ( 'NONE',  ( 9.484135310589723205E-16, 1.000000000000000000, -0.000000000000000000 ) ) ;
#5648 =( GEOMETRIC_REPRESENTATION_CONTEXT ( 3 ) GLOBAL_UNCERTAINTY_ASSIGNED_CONTEXT ( ( #6457 ) ) GLOBAL_UNIT_ASSIGNED_CONTEXT ( ( #3044, #6215, #1349 ) ) REPRESENTATION_CONTEXT ( 'NONE', 'WORKASPACE' ) );
#5649 = ORIENTED_EDGE ( 'NONE', *, *, #833, .T. ) ;
#5650 = CARTESIAN_POINT ( 'NONE',  ( -0.003058224090901234902, 0.01188714133374594965, -0.0002058955702562566780 ) ) ;
#5651 = EDGE_CURVE ( 'NONE', #4718, #6414, #6217, .T. ) ;
#5652 = CARTESIAN_POINT ( 'NONE',  ( 0.002291790098607036311, 0.01099095263944147374, -0.0005848677312176014248 ) ) ;
#5653 = CIRCLE ( 'NONE', #962, 0.005016500000000010534 ) ;
#5654 = CARTESIAN_POINT ( 'NONE',  ( 0.04149036721580352111, 0.009580506763744061835, -0.004474101298972270845 ) ) ;
#5655 = CARTESIAN_POINT ( 'NONE',  ( 0.003752782079717762852, 0.009306869014838528575, 0.001207289031601777030 ) ) ;
#5656 = EDGE_CURVE ( 'NONE', #4039, #6705, #3499, .T. ) ;
#5657 = SURFACE_STYLE_FILL_AREA ( #5687 ) ;
#5658 = CARTESIAN_POINT ( 'NONE',  ( -3.685336118981499964E-17, 0.001808205287965903739, 0.005277611078687016732 ) ) ;
#5659 = VERTEX_POINT ( 'NONE', #6408 ) ;
#5660 = DIRECTION ( 'NONE',  ( -0.000000000000000000, 1.000000000000000000, -0.000000000000000000 ) ) ;
#5661 = CARTESIAN_POINT ( 'NONE',  ( 0.003306940053391334289, 0.009993784509153688309, -0.001738291061236448736 ) ) ;
#5662 = CARTESIAN_POINT ( 'NONE',  ( -0.004068102172660873969, 0.001557685478484451339, -0.004859513628020006859 ) ) ;
#5663 = CARTESIAN_POINT ( 'NONE',  ( 0.003036100263318931240, 0.009412919093696597850, -0.0006888285262430868120 ) ) ;
#5664 = CARTESIAN_POINT ( 'NONE',  ( 0.004002879986726607525, 0.008976998320787590857, -0.0005063861078629557089 ) ) ;
#5665 =( LENGTH_UNIT ( ) NAMED_UNIT ( * ) SI_UNIT ( $, .METRE. ) );
#5666 = CARTESIAN_POINT ( 'NONE',  ( 0.005768834660552974759, 0.007455969099560167193, -0.002422779197447256366 ) ) ;
#5667 = CARTESIAN_POINT ( 'NONE',  ( 0.002604233143416076826, 0.009940861168971061590, 0.0009925854743908562802 ) ) ;
#5668 = CARTESIAN_POINT ( 'NONE',  ( -0.003012394988727106100, 0.01175602262191538343, 0.0007973326765683486431 ) ) ;
#5669 = CARTESIAN_POINT ( 'NONE',  ( 0.1039858805438720890, 0.009800781704890538029, -0.001044913109321265977 ) ) ;
#5670 = CARTESIAN_POINT ( 'NONE',  ( -0.01084006560096539319, 0.007882900136151864065, 0.002081882532557491772 ) ) ;
#5671 = CARTESIAN_POINT ( 'NONE',  ( 0.002335415816976767894, 0.01117525309621956141, 5.206747534373747685E-05 ) ) ;
#5672 = B_SPLINE_CURVE_WITH_KNOTS ( 'NONE', 3,
 ( #3316, #5434, #2678, #6940, #6417, #5466, #639, #2714, #60, #2179 ),
 .UNSPECIFIED., .F., .F.,
 ( 4, 3, 3, 4 ),
 ( 0.01291021206184761114, 0.01361370798805195889, 0.01652461958139217479, 0.01849840678158934729 ),
 .UNSPECIFIED. ) ;
#5673 = CARTESIAN_POINT ( 'NONE',  ( -0.1299995057096984818, 0.005925680122849477996, -0.008922679251009037540 ) ) ;
#5674 = CARTESIAN_POINT ( 'NONE',  ( 0.002399868931637611554, 0.01029733631711689766, 0.001007290384208969422 ) ) ;
#5675 = ORIENTED_EDGE ( 'NONE', *, *, #4691, .T. ) ;
#5676 = CARTESIAN_POINT ( 'NONE',  ( 0.1243096602211989088, 0.007832494891504979823, 0.004878676288278892270 ) ) ;
#5677 = CARTESIAN_POINT ( 'NONE',  ( -0.002279139083742464256, 0.01084979488776469797, -0.0007461529428633053695 ) ) ;
#5678 = DIRECTION ( 'NONE',  ( -0.000000000000000000, -1.000000000000000000, -0.000000000000000000 ) ) ;
#5679 = CARTESIAN_POINT ( 'NONE',  ( 0.002934506549456445106, 0.01111639727168812174, 0.001629424532777408322 ) ) ;
#5680 = CARTESIAN_POINT ( 'NONE',  ( -0.04733985657235929151, 0.009701170585085360648, 0.003851813759190503370 ) ) ;
#5681 = CARTESIAN_POINT ( 'NONE',  ( 0.001348694731337154356, 0.0008508732707223393317, 0.006102747129093864450 ) ) ;
#5682 = DIRECTION ( 'NONE',  ( 0.000000000000000000, 1.000000000000000000, 0.000000000000000000 ) ) ;
#5683 = EDGE_LOOP ( 'NONE', ( #3405, #984, #5894, #4846, #6252 ) ) ;
#5684 = CARTESIAN_POINT ( 'NONE',  ( -0.002962365704314931687, 0.01155638246770107451, -0.001191609110145879554 ) ) ;
#5685 = CARTESIAN_POINT ( 'NONE',  ( 0.002626337266487839030, 0.009909085142535387775, -0.0009850278098841498426 ) ) ;
#5686 = CARTESIAN_POINT ( 'NONE',  ( 0.02937205077734634379, 0.008851546506530187652, -0.004146949204155608686 ) ) ;
#5687 = FILL_AREA_STYLE ('',( #2973 ) ) ;
#5688 = CARTESIAN_POINT ( 'NONE',  ( 0.01066323059921052419, 0.0007716336153703888447, 0.004541015648389485140 ) ) ;
#5689 = VERTEX_POINT ( 'NONE', #4705 ) ;
#5690 = CARTESIAN_POINT ( 'NONE',  ( -0.002304825358425609001, 0.01106108270229994028, 0.0004695080137588685475 ) ) ;
#5691 = CARTESIAN_POINT ( 'NONE',  ( -0.005255433039522524469, 0.002846893275003490979, -0.003392211339032869932 ) ) ;
#5692 = EDGE_CURVE ( 'NONE', #6422, #4933, #2029, .T. ) ;
#5693 = CARTESIAN_POINT ( 'NONE',  ( 0.002931049439826370010, 0.01124686981973989884, -0.001535656029870756736 ) ) ;
#5694 = CARTESIAN_POINT ( 'NONE',  ( 0.000000000000000000, 0.005588000000000000085, 0.000000000000000000 ) ) ;
#5695 = CARTESIAN_POINT ( 'NONE',  ( 0.004045786627945549725, 0.008922694791185466212, 0.0001654485566061621811 ) ) ;
#5696 = CARTESIAN_POINT ( 'NONE',  ( 0.004855694262019252458, 0.007953659551445127485, -0.003948655987427127610 ) ) ;
#5697 = CARTESIAN_POINT ( 'NONE',  ( 0.002846313460988915498, 0.009626600295794715892, 0.0008648590649706996590 ) ) ;
#5698 = CARTESIAN_POINT ( 'NONE',  ( -0.003872672032660730637, 0.009145651123737124147, -0.0009511028107664540841 ) ) ;
#5699 = CARTESIAN_POINT ( 'NONE',  ( 0.09858040257582860455, 0.01002040287998950605, -0.001736152407722053306 ) ) ;
#5700 = CARTESIAN_POINT ( 'NONE',  ( -0.1299999999999998379, 0.008306382705677337053, -0.003074156660427481563 ) ) ;
#5701 = EDGE_CURVE ( 'NONE', #6673, #2611, #2381, .T. ) ;
#5702 = CARTESIAN_POINT ( 'NONE',  ( 0.002331970895085784187, 0.01116426560361988111, 0.0001549387555960532546 ) ) ;
#5703 = CARTESIAN_POINT ( 'NONE',  ( -0.002284568792844665630, 0.01070979631141726583, 0.0008545643755641858016 ) ) ;
#5704 = EDGE_CURVE ( 'NONE', #4775, #3216, #5372, .T. ) ;
#5705 = CARTESIAN_POINT ( 'NONE',  ( -0.1300068149819984531, 0.005915768311176169969, -0.008944155805989468383 ) ) ;
#5706 = CARTESIAN_POINT ( 'NONE',  ( -0.003536095446610728384, 0.009618408830444036620, -0.001525217969197584103 ) ) ;
#5707 = ORIENTED_EDGE ( 'NONE', *, *, #1166, .T. ) ;
#5708 = CARTESIAN_POINT ( 'NONE',  ( 0.1298690620289134345, 0.006071079795357636581, 0.008644823508106577042 ) ) ;
#5709 = AXIS2_PLACEMENT_3D ( 'NONE', #23, #6524, #3285 ) ;
#5710 = CARTESIAN_POINT ( 'NONE',  ( -0.002322211489041341517, 0.01113117412114010205, 0.0003004439393393818413 ) ) ;
#5711 = AXIS2_PLACEMENT_3D ( 'NONE', #5177, #6094, #1888 ) ;
#5712 = CARTESIAN_POINT ( 'NONE',  ( -0.009148596562841473240, 0.007734718761732368823, 0.003917451043203170821 ) ) ;
#5713 = CARTESIAN_POINT ( 'NONE',  ( 0.003924661131660235093, 0.009077580268169993180, 0.0008071467643686975821 ) ) ;
#5714 = CYLINDRICAL_SURFACE ( 'NONE', #5209, 0.006032499999999997933 ) ;
#5715 = CARTESIAN_POINT ( 'NONE',  ( 0.006189393766297538943, 0.005177956979771003096, 0.0009009361160621302518 ) ) ;
#5716 = CARTESIAN_POINT ( 'NONE',  ( 0.001437170998174991648, 0.001673741513759882150, -0.0002540000000000001024 ) ) ;
#5717 = ORIENTED_EDGE ( 'NONE', *, *, #4247, .T. ) ;
#5718 = AXIS2_PLACEMENT_3D ( 'NONE', #4773, #4245, #5845 ) ;
#5719 = CARTESIAN_POINT ( 'NONE',  ( -0.002938792441094059682, 0.01139363593031395352, 0.001398616433646911877 ) ) ;
#5720 = CARTESIAN_POINT ( 'NONE',  ( 0.002306855622826303569, 0.01107030141629538472, -0.0004515623777515200303 ) ) ;
#5721 = CARTESIAN_POINT ( 'NONE',  ( 0.003558032068204259983, 0.009585376740737444959, 0.001498891282744545901 ) ) ;
#5722 = AXIS2_PLACEMENT_3D ( 'NONE', #1646, #1206, #6494 ) ;
#5723 = FACE_OUTER_BOUND ( 'NONE', #1064, .T. ) ;
#5724 = CARTESIAN_POINT ( 'NONE',  ( 0.03972349952376737908, -0.001159164714647768334, 0.01494512854273236276 ) ) ;
#5725 = CARTESIAN_POINT ( 'NONE',  ( -0.003075553214887263333, 0.01048793316260146144, 0.001823338903689701281 ) ) ;
#5726 = ORIENTED_EDGE ( 'NONE', *, *, #5841, .F. ) ;
#5727 = CARTESIAN_POINT ( 'NONE',  ( 0.002468811551904426249, 0.01015999974016755167, 0.001016000370599576177 ) ) ;
#5728 = CARTESIAN_POINT ( 'NONE',  ( 0.002976600710094470456, 0.01162380318043007392, -0.001082333451169433837 ) ) ;
#5729 = DIRECTION ( 'NONE',  ( 1.000000000000000000, -1.163719888839448470E-15, 0.000000000000000000 ) ) ;
#5730 = FACE_OUTER_BOUND ( 'NONE', #4282, .T. ) ;
#5731 = CARTESIAN_POINT ( 'NONE',  ( 0.1143361187286007219, 0.008886664005687945622, 0.001798104515189553800 ) ) ;
#5732 = CARTESIAN_POINT ( 'NONE',  ( 0.002374986328726705082, 0.01035657601644173788, 0.0009969422125921168810 ) ) ;
#5733 = CARTESIAN_POINT ( 'NONE',  ( -0.004048300108186776713, 0.008919529215187524743, 0.0001318401114713652717 ) ) ;
#5734 = CARTESIAN_POINT ( 'NONE',  ( 0.002423461732129093913, 0.009530061191485977509, -0.0008077113917088986263 ) ) ;
#5735 = CARTESIAN_POINT ( 'NONE',  ( -0.01002433056918179688, 0.007914730946392828717, 0.003772070134042933200 ) ) ;
#5736 = CARTESIAN_POINT ( 'NONE',  ( 0.002306946123977590603, 0.01107099332087920635, 0.0004511476912835551880 ) ) ;
#5737 = CARTESIAN_POINT ( 'NONE',  ( -0.002292323896799035830, 0.01099513338796142235, 0.0005796615396155468860 ) ) ;
#5738 = CARTESIAN_POINT ( 'NONE',  ( -0.1297716216318697824, 0.006152918073052211258, -0.008482836819400610406 ) ) ;
#5739 = EDGE_CURVE ( 'NONE', #3116, #2910, #1533, .T. ) ;
#5740 = CARTESIAN_POINT ( 'NONE',  ( 0.000000000000000000, 0.005588000000000000085, 0.000000000000000000 ) ) ;
#5741 = ORIENTED_EDGE ( 'NONE', *, *, #5305, .F. ) ;
#5742 = CARTESIAN_POINT ( 'NONE',  ( 0.01934029047332631521, 0.007912633662812987301, -0.003077543972625806576 ) ) ;
#5743 = CARTESIAN_POINT ( 'NONE',  ( -0.002312752116796750607, 0.01109522496189562987, 0.0003973787090787171184 ) ) ;
#5744 = CARTESIAN_POINT ( 'NONE',  ( 0.004587934170957755006, 0.007720170938120744439, -0.004244265504503070066 ) ) ;
#5745 = CARTESIAN_POINT ( 'NONE',  ( 0.003608635693326430784, 0.009510618215095269917, 0.001433697197500557845 ) ) ;
#5746 = CARTESIAN_POINT ( 'NONE',  ( -0.002281497323613360887, 0.01071566108294026362, 0.0008549478265683011077 ) ) ;
#5747 = PLANE ( 'NONE',  #6726 ) ;
#5748 = ORIENTED_EDGE ( 'NONE', *, *, #4766, .F. ) ;
#5749 = DIRECTION ( 'NONE',  ( 0.9948074101926112078, -1.024984244332465574E-17, 0.1017753242484120690 ) ) ;
#5750 = CARTESIAN_POINT ( 'NONE',  ( -0.003805014920781833385, 0.009235756651826732694, 0.001106741149844622882 ) ) ;
#5751 = CARTESIAN_POINT ( 'NONE',  ( 0.002293056705592237329, 0.01064513122517567710, -0.0008928634711491674567 ) ) ;
#5752 = CARTESIAN_POINT ( 'NONE',  ( -0.003895721705056291121, 0.009115308181864288303, 0.0008916990909372180711 ) ) ;
#5753 = CARTESIAN_POINT ( 'NONE',  ( -0.006364206002050239175, 0.005257436513822845263, -3.530161264577016400E-06 ) ) ;
#5754 = AXIS2_PLACEMENT_3D ( 'NONE', #6609, #259, #2372 ) ;
#5755 = CARTESIAN_POINT ( 'NONE',  ( 0.02287490453231740689, 0.007380753439362286450, -0.0003950528631171289413 ) ) ;
#5756 = ORIENTED_EDGE ( 'NONE', *, *, #5704, .T. ) ;
#5757 = CARTESIAN_POINT ( 'NONE',  ( -0.004705164914168532067, 0.007932383614030374605, 0.004253490230611382816 ) ) ;
#5758 = COLOUR_RGB ( '',0.8980392156862745390, 0.9176470588235293713, 0.9294117647058823817 ) ;
#5759 = CARTESIAN_POINT ( 'NONE',  ( 0.003136764520438584808, 0.01033679650565574350, -0.001818066334504343188 ) ) ;
#5760 = DIRECTION ( 'NONE',  ( 0.000000000000000000, 0.000000000000000000, -1.000000000000000000 ) ) ;
#5761 = CARTESIAN_POINT ( 'NONE',  ( -0.1024885154807276821, 0.01047622363640320076, 0.002298089056676692974 ) ) ;
#5762 = CARTESIAN_POINT ( 'NONE',  ( 0.004013417894836004800, 0.008963615322288865164, -0.0004490066914853513497 ) ) ;
#5763 = FILL_AREA_STYLE_COLOUR ( '', #390 ) ;
#5764 = CARTESIAN_POINT ( 'NONE',  ( 0.1239869107459214553, 0.007694290871874224190, 0.004706274017263594941 ) ) ;
#5765 = CARTESIAN_POINT ( 'NONE',  ( 0.002320078451593773818, 0.01051952249122421919, 0.0009504199027117301093 ) ) ;
#5766 = CARTESIAN_POINT ( 'NONE',  ( -0.002683118220028894371, 0.009831183123074240318, -0.0009614449178648375128 ) ) ;
#5767 = VECTOR ( 'NONE', #3016, 1.000000000000000000 ) ;
#5768 = CARTESIAN_POINT ( 'NONE',  ( -0.03967421650238060760, -0.0006114436324195257448, -0.01421244208435728552 ) ) ;
#5769 = CARTESIAN_POINT ( 'NONE',  ( 0.005966907648182267869, 0.007347360328749124973, -0.002227007262595488354 ) ) ;
#5770 = CARTESIAN_POINT ( 'NONE',  ( -0.003241398377801033449, 0.003386741698954053026, -0.0002540000000000004819 ) ) ;
#5771 = CARTESIAN_POINT ( 'NONE',  ( 0.002312042311909561377, 0.01109234522641490764, 0.0004040855043976991092 ) ) ;
#5772 = CARTESIAN_POINT ( 'NONE',  ( -0.002407192651261643845, 0.01028131976660789232, 0.001009262060190574016 ) ) ;
#5773 = CARTESIAN_POINT ( 'NONE',  ( -0.1303939259374494453, 0.005930775917802368936, -0.007947494309700525034 ) ) ;
#5774 = CARTESIAN_POINT ( 'NONE',  ( -0.0002540000000000002109, 0.000000000000000000, 0.003954250593981114593 ) ) ;
#5775 = ORIENTED_EDGE ( 'NONE', *, *, #6223, .T. ) ;
#5776 = ADVANCED_FACE ( 'NONE', ( #631 ), #316, .F. ) ;
#5777 = DIRECTION ( 'NONE',  ( 0.000000000000000000, 1.000000000000000000, 0.000000000000000000 ) ) ;
#5778 = CARTESIAN_POINT ( 'NONE',  ( 0.003026946663750927462, 0.01180096145150513753, -0.0006623725122087095220 ) ) ;
#5779 = CARTESIAN_POINT ( 'NONE',  ( -0.005168554948866827675, 0.002364287385977276688, -0.003524222607085926700 ) ) ;
#5780 = VERTEX_POINT ( 'NONE', #5552 ) ;
#5781 = DIRECTION ( 'NONE',  ( 0.8088059663547524369, 6.012718663555581339E-16, 0.5880755978519724980 ) ) ;
#5782 = CARTESIAN_POINT ( 'NONE',  ( -0.003075424107654293245, 0.01048787753045566165, 0.001823624347193772898 ) ) ;
#5783 = CARTESIAN_POINT ( 'NONE',  ( 0.002945650702634665906, 0.009512272067560122862, -0.0007829081687390335078 ) ) ;
#5784 = LINE ( 'NONE', #995, #5197 ) ;
#5785 = CARTESIAN_POINT ( 'NONE',  ( 0.06531939664575409088, 0.01189511719174943423, 0.003042805606071209267 ) ) ;
#5786 = EDGE_CURVE ( 'NONE', #4440, #5780, #5939, .T. ) ;
#5787 = EDGE_LOOP ( 'NONE', ( #1293, #2074, #795, #1804, #6458, #1205 ) ) ;
#5788 =( REPRESENTATION_RELATIONSHIP ('NONE','NONE', #5312, #2233 ) REPRESENTATION_RELATIONSHIP_WITH_TRANSFORMATION ( #2068 )SHAPE_REPRESENTATION_RELATIONSHIP( ) );
#5789 = CARTESIAN_POINT ( 'NONE',  ( -0.1300000000000000044, 0.005685575806725637685, -0.009065018289333365634 ) ) ;
#5790 = CARTESIAN_POINT ( 'NONE',  ( 0.003165253495816675294, 0.009277135976252025990, 0.0005038793181368049229 ) ) ;
#5791 = FACE_OUTER_BOUND ( 'NONE', #4420, .T. ) ;
#5792 = CARTESIAN_POINT ( 'NONE',  ( -0.01084006560096539146, 0.006400136686716212386, 0.001213086708602566970 ) ) ;
#5793 = DIRECTION ( 'NONE',  ( 0.000000000000000000, 0.000000000000000000, 1.000000000000000000 ) ) ;
#5794 = CARTESIAN_POINT ( 'NONE',  ( 0.1284482947381458129, 0.007197207115992571187, 0.005223473984911635934 ) ) ;
#5795 = CARTESIAN_POINT ( 'NONE',  ( 0.002912786715353206032, 0.009549425033604248131, 0.0008122172469370305629 ) ) ;
#5796 = CARTESIAN_POINT ( 'NONE',  ( -0.003903627961963404558, 0.009104989958883581008, 0.0008690353603398013899 ) ) ;
#5797 = CARTESIAN_POINT ( 'NONE',  ( -1.204485184444895089E-17, 1.142350046887600466E-32, 0.000000000000000000 ) ) ;
#5798 = CARTESIAN_POINT ( 'NONE',  ( -0.004880277787112157276, 0.007950023068156796685, 0.004071141845211324016 ) ) ;
#5799 = CARTESIAN_POINT ( 'NONE',  ( -0.004467737442505721572, 0.007926047109878205793, 0.004370595028588795082 ) ) ;
#5800 = CARTESIAN_POINT ( 'NONE',  ( -0.002438811803330256846, 0.01021607102261332112, 0.001014980145648311733 ) ) ;
#5801 = CARTESIAN_POINT ( 'NONE',  ( 3.546087271611077838E-19, 0.006985000000000001624, -0.002895600000000001645 ) ) ;
#5802 = CARTESIAN_POINT ( 'NONE',  ( -0.003203867685148546404, 0.01019089888132083087, -0.001796466175693229748 ) ) ;
#5803 = EDGE_LOOP ( 'NONE', ( #6568, #6370, #884, #286 ) ) ;
#5804 = CARTESIAN_POINT ( 'NONE',  ( 7.387681815856405461E-19, 0.000000000000000000, 0.006032499999999997933 ) ) ;
#5805 = CARTESIAN_POINT ( 'NONE',  ( -0.03484679726300485281, 0.008804548728302444977, 0.003335746316646303906 ) ) ;
#5806 = CARTESIAN_POINT ( 'NONE',  ( 0.002954670613136519373, 0.01151319373559086395, -0.001253214151839843757 ) ) ;
#5807 = CARTESIAN_POINT ( 'NONE',  ( -0.002293381792506537110, 0.01100116198215652513, 0.0005703114680685319538 ) ) ;
#5808 = CARTESIAN_POINT ( 'NONE',  ( -0.002821539555769031569, 0.0009927952886710294470, -0.005585108079769953750 ) ) ;
#5809 = ORIENTED_EDGE ( 'NONE', *, *, #4798, .F. ) ;
#5810 = DIRECTION ( 'NONE',  ( -0.3800292846449647710, 8.777261851471809962E-16, -0.9249744552214600457 ) ) ;
#5811 = ORIENTED_EDGE ( 'NONE', *, *, #3577, .F. ) ;
#5812 = CARTESIAN_POINT ( 'NONE',  ( -0.002986998858779638805, 0.01077642804085626911, 0.001779638116112826438 ) ) ;
#5813 = VECTOR ( 'NONE', #4119, 1.000000000000000000 ) ;
#5814 = CARTESIAN_POINT ( 'NONE',  ( -0.006272293199305086289, 0.005943912811809248277, 0.0009772729467017202219 ) ) ;
#5815 = SURFACE_STYLE_FILL_AREA ( #6349 ) ;
#5816 = CARTESIAN_POINT ( 'NONE',  ( 0.005390916389233986993, 0.007903860101252543208, -0.003177725219365492518 ) ) ;
#5817 = CARTESIAN_POINT ( 'NONE',  ( 0.06287143143848658577, -0.0007591322675566515663, 0.02440078829771964372 ) ) ;
#5818 = EDGE_CURVE ( 'NONE', #273, #6673, #2025, .T. ) ;
#5819 = AXIS2_PLACEMENT_3D ( 'NONE', #6463, #1725, #613 ) ;
#5820 = PRODUCT_DEFINITION_CONTEXT ( 'detailed design', #1495, 'design' ) ;
#5821 = ORIENTED_EDGE ( 'NONE', *, *, #5497, .T. ) ;
#5822 = CARTESIAN_POINT ( 'NONE',  ( -0.006094406876194702859, 0.004733203618931297769, -0.001406974043825485847 ) ) ;
#5823 = CARTESIAN_POINT ( 'NONE',  ( 0.003187847978626110867, 0.009254024410796084232, 0.0004601479454843576331 ) ) ;
#5824 = EDGE_CURVE ( 'NONE', #4596, #2329, #1356, .T. ) ;
#5825 = CARTESIAN_POINT ( 'NONE',  ( 0.1299999999999998934, 0.003099894575924692659, 0.01497419879809716234 ) ) ;
#5826 = CIRCLE ( 'NONE', #1689, 0.002895600000000001645 ) ;
#5827 = CARTESIAN_POINT ( 'NONE',  ( 0.005989304229527032779, 0.006377979284853128698, -0.001806857042942711707 ) ) ;
#5828 = CARTESIAN_POINT ( 'NONE',  ( 0.1270109514403236495, 0.007241660704977640958, 0.006208260177814545373 ) ) ;
#5829 = CARTESIAN_POINT ( 'NONE',  ( -0.003986613849087775746, 0.008997762482430620920, -0.0005814881710396251849 ) ) ;
#5830 = CARTESIAN_POINT ( 'NONE',  ( 0.005794107156761697970, 0.006918814019711546325, -0.002562636745569073140 ) ) ;
#5831 = CARTESIAN_POINT ( 'NONE',  ( 0.006207298253910296416, 0.006841421630807903616, -0.001398562134567372548 ) ) ;
#5832 = CARTESIAN_POINT ( 'NONE',  ( -0.006101911951445286066, 0.004762815874256867525, -0.001373663574648872985 ) ) ;
#5833 = CARTESIAN_POINT ( 'NONE',  ( -0.006207298253910280804, 0.006841421630807903616, 0.001398562134567414182 ) ) ;
#5834 = CARTESIAN_POINT ( 'NONE',  ( -0.004539146991791752871, 0.007664395279593405781, 0.004296653496469759505 ) ) ;
#5835 = CARTESIAN_POINT ( 'NONE',  ( -0.0002540000000000002109, 0.000000000000000000, 0.003954250593981114593 ) ) ;
#5836 = CARTESIAN_POINT ( 'NONE',  ( 0.000000000000000000, 0.005588000000000000085, 0.000000000000000000 ) ) ;
#5837 = CARTESIAN_POINT ( 'NONE',  ( -0.0002540000000000002109, 0.003386741698954053026, 0.003241398377801033449 ) ) ;
#5838 = LINE ( 'NONE', #1114, #1565 ) ;
#5839 = ORIENTED_EDGE ( 'NONE', *, *, #6589, .F. ) ;
#5840 = B_SPLINE_CURVE_WITH_KNOTS ( 'NONE', 3,
 ( #3819, #1773, #3441, #2383, #154, #2310, #5591, #6684 ),
 .UNSPECIFIED., .F., .F.,
 ( 4, 2, 2, 4 ),
 ( 0.0003076487795738900265, 0.0009620265313564549782, 0.001289215407247735990, 0.001616404283139017111 ),
 .UNSPECIFIED. ) ;
#5841 = EDGE_CURVE ( 'NONE', #1954, #201, #5379, .T. ) ;
#5842 = CARTESIAN_POINT ( 'NONE',  ( 0.003330827372616178110, 0.009951292265255862884, 0.001721302674050790953 ) ) ;
#5843 = CARTESIAN_POINT ( 'NONE',  ( -0.05105132540837727106, 0.01007538435555545807, 0.003886163370022901412 ) ) ;
#5844 = CARTESIAN_POINT ( 'NONE',  ( 0.003038097166436734206, 0.01183310390015271558, 0.0005413971359078862842 ) ) ;
#5845 = DIRECTION ( 'NONE',  ( -1.000000000000000000, 0.000000000000000000, 5.616463802763698759E-17 ) ) ;
#5846 = CARTESIAN_POINT ( 'NONE',  ( -0.006169188807340946629, 0.005873778045155187387, 0.001035699449268419944 ) ) ;
#5847 = VERTEX_POINT ( 'NONE', #144 ) ;
#5848 = DIRECTION ( 'NONE',  ( -0.5880755978519724980, 2.158453526438639426E-16, 0.8088059663547524369 ) ) ;
#5849 = EDGE_LOOP ( 'NONE', ( #4578, #5616 ) ) ;
#5850 = CARTESIAN_POINT ( 'NONE',  ( -0.003783315149078851029, 0.009265086096615292657, 0.001150375523169305109 ) ) ;
#5851 = CARTESIAN_POINT ( 'NONE',  ( 0.002724797897740151471, 0.009776440640170294336, -0.0009409467011444104479 ) ) ;
#5852 = CARTESIAN_POINT ( 'NONE',  ( -0.002032000000000003422, 0.01447799999999999955, 0.000000000000000000 ) ) ;
#5853 = FACE_OUTER_BOUND ( 'NONE', #2111, .T. ) ;
#5854 = CARTESIAN_POINT ( 'NONE',  ( 0.05351620202844322577, 0.01107995536383967264, 0.002217331489129022344 ) ) ;
#5855 = ADVANCED_FACE ( 'NONE', ( #184 ), #808, .T. ) ;
#5856 = ORIENTED_EDGE ( 'NONE', *, *, #5345, .F. ) ;
#5857 = CARTESIAN_POINT ( 'NONE',  ( -0.006106896717889422933, 0.004673841236666082324, -0.001352501937145185983 ) ) ;
#5858 = CARTESIAN_POINT ( 'NONE',  ( 0.003180408254685334907, 0.009261625653963226346, -0.0004748239246962465796 ) ) ;
#5859 = CARTESIAN_POINT ( 'NONE',  ( 0.02930792205695987099, 0.008746096427598371720, -0.004020156902414424860 ) ) ;
#5860 = ADVANCED_FACE ( 'NONE', ( #1417 ), #4078, .F. ) ;
#5861 = STYLED_ITEM ( 'NONE', ( #1393 ), #165 ) ;
#5862 = CARTESIAN_POINT ( 'NONE',  ( -0.01092606791770965764, 0.007944354947990329291, 0.004200375897603591396 ) ) ;
#5863 = CARTESIAN_POINT ( 'NONE',  ( 0.003776134187599249070, 0.009274973665687438057, -0.001163207672481761119 ) ) ;
#5864 = CARTESIAN_POINT ( 'NONE',  ( 0.1258326468046988555, 0.007524302774316073139, 0.005579789310911186483 ) ) ;
#5865 = CARTESIAN_POINT ( 'NONE',  ( -0.002941884710084368554, 0.009516499747838642886, 0.0007863907638089033710 ) ) ;
#5866 = CARTESIAN_POINT ( 'NONE',  ( -0.002358099515829447518, 0.01040039118401030888, -0.0009872942501146231287 ) ) ;
#5867 = CARTESIAN_POINT ( 'NONE',  ( 0.006209457481418466547, 0.005680371165529929205, -0.0007559240651741241761 ) ) ;
#5868 = MECHANICAL_DESIGN_GEOMETRIC_PRESENTATION_REPRESENTATION (  '', ( #1846 ), #5648 ) ;
#5869 = CARTESIAN_POINT ( 'NONE',  ( 0.005857598135039582266, 0.003737064218812145063, 0.002397132044539422233 ) ) ;
#5870 = CARTESIAN_POINT ( 'NONE',  ( -0.003452957942434760862, 0.001265715187916231993, -0.005252063797436598049 ) ) ;
#5871 = CARTESIAN_POINT ( 'NONE',  ( 0.004050874245518626578, 0.008916286297827105689, 9.370712988718136235E-05 ) ) ;
#5872 = CARTESIAN_POINT ( 'NONE',  ( 0.003058740138896383007, 0.009388678719891949132, -0.0006613013555501493163 ) ) ;
#5873 = VECTOR ( 'NONE', #5516, 1.000000000000000000 ) ;
#5874 = CARTESIAN_POINT ( 'NONE',  ( -0.003288852561936506970, 0.009152480095939902888, -0.0001321560971190971609 ) ) ;
#5875 = CARTESIAN_POINT ( 'NONE',  ( -0.1302153043240446562, 0.005465767931482630460, -0.009328906483505285813 ) ) ;
#5876 = CARTESIAN_POINT ( 'NONE',  ( -0.002952884403698397865, 0.01094706183706781188, -0.001719710397651399601 ) ) ;
#5877 = CARTESIAN_POINT ( 'NONE',  ( 0.004573808175515032583, 0.007649285579366761623, -0.004259434090767439014 ) ) ;
#5878 = ORIENTED_EDGE ( 'NONE', *, *, #2051, .T. ) ;
#5879 = CARTESIAN_POINT ( 'NONE',  ( 0.1227640498311172029, 0.007908094738423776179, 0.004210567009019040852 ) ) ;
#5880 = B_SPLINE_CURVE_WITH_KNOTS ( 'NONE', 1,
 ( #4910, #1131 ),
 .UNSPECIFIED., .F., .F.,
 ( 2, 2 ),
 ( 0.000000000000000000, 1.000000000000000000 ),
 .UNSPECIFIED. ) ;
#5881 = ORIENTED_EDGE ( 'NONE', *, *, #310, .F. ) ;
#5882 = CARTESIAN_POINT ( 'NONE',  ( -0.06325050444884090795, 0.01022676594580307526, 0.003723538156867697846 ) ) ;
#5883 = CARTESIAN_POINT ( 'NONE',  ( 0.003043053573635281193, 0.01184685550639916034, 0.0004791607416842366641 ) ) ;
#5884 = CARTESIAN_POINT ( 'NONE',  ( 0.000000000000000000, 0.001015999999999999976, 0.000000000000000000 ) ) ;
#5885 = ORIENTED_EDGE ( 'NONE', *, *, #6428, .F. ) ;
#5886 = ORIENTED_EDGE ( 'NONE', *, *, #6257, .T. ) ;
#5887 = CARTESIAN_POINT ( 'NONE',  ( -0.004028324287559505515, 0.008944731017132848128, -0.0003512157698373143296 ) ) ;
#5888 = CARTESIAN_POINT ( 'NONE',  ( 0.003019028109135948098, 0.009431383814656298797, -0.0007082559149164596246 ) ) ;
#5889 = DIRECTION ( 'NONE',  ( 9.484135310589723205E-16, 1.000000000000000000, -0.000000000000000000 ) ) ;
#5890 = DIRECTION ( 'NONE',  ( 1.123292760552739721E-17, -0.000000000000000000, -1.000000000000000000 ) ) ;
#5891 = CARTESIAN_POINT ( 'NONE',  ( 0.001451138256679907184, 0.000000000000000000, 0.0002539999999999998856 ) ) ;
#5892 = CARTESIAN_POINT ( 'NONE',  ( 0.05327344350638425763, 0.005292510282000338281, 0.01135476068322054805 ) ) ;
#5893 = CLOSED_SHELL ( 'NONE', ( #1851, #3880, #5511, #4385, #3456, #2502, #3342, #5313, #5116, #4639 ) ) ;
#5894 = ORIENTED_EDGE ( 'NONE', *, *, #1889, .F. ) ;
#5895 = CARTESIAN_POINT ( 'NONE',  ( -0.006365420816055573916, 0.005894217863282499512, 0.0001015014668646905052 ) ) ;
#5896 = CARTESIAN_POINT ( 'NONE',  ( 0.003058740138896383007, 0.009388678719891949132, -0.0006613013555501493163 ) ) ;
#5897 = CARTESIAN_POINT ( 'NONE',  ( -1.204485184444895089E-17, 0.01015018309780834661, 0.000000000000000000 ) ) ;
#5898 = CARTESIAN_POINT ( 'NONE',  ( -0.004074865919910026189, 0.004043452574872088631, -0.001857588484872030191 ) ) ;
#5899 = CARTESIAN_POINT ( 'NONE',  ( 0.1239609124108732863, 0.008149535161664759123, 0.003118871095721733981 ) ) ;
#5900 = CARTESIAN_POINT ( 'NONE',  ( -0.003279967176925129447, 0.009161298801252677065, 0.0001868886549140285974 ) ) ;
#5901 = CARTESIAN_POINT ( 'NONE',  ( -0.002498112746094502835, 0.01010761580307541034, -0.001015139983945785498 ) ) ;
#5902 = CARTESIAN_POINT ( 'NONE',  ( 0.002395721687852974194, 0.009640712759295299444, 0.0008830971951592885829 ) ) ;
#5903 = CARTESIAN_POINT ( 'NONE',  ( -0.005122438058431957181, 0.002743650337631432616, -0.003590294141815354983 ) ) ;
#5904 = CARTESIAN_POINT ( 'NONE',  ( -0.004809120509006266884, 0.002236224750309690444, -0.004071115529633394584 ) ) ;
#5905 = CARTESIAN_POINT ( 'NONE',  ( 0.002847703506163210344, 0.009624833766616415487, -0.0008641758744784481085 ) ) ;
#5906 = CARTESIAN_POINT ( 'NONE',  ( -0.08816107737497490271, 1.117971414033112204E-05, -0.02673392749572622157 ) ) ;
#5907 = CARTESIAN_POINT ( 'NONE',  ( -0.1302212324117079656, 0.005551676327530259171, -0.009067324387742466477 ) ) ;
#5908 = ADVANCED_FACE ( 'NONE', ( #6385, #1545 ), #3735, .F. ) ;
#5909 = CARTESIAN_POINT ( 'NONE',  ( -0.002953602712307566280, 0.01150664724053125990, -0.001262051093753503586 ) ) ;
#5910 = CARTESIAN_POINT ( 'NONE',  ( 0.004847882670994341225, 0.008055397623070599186, -0.003957812363634192858 ) ) ;
#5911 = ORIENTED_EDGE ( 'NONE', *, *, #2632, .T. ) ;
#5912 = EDGE_CURVE ( 'NONE', #2743, #2364, #5880, .T. ) ;
#5913 = ADVANCED_FACE ( 'NONE', ( #2858 ), #107, .T. ) ;
#5914 = CARTESIAN_POINT ( 'NONE',  ( -0.08758562730853880485, 0.01036598772288227846, 0.002153523492480716433 ) ) ;
#5915 = CARTESIAN_POINT ( 'NONE',  ( 0.002973257635943617194, 0.01160908846311347470, -0.001107739403958985782 ) ) ;
#5916 = CARTESIAN_POINT ( 'NONE',  ( 0.002319621017550527013, 0.01112165120809588577, -0.0003280225344822944398 ) ) ;
#5917 = DIRECTION ( 'NONE',  ( -0.000000000000000000, 1.000000000000000000, -0.000000000000000000 ) ) ;
#5918 = ORIENTED_EDGE ( 'NONE', *, *, #143, .F. ) ;
#5919 = ORIENTED_EDGE ( 'NONE', *, *, #214, .T. ) ;
#5920 = CARTESIAN_POINT ( 'NONE',  ( -0.003980115134275320245, 0.009006072993929992512, -0.0006095401172181789517 ) ) ;
#5921 = CARTESIAN_POINT ( 'NONE',  ( -0.006181419911892405833, 0.005935803662742712185, 0.0009633627547251797556 ) ) ;
#5922 = AXIS2_PLACEMENT_3D ( 'NONE', #3587, #3065, #983 ) ;
#5923 = DIRECTION ( 'NONE',  ( -1.000000000000000000, 9.509597446299629225E-16, 0.000000000000000000 ) ) ;
#5924 = SURFACE_SIDE_STYLE ('',( #5815 ) ) ;
#5925 = CARTESIAN_POINT ( 'NONE',  ( -0.005016500000000008799, 0.01447800000000000302, 0.000000000000000000 ) ) ;
#5926 = CARTESIAN_POINT ( 'NONE',  ( -0.004705720962741782171, 0.008031864869413830529, 0.004263647525395731878 ) ) ;
#5927 = ORIENTED_EDGE ( 'NONE', *, *, #6150, .F. ) ;
#5928 = CARTESIAN_POINT ( 'NONE',  ( -0.002366393932666378212, 0.01037683941351098642, -0.0009935443421269483672 ) ) ;
#5929 = CARTESIAN_POINT ( 'NONE',  ( -0.003853344299770996521, 0.009171146603358756866, -0.0009998916379108588326 ) ) ;
#5930 = CARTESIAN_POINT ( 'NONE',  ( 0.003290216511735886192, 0.009151128647944425237, 0.0001204594325412790051 ) ) ;
#5931 = CARTESIAN_POINT ( 'NONE',  ( 0.05303068498432528949, -0.0005186699241482085106, 0.02047947723571216447 ) ) ;
#5932 = CARTESIAN_POINT ( 'NONE',  ( -0.08816107737497490271, 1.117971414033112204E-05, -0.02673392749572622157 ) ) ;
#5933 = AXIS2_PLACEMENT_3D ( 'NONE', #1475, #146, #3594 ) ;
#5934 = CARTESIAN_POINT ( 'NONE',  ( 0.1298932965027093656, 0.005762712875475534645, 0.008914822464394952378 ) ) ;
#5935 = CARTESIAN_POINT ( 'NONE',  ( -0.003206431045799850495, 0.009235116477371208346, 0.0004208623759548019952 ) ) ;
#5936 = CARTESIAN_POINT ( 'NONE',  ( -0.002284226145761885946, 0.01071316974124287766, -0.0008523825842396868472 ) ) ;
#5937 = DIRECTION ( 'NONE',  ( 0.000000000000000000, 0.000000000000000000, -1.000000000000000000 ) ) ;
#5938 = DIRECTION ( 'NONE',  ( 0.000000000000000000, 0.000000000000000000, -1.000000000000000000 ) ) ;
#5939 = CIRCLE ( 'NONE', #2938, 0.005003799999999891668 ) ;
#5940 = CARTESIAN_POINT ( 'NONE',  ( -0.03400942487548359178, 0.008731403729447140272, 0.003295895752937244311 ) ) ;
#5941 = AXIS2_PLACEMENT_3D ( 'NONE', #5740, #3131, #5278 ) ;
#5942 = FACE_OUTER_BOUND ( 'NONE', #2930, .T. ) ;
#5943 = CARTESIAN_POINT ( 'NONE',  ( 0.002951881816329373839, 0.01151153042072182789, -0.001271026891195522080 ) ) ;
#5944 = CARTESIAN_POINT ( 'NONE',  ( -0.003271177453148439458, 0.009170041171954504758, 0.0002291949572005017510 ) ) ;
#5945 = CARTESIAN_POINT ( 'NONE',  ( -0.1302203562126033054, 0.005534363329346993730, -0.009108940792991784483 ) ) ;
#5946 = CARTESIAN_POINT ( 'NONE',  ( -0.003032428501397171818, 0.01061361187834861108, -0.001812755247026967987 ) ) ;
#5947 = CARTESIAN_POINT ( 'NONE',  ( 0.003452957942434723999, 0.001265715187916231993, 0.005252063797436622335 ) ) ;
#5948 = ORIENTED_EDGE ( 'NONE', *, *, #5172, .T. ) ;
#5949 = CARTESIAN_POINT ( 'NONE',  ( 0.1189830434120249941, 0.008416805424124812821, 0.002985510690129359289 ) ) ;
#5950 = EDGE_CURVE ( 'NONE', #6771, #5310, #677, .T. ) ;
#5951 = CARTESIAN_POINT ( 'NONE',  ( -0.09027815917610525209, 0.01010803943207873659, 0.001900331918864988333 ) ) ;
#5952 = CARTESIAN_POINT ( 'NONE',  ( 0.003432378053966715463, 0.009780602692841372167, -0.001635162874588154186 ) ) ;
#5953 = CARTESIAN_POINT ( 'NONE',  ( 0.002322638297012177572, 0.01113259102641198962, -0.0002940720412693465413 ) ) ;
#5954 = CARTESIAN_POINT ( 'NONE',  ( -0.003174918703976840895, 0.009267235299144097049, 0.0004854838073246231013 ) ) ;
#5955 = ORIENTED_EDGE ( 'NONE', *, *, #870, .T. ) ;
#5956 = CARTESIAN_POINT ( 'NONE',  ( -0.002793709879286578133, 0.009689731709275556729, -0.0009011367299697834853 ) ) ;
#5957 = CARTESIAN_POINT ( 'NONE',  ( -0.002435646532845304416, 0.001124609053957617176, -0.005763946547809963017 ) ) ;
#5958 = CARTESIAN_POINT ( 'NONE',  ( 0.000000000000000000, 0.000000000000000000, 0.000000000000000000 ) ) ;
#5959 = CARTESIAN_POINT ( 'NONE',  ( 0.003776134118509498656, 0.009274974657528838734, -0.001163206936511627975 ) ) ;
#5960 = CARTESIAN_POINT ( 'NONE',  ( 0.02734609838278330429, 0.008178857130004111090, -0.003099677071096044317 ) ) ;
#5961 = DIRECTION ( 'NONE',  ( -1.000000000000000000, 8.537024980200801111E-16, 0.000000000000000000 ) ) ;
#5962 = B_SPLINE_CURVE_WITH_KNOTS ( 'NONE', 3,
 ( #6460, #1135, #103, #6605, #1794, #181, #6071, #6035 ),
 .UNSPECIFIED., .F., .F.,
 ( 4, 2, 2, 4 ),
 ( 0.4962304907135360876, 0.5522326976814880828, 0.5802338011654639693, 0.6082349046494399669 ),
 .UNSPECIFIED. ) ;
#5963 = ORIENTED_EDGE ( 'NONE', *, *, #1364, .F. ) ;
#5964 = CARTESIAN_POINT ( 'NONE',  ( -0.002281078928045022526, 0.01089253917081662616, -0.0007041215512908676009 ) ) ;
#5965 = CARTESIAN_POINT ( 'NONE',  ( -0.003624592654353401590, 0.009487257092761046048, -0.001412384991999573883 ) ) ;
#5966 = CARTESIAN_POINT ( 'NONE',  ( 0.002282177303165566686, 0.01073297884940507818, 0.0008397315668755016456 ) ) ;
#5967 = CARTESIAN_POINT ( 'NONE',  ( 0.05327344350638425069, 0.004101283989318208791, 0.01145124347468997467 ) ) ;
#5968 = DIRECTION ( 'NONE',  ( -0.000000000000000000, -1.000000000000000000, -0.000000000000000000 ) ) ;
#5969 = CARTESIAN_POINT ( 'NONE',  ( 0.004668615532577397205, 0.001882890392535601374, 0.004164736008788311704 ) ) ;
#5970 = CARTESIAN_POINT ( 'NONE',  ( 0.1299074057262460946, 0.005742441983836841894, 0.008964161633894785625 ) ) ;
#5971 = CARTESIAN_POINT ( 'NONE',  ( -0.003225884606864657961, 0.009215436203017627476, 0.0003746146287327697878 ) ) ;
#5972 = CARTESIAN_POINT ( 'NONE',  ( -0.002319466839154624756, 0.01112111656134882713, -0.0003298595365736198466 ) ) ;
#5973 = CARTESIAN_POINT ( 'NONE',  ( 0.006144296475556092381, 0.004173139855860706279, 0.001250739771813270040 ) ) ;
#5974 = CARTESIAN_POINT ( 'NONE',  ( -0.0002540000000000002109, 0.005587999999999999218, 0.002884438135928730530 ) ) ;
#5975 = CARTESIAN_POINT ( 'NONE',  ( 0.0002539999999999998314, 0.000000000000000000, 0.001451138256679907184 ) ) ;
#5976 = CARTESIAN_POINT ( 'NONE',  ( 0.002945526172376278142, 0.01100298930002124517, 0.001692565386554956489 ) ) ;
#5977 = CARTESIAN_POINT ( 'NONE',  ( -0.005966907648182253991, 0.007347360328749124106, 0.002227007262595529988 ) ) ;
#5978 = FACE_OUTER_BOUND ( 'NONE', #5787, .T. ) ;
#5979 = CARTESIAN_POINT ( 'NONE',  ( -0.003292838490853609683, 0.009148530906341264396, -9.742488443262672547E-05 ) ) ;
#5980 = CARTESIAN_POINT ( 'NONE',  ( 0.04600527013137310772, 0.009626842663206897424, -0.003818440986580468998 ) ) ;
#5981 = CARTESIAN_POINT ( 'NONE',  ( -0.003052414416928076520, 0.01187199557083553486, -0.0003340216840388472589 ) ) ;
#5982 = CARTESIAN_POINT ( 'NONE',  ( 0.002522840770048510352, 0.01006642503218468238, 0.001011945293247937640 ) ) ;
#5983 = ORIENTED_EDGE ( 'NONE', *, *, #1260, .F. ) ;
#5984 = AXIS2_PLACEMENT_3D ( 'NONE', #2551, #292, #2443 ) ;
#5985 = CARTESIAN_POINT ( 'NONE',  ( -0.1284482947379222140, 0.007197207116156092294, -0.005223473984439700075 ) ) ;
#5986 = CARTESIAN_POINT ( 'NONE',  ( 0.003764999550080872556, 0.009290133821019614171, -0.001184677287932901345 ) ) ;
#5987 = CARTESIAN_POINT ( 'NONE',  ( 0.1299999999999998934, 0.005751886828364114607, 0.01189968851867709114 ) ) ;
#5988 = CARTESIAN_POINT ( 'NONE',  ( -0.002880351339958809546, 0.009586739150123745404, 0.0008388873058256960053 ) ) ;
#5989 = VECTOR ( 'NONE', #6717, 1.000000000000000000 ) ;
#5990 = EDGE_CURVE ( 'NONE', #2754, #1914, #1799, .T. ) ;
#5991 = CARTESIAN_POINT ( 'NONE',  ( -0.002628845264250661597, 0.009905820901628554012, -0.0009838164473366796219 ) ) ;
#5992 = CARTESIAN_POINT ( 'NONE',  ( -0.004622785550631522064, 0.001845904193188031752, -0.004215710007197262001 ) ) ;
#5993 = CARTESIAN_POINT ( 'NONE',  ( 1.686279258222847794E-18, 0.01447799999999999782, 0.000000000000000000 ) ) ;
#5994 = CARTESIAN_POINT ( 'NONE',  ( 0.003889046688987923741, 0.009124088196172891116, -0.0009090159383989556514 ) ) ;
#5995 = CARTESIAN_POINT ( 'NONE',  ( 0.1299999999999998934, 0.005819684966793994135, 0.008867026780760465035 ) ) ;
#5996 = CARTESIAN_POINT ( 'NONE',  ( -0.001404488224300015587, 0.005588000000000000085, 0.0002539999999999999398 ) ) ;
#5997 = EDGE_CURVE ( 'NONE', #235, #2094, #194, .T. ) ;
#5998 = ORIENTED_EDGE ( 'NONE', *, *, #2813, .F. ) ;
#5999 = CYLINDRICAL_SURFACE ( 'NONE', #5722, 0.002032000000000005156 ) ;
#6000 = CARTESIAN_POINT ( 'NONE',  ( -0.003238147838367260410, 0.01012296592663045579, -0.001779511926489966240 ) ) ;
#6001 = CARTESIAN_POINT ( 'NONE',  ( 0.002280842956579681724, 0.01089215495032680621, 0.0007052642387394209619 ) ) ;
#6002 = CARTESIAN_POINT ( 'NONE',  ( 0.000000000000000000, 0.02413508000000001361, 0.002412999999999997612 ) ) ;
#6003 = CARTESIAN_POINT ( 'NONE',  ( 0.02131933912857881738, 0.007985843119619010291, -0.003026139002090428264 ) ) ;
#6004 = ADVANCED_FACE ( 'NONE', ( #99 ), #2328, .F. ) ;
#6005 = DIRECTION ( 'NONE',  ( -0.000000000000000000, -1.000000000000000000, -0.000000000000000000 ) ) ;
#6006 = CARTESIAN_POINT ( 'NONE',  ( 0.1303093450996620772, 0.005745995210989906371, 0.008474876595303243443 ) ) ;
#6007 = CARTESIAN_POINT ( 'NONE',  ( -0.002698437149855809764, 0.009810825424398726680, 0.0009542414049167947422 ) ) ;
#6008 = CARTESIAN_POINT ( 'NONE',  ( -0.002328703737168199422, 0.01115351280096412573, -0.0002132920759456731887 ) ) ;
#6009 = CARTESIAN_POINT ( 'NONE',  ( 0.001864503212736325294, 0.001061632242754082097, 0.005973195401308649226 ) ) ;
#6010 = ORIENTED_EDGE ( 'NONE', *, *, #5095, .F. ) ;
#6011 = CARTESIAN_POINT ( 'NONE',  ( -0.004579114682840487727, 0.007948341603019515658, 0.004254013250294464039 ) ) ;
#6012 = CARTESIAN_POINT ( 'NONE',  ( -0.002933130682899472153, 0.01112471363589174686, -0.001626265992179926545 ) ) ;
#6013 = CARTESIAN_POINT ( 'NONE',  ( 0.002983347247878525774, 0.01079008666189032288, 0.001776565500459226059 ) ) ;
#6014 = CARTESIAN_POINT ( 'NONE',  ( -0.002323978452039403720, 0.01015999999999832142, -0.001016000000007534097 ) ) ;
#6015 = DIRECTION ( 'NONE',  ( 0.000000000000000000, 1.000000000000000000, 0.000000000000000000 ) ) ;
#6016 = EDGE_LOOP ( 'NONE', ( #5495, #3180, #829, #1896 ) ) ;
#6017 = CARTESIAN_POINT ( 'NONE',  ( 0.005620673625499477376, 0.003485722346783206443, 0.002778950748450422815 ) ) ;
#6018 = CARTESIAN_POINT ( 'NONE',  ( -0.003034389027361370731, 0.01182261055250980603, -0.0005840186336435724580 ) ) ;
#6019 = CARTESIAN_POINT ( 'NONE',  ( 0.003060830557101980494, 0.009386406592077361014, 0.0006591136304190998605 ) ) ;
#6020 = ORIENTED_EDGE ( 'NONE', *, *, #516, .T. ) ;
#6021 = CARTESIAN_POINT ( 'NONE',  ( -0.03969885801307404538, -0.0008853041735336470396, -0.01457878531354468536 ) ) ;
#6022 = ADVANCED_FACE ( 'NONE', ( #4476 ), #4439, .F. ) ;
#6023 = CARTESIAN_POINT ( 'NONE',  ( -0.1143460135583547616, 0.009083007406220158786, -0.001830488872090050472 ) ) ;
#6024 = CARTESIAN_POINT ( 'NONE',  ( 0.003296217363200712284, 0.009145186751902737582, -5.202507842627842867E-05 ) ) ;
#6025 = CARTESIAN_POINT ( 'NONE',  ( 0.002317284653677795670, 0.01111293455431651422, 0.0003526116729487868804 ) ) ;
#6026 = CARTESIAN_POINT ( 'NONE',  ( -0.002968614213553151786, 0.009486641336240577566, 0.0007611074022270880243 ) ) ;
#6027 = CARTESIAN_POINT ( 'NONE',  ( -0.003986613849087775746, 0.008997762482430620920, -0.0005814881710396251849 ) ) ;
#6028 = CARTESIAN_POINT ( 'NONE',  ( -0.006357840024776211484, 0.005207351796083088159, -6.954364800535351322E-05 ) ) ;
#6029 = FACE_BOUND ( 'NONE', #190, .T. ) ;
#6030 = CARTESIAN_POINT ( 'NONE',  ( 0.003879644428855535086, 0.009136444777843066509, -0.0009336884146709180550 ) ) ;
#6031 = CARTESIAN_POINT ( 'NONE',  ( 0.03400942487548361259, 0.008731403729447150680, -0.003295895752937019665 ) ) ;
#6032 = CYLINDRICAL_SURFACE ( 'NONE', #5608, 0.005918200000000010605 ) ;
#6033 = SHAPE_REPRESENTATION ( 'BLDCMotorPropCollar', ( #3950 ), #6513 ) ;
#6034 = EDGE_LOOP ( 'NONE', ( #6124, #581 ) ) ;
#6035 = CARTESIAN_POINT ( 'NONE',  ( 0.003061340060767294910, 0.01189507105402040459, 1.243432941813064297E-15 ) ) ;
#6036 = CARTESIAN_POINT ( 'NONE',  ( 0.002322954739532910075, 0.01113372895592587390, 0.0002905335472760419671 ) ) ;
#6037 = CARTESIAN_POINT ( 'NONE',  ( 0.0002539999999999996688, 0.005080000000000001181, 0.002884438135928730530 ) ) ;
#6038 = CARTESIAN_POINT ( 'NONE',  ( 0.01049512605530949702, 0.007908099179644157220, -0.003723001392125916027 ) ) ;
#6039 = EDGE_CURVE ( 'NONE', #5029, #2041, #1791, .T. ) ;
#6040 = DIRECTION ( 'NONE',  ( 0.000000000000000000, 0.000000000000000000, 1.000000000000000000 ) ) ;
#6041 = CARTESIAN_POINT ( 'NONE',  ( 0.1302182343877161530, 0.005651675745949245183, 0.008825605798538013747 ) ) ;
#6042 = DIRECTION ( 'NONE',  ( 0.000000000000000000, -0.000000000000000000, 1.000000000000000000 ) ) ;
#6043 = AXIS2_PLACEMENT_3D ( 'NONE', #4861, #48, #4347 ) ;
#6044 = CARTESIAN_POINT ( 'NONE',  ( 0.001260674491840932171, 0.0008528140460401368965, 0.006121535740777931181 ) ) ;
#6045 = ORIENTED_EDGE ( 'NONE', *, *, #1620, .F. ) ;
#6046 = CARTESIAN_POINT ( 'NONE',  ( -0.002929113973268863188, 0.01133666580439126985, -0.001470065118372126771 ) ) ;
#6047 = CARTESIAN_POINT ( 'NONE',  ( 0.003035442321778536283, 0.01182562107281699866, 0.0005721557211209582754 ) ) ;
#6048 = CARTESIAN_POINT ( 'NONE',  ( -0.0002540000000000001566, 0.005588000000000000085, -0.0002540000000000001024 ) ) ;
#6049 = AXIS2_PLACEMENT_3D ( 'NONE', #5884, #1087, #4940 ) ;
#6050 = EDGE_LOOP ( 'NONE', ( #5726, #5220, #4350, #2339 ) ) ;
#6051 = CARTESIAN_POINT ( 'NONE',  ( 0.005838305167165453585, 0.003849893309374849588, 0.002281543218932897011 ) ) ;
#6052 = CARTESIAN_POINT ( 'NONE',  ( 0.07948902919223468921, 0.01030063615066447759, -0.002877323600685862369 ) ) ;
#6053 = CARTESIAN_POINT ( 'NONE',  ( -0.002977861189524426584, 0.01162993188367810425, 0.001072940392172893210 ) ) ;
#6054 = CARTESIAN_POINT ( 'NONE',  ( 0.003047102849800670255, 0.009401078909144822138, 0.0006759047281491486819 ) ) ;
#6055 = ORIENTED_EDGE ( 'NONE', *, *, #6808, .F. ) ;
#6056 = CARTESIAN_POINT ( 'NONE',  ( -0.02298132754627544780, -0.0006884083735284262338, -0.006930564964848481661 ) ) ;
#6057 = AXIS2_PLACEMENT_3D ( 'NONE', #295, #5660, #5195 ) ;
#6058 = CARTESIAN_POINT ( 'NONE',  ( -0.1261327932704074672, 0.007456981440929232041, -0.005730856328927903462 ) ) ;
#6059 = CARTESIAN_POINT ( 'NONE',  ( -0.1300000000000000044, 0.005925007879322498859, -0.008924140516988820354 ) ) ;
#6060 = PLANE ( 'NONE',  #5604 ) ;
#6061 = EDGE_CURVE ( 'NONE', #3672, #6085, #4328, .T. ) ;
#6062 = CARTESIAN_POINT ( 'NONE',  ( -0.002328703737168199422, 0.01115351280096412573, -0.0002132920759456731887 ) ) ;
#6063 = LINE ( 'NONE', #2821, #1850 ) ;
#6064 = PRODUCT_DEFINITION_SHAPE ( 'NONE', 'NONE',  #3657 ) ;
#6065 = CARTESIAN_POINT ( 'NONE',  ( -0.002031999999999999952, 0.01168400000000000341, 0.000000000000000000 ) ) ;
#6066 = CARTESIAN_POINT ( 'NONE',  ( 0.004379991594527760969, 0.001699275456554631431, 0.004671122133219602658 ) ) ;
#6067 = CARTESIAN_POINT ( 'NONE',  ( -0.002886320021996742046, 0.009579778647054398508, -0.0008342689652286953538 ) ) ;
#6068 = CARTESIAN_POINT ( 'NONE',  ( -0.001445268041901130772, 0.0007034714342214828811, 0.0002539999999999999398 ) ) ;
#6069 = ORIENTED_EDGE ( 'NONE', *, *, #4209, .T. ) ;
#6070 = CARTESIAN_POINT ( 'NONE',  ( -0.002285655320494849995, 0.01094459893316234757, -0.0006456075726729186082 ) ) ;
#6071 = CARTESIAN_POINT ( 'NONE',  ( 0.003061340624655018317, 0.01189506946772041739, 0.0001157271933132673154 ) ) ;
#6072 = CARTESIAN_POINT ( 'NONE',  ( 0.002325635624244155007, 0.01114310973439833728, 0.0002570121951512625391 ) ) ;
#6073 = CARTESIAN_POINT ( 'NONE',  ( -0.001886350045970806551, 0.01084905678043581248, 0.0007764030044546836378 ) ) ;
#6074 = CARTESIAN_POINT ( 'NONE',  ( 0.01861590045579463934, 0.007717191279155976094, -0.003197410287359690653 ) ) ;
#6075 = FACE_OUTER_BOUND ( 'NONE', #6409, .T. ) ;
#6076 = CARTESIAN_POINT ( 'NONE',  ( 0.1300035457770760405, 0.005920187975200219554, 0.008934626602004001536 ) ) ;
#6077 = CARTESIAN_POINT ( 'NONE',  ( 0.006352944357898103640, 0.005394639822921271609, -0.0001882591878434947477 ) ) ;
#6078 = EDGE_LOOP ( 'NONE', ( #4281, #6413, #4460, #6925 ) ) ;
#6079 = CARTESIAN_POINT ( 'NONE',  ( -0.004493409286328531489, 0.007899831185348388934, 0.004344344190734105576 ) ) ;
#6080 = CARTESIAN_POINT ( 'NONE',  ( -1.204485184444895089E-17, 3.732723443801142422E-20, 0.000000000000000000 ) ) ;
#6081 = EDGE_CURVE ( 'NONE', #1241, #273, #446, .T. ) ;
#6082 = CARTESIAN_POINT ( 'NONE',  ( 0.003056059672711211681, 0.01188151480986386101, 0.0002573086633413968231 ) ) ;
#6083 = CARTESIAN_POINT ( 'NONE',  ( -0.002504045676704251110, 0.009272074566251778047, 0.0005109901435324106867 ) ) ;
#6084 = CARTESIAN_POINT ( 'NONE',  ( 0.003726060983117761034, 0.001396480393892497035, 0.005074281499170896388 ) ) ;
#6085 = VERTEX_POINT ( 'NONE', #6456 ) ;
#6086 = CARTESIAN_POINT ( 'NONE',  ( 0.006054153894183402287, 0.007095672174635987879, -0.001576915448899267498 ) ) ;
#6087 = CARTESIAN_POINT ( 'NONE',  ( 0.08739589912679358863, 0.01017202456504864849, -0.002183752253906174907 ) ) ;
#6088 = CARTESIAN_POINT ( 'NONE',  ( -0.003290106300714050989, 0.01002435774135651374, 0.001749509997172565010 ) ) ;
#6089 = CARTESIAN_POINT ( 'NONE',  ( 0.002699499737283101494, 0.009809468852251200174, 0.0009536767399603025396 ) ) ;
#6090 = ORIENTED_EDGE ( 'NONE', *, *, #686, .T. ) ;
#6091 = CARTESIAN_POINT ( 'NONE',  ( -0.08735636879288842527, -0.0009599655827698942061, -0.02850185535244280366 ) ) ;
#6092 = CARTESIAN_POINT ( 'NONE',  ( -0.1266994963050399881, 0.007122990349923999549, -0.005997898329488403346 ) ) ;
#6093 = DIRECTION ( 'NONE',  ( 0.000000000000000000, 0.000000000000000000, -1.000000000000000000 ) ) ;
#6094 = DIRECTION ( 'NONE',  ( -0.000000000000000000, 1.000000000000000000, -0.000000000000000000 ) ) ;
#6095 = AXIS2_PLACEMENT_3D ( 'NONE', #1800, #108, #2406 ) ;
#6096 = CARTESIAN_POINT ( 'NONE',  ( -0.002428790748164205617, 0.01023605538851321724, -0.001013684125211278568 ) ) ;
#6097 = CARTESIAN_POINT ( 'NONE',  ( -0.1109433620034538381, 0.009365277175900677681, -0.001085483212659173191 ) ) ;
#6098 = DIRECTION ( 'NONE',  ( -0.000000000000000000, 1.000000000000000000, -0.000000000000000000 ) ) ;
#6099 = FACE_OUTER_BOUND ( 'NONE', #56, .T. ) ;
#6100 =( LENGTH_UNIT ( ) NAMED_UNIT ( * ) SI_UNIT ( $, .METRE. ) );
#6101 = AXIS2_PLACEMENT_3D ( 'NONE', #4558, #4456, #5525 ) ;
#6102 = CARTESIAN_POINT ( 'NONE',  ( -0.004516033713513160908, 0.007850831973517786305, 0.004357399238818016225 ) ) ;
#6103 = EDGE_LOOP ( 'NONE', ( #6827, #608 ) ) ;
#6104 = SHAPE_REPRESENTATION_RELATIONSHIP ( 'NONE' , 'NONE' ,  #6033, #1510 ) ;
#6105 = CARTESIAN_POINT ( 'NONE',  ( -0.002933005915215889867, 0.01115199936154070981, -0.001605182551861066096 ) ) ;
#6106 = CARTESIAN_POINT ( 'NONE',  ( 0.002324537646881467013, 0.01050337610139049152, 0.0009563700724418011537 ) ) ;
#6107 = DIRECTION ( 'NONE',  ( 0.000000000000000000, 0.000000000000000000, -1.000000000000000000 ) ) ;
#6108 = CARTESIAN_POINT ( 'NONE',  ( 0.05782552834160430144, 0.01030956242363941650, -0.003854080126074966618 ) ) ;
#6109 = DIRECTION ( 'NONE',  ( 1.224646799147352961E-16, 0.000000000000000000, -1.000000000000000000 ) ) ;
#6110 = CARTESIAN_POINT ( 'NONE',  ( 0.1303273152749439556, 0.005430225634597689831, 0.009790659220108004906 ) ) ;
#6111 = TOROIDAL_SURFACE ( 'NONE', #6543, 0.006150000000000000085, 0.0001000000000000000048 ) ;
#6112 = CARTESIAN_POINT ( 'NONE',  ( 0.006357840024776065767, 0.005207351796083017903, 6.954364800549933841E-05 ) ) ;
#6113 = EDGE_LOOP ( 'NONE', ( #4424, #3201, #3694, #5562 ) ) ;
#6114 = DIRECTION ( 'NONE',  ( -0.7410584193287692578, 0.000000000000000000, 0.6714405551811314377 ) ) ;
#6115 = CARTESIAN_POINT ( 'NONE',  ( -0.001893223174096941592, 0.0008094025270840920572, -0.005997139495344919018 ) ) ;
#6116 = CARTESIAN_POINT ( 'NONE',  ( 0.002966659563033239352, 0.01157813186572312358, 0.001158261664329022838 ) ) ;
#6117 = CARTESIAN_POINT ( 'NONE',  ( -0.002341819305917676799, 0.01015018309780834661, 0.001015952571939930400 ) ) ;
#6118 = CARTESIAN_POINT ( 'NONE',  ( 0.003170669955530824695, 0.01025934996939822409, -0.001810384220476812757 ) ) ;
#6119 = ORIENTED_EDGE ( 'NONE', *, *, #3144, .F. ) ;
#6120 = CARTESIAN_POINT ( 'NONE',  ( 0.005871660952389091970, 0.007314474761210000911, -0.002160075898779011735 ) ) ;
#6121 = CARTESIAN_POINT ( 'NONE',  ( 0.05803012424345181663, 0.01011731497771480200, -0.003860444025834788070 ) ) ;
#6122 = CARTESIAN_POINT ( 'NONE',  ( -0.003592225377705113819, 0.009534492982069462524, 0.001456160131792209487 ) ) ;
#6123 = CARTESIAN_POINT ( 'NONE',  ( 0.003001926956860346413, 0.009449969846000771945, 0.0007270640152001186466 ) ) ;
#6124 = ORIENTED_EDGE ( 'NONE', *, *, #743, .T. ) ;
#6125 = CARTESIAN_POINT ( 'NONE',  ( -0.05048530208196777558, -0.0008611759169458016710, -0.01995830801063406754 ) ) ;
#6126 = ADVANCED_FACE ( 'NONE', ( #1203 ), #3319, .T. ) ;
#6127 = B_SPLINE_CURVE_WITH_KNOTS ( 'NONE', 3,
 ( #6804, #6178, #6576, #891, #5716, #3530, #4645, #925, #2507, #6276 ),
 .UNSPECIFIED., .F., .F.,
 ( 4, 3, 3, 4 ),
 ( 0.01291021206184760767, 0.01361370798805195542, 0.01652461958139217132, 0.01849840678158934382 ),
 .UNSPECIFIED. ) ;
#6128 = CARTESIAN_POINT ( 'NONE',  ( -0.1226374622326041192, 0.008337425744750298628, -0.002687770112730551806 ) ) ;
#6129 = ADVANCED_FACE ( 'NONE', ( #4880 ), #6032, .T. ) ;
#6130 = DIRECTION ( 'NONE',  ( 0.000000000000000000, -0.5150380749100544886, -0.8571673007021121116 ) ) ;
#6131 = CARTESIAN_POINT ( 'NONE',  ( 0.1109433620034537965, 0.009365277175900686354, 0.001085483212659934084 ) ) ;
#6132 = EDGE_CURVE ( 'NONE', #5527, #6516, #3845, .T. ) ;
#6133 = CARTESIAN_POINT ( 'NONE',  ( -0.002319466839154624756, 0.01112111656134882713, -0.0003298595365736198466 ) ) ;
#6134 = CARTESIAN_POINT ( 'NONE',  ( -0.1283331127322855369, 0.006856757162163283452, -0.007042957548704649288 ) ) ;
#6135 = DIRECTION ( 'NONE',  ( 0.000000000000000000, 0.000000000000000000, -1.000000000000000000 ) ) ;
#6136 = CARTESIAN_POINT ( 'NONE',  ( 0.002945526172376278142, 0.01100298930002124517, 0.001692565386554956489 ) ) ;
#6137 = CARTESIAN_POINT ( 'NONE',  ( -0.04200323365013037408, 0.009378926905558866711, 0.003687301045253836302 ) ) ;
#6138 = CARTESIAN_POINT ( 'NONE',  ( 0.002954701211680996198, 0.01151283244804325243, 0.001253280565379846084 ) ) ;
#6139 = ORIENTED_EDGE ( 'NONE', *, *, #3102, .T. ) ;
#6140 =( NAMED_UNIT ( * ) SI_UNIT ( $, .STERADIAN. ) SOLID_ANGLE_UNIT ( ) );
#6141 = CARTESIAN_POINT ( 'NONE',  ( -0.003056570728386340599, 0.01188283930779337159, 0.0002447263788170019245 ) ) ;
#6142 = CARTESIAN_POINT ( 'NONE',  ( 0.002299931763505448819, 0.01103748117613487928, -0.0005124252614094464446 ) ) ;
#6143 = LINE ( 'NONE', #716, #850 ) ;
#6144 = CARTESIAN_POINT ( 'NONE',  ( 0.03483301470983672654, 0.008995258162626095649, -0.003280123716209445723 ) ) ;
#6145 = CARTESIAN_POINT ( 'NONE',  ( 0.1302153043240431296, 0.005465767931480279909, 0.009328906483503150368 ) ) ;
#6146 = CARTESIAN_POINT ( 'NONE',  ( 3.546087271611077838E-19, 0.02225040000000000351, -0.002895600000000001645 ) ) ;
#6147 = VERTEX_POINT ( 'NONE', #1718 ) ;
#6148 = CARTESIAN_POINT ( 'NONE',  ( -0.002330133060089060321, 0.01115842873281270263, -0.0001938701604478050653 ) ) ;
#6149 = PRESENTATION_STYLE_ASSIGNMENT (( #2482 ) ) ;
#6150 = EDGE_CURVE ( 'NONE', #5310, #1958, #2820, .T. ) ;
#6151 = CARTESIAN_POINT ( 'NONE',  ( 0.002942822147794063765, 0.01102586199465124990, -0.001680832336390393781 ) ) ;
#6152 = CARTESIAN_POINT ( 'NONE',  ( -0.002355176800340314479, 0.009882448935201605666, -0.0009861466933910921842 ) ) ;
#6153 = CARTESIAN_POINT ( 'NONE',  ( 0.002901646705372335541, 0.009562181623521768398, -0.0008215597479770680046 ) ) ;
#6154 = CARTESIAN_POINT ( 'NONE',  ( 0.004026575849956268681, 0.008946947584119112687, 0.0003603580860214893782 ) ) ;
#6155 = CIRCLE ( 'NONE', #1899, 0.006250000000000000347 ) ;
#6156 = ORIENTED_EDGE ( 'NONE', *, *, #5824, .F. ) ;
#6157 = CARTESIAN_POINT ( 'NONE',  ( 0.005255433039521641495, 0.002846893275002464457, 0.003392211339032722914 ) ) ;
#6158 = CARTESIAN_POINT ( 'NONE',  ( 0.1117050949616690686, 0.009300172546759561884, 0.001256033347520020289 ) ) ;
#6159 = CARTESIAN_POINT ( 'NONE',  ( 0.003053224385868980213, 0.01055080023448485421, -0.001819466854304202736 ) ) ;
#6160 = CARTESIAN_POINT ( 'NONE',  ( -0.003567056385398431791, 0.009571704379669525309, 0.001488289149364440365 ) ) ;
#6161 = ORIENTED_EDGE ( 'NONE', *, *, #5345, .T. ) ;
#6162 = CARTESIAN_POINT ( 'NONE',  ( -0.1300000000000000044, 0.005905080481937456140, -0.007984259463644768906 ) ) ;
#6163 = CARTESIAN_POINT ( 'NONE',  ( 0.002729966410948298731, 0.009769767241436789346, -0.0009382454325448654712 ) ) ;
#6164 = CIRCLE ( 'NONE', #5933, 0.001427271232876712410 ) ;
#6165 = CARTESIAN_POINT ( 'NONE',  ( 0.002288810479011027087, 0.01097035550429892835, 0.0006130910482020844295 ) ) ;
#6166 = CARTESIAN_POINT ( 'NONE',  ( -0.1299802669372954744, 0.005950259211010939901, -0.008878092175830576416 ) ) ;
#6167 = AXIS2_PLACEMENT_3D ( 'NONE', #5365, #1165, #5961 ) ;
#6168 = CARTESIAN_POINT ( 'NONE',  ( 0.002384893025148827374, 0.01033177384900316881, 0.001001964619733241441 ) ) ;
#6169 = CARTESIAN_POINT ( 'NONE',  ( 0.09515310279409383565, 0.01016481387043565061, -0.001343028775068215355 ) ) ;
#6170 = CARTESIAN_POINT ( 'NONE',  ( -0.002333932420118681097, 0.01117059106386719333, -0.0001102754782786050992 ) ) ;
#6171 = ADVANCED_FACE ( 'NONE', ( #2506 ), #5049, .F. ) ;
#6172 =( GEOMETRIC_REPRESENTATION_CONTEXT ( 3 ) GLOBAL_UNCERTAINTY_ASSIGNED_CONTEXT ( ( #4093 ) ) GLOBAL_UNIT_ASSIGNED_CONTEXT ( ( #6933, #4680, #6309 ) ) REPRESENTATION_CONTEXT ( 'NONE', 'WORKASPACE' ) );
#6173 = AXIS2_PLACEMENT_3D ( 'NONE', #386, #5315, #6369 ) ;
#6174 = CARTESIAN_POINT ( 'NONE',  ( -0.003926234243541775089, 0.009075004853701676422, -0.0008158875655332199208 ) ) ;
#6175 = CARTESIAN_POINT ( 'NONE',  ( 0.003167861479650193376, 0.01026662395341387812, 0.001810184394408326583 ) ) ;
#6176 = CARTESIAN_POINT ( 'NONE',  ( 0.000000000000000000, 0.02225040000000000351, 0.002413000000000001515 ) ) ;
#6177 = CARTESIAN_POINT ( 'NONE',  ( 0.003598380942144666517, 0.001424826201695163306, 0.005118250635528644003 ) ) ;
#6178 = CARTESIAN_POINT ( 'NONE',  ( 0.001449181636525680595, 0.0002344904790593441547, -0.0002540000000000001024 ) ) ;
#6179 = PRODUCT_DEFINITION_FORMATION_WITH_SPECIFIED_SOURCE ( 'ANY', '', #3341, .NOT_KNOWN. ) ;
#6180 = ORIENTED_EDGE ( 'NONE', *, *, #2546, .T. ) ;
#6181 = CARTESIAN_POINT ( 'NONE',  ( -0.002982018349025949977, 0.01164721433644057454, -0.001041380520943411625 ) ) ;
#6182 = CARTESIAN_POINT ( 'NONE',  ( 0.002523837008011811829, 0.01006493674112080017, -0.001011670559053357531 ) ) ;
#6183 = CARTESIAN_POINT ( 'NONE',  ( 0.03888232752088238015, 0.009333251564012590845, -0.003492277650964996545 ) ) ;
#6184 = CARTESIAN_POINT ( 'NONE',  ( -1.204485184444894781E-17, 5.204170427930421283E-18, 0.000000000000000000 ) ) ;
#6185 = CARTESIAN_POINT ( 'NONE',  ( 0.1299962451692935894, 0.005617505195495207763, 0.009254833201560322756 ) ) ;
#6186 = PRODUCT_DEFINITION_CONTEXT ( 'detailed design', #4604, 'design' ) ;
#6187 = ORIENTED_EDGE ( 'NONE', *, *, #1546, .T. ) ;
#6188 = DIRECTION ( 'NONE',  ( -1.000000000000000000, 0.000000000000000000, 0.000000000000000000 ) ) ;
#6189 = CARTESIAN_POINT ( 'NONE',  ( -0.005161283757766851887, 0.002628820508640467447, -0.003626872362785179670 ) ) ;
#6190 = CARTESIAN_POINT ( 'NONE',  ( 0.002989039872044425578, 0.01076800903439076133, -0.001781922746682076215 ) ) ;
#6191 = CARTESIAN_POINT ( 'NONE',  ( 0.003776134187599249070, 0.009274973665687438057, -0.001163207672481761119 ) ) ;
#6192 = CARTESIAN_POINT ( 'NONE',  ( 0.000000000000000000, 0.000000000000000000, 0.000000000000000000 ) ) ;
#6193 = CARTESIAN_POINT ( 'NONE',  ( 0.000000000000000000, 0.02476499999999999882, 0.000000000000000000 ) ) ;
#6194 = CARTESIAN_POINT ( 'NONE',  ( -0.002491204646778162612, 0.01011911226730588184, -0.001016000000000000193 ) ) ;
#6195 = CARTESIAN_POINT ( 'NONE',  ( 0.003156909399857251320, 0.009285750200637975585, -0.0005178927787680605039 ) ) ;
#6196 = CARTESIAN_POINT ( 'NONE',  ( -0.002981387071025747189, 0.01080038746764883095, 0.001772775423132336332 ) ) ;
#6197 = CARTESIAN_POINT ( 'NONE',  ( -0.03835802678916636760, 0.009378482947929952032, 0.004352954126073564807 ) ) ;
#6198 = B_SPLINE_SURFACE_WITH_KNOTS ( 'NONE', 1, 3, ( 
 ( #420, #2057, #4795, #3623, #6893, #6923, #3164, #4703, #4111, #2093, #4240, #1433, #5706, #4210, #4670, #6796, #946, #2026, #4178, #6301, #1499, #6861, #6335, #1530, #3686, #5802, #3824, #2168, #591, #3377, #10, #3788, #5946, #3337, #4382, #6549, #2279, #2240, #4422, #1598, #5876, #1741, #49, #4862, #2203, #1150, #1080, #3305, #6476, #5385, #5421, #4311, #2736, #5493, #6441, #5909, #628, #662, #6514, #3753, #1630, #4899, #2776, #3898, #83, #698, #4348, #2809, #4931, #1702, #6018, #3863, #1225, #4279, #1663, #5981, #3232, #1188, #6405, #2843, #4966, #1113, #2129, #4830, #5351, #551, #3268, #2698, #2348, #3932, #6590, #4496, #238, #5668, #2951, #5565, #2420, #160, #2387, #6053, #4462, #3553, #3447, #1778, #3415, #1396, #2457, #1263, #6724, #1917, #271, #5529, #4595, #1296, #733, #804, #839, #769, #6691, #2988, #4564, #6196, #4071, #307, #199, #876, #5597, #5066, #2880, #3020, #5004, #6624, #1811, #3971, #6088, #4038, #2913, #1881, #5034, #4534, #6656, #4005, #1845, #6160, #6122, #1329, #2315, #3482, #1361, #3517, #5634, #5101, #1457, #3124, #6882, #4663, #5796, #1038, #4200, #3615, #6359, #1005, #3156, #2491, #5235, #1427, #4629, #4104, #2018, #3582, #6851, #3088, #6262, #1554, #5733, #340, #3711, #2084, #2593, #940, #444, #4233, #6789, #5268, #5133, #6327, #5204, #5829, #477, #2624, #4757, #6756, #4731, #1950, #6229, #5698 ),
 ( #4168, #2562, #413, #6819, #5169, #4696, #908, #3059, #1985, #6293, #1523, #2049, #380, #2530, #976, #1490, #4134, #3645, #5766, #3680, #1695, #3855, #1141, #1176, #5412, #5448, #5300, #5901, #4891, #6915, #4340, #508, #6502, #1105, #3, #6537, #5866, #74, #111, #3223, #2158, #5340, #2118, #2658, #542, #3260, #1729, #5936, #1623, #617, #3187, #5376, #4266, #4788, #3889, #6432, #6396, #1589, #4413, #653, #3745, #2799, #4920, #3295, #1072, #2267, #4304, #2689, #3813, #5972, #3780, #2764, #3330, #2229, #6008, #4818, #579, #2727, #38, #1654, #4375, #2195, #6467, #1214, #3365, #5480, #147, #4956, #3923, #688, #2834, #2303, #4450, #6577, #1768, #3162, #345, #4633, #483, #5737, #3621, #944, #2566, #6759, #4701, #5211, #4138, #6824, #913, #6266, #2091, #5703, #2535, #2023, #2055, #3129, #2495, #3062, #3652, #4175, #1011, #6299, #4238, #1464, #6333, #1528, #5772, #5800, #5241, #5276, #3027, #3095, #2600, #1955, #1496, #5137, #4207, #418, #4668, #6367, #3585, #4735, #4764, #5173, #6794, #384, #4109, #6232, #1989, #981, #1560, #450, #6858, #3684, #881, #2631, #1431, #6890, #3717, #2166, #5311, #2127, #119, #1186, #3193, #5454, #661, #5944, #514, #3336, #8, #2663, #6474, #6512, #4309, #5419, #1701, #3303, #4929, #2807, #5979, #5874, #2277, #4346, #1660, #4793, #4421, #6921, #4275, #6403, #5348, #3229, #2774, #1596, #3822, #3751 ) ),
 .UNSPECIFIED., .F., .T., .F.,
 ( 2, 2 ),
 ( 4, 2, 2, 2, 2, 2, 2, 2, 2, 2, 2, 2, 2, 2, 2, 2, 2, 2, 2, 2, 2, 2, 2, 2, 2, 2, 2, 2, 2, 2, 2, 2, 2, 2, 2, 2, 2, 2, 2, 2, 2, 2, 2, 2, 2, 2, 2, 2, 2, 2, 2, 2, 2, 2, 2, 2, 2, 2, 2, 2, 2, 2, 2, 2, 2, 2, 2, 2, 2, 2, 2, 2, 2, 2, 2, 2, 2, 2, 2, 2, 2, 2, 2, 2, 2, 2, 2, 2, 2, 2, 2, 2, 2, 2, 2, 2, 2, 4 ),
 ( 0.000000000000000000, 1.000000000000000000 ),
 ( 0.009287196798643565510, 0.009434807279141484149, 0.009582417759639402788, 0.009730028240137321427, 0.009877638720635238331, 0.009951443960884195916, 0.01002524920113315524, 0.01017285968163107387, 0.01032047016212899251, 0.01039427540237795183, 0.01046808064262691115, 0.01054188588287587047, 0.01061569112312482979, 0.01076330160362274670, 0.01091091208412066360, 0.01105852256461858224, 0.01113232780486754156, 0.01120613304511650088, 0.01127993828536546020, 0.01135374352561441952, 0.01150135400611233816, 0.01157515924636129748, 0.01164896448661025506, 0.01172276972685921265, 0.01179657496710817197, 0.01194418544760609061, 0.01201799068785504992, 0.01209179592810400924, 0.01216560116835296856, 0.01223940640860192788, 0.01238701688909984652, 0.01246082212934880584, 0.01253462736959776343, 0.01260843260984672101, 0.01268223785009568033, 0.01275604309034463965, 0.01282984833059359897, 0.01290365357084255829, 0.01297745881109151761, 0.01312506929158943625, 0.01327267977208735489, 0.01334648501233631421, 0.01342029025258527179, 0.01349409549283422938, 0.01356790073308318870, 0.01371551121358110734, 0.01378931645383006666, 0.01386312169407902598, 0.01393692693432798529, 0.01401073217457694461, 0.01415834265507486325, 0.01423214789532382257, 0.01430595313557278016, 0.01445356361607069706, 0.01452736885631965638, 0.01460117409656861570, 0.01467497933681757502, 0.01474878457706653434, 0.01489639505756445298, 0.01497020029781341230, 0.01504400553806237162, 0.01511781077831133094, 0.01519161601856028852, 0.01533922649905820543, 0.01548683697955612407, 0.01563444746005404271, 0.01578205794055196134, 0.01592966842104987651, 0.01600347366129883583, 0.01607727890154779515, 0.01622488938204571379, 0.01637249986254363243, 0.01652011034304155107, 0.01659391558329051039, 0.01666772082353946971, 0.01681533130403738835, 0.01696294178453530699, 0.01711055226503322563, 0.01718435750528218495, 0.01725816274553114427, 0.01733196798578010359, 0.01740577322602906291, 0.01747957846627801876, 0.01755338370652697808, 0.01762718894677593739, 0.01766409156690041532, 0.01770099418702489324, 0.01784860466752281188, 0.01792240990777177120, 0.01799621514802073052, 0.01807002038826968984, 0.01814382562851864916, 0.01829143610901656780, 0.01836524134926552712, 0.01843904658951448644, 0.01851285182976344576, 0.01858665707001240508, 0.01873426755051032372 ),
 .UNSPECIFIED. ) ;
#6199 = CARTESIAN_POINT ( 'NONE',  ( 0.002282756867926337505, 0.01091549943926374729, -0.0006795457787810894618 ) ) ;
#6200 = CARTESIAN_POINT ( 'NONE',  ( -0.1303679002824724709, 0.006016976736012264425, -0.007761060383092831944 ) ) ;
#6201 = CARTESIAN_POINT ( 'NONE',  ( 0.002293255652245144733, 0.01063306628899800092, 0.0009020294559691398794 ) ) ;
#6202 = CARTESIAN_POINT ( 'NONE',  ( 0.1296057741995340629, 0.006267687400488533046, 0.008253535841932783251 ) ) ;
#6203 = CARTESIAN_POINT ( 'NONE',  ( -0.002302700493167997731, 0.01059252679575940943, -0.0009194986682998705597 ) ) ;
#6204 = CIRCLE ( 'NONE', #843, 0.002895600000000001645 ) ;
#6205 = CARTESIAN_POINT ( 'NONE',  ( 0.000000000000000000, 0.009900000000000000813, 0.000000000000000000 ) ) ;
#6206 = CARTESIAN_POINT ( 'NONE',  ( 0.003481646947427951763, 0.009701999042826625272, 0.001586375468225998233 ) ) ;
#6207 = CARTESIAN_POINT ( 'NONE',  ( -0.1299773732907829882, 0.005645061702895991240, -0.009192148433213420677 ) ) ;
#6208 = CARTESIAN_POINT ( 'NONE',  ( 0.002550198028887914678, 0.001009603019184497066, 0.005714660387353623014 ) ) ;
#6209 = CARTESIAN_POINT ( 'NONE',  ( -0.003142680561733312769, 0.009300459540263412636, -0.0005417067454590216401 ) ) ;
#6210 = CONICAL_SURFACE ( 'NONE', #6318, 0.002552700000000010169, 1.029744258676654090 ) ;
#6211 = ORIENTED_EDGE ( 'NONE', *, *, #6296, .T. ) ;
#6212 = CARTESIAN_POINT ( 'NONE',  ( -0.002952884403698397865, 0.01094706183706781188, -0.001719710397651399601 ) ) ;
#6213 = CARTESIAN_POINT ( 'NONE',  ( 0.002417950199928866305, 0.01025899429547350201, -0.001011300756118061741 ) ) ;
#6214 = EDGE_CURVE ( 'NONE', #5470, #434, #5613, .T. ) ;
#6215 =( NAMED_UNIT ( * ) PLANE_ANGLE_UNIT ( ) SI_UNIT ( $, .RADIAN. ) );
#6216 = CARTESIAN_POINT ( 'NONE',  ( 0.1301328609506592071, 0.005436764704146038532, 0.009661241375714370305 ) ) ;
#6217 = B_SPLINE_CURVE_WITH_KNOTS ( 'NONE', 3,
 ( #1435, #3455, #5708, #919, #6202, #5572, #3589, #278, #776, #1923, #1959, #4046, #5676, #3067, #3559, #388, #1305, #2919, #6131, #5042, #4602, #3488, #6169, #2997, #246, #5073, #885, #5110, #4077, #5606, #3032, #1369, #2394, #4540, #315, #4012, #813, #2959, #3523, #2466, #1402, #5141, #352, #2499, #4637, #5742, #4739, #3722, #985, #6926, #13, #3199, #5318, #3099 ),
 .UNSPECIFIED., .F., .F.,
 ( 4, 2, 2, 2, 2, 2, 2, 2, 2, 2, 2, 2, 2, 2, 2, 2, 2, 2, 2, 2, 2, 2, 2, 2, 2, 2, 4 ),
 ( -5.999999998637831518E-08, 0.0005114413676209347360, 0.001022942735241855888, 0.002045945470483752186, 0.004091950940967603763, 0.006137956411451455339, 0.008183961881935309518, 0.01227597282290305257, 0.01636798376387079562, 0.02455200564580632336, 0.03273602752774184416, 0.04092004940967736842, 0.04910407129161289269, 0.06547211505548392041, 0.07365613693741943080, 0.08184015881935494119, 0.08593216976032269638, 0.09002418070129046546, 0.09820820258322597585, 0.1023002135241937172, 0.1063922244651614585, 0.1104842354061292137, 0.1145762463470969550, 0.1186682572880647102, 0.1227602682290324515, 0.1268522791700001928, 0.1309442901109679203 ),
 .UNSPECIFIED. ) ;
#6218 = EDGE_CURVE ( 'NONE', #1167, #4768, #4390, .T. ) ;
#6219 = ORIENTED_EDGE ( 'NONE', *, *, #4972, .T. ) ;
#6220 = CARTESIAN_POINT ( 'NONE',  ( -0.004587934170957727251, 0.007720170938120740969, 0.004244265504503100424 ) ) ;
#6221 = CARTESIAN_POINT ( 'NONE',  ( -0.004611928005649835148, 0.002108133656450543545, -0.004227232998337570637 ) ) ;
#6222 = CARTESIAN_POINT ( 'NONE',  ( 0.003508804095010532777, 0.009659842293826409465, -0.001556953248939392997 ) ) ;
#6223 = EDGE_CURVE ( 'NONE', #201, #2754, #1532, .T. ) ;
#6224 = CARTESIAN_POINT ( 'NONE',  ( -0.004367638395779729378, 0.001700673699345799138, -0.004671530742250325566 ) ) ;
#6225 = CARTESIAN_POINT ( 'NONE',  ( 0.004044884154847374833, 0.008923831018013467578, -0.0001812643263185437106 ) ) ;
#6226 = DIRECTION ( 'NONE',  ( 0.000000000000000000, 1.000000000000000000, 0.000000000000000000 ) ) ;
#6227 = DIRECTION ( 'NONE',  ( 0.000000000000000000, 0.000000000000000000, 1.000000000000000000 ) ) ;
#6228 = CARTESIAN_POINT ( 'NONE',  ( 0.002734981547142662818, 0.009763181124050160017, 0.0009358077471299393844 ) ) ;
#6229 = CARTESIAN_POINT ( 'NONE',  ( -0.003891999765550464754, 0.009120155644115491428, -0.0009023139836220493357 ) ) ;
#6230 = CARTESIAN_POINT ( 'NONE',  ( -0.01092606791770965764, 0.007944354947990329291, 0.004200375897603591396 ) ) ;
#6231 = CARTESIAN_POINT ( 'NONE',  ( 0.002310316774322967483, 0.01108521996955201191, -0.0004201515903004392357 ) ) ;
#6232 = CARTESIAN_POINT ( 'NONE',  ( -0.002963389362342185203, 0.009492466884509817571, 0.0007660961150097976569 ) ) ;
#6233 = CARTESIAN_POINT ( 'NONE',  ( -0.1294255912841969225, 0.006158859042504970065, -0.008050420182573961997 ) ) ;
#6234 = DIRECTION ( 'NONE',  ( -0.000000000000000000, 1.000000000000000000, -0.000000000000000000 ) ) ;
#6235 = ORIENTED_EDGE ( 'NONE', *, *, #1668, .F. ) ;
#6236 = CARTESIAN_POINT ( 'NONE',  ( -0.001651000000000000124, 0.01168400000000000341, 0.000000000000000000 ) ) ;
#6237 = CARTESIAN_POINT ( 'NONE',  ( -0.002329535983312043534, 0.01115628802529918841, 0.0001999151103976085889 ) ) ;
#6238 = CARTESIAN_POINT ( 'NONE',  ( -0.002285379602550495319, 0.01094235499010988433, 0.0006484447611093405650 ) ) ;
#6239 = CARTESIAN_POINT ( 'NONE',  ( -0.01049952559986256154, 0.007721953674957552673, 0.003790935074892077400 ) ) ;
#6240 = CARTESIAN_POINT ( 'NONE',  ( 0.002983347247878525774, 0.01079008666189032288, 0.001776565500459226059 ) ) ;
#6241 = CARTESIAN_POINT ( 'NONE',  ( -0.1291609269861156983, 0.006299738390094707444, -0.007758888153367332965 ) ) ;
#6242 = CARTESIAN_POINT ( 'NONE',  ( 0.0002539999999999993435, 0.000000000000000000, 0.005080000000000000314 ) ) ;
#6243 = CARTESIAN_POINT ( 'NONE',  ( 3.546087271611077838E-19, 0.005587999999999999218, -0.002895600000000001645 ) ) ;
#6244 = ORIENTED_EDGE ( 'NONE', *, *, #4838, .F. ) ;
#6245 = CARTESIAN_POINT ( 'NONE',  ( -0.002956425430158976519, 0.01152356514472073663, -0.001238936826845228080 ) ) ;
#6246 = CARTESIAN_POINT ( 'NONE',  ( 0.002533700486691936159, 0.01004893260558321552, -0.001010037549443621547 ) ) ;
#6247 = CARTESIAN_POINT ( 'NONE',  ( 0.02668492128706682898, 0.008695318254636515490, -0.004094477659758153504 ) ) ;
#6248 = CARTESIAN_POINT ( 'NONE',  ( -0.004050872798929809095, 0.008916291661684564579, 6.034618988865796572E-12 ) ) ;
#6249 = CARTESIAN_POINT ( 'NONE',  ( -0.004379991594527793929, 0.001699275456554631431, -0.004671122133219572300 ) ) ;
#6250 = CARTESIAN_POINT ( 'NONE',  ( 0.03974814103446081687, -0.001433025255761889629, 0.01531147177191976259 ) ) ;
#6251 = CARTESIAN_POINT ( 'NONE',  ( -0.003047253758976758379, 0.01056763265342012051, 0.001818415945998814315 ) ) ;
#6252 = ORIENTED_EDGE ( 'NONE', *, *, #5474, .F. ) ;
#6253 = CARTESIAN_POINT ( 'NONE',  ( -0.002312056192924214198, 0.01109247260450661569, 0.0004041970915121631015 ) ) ;
#6254 = FILL_AREA_STYLE_COLOUR ( '', #3939 ) ;
#6255 = CARTESIAN_POINT ( 'NONE',  ( 0.003037132619091726347, 0.01059893632697661396, -0.001814613167507295654 ) ) ;
#6256 = CARTESIAN_POINT ( 'NONE',  ( -9.896207414363052682E-31, 0.01149665802481590268, 0.000000000000000000 ) ) ;
#6257 = EDGE_CURVE ( 'NONE', #3900, #926, #1311, .T. ) ;
#6258 = CARTESIAN_POINT ( 'NONE',  ( 0.004037219173373881101, 0.008933496422816589871, -0.0002712933466933540715 ) ) ;
#6259 = ORIENTED_EDGE ( 'NONE', *, *, #3967, .T. ) ;
#6260 = CARTESIAN_POINT ( 'NONE',  ( 0.003209006541084163076, 0.009232504410505285031, 0.0004150741478218066926 ) ) ;
#6261 = CARTESIAN_POINT ( 'NONE',  ( -0.002281270158328758263, 0.01089600297733746281, 0.0007006136966735506582 ) ) ;
#6262 = CARTESIAN_POINT ( 'NONE',  ( -0.004037508081357416012, 0.008933133197152066593, 0.0002671768755400123351 ) ) ;
#6263 = CARTESIAN_POINT ( 'NONE',  ( -0.1244236575554602681, 0.007704326363489603056, -0.009171770368616417868 ) ) ;
#6264 = CARTESIAN_POINT ( 'NONE',  ( -0.1224778612328861066, 0.008148891183418820183, -0.004143030496948535944 ) ) ;
#6265 = CARTESIAN_POINT ( 'NONE',  ( 0.002374432084980521857, 0.01035795124331452370, -0.0009966716725317405559 ) ) ;
#6266 = CARTESIAN_POINT ( 'NONE',  ( -0.002281009219965640395, 0.01075274888774791979, 0.0008253502514620741221 ) ) ;
#6267 = CARTESIAN_POINT ( 'NONE',  ( -0.1299719782841208537, 0.005960217622219677984, -0.008859428022485351176 ) ) ;
#6268 = CARTESIAN_POINT ( 'NONE',  ( 0.001451138256679907184, 0.000000000000000000, -0.0002540000000000001024 ) ) ;
#6269 = ORIENTED_EDGE ( 'NONE', *, *, #5402, .F. ) ;
#6270 = VECTOR ( 'NONE', #261, 1.000000000000000000 ) ;
#6271 = AXIS2_PLACEMENT_3D ( 'NONE', #6620, #4033, #5560 ) ;
#6272 = CARTESIAN_POINT ( 'NONE',  ( -0.02535073221707863367, 0.008621675709053609749, 0.004077219656622515023 ) ) ;
#6273 = CARTESIAN_POINT ( 'NONE',  ( 0.002972743368678491295, 0.01083789649466550091, 0.001761782056206823849 ) ) ;
#6274 = CARTESIAN_POINT ( 'NONE',  ( -0.002285627938665137950, 0.01094429107536779369, 0.0006459592386765530088 ) ) ;
#6275 = CARTESIAN_POINT ( 'NONE',  ( 0.004356614029362531476, 0.001696218491628189535, 0.004677599469288887431 ) ) ;
#6276 = CARTESIAN_POINT ( 'NONE',  ( 0.001404488224300015587, 0.005588000000000000085, -0.0002540000000000001024 ) ) ;
#6277 = VERTEX_POINT ( 'NONE', #6138 ) ;
#6278 = CARTESIAN_POINT ( 'NONE',  ( 0.0002539999999999997772, 0.000000000000000000, 0.0002540000000000002651 ) ) ;
#6279 = CARTESIAN_POINT ( 'NONE',  ( -0.003666642747675715516, 0.009427121302630877067, 0.001350560111945946435 ) ) ;
#6280 = CARTESIAN_POINT ( 'NONE',  ( 0.002335423039737791716, 0.01117528723334592321, -5.169474189803062962E-05 ) ) ;
#6281 = CARTESIAN_POINT ( 'NONE',  ( 0.000000000000000000, 0.02225040000000000351, 0.000000000000000000 ) ) ;
#6282 = CARTESIAN_POINT ( 'NONE',  ( 0.04641813849848640955, 0.004857877546924750309, 0.009759036189727737440 ) ) ;
#6283 = CARTESIAN_POINT ( 'NONE',  ( 0.000000000000000000, 0.000000000000000000, 0.000000000000000000 ) ) ;
#6284 = EDGE_LOOP ( 'NONE', ( #3624, #1152, #6308, #4781, #6180, #6835, #5948, #5482, #1600, #1759, #2165, #12 ) ) ;
#6285 = APPLICATION_CONTEXT ( 'automotive_design' ) ;
#6286 = CARTESIAN_POINT ( 'NONE',  ( -0.004855694262021302034, 0.007953659551447200479, 0.003948655987429433058 ) ) ;
#6287 = CARTESIAN_POINT ( 'NONE',  ( 0.003179227998736996932, 0.01024286356849903913, -0.001805741178172188838 ) ) ;
#6288 = CARTESIAN_POINT ( 'NONE',  ( 0.003776134187599249070, 0.009274973665687438057, -0.001163207672481761119 ) ) ;
#6289 = CARTESIAN_POINT ( 'NONE',  ( 0.003978437549457085332, 0.009008204683540931013, -0.0006186106290775521092 ) ) ;
#6290 = DIRECTION ( 'NONE',  ( 0.000000000000000000, 0.000000000000000000, -1.000000000000000000 ) ) ;
#6291 = CARTESIAN_POINT ( 'NONE',  ( 0.1258128522007336547, 0.007331063061538453662, 0.005533833725138899602 ) ) ;
#6292 = CARTESIAN_POINT ( 'NONE',  ( 0.003149068016748991176, 0.009293800566151725825, 0.0005319851450289262698 ) ) ;
#6293 = CARTESIAN_POINT ( 'NONE',  ( -0.002893828926157297320, 0.009571144511195828902, -0.0008280997667361031031 ) ) ;
#6294 = CARTESIAN_POINT ( 'NONE',  ( 0.1106203046514240007, 0.009432550012323031099, -1.221511682919295761E-05 ) ) ;
#6295 = CARTESIAN_POINT ( 'NONE',  ( -0.09771270277881008437, 0.01142320837424796835, -0.005687534523510621304 ) ) ;
#6296 = EDGE_CURVE ( 'NONE', #5599, #5522, #6729, .T. ) ;
#6297 = CARTESIAN_POINT ( 'NONE',  ( -0.01534206416800749061, 0.007858762049349909615, 0.003286488975097653399 ) ) ;
#6298 = CARTESIAN_POINT ( 'NONE',  ( 0.002381192823446066833, 0.01034138734349134003, -0.0009998180896523840150 ) ) ;
#6299 = CARTESIAN_POINT ( 'NONE',  ( -0.002347815251253731420, 0.01042925240944474023, 0.0009798191148751782091 ) ) ;
#6300 = CARTESIAN_POINT ( 'NONE',  ( -0.1299954129379002898, 0.005931030687078337263, -0.008913286985813671445 ) ) ;
#6301 = CARTESIAN_POINT ( 'NONE',  ( -0.003322180356682347385, 0.009966930633826443300, -0.001727104044105704905 ) ) ;
#6302 = EDGE_LOOP ( 'NONE', ( #3796, #3771, #1540, #1907 ) ) ;
#6303 = ADVANCED_FACE ( 'NONE', ( #212 ), #1341, .F. ) ;
#6304 = CARTESIAN_POINT ( 'NONE',  ( -0.01860808025714869376, 0.007893010740930477345, 0.003104032832821175363 ) ) ;
#6305 = CARTESIAN_POINT ( 'NONE',  ( 0.003035489939430115018, 0.01182574510541588124, -0.0005716536254836340541 ) ) ;
#6306 = CARTESIAN_POINT ( 'NONE',  ( 0.002341819305917475138, 0.01015018309780762670, -0.001015952571943354310 ) ) ;
#6307 = CARTESIAN_POINT ( 'NONE',  ( 0.001650999999999998606, 0.01269999999999999948, 2.021891865392279179E-19 ) ) ;
#6308 = ORIENTED_EDGE ( 'NONE', *, *, #4408, .T. ) ;
#6309 =( NAMED_UNIT ( * ) SI_UNIT ( $, .STERADIAN. ) SOLID_ANGLE_UNIT ( ) );
#6310 = CARTESIAN_POINT ( 'NONE',  ( -0.002942812723655632758, 0.01143102588787155149, 0.001357172913460830219 ) ) ;
#6311 = CARTESIAN_POINT ( 'NONE',  ( 0.004580854028138523285, 0.007757288769171853150, -0.004322597810206884293 ) ) ;
#6312 = CARTESIAN_POINT ( 'NONE',  ( 0.000000000000000000, 0.02476499999999999882, 0.000000000000000000 ) ) ;
#6313 = AXIS2_PLACEMENT_3D ( 'NONE', #6357, #4852, #2155 ) ;
#6314 = CARTESIAN_POINT ( 'NONE',  ( 0.03879675669357110501, 0.009235459695114307810, 0.001218204951123439631 ) ) ;
#6315 = UNCERTAINTY_MEASURE_WITH_UNIT (LENGTH_MEASURE( 1.000000000000000082E-05 ), #6100, 'distance_accuracy_value', 'NONE');
#6316 = ORIENTED_EDGE ( 'NONE', *, *, #958, .T. ) ;
#6317 = CARTESIAN_POINT ( 'NONE',  ( 0.000000000000000000, 0.000000000000000000, 0.000000000000000000 ) ) ;
#6318 = AXIS2_PLACEMENT_3D ( 'NONE', #3433, #4715, #1972 ) ;
#6319 = CARTESIAN_POINT ( 'NONE',  ( 0.003058126858157895426, 0.009389312884792529526, 0.0006622316207556669171 ) ) ;
#6320 = DIRECTION ( 'NONE',  ( 0.000000000000000000, 0.000000000000000000, 1.000000000000000000 ) ) ;
#6321 = CARTESIAN_POINT ( 'NONE',  ( -0.1300000000000000044, 0.005905080481937456140, -0.007984259463644768906 ) ) ;
#6322 = CARTESIAN_POINT ( 'NONE',  ( 0.003850352380053411946, 0.009175173915211311260, 0.001005836220736227877 ) ) ;
#6323 = DIRECTION ( 'NONE',  ( -0.000000000000000000, 1.000000000000000000, -0.000000000000000000 ) ) ;
#6324 = CARTESIAN_POINT ( 'NONE',  ( 0.1278257778225648511, 0.006810437460224825178, 0.006680618592167778501 ) ) ;
#6325 = CARTESIAN_POINT ( 'NONE',  ( 0.003195100990395717024, 0.009246632824250936022, 0.0004453026763308348289 ) ) ;
#6326 = CARTESIAN_POINT ( 'NONE',  ( -0.002286162098990021912, 0.01069511746813359317, 0.0008638341485175596432 ) ) ;
#6327 = CARTESIAN_POINT ( 'NONE',  ( -0.004004334578558422543, 0.008975167081319151974, -0.0004963424577522683673 ) ) ;
#6328 = AXIS2_PLACEMENT_3D ( 'NONE', #6192, #1945, #440 ) ;
#6329 = CARTESIAN_POINT ( 'NONE',  ( -9.635881475559170419E-19, 0.01168400000000000168, 0.000000000000000000 ) ) ;
#6330 = CARTESIAN_POINT ( 'NONE',  ( 0.006038914759849470064, 0.007229518288776684738, -0.002018967160003820507 ) ) ;
#6331 = CARTESIAN_POINT ( 'NONE',  ( -0.02334225105017369989, 0.008091639942380088324, 0.003003435994697133734 ) ) ;
#6332 = CARTESIAN_POINT ( 'NONE',  ( 0.002315369661089306409, 0.01110559388345381225, -0.0003720336488824173282 ) ) ;
#6333 = CARTESIAN_POINT ( 'NONE',  ( -0.002372245750350697197, 0.01036342393982630887, 0.0009955689223756249411 ) ) ;
#6334 = CARTESIAN_POINT ( 'NONE',  ( -0.1299074057262488979, 0.005742441983836167954, -0.008964161633892313644 ) ) ;
#6335 = CARTESIAN_POINT ( 'NONE',  ( -0.003273500715755828672, 0.01005549761251150337, -0.001759454615492020554 ) ) ;
#6336 = ORIENTED_EDGE ( 'NONE', *, *, #5818, .F. ) ;
#6337 = CARTESIAN_POINT ( 'NONE',  ( 0.000000000000000000, 0.000000000000000000, 0.000000000000000000 ) ) ;
#6338 = ADVANCED_FACE ( 'NONE', ( #6703 ), #6737, .F. ) ;
#6339 = CARTESIAN_POINT ( 'NONE',  ( -0.01347791301495242060, 0.008160073546256283589, 0.004326138241243346685 ) ) ;
#6340 = CARTESIAN_POINT ( 'NONE',  ( 0.003029837992353962527, 0.01180946967019846049, 0.0006329094046391120065 ) ) ;
#6341 = CARTESIAN_POINT ( 'NONE',  ( -0.002447318157868319088, 0.01019924117671740932, 0.001015999999999911505 ) ) ;
#6342 = CARTESIAN_POINT ( 'NONE',  ( -0.005310370413185619420, 0.002534250170016563372, -0.003305740684697342380 ) ) ;
#6343 = EDGE_CURVE ( 'NONE', #337, #486, #2966, .T. ) ;
#6344 = ORIENTED_EDGE ( 'NONE', *, *, #1910, .T. ) ;
#6345 = APPLICATION_PROTOCOL_DEFINITION ( 'draft international standard', 'automotive_design', 1998, #149 ) ;
#6346 = EDGE_LOOP ( 'NONE', ( #6762, #2675 ) ) ;
#6347 = CARTESIAN_POINT ( 'NONE',  ( -0.003567056385398431791, 0.009571704379669525309, 0.001488289149364440365 ) ) ;
#6348 = CARTESIAN_POINT ( 'NONE',  ( 0.004641865577601200603, 0.007925632192754133998, -0.004289268215034523768 ) ) ;
#6349 = FILL_AREA_STYLE ('',( #4222 ) ) ;
#6350 = CARTESIAN_POINT ( 'NONE',  ( 0.005378062409419150786, 0.007790372772069652403, -0.003199245512455180154 ) ) ;
#6351 = CARTESIAN_POINT ( 'NONE',  ( -3.386556920630765945E-17, 0.002200000000000024419, 0.004849742261192876991 ) ) ;
#6352 = ORIENTED_EDGE ( 'NONE', *, *, #3028, .T. ) ;
#6353 = CARTESIAN_POINT ( 'NONE',  ( -0.005904014196674787530, 0.003823099117988350368, -0.002303881141750028193 ) ) ;
#6354 = CARTESIAN_POINT ( 'NONE',  ( 0.003202294619808969834, 0.009239316910672683986, -0.0004299770692428940859 ) ) ;
#6355 = CARTESIAN_POINT ( 'NONE',  ( 0.08816107737497472230, 1.117971414033112204E-05, 0.02673392749572683566 ) ) ;
#6356 = CARTESIAN_POINT ( 'NONE',  ( -0.02978125322163853797, 0.003458093517846090852, -0.003973318349971408613 ) ) ;
#6357 = CARTESIAN_POINT ( 'NONE',  ( 0.000000000000000000, 0.006985000000000001624, 0.000000000000000000 ) ) ;
#6358 = CARTESIAN_POINT ( 'NONE',  ( 0.1293199774099246802, 0.006217987103613224244, 0.007928298492409283776 ) ) ;
#6359 = CARTESIAN_POINT ( 'NONE',  ( -0.003953797383724194127, 0.009039878591052921339, 0.0007110402858727687308 ) ) ;
#6360 = DIRECTION ( 'NONE',  ( -1.000000000000000000, 9.526293969322788652E-16, 0.000000000000000000 ) ) ;
#6361 = EDGE_CURVE ( 'NONE', #3815, #6422, #3593, .T. ) ;
#6362 = CARTESIAN_POINT ( 'NONE',  ( 0.0002539999999999998856, 0.005588000000000000085, 0.001404488224300015587 ) ) ;
#6363 = CARTESIAN_POINT ( 'NONE',  ( -0.004207103968099397753, 0.001718856176434893981, -0.004676920944818046058 ) ) ;
#6364 = CARTESIAN_POINT ( 'NONE',  ( 0.003013089992128961930, 0.01067694096939290904, 0.001802959550170801523 ) ) ;
#6365 = CARTESIAN_POINT ( 'NONE',  ( -0.004505664740597024182, 0.007689845047212229626, 0.004331597177916979291 ) ) ;
#6366 = ORIENTED_EDGE ( 'NONE', *, *, #6470, .T. ) ;
#6367 = CARTESIAN_POINT ( 'NONE',  ( -0.002743062462558733174, 0.009752854450792654978, 0.0009313728463546772866 ) ) ;
#6368 = CARTESIAN_POINT ( 'NONE',  ( -0.1299727168656134579, 0.005651184093379521198, -0.009177852192466910697 ) ) ;
#6369 = DIRECTION ( 'NONE',  ( 0.000000000000000000, 0.000000000000000000, 1.000000000000000000 ) ) ;
#6370 = ORIENTED_EDGE ( 'NONE', *, *, #4387, .F. ) ;
#6371 = CARTESIAN_POINT ( 'NONE',  ( -0.03742640991866465899, 0.009343799877513669222, 0.004372923610324838326 ) ) ;
#6372 = EDGE_CURVE ( 'NONE', #2445, #5227, #3721, .T. ) ;
#6373 = AXIS2_PLACEMENT_3D ( 'NONE', #1338, #2855, #1371 ) ;
#6374 = CARTESIAN_POINT ( 'NONE',  ( 0.002972412079418871450, 0.01083950841994542509, -0.001761212315299901920 ) ) ;
#6375 = CARTESIAN_POINT ( 'NONE',  ( -0.002388144090835090348, 0.01032370817177014240, 0.001003551168959697891 ) ) ;
#6376 = CARTESIAN_POINT ( 'NONE',  ( -0.002544975975546277542, 0.0009356476218196034663, -0.005716850609499452528 ) ) ;
#6377 = EDGE_CURVE ( 'NONE', #4873, #4514, #2251, .T. ) ;
#6378 = ORIENTED_EDGE ( 'NONE', *, *, #258, .T. ) ;
#6379 = CARTESIAN_POINT ( 'NONE',  ( 0.0002540000000000104024, 0.007685314285714284210, 0.0002540000000000417358 ) ) ;
#6380 = CARTESIAN_POINT ( 'NONE',  ( -0.002958614746840200829, 0.01153610953735802712, 0.001221258203761894966 ) ) ;
#6381 = VECTOR ( 'NONE', #4802, 1.000000000000000000 ) ;
#6382 = CARTESIAN_POINT ( 'NONE',  ( -0.005813800903023190990, 0.006682380532650467921, 0.002310210935464161904 ) ) ;
#6383 = FACE_OUTER_BOUND ( 'NONE', #3165, .T. ) ;
#6384 = DIRECTION ( 'NONE',  ( 9.484135310589723205E-16, 1.000000000000000000, -0.000000000000000000 ) ) ;
#6385 = FACE_BOUND ( 'NONE', #1299, .T. ) ;
#6386 = VECTOR ( 'NONE', #394, 1.000000000000000000 ) ;
#6387 = AXIS2_PLACEMENT_3D ( 'NONE', #4234, #2690, #3296 ) ;
#6388 = ORIENTED_EDGE ( 'NONE', *, *, #4043, .F. ) ;
#6389 = CARTESIAN_POINT ( 'NONE',  ( -0.006054153894183407492, 0.007095672174635850836, 0.001576915448899242345 ) ) ;
#6390 = CARTESIAN_POINT ( 'NONE',  ( 0.003067825428615370345, 0.009378979629008306340, 0.0006500175992022135842 ) ) ;
#6391 = CARTESIAN_POINT ( 'NONE',  ( 0.01760140311889677942, 0.008151381810670958392, -0.003997515822972413403 ) ) ;
#6392 = PRODUCT_DEFINITION_FORMATION_WITH_SPECIFIED_SOURCE ( 'ANY', '', #638, .NOT_KNOWN. ) ;
#6393 = DIRECTION ( 'NONE',  ( 0.000000000000000000, 0.000000000000000000, -1.000000000000000000 ) ) ;
#6394 = CARTESIAN_POINT ( 'NONE',  ( 0.1295594515172066308, 0.006760935375022006540, 0.006156596153061685145 ) ) ;
#6395 = CARTESIAN_POINT ( 'NONE',  ( -0.002438811803330256846, 0.01021607102261332112, 0.001014980145648311733 ) ) ;
#6396 = CARTESIAN_POINT ( 'NONE',  ( -0.002283388753738973924, 0.01092257438670909964, -0.0006715911094964233498 ) ) ;
#6397 = CARTESIAN_POINT ( 'NONE',  ( 0.006181419911892897627, 0.005935803662742961985, -0.0009633627547252405793 ) ) ;
#6398 = CARTESIAN_POINT ( 'NONE',  ( 0.002592583481852408969, 0.009958201639501325017, -0.0009959354612692561740 ) ) ;
#6399 = CARTESIAN_POINT ( 'NONE',  ( -0.001728005892970505171, 0.0008532082051161610833, -0.006018920132085793344 ) ) ;
#6400 = CARTESIAN_POINT ( 'NONE',  ( 0.004002262431185591059, 0.008977795603943770214, 0.0005081921112482757578 ) ) ;
#6401 = CARTESIAN_POINT ( 'NONE',  ( 0.002724797897740151471, 0.009776440640170294336, -0.0009409467011444104479 ) ) ;
#6402 = ORIENTED_EDGE ( 'NONE', *, *, #126, .F. ) ;
#6403 = CARTESIAN_POINT ( 'NONE',  ( -0.003223975995918409391, 0.009217362902583077500, -0.0003794456074372178317 ) ) ;
#6404 = DIRECTION ( 'NONE',  ( -0.000000000000000000, 1.000000000000000000, -0.000000000000000000 ) ) ;
#6405 = CARTESIAN_POINT ( 'NONE',  ( -0.003060044795929984292, 0.01189177250905138448, -0.0001416542201078231449 ) ) ;
#6406 = CARTESIAN_POINT ( 'NONE',  ( 0.000000000000000000, 0.006985000000000001624, 0.000000000000000000 ) ) ;
#6407 = ORIENTED_EDGE ( 'NONE', *, *, #4918, .T. ) ;
#6408 = CARTESIAN_POINT ( 'NONE',  ( 0.005016500000000000126, 0.001396999999999999371, 6.143440667922709938E-19 ) ) ;
#6409 = EDGE_LOOP ( 'NONE', ( #4565, #5821, #6344, #2948 ) ) ;
#6410 = CARTESIAN_POINT ( 'NONE',  ( -0.04285028109559847753, 0.009655829472868630858, 0.004502377262940042250 ) ) ;
#6411 = CARTESIAN_POINT ( 'NONE',  ( 0.002963120499670539830, 0.01088667919933024308, -0.001744422977665389431 ) ) ;
#6412 = DIRECTION ( 'NONE',  ( 1.000000000000000000, -0.000000000000000000, -0.000000000000000000 ) ) ;
#6413 = ORIENTED_EDGE ( 'NONE', *, *, #892, .T. ) ;
#6414 = VERTEX_POINT ( 'NONE', #4864 ) ;
#6415 = CARTESIAN_POINT ( 'NONE',  ( -0.003738282954768582227, 0.009326733736154000851, 0.001234109559827624956 ) ) ;
#6416 = CARTESIAN_POINT ( 'NONE',  ( 0.004511481572529295152, 0.007830492152318140400, -0.004359777332273596234 ) ) ;
#6417 = CARTESIAN_POINT ( 'NONE',  ( 0.0002539999999999998314, 0.001673741513759882150, 0.001437170998174991648 ) ) ;
#6418 = EDGE_CURVE ( 'NONE', #2206, #1153, #2777, .T. ) ;
#6419 = CARTESIAN_POINT ( 'NONE',  ( 0.002335870549133663328, 0.01015345462986184596, -0.001015984183957138525 ) ) ;
#6420 = CARTESIAN_POINT ( 'NONE',  ( -9.635881475559170419E-19, 0.01168400000000000168, 0.000000000000000000 ) ) ;
#6421 = CARTESIAN_POINT ( 'NONE',  ( 0.1299999999999998934, 0.003658587300026895726, 0.01456859402096958786 ) ) ;
#6422 = VERTEX_POINT ( 'NONE', #1997 ) ;
#6423 = CARTESIAN_POINT ( 'NONE',  ( -0.005620673625499363751, 0.003485722346782240636, -0.002778950748450591517 ) ) ;
#6424 = CARTESIAN_POINT ( 'NONE',  ( 0.003285567926547968212, 0.009155737371880438499, 0.0001549654586827016478 ) ) ;
#6425 = CARTESIAN_POINT ( 'NONE',  ( 0.01066806096747682613, 0.0009729210562361313838, 0.004363876462263157480 ) ) ;
#6426 = PRODUCT_RELATED_PRODUCT_CATEGORY ( 'part', '', ( #3341 ) ) ;
#6427 = B_SPLINE_CURVE_WITH_KNOTS ( 'NONE', 3,
 ( #1769, #1253, #5521, #3047 ),
 .UNSPECIFIED., .F., .F.,
 ( 4, 4 ),
 ( 0.000000000000000000, 0.9047166302141106398 ),
 .UNSPECIFIED. ) ;
#6428 = EDGE_CURVE ( 'NONE', #5659, #121, #5838, .T. ) ;
#6429 = CARTESIAN_POINT ( 'NONE',  ( 0.005809669785874316088, 0.006688293152296031358, -0.002320395334110363344 ) ) ;
#6430 = CARTESIAN_POINT ( 'NONE',  ( 0.1302042649048239797, 0.006292542480366310025, 0.007153272396903116725 ) ) ;
#6431 = CARTESIAN_POINT ( 'NONE',  ( -0.003192314815235469758, 0.009249470576857864515, 0.0004510798919141411852 ) ) ;
#6432 = CARTESIAN_POINT ( 'NONE',  ( -0.002282386663871798210, 0.01091103369040377115, -0.0006844741384294326502 ) ) ;
#6433 = CARTESIAN_POINT ( 'NONE',  ( 0.004587934170958827933, 0.007720170938117896890, -0.004244265504501919944 ) ) ;
#6434 = CARTESIAN_POINT ( 'NONE',  ( 0.005464732607525364140, 0.007807142146793836189, -0.003270849052713137393 ) ) ;
#6435 = CARTESIAN_POINT ( 'NONE',  ( -0.01932713235959384809, 0.007736293563460181280, 0.003171854783235590960 ) ) ;
#6436 = CARTESIAN_POINT ( 'NONE',  ( 0.002966802618259834108, 0.01086318882415882557, 0.001754636780493392311 ) ) ;
#6437 = CARTESIAN_POINT ( 'NONE',  ( 0.002955307931380158227, 0.01092657929671224208, -0.001730067574270272458 ) ) ;
#6438 = CIRCLE ( 'NONE', #4763, 0.006250000000000000347 ) ;
#6439 = CARTESIAN_POINT ( 'NONE',  ( -0.03967421650238060760, -0.0006114436324195257448, -0.01421244208435728552 ) ) ;
#6440 = CARTESIAN_POINT ( 'NONE',  ( 0.000000000000000000, 0.006959600000000000682, 0.000000000000000000 ) ) ;
#6441 = CARTESIAN_POINT ( 'NONE',  ( -0.002948339999257718145, 0.01147177985930318209, -0.001307174548824891055 ) ) ;
#6442 = CARTESIAN_POINT ( 'NONE',  ( 0.006247442625623306385, 0.006381772781558216548, -0.0005525485456793684811 ) ) ;
#6443 = ORIENTED_EDGE ( 'NONE', *, *, #3732, .T. ) ;
#6444 = CARTESIAN_POINT ( 'NONE',  ( -0.05105954839756519231, 0.009878333084030372496, 0.003902519009093246682 ) ) ;
#6445 = CARTESIAN_POINT ( 'NONE',  ( 0.002979959938947846030, 0.01163807896237228912, 0.001056760502104231794 ) ) ;
#6446 = CARTESIAN_POINT ( 'NONE',  ( 0.002315355938099286897, 0.01110560452761323938, -0.0003723681123089234287 ) ) ;
#6447 = B_SPLINE_CURVE_WITH_KNOTS ( 'NONE', 3,
 ( #1373, #3070, #3136, #2033, #4147, #4217, #3105 ),
 .UNSPECIFIED., .F., .F.,
 ( 4, 3, 4 ),
 ( 0.008729009194748192646, 0.01361370798839668661, 0.01431720391460388278 ),
 .UNSPECIFIED. ) ;
#6448 = CARTESIAN_POINT ( 'NONE',  ( -0.005689000408545594537, 0.003060617360988933909, -0.002638104613234663626 ) ) ;
#6449 = ORIENTED_EDGE ( 'NONE', *, *, #6542, .F. ) ;
#6450 = ORIENTED_EDGE ( 'NONE', *, *, #1278, .F. ) ;
#6451 = CARTESIAN_POINT ( 'NONE',  ( -0.004038195380998271626, 0.008932264487106699249, -0.0002615800747908871601 ) ) ;
#6452 = CARTESIAN_POINT ( 'NONE',  ( 0.002891663654259012464, 0.009573518009770600606, -0.0008302058010792788502 ) ) ;
#6453 = DIRECTION ( 'NONE',  ( 9.484135310589723205E-16, 1.000000000000000000, -0.000000000000000000 ) ) ;
#6454 = DIRECTION ( 'NONE',  ( -0.000000000000000000, -1.000000000000000000, -0.000000000000000000 ) ) ;
#6455 = CARTESIAN_POINT ( 'NONE',  ( -0.002701279058060277946, 0.009806998151231339014, -0.0009529886125167554055 ) ) ;
#6456 = CARTESIAN_POINT ( 'NONE',  ( 0.005918200000000001064, 0.001397000000000000238, 7.247704686713880736E-19 ) ) ;
#6457 = UNCERTAINTY_MEASURE_WITH_UNIT (LENGTH_MEASURE( 1.000000000000000082E-05 ), #3044, 'distance_accuracy_value', 'NONE');
#6458 = ORIENTED_EDGE ( 'NONE', *, *, #1980, .F. ) ;
#6459 = DIRECTION ( 'NONE',  ( 0.000000000000000000, 0.000000000000000000, 1.000000000000000000 ) ) ;
#6460 = CARTESIAN_POINT ( 'NONE',  ( 0.002954701211680996198, 0.01151283244804325243, 0.001253280565379846084 ) ) ;
#6461 = CARTESIAN_POINT ( 'NONE',  ( 0.003156909399857251320, 0.009285750200637975585, -0.0005178927787680605039 ) ) ;
#6462 = CARTESIAN_POINT ( 'NONE',  ( 0.1132709726663809341, 0.0006486805838273644945, 0.02138733699392685733 ) ) ;
#6463 = CARTESIAN_POINT ( 'NONE',  ( -0.004646989106323243419, 0.007649285579366761623, 0.004327585036219750401 ) ) ;
#6464 = CARTESIAN_POINT ( 'NONE',  ( 0.005310370413185590797, 0.002534250170016554265, 0.003305740684697393988 ) ) ;
#6465 = CARTESIAN_POINT ( 'NONE',  ( 0.1302174301697511527, 0.005680423327153199912, 0.008751028012752602031 ) ) ;
#6466 = CARTESIAN_POINT ( 'NONE',  ( -0.003286415723277708555, 0.009154895979809944684, -0.0001494134915379881964 ) ) ;
#6467 = CARTESIAN_POINT ( 'NONE',  ( -0.002334242742220049571, 0.01117154988379873669, 9.656071243416318797E-05 ) ) ;
#6468 = CARTESIAN_POINT ( 'NONE',  ( 0.005337807772023799024, 0.007309863629338646078, -0.003300252592082146812 ) ) ;
#6469 = DIRECTION ( 'NONE',  ( -0.000000000000000000, -1.000000000000000000, -0.000000000000000000 ) ) ;
#6470 = EDGE_CURVE ( 'NONE', #1862, #5353, #3233, .T. ) ;
#6471 = CARTESIAN_POINT ( 'NONE',  ( -0.006268351351748854133, 0.005989768032448004702, 6.023815126251970295E-05 ) ) ;
#6472 = DIRECTION ( 'NONE',  ( 0.000000000000000000, 0.9940594317963843407, 0.1088386239193120941 ) ) ;
#6473 = CARTESIAN_POINT ( 'NONE',  ( 0.002945650702634665906, 0.009512272067560122862, -0.0007829081687390335078 ) ) ;
#6474 = CARTESIAN_POINT ( 'NONE',  ( -0.003285819233843891886, 0.009155488577982363180, 0.0001526078874640121878 ) ) ;
#6475 = DIRECTION ( 'NONE',  ( 0.000000000000000000, 0.000000000000000000, 1.000000000000000000 ) ) ;
#6476 = CARTESIAN_POINT ( 'NONE',  ( -0.002931371684694994602, 0.01123766349313243262, -0.001542077087364792471 ) ) ;
#6477 = CARTESIAN_POINT ( 'NONE',  ( 0.006219457074299792297, 0.005383372804412866162, 0.0006627164000551423765 ) ) ;
#6478 = EDGE_LOOP ( 'NONE', ( #2385, #2401, #3339, #6020, #3354, #3804, #2547 ) ) ;
#6479 = ORIENTED_EDGE ( 'NONE', *, *, #1980, .T. ) ;
#6480 = CARTESIAN_POINT ( 'NONE',  ( -0.04699111981715892172, 0.009879596909282606712, 0.003821739623140145165 ) ) ;
#6481 = CARTESIAN_POINT ( 'NONE',  ( 0.003293847003791342161, 0.009147532679869452288, -8.638553419384216306E-05 ) ) ;
#6482 = CARTESIAN_POINT ( 'NONE',  ( 0.002282332761190168820, 0.01091081635414264603, -0.0006848625885073860017 ) ) ;
#6483 = CARTESIAN_POINT ( 'NONE',  ( -0.003012136396414171347, 0.009438841846091505783, 0.0007160084894071585366 ) ) ;
#6484 = ORIENTED_EDGE ( 'NONE', *, *, #1247, .T. ) ;
#6485 = CARTESIAN_POINT ( 'NONE',  ( -0.004035951277910887307, 0.008935098374975735183, 0.0002821951067032907388 ) ) ;
#6486 = CARTESIAN_POINT ( 'NONE',  ( -0.004223479153385032575, 0.001565377896975288924, -0.004615688567573940707 ) ) ;
#6487 = CIRCLE ( 'NONE', #3489, 0.001427271232876712410 ) ;
#6488 = CYLINDRICAL_SURFACE ( 'NONE', #5246, 0.005003799999999945444 ) ;
#6489 = CARTESIAN_POINT ( 'NONE',  ( 0.006082450291327584982, 0.003792877082543110422, 0.001915919078288532210 ) ) ;
#6490 = CARTESIAN_POINT ( 'NONE',  ( -0.002739094233523783721, 0.009758141919732532879, -0.0009332280807390918751 ) ) ;
#6491 = DIRECTION ( 'NONE',  ( -1.000000000000000000, 8.793502125528728518E-16, 0.000000000000000000 ) ) ;
#6492 = ORIENTED_EDGE ( 'NONE', *, *, #222, .T. ) ;
#6493 = CIRCLE ( 'NONE', #3493, 0.002449999999999999921 ) ;
#6494 = DIRECTION ( 'NONE',  ( -1.000000000000000000, 8.537024980200801111E-16, 0.000000000000000000 ) ) ;
#6495 = CARTESIAN_POINT ( 'NONE',  ( -0.001989864186148502471, 0.01108935278881233513, -0.0004245929985152631521 ) ) ;
#6496 = CARTESIAN_POINT ( 'NONE',  ( 0.002668962376913858615, 0.009850034691014341801, 0.0009680570934294732829 ) ) ;
#6497 = CARTESIAN_POINT ( 'NONE',  ( 0.04595473084257702123, 0.009802317967478013996, -0.004513307731655374563 ) ) ;
#6498 = CARTESIAN_POINT ( 'NONE',  ( -0.04664984232644123902, -0.0005740548876334664605, -0.01780361097771101034 ) ) ;
#6499 = CARTESIAN_POINT ( 'NONE',  ( 0.006060468126443133152, 0.006214722472035177220, -0.001549932249552401923 ) ) ;
#6500 = CARTESIAN_POINT ( 'NONE',  ( 0.1299295633161796915, 0.006009160983866894575, 0.008766646708453203554 ) ) ;
#6501 = CARTESIAN_POINT ( 'NONE',  ( -0.002632874532014933301, 0.009899876944562725073, 0.0009826294927504737250 ) ) ;
#6502 = CARTESIAN_POINT ( 'NONE',  ( -0.002398191214603316926, 0.01030184180768088653, -0.001006189448670147040 ) ) ;
#6503 = CARTESIAN_POINT ( 'NONE',  ( 0.004893209826573819733, 0.002077609741037961255, 0.004131812075889335946 ) ) ;
#6504 = ORIENTED_EDGE ( 'NONE', *, *, #6214, .T. ) ;
#6505 = DIRECTION ( 'NONE',  ( 0.000000000000000000, 0.000000000000000000, -1.000000000000000000 ) ) ;
#6506 = CARTESIAN_POINT ( 'NONE',  ( 0.004809120509006236527, 0.002236224750309690010, 0.004071115529633427543 ) ) ;
#6507 = AXIS2_PLACEMENT_3D ( 'NONE', #4512, #2893, #1894 ) ;
#6508 = CARTESIAN_POINT ( 'NONE',  ( -0.004635733843697704970, 0.002196065008228220271, -0.004200568347768370535 ) ) ;
#6509 = VECTOR ( 'NONE', #1111, 1.000000000000000000 ) ;
#6510 = CARTESIAN_POINT ( 'NONE',  ( -0.005464732607525340721, 0.007807142146793837924, 0.003270849052713176858 ) ) ;
#6511 = CARTESIAN_POINT ( 'NONE',  ( -0.004450176510418566052, 0.007850927307275247513, 0.004388450605383638521 ) ) ;
#6512 = CARTESIAN_POINT ( 'NONE',  ( -0.003292009740108806093, 0.009149348996525273614, 0.0001097139801873422602 ) ) ;
#6513 =( GEOMETRIC_REPRESENTATION_CONTEXT ( 3 ) GLOBAL_UNCERTAINTY_ASSIGNED_CONTEXT ( ( #2753 ) ) GLOBAL_UNIT_ASSIGNED_CONTEXT ( ( #4404, #2366, #4515 ) ) REPRESENTATION_CONTEXT ( 'NONE', 'WORKASPACE' ) );
#6514 = CARTESIAN_POINT ( 'NONE',  ( -0.002965483353626837109, 0.01157228184493600855, -0.001167395621736800606 ) ) ;
#6515 = CARTESIAN_POINT ( 'NONE',  ( 0.002775587964814227575, 0.009712166966991144651, 0.0009122606977222268067 ) ) ;
#6516 = VERTEX_POINT ( 'NONE', #4349 ) ;
#6517 = CARTESIAN_POINT ( 'NONE',  ( -0.07408316293372255168, 0.01032527118853100723, 0.003238127939405295239 ) ) ;
#6518 = CARTESIAN_POINT ( 'NONE',  ( 0.003029449666979110427, 0.01062307485150461653, -0.001811456914058970141 ) ) ;
#6519 = CARTESIAN_POINT ( 'NONE',  ( 0.002298448616053049096, 0.01103008658875041618, 0.0005253463688966791487 ) ) ;
#6520 = CARTESIAN_POINT ( 'NONE',  ( -0.002844114644554408995, 0.009629246155316462108, 0.0008663516151893953156 ) ) ;
#6521 = EDGE_CURVE ( 'NONE', #2281, #3687, #5316, .T. ) ;
#6522 = CARTESIAN_POINT ( 'NONE',  ( -0.003903627961963404558, 0.009104989958883581008, 0.0008690353603398013899 ) ) ;
#6523 = CARTESIAN_POINT ( 'NONE',  ( -0.005668339817290421641, 0.003024438538584194990, -0.002683179878365460607 ) ) ;
#6524 = DIRECTION ( 'NONE',  ( -1.224646799147353207E-16, 1.161471595079409288E-31, 1.000000000000000000 ) ) ;
#6525 = CARTESIAN_POINT ( 'NONE',  ( 0.006325010942324375482, 0.004678880532691705695, 0.0007790587046952444396 ) ) ;
#6526 = CARTESIAN_POINT ( 'NONE',  ( 0.1299999999999998934, 0.005685575806725681920, 0.009065018289334298915 ) ) ;
#6527 = DIRECTION ( 'NONE',  ( -0.000000000000000000, -1.000000000000000000, -0.000000000000000000 ) ) ;
#6528 =( BOUNDED_SURFACE ( )  B_SPLINE_SURFACE ( 3, 2, ( 
 ( #6916, #6433, #1590 ),
 ( #3712, #3746, #3814 ),
 ( #4341, #6468, #39 ),
 ( #2196, #1624, #5830 ),
 ( #1655, #2766, #1039 ),
 ( #5413, #3188, #2659 ),
 ( #4892, #75, #4201 ),
 ( #4789, #6397, #3781 ),
 ( #5867, #3224, #5341 ),
 ( #3261, #543, #6077 ),
 ( #3404, #1696, #6112 ),
 ( #2338, #3856, #4523 ),
 ( #5973, #2869, #2902 ),
 ( #1803, #5028, #6612 ),
 ( #6646, #2375, #2268 ),
 ( #721, #4994, #1177 ),
 ( #3331, #5554, #5449 ),
 ( #654, #1287, #6503 ),
 ( #2800, #4921, #112 ),
 ( #4414, #3960, #148 ),
 ( #6539, #2230, #226 ),
 ( #3435, #5481, #189 ),
 ( #1730, #1832, #5057 ),
 ( #689, #3469, #3992 ),
 ( #1320, #5586, #4486 ),
 ( #3890, #6009, #794 ),
 ( #4957, #2304, #3924 ),
 ( #6044, #6578, #2835 ) ),
 .UNSPECIFIED., .F., .F., .F. ) 
 B_SPLINE_SURFACE_WITH_KNOTS ( ( 4, 2, 2, 2, 2, 2, 2, 2, 2, 2, 2, 2, 2, 4 ),
 ( 3, 3 ),
 ( 0.02326950055425169514, 0.02517814223796367018, 0.02613246307981965944, 0.02708678392167564869, 0.02804110476353163794, 0.02899542560538762720, 0.03090406728909960571, 0.03281270897281158422, 0.03376702981466757347, 0.03472135065652356273, 0.03567567149837955198, 0.03662999234023554124, 0.03758431318209153049, 0.03853863402394751975 ),
 ( 0.000000000000000000, 1.000000000000000000 ),
 .UNSPECIFIED. ) 
 GEOMETRIC_REPRESENTATION_ITEM ( )  RATIONAL_B_SPLINE_SURFACE ( (
 ( 1.000000000000000000, 0.8044043929965342121, 1.000000000000000000),
 ( 1.000000000000000000, 0.8007796799048922942, 1.000000000000000000),
 ( 1.000000000000000000, 0.7942093042822268023, 1.000000000000000000),
 ( 1.000000000000000000, 0.7787626893531021111, 1.000000000000000000),
 ( 1.000000000000000000, 0.7726750136302988903, 1.000000000000000000),
 ( 1.000000000000000000, 0.7590409690910100426, 1.000000000000000000),
 ( 1.000000000000000000, 0.7514600434132531204, 1.000000000000000000),
 ( 1.000000000000000000, 0.7349228008910285714, 1.000000000000000000),
 ( 1.000000000000000000, 0.7259122129327529871, 1.000000000000000000),
 ( 1.000000000000000000, 0.7070137281435692200, 1.000000000000000000),
 ( 1.000000000000000000, 0.6971200764889510237, 1.000000000000000000),
 ( 1.000000000000000000, 0.6663534311988354997, 1.000000000000000000),
 ( 1.000000000000000000, 0.6443942997890192981, 1.000000000000000000),
 ( 1.000000000000000000, 0.5985138250030670459, 1.000000000000000000),
 ( 1.000000000000000000, 0.5752927496241132532, 1.000000000000000000),
 ( 1.000000000000000000, 0.5413406378783746087, 1.000000000000000000),
 ( 1.000000000000000000, 0.5301778541290008695, 1.000000000000000000),
 ( 1.000000000000000000, 0.5085906754613133129, 1.000000000000000000),
 ( 1.000000000000000000, 0.4981382852342888801, 1.000000000000000000),
 ( 1.000000000000000000, 0.4792976361420801523, 1.000000000000000000),
 ( 1.000000000000000000, 0.4707846614739942259, 1.000000000000000000),
 ( 1.000000000000000000, 0.4560561882043979720, 1.000000000000000000),
 ( 1.000000000000000000, 0.4499021261229703694, 1.000000000000000000),
 ( 1.000000000000000000, 0.4411469332618083716, 1.000000000000000000),
 ( 1.000000000000000000, 0.4384583173460686600, 1.000000000000000000),
 ( 1.000000000000000000, 0.4367070165534585602, 1.000000000000000000),
 ( 1.000000000000000000, 0.4376834424585587802, 1.000000000000000000),
 ( 1.000000000000000000, 0.4403083811457588759, 1.000000000000000000) ) ) 
 REPRESENTATION_ITEM ( '' )  SURFACE ( )  );
#6529 = ORIENTED_EDGE ( 'NONE', *, *, #5912, .F. ) ;
#6530 = CARTESIAN_POINT ( 'NONE',  ( -0.003497956567893385944, 0.009676615840010321240, -0.001568913172417674227 ) ) ;
#6531 = CARTESIAN_POINT ( 'NONE',  ( 0.002846313460988915498, 0.009626600295794715892, 0.0008648590649706996590 ) ) ;
#6532 = CARTESIAN_POINT ( 'NONE',  ( -0.002341819305917676799, 0.01015018309780834661, -0.001015952571939930400 ) ) ;
#6533 = CARTESIAN_POINT ( 'NONE',  ( -0.1300000000000000044, 0.001072457435249923527, -0.01786584610186358127 ) ) ;
#6534 = FACE_BOUND ( 'NONE', #5567, .T. ) ;
#6535 = CARTESIAN_POINT ( 'NONE',  ( 0.1298806388141264256, 0.005780902808298655528, 0.008870355378888229725 ) ) ;
#6536 = CARTESIAN_POINT ( 'NONE',  ( -0.002372245750350697197, 0.01036342393982630887, 0.0009955689223756249411 ) ) ;
#6537 = CARTESIAN_POINT ( 'NONE',  ( -0.002364208214925056072, 0.01038407905815851885, -0.0009911228726238723464 ) ) ;
#6538 = B_SPLINE_CURVE_WITH_KNOTS ( 'NONE', 3,
 ( #6730, #1957, #314, #2393, #349, #1922, #6201, #3558, #1401, #6168, #5674, #5535, #2886, #3030 ),
 .UNSPECIFIED., .F., .F.,
 ( 4, 2, 2, 2, 2, 2, 4 ),
 ( 0.5036041034608523814, 0.5199275995457079969, 0.5362510956305636123, 0.5688980878002740660, 0.6015450799699846307, 0.6178685760548399131, 0.6341920721396951954 ),
 .UNSPECIFIED. ) ;
#6539 = CARTESIAN_POINT ( 'NONE',  ( 0.004006927641656533000, 0.001438812185503550488, 0.004805681746547785411 ) ) ;
#6540 = PLANE ( 'NONE',  #5498 ) ;
#6541 = CARTESIAN_POINT ( 'NONE',  ( -0.003692252834489866999, 0.009390453910718840613, -0.001312954527268046139 ) ) ;
#6542 = EDGE_CURVE ( 'NONE', #486, #2317, #4214, .T. ) ;
#6543 = AXIS2_PLACEMENT_3D ( 'NONE', #3055, #2014, #5166 ) ;
#6544 = CARTESIAN_POINT ( 'NONE',  ( 0.003020751890531188193, 0.01178228420377254275, 0.0007221772682718250640 ) ) ;
#6545 = CARTESIAN_POINT ( 'NONE',  ( -0.002342384831631291915, 0.01001527709505117651, 0.001014649008101703182 ) ) ;
#6546 = CARTESIAN_POINT ( 'NONE',  ( 0.002031999999999998217, 0.01168399999999999994, 2.488482295867424750E-19 ) ) ;
#6547 = ORIENTED_EDGE ( 'NONE', *, *, #6808, .T. ) ;
#6548 = CARTESIAN_POINT ( 'NONE',  ( -0.06293829927198607566, -0.0004111327656885649948, -0.02381863383957509919 ) ) ;
#6549 = CARTESIAN_POINT ( 'NONE',  ( -0.002997585091939185525, 0.01073416629617417010, -0.001790466542578184311 ) ) ;
#6550 = AXIS2_PLACEMENT_3D ( 'NONE', #6184, #1938, #1383 ) ;
#6551 = CARTESIAN_POINT ( 'NONE',  ( 0.002871074069357718722, 0.009597548854348809597, 0.0008461264204628948576 ) ) ;
#6552 = ORIENTED_EDGE ( 'NONE', *, *, #1910, .F. ) ;
#6553 = CARTESIAN_POINT ( 'NONE',  ( 0.1299773732907828216, 0.005645061702895989506, 0.009192148433214322734 ) ) ;
#6554 = AXIS2_PLACEMENT_3D ( 'NONE', #4989, #682, #4951 ) ;
#6555 = CARTESIAN_POINT ( 'NONE',  ( 0.002298296600400658030, 0.01102895893219230962, 0.0005267537956975027087 ) ) ;
#6556 = CARTESIAN_POINT ( 'NONE',  ( -0.1182678937227406718, 0.008497440089859389228, -0.002785655445473863689 ) ) ;
#6557 = CARTESIAN_POINT ( 'NONE',  ( 0.003255764695245018207, 0.009185411555706401998, -0.0002890811103501134387 ) ) ;
#6558 = CARTESIAN_POINT ( 'NONE',  ( 0.002321267747131522570, 0.01112766993178534308, 0.0003099020515346706571 ) ) ;
#6559 = CARTESIAN_POINT ( 'NONE',  ( -0.002533127912099236018, 0.01004974619663205095, 0.001010237602209999733 ) ) ;
#6560 = CARTESIAN_POINT ( 'NONE',  ( -0.003946058288770523670, 0.009049862477351686488, 0.0007379587575625608980 ) ) ;
#6561 = EDGE_CURVE ( 'NONE', #4797, #6947, #2241, .T. ) ;
#6562 = DIRECTION ( 'NONE',  ( 0.000000000000000000, -0.7071067811865404673, -0.7071067811865545671 ) ) ;
#6563 = CARTESIAN_POINT ( 'NONE',  ( 0.004521996583906417490, 0.007924444229978814744, -0.004314708878754094229 ) ) ;
#6564 = CARTESIAN_POINT ( 'NONE',  ( 0.004044802407392937213, 0.008923934678939217033, 0.0001805904025080642364 ) ) ;
#6565 = CARTESIAN_POINT ( 'NONE',  ( -0.002848238112396214196, 0.009624363766265816786, -0.0008633447713876242881 ) ) ;
#6566 = DIRECTION ( 'NONE',  ( 0.000000000000000000, -0.7071067811865460184, -0.7071067811865490160 ) ) ;
#6567 = ADVANCED_FACE ( 'NONE', ( #4006, #663 ), #1779, .F. ) ;
#6568 = ORIENTED_EDGE ( 'NONE', *, *, #389, .F. ) ;
#6569 = CARTESIAN_POINT ( 'NONE',  ( -0.002457942143545166491, 0.01017984497822188236, -0.001015999999999999976 ) ) ;
#6570 = FACE_OUTER_BOUND ( 'NONE', #157, .T. ) ;
#6571 = CARTESIAN_POINT ( 'NONE',  ( 0.002312042311909561377, 0.01109234522641490764, 0.0004040855043976991092 ) ) ;
#6572 = FACE_OUTER_BOUND ( 'NONE', #4553, .T. ) ;
#6573 = CARTESIAN_POINT ( 'NONE',  ( 0.003740031141440502971, 0.007737707807039871481, -0.004354410213815385067 ) ) ;
#6574 = DIRECTION ( 'NONE',  ( 0.000000000000000000, 0.000000000000000000, -1.000000000000000000 ) ) ;
#6575 = CARTESIAN_POINT ( 'NONE',  ( 0.1302218975034057369, 0.005586274197755542424, 0.008984262184859361997 ) ) ;
#6576 = CARTESIAN_POINT ( 'NONE',  ( 0.001447224898745791757, 0.0004689809571372346758, -0.0002540000000000001024 ) ) ;
#6577 = CARTESIAN_POINT ( 'NONE',  ( -0.002309354965902051492, 0.01108114728783054365, 0.0004290026014835594619 ) ) ;
#6578 = CARTESIAN_POINT ( 'NONE',  ( 0.001266107094209713421, 0.001056651727053382591, 0.006120416945834855800 ) ) ;
#6579 = EDGE_LOOP ( 'NONE', ( #1441, #4727, #5918, #5649, #2560, #5741 ) ) ;
#6580 = CARTESIAN_POINT ( 'NONE',  ( -0.004497849281977044957, 0.007964942574346687426, 0.004339814644780594366 ) ) ;
#6581 = PLANE ( 'NONE',  #3383 ) ;
#6582 = CARTESIAN_POINT ( 'NONE',  ( 0.002969892558865691590, 0.01159360913063458252, 0.001133478951496343784 ) ) ;
#6583 = CARTESIAN_POINT ( 'NONE',  ( 0.002022872197825916884, 0.01115807667514769237, 0.0002188968086707564968 ) ) ;
#6584 = CARTESIAN_POINT ( 'NONE',  ( 0.002032000000000023371, 0.01117600000000004527, 3.184181620198244007E-18 ) ) ;
#6585 = CARTESIAN_POINT ( 'NONE',  ( 0.04664984232644111412, -0.0005740548876334664605, 0.01780361097771133647 ) ) ;
#6586 = ORIENTED_EDGE ( 'NONE', *, *, #1342, .F. ) ;
#6587 = CARTESIAN_POINT ( 'NONE',  ( 0.006094406876194670766, 0.004733203618931286494, 0.001406974043825623324 ) ) ;
#6588 = CARTESIAN_POINT ( 'NONE',  ( 0.1033212965132494637, 0.009630712022690035221, -0.0002615715696367699301 ) ) ;
#6589 = EDGE_CURVE ( 'NONE', #6713, #1813, #92, .T. ) ;
#6590 = CARTESIAN_POINT ( 'NONE',  ( -0.003031184670049004697, 0.01181362318448175852, 0.0006204532298651762407 ) ) ;
#6591 = CARTESIAN_POINT ( 'NONE',  ( 0.003186305555577791191, 0.009255601109972170712, -0.0004631171582343570725 ) ) ;
#6592 = ORIENTED_EDGE ( 'NONE', *, *, #1974, .T. ) ;
#6593 = CARTESIAN_POINT ( 'NONE',  ( 0.1299066290600133511, 0.005743418380057698988, 0.008962369153526810600 ) ) ;
#6594 = CARTESIAN_POINT ( 'NONE',  ( -0.1265695718302451145, 0.007682056893395980933, -0.004165894504894994584 ) ) ;
#6595 = CARTESIAN_POINT ( 'NONE',  ( 0.002300788803405619167, 0.01104163458802781377, -0.0005049538730699425562 ) ) ;
#6596 = CARTESIAN_POINT ( 'NONE',  ( -0.003204733976497110576, 0.009236829673863128712, 0.0004249294862125505782 ) ) ;
#6597 = CARTESIAN_POINT ( 'NONE',  ( -0.002683118220028894371, 0.009831183123074240318, -0.0009614449178648375128 ) ) ;
#6598 = CARTESIAN_POINT ( 'NONE',  ( -0.005622397884212609713, 0.003126271280591203829, -0.002775884678138295682 ) ) ;
#6599 = CARTESIAN_POINT ( 'NONE',  ( 0.004512970645722747670, 0.007827940255706411152, -0.004358984518350730170 ) ) ;
#6600 = CARTESIAN_POINT ( 'NONE',  ( 0.004965165608068229132, 0.007602414957071116849, -0.003941154946898742240 ) ) ;
#6601 = CARTESIAN_POINT ( 'NONE',  ( -0.002936881817516157761, 0.009522141435067115606, -0.0007908904386149885526 ) ) ;
#6602 = CARTESIAN_POINT ( 'NONE',  ( 0.0002540000000000000482, 0.005588000000000000085, -0.0002540000000000000482 ) ) ;
#6603 = ADVANCED_FACE ( 'NONE', ( #1697 ), #6540, .T. ) ;
#6604 = EDGE_LOOP ( 'NONE', ( #1848, #1476, #6244, #2376, #3108 ) ) ;
#6605 = CARTESIAN_POINT ( 'NONE',  ( 0.003036228930652823226, 0.01182869901441592833, 0.0005706746725533340609 ) ) ;
#6606 = CARTESIAN_POINT ( 'NONE',  ( 0.002368460107897980664, 0.01037304223401097625, 0.0009935559193488677828 ) ) ;
#6607 = CARTESIAN_POINT ( 'NONE',  ( -0.002032000000000099699, 0.01117600000000019446, 0.0001091942417355149994 ) ) ;
#6608 = CARTESIAN_POINT ( 'NONE',  ( 0.01725368294819386306, 0.007869612553978859101, -0.003166267427785195241 ) ) ;
#6609 = CARTESIAN_POINT ( 'NONE',  ( 0.000000000000000000, 0.000000000000000000, 0.000000000000000000 ) ) ;
#6610 = CARTESIAN_POINT ( 'NONE',  ( 0.1300371494952128060, 0.005875295888779168314, 0.009029195055039856629 ) ) ;
#6611 = AXIS2_PLACEMENT_3D ( 'NONE', #2359, #6098, #3526 ) ;
#6612 = CARTESIAN_POINT ( 'NONE',  ( 0.005964542529256064950, 0.003476238596195958472, 0.002318433933204893955 ) ) ;
#6613 = ORIENTED_EDGE ( 'NONE', *, *, #5219, .T. ) ;
#6614 = CARTESIAN_POINT ( 'NONE',  ( -0.004484706048571183296, 0.007789288600857968529, 0.004353308937681737989 ) ) ;
#6615 = B_SPLINE_CURVE_WITH_KNOTS ( 'NONE', 3,
 ( #6117, #6545, #6651, #695, #1737, #1220, #6083, #2838, #3998, #195, #3410, #5629, #2875, #4418, #834, #6152, #1839, #727 ),
 .UNSPECIFIED., .F., .F.,
 ( 4, 2, 2, 2, 2, 2, 2, 2, 4 ),
 ( 0.000000000000000000, 0.0003986177633689607985, 0.0007972355267379215970, 0.001195853290106882287, 0.001594471053475843194, 0.001993088816844804101, 0.002391706580213764574, 0.002790324343582725481, 0.003188942106951686388 ),
 .UNSPECIFIED. ) ;
#6616 = CARTESIAN_POINT ( 'NONE',  ( -0.003259400244408931866, 0.01008179698403364848, -0.001768107036887003750 ) ) ;
#6617 = CARTESIAN_POINT ( 'NONE',  ( 0.003057513218649221109, 0.01188528450071860143, -0.0002266971086168799096 ) ) ;
#6618 = CARTESIAN_POINT ( 'NONE',  ( -0.002329923595958884042, 0.01015672691725862976, -0.001015999999999998024 ) ) ;
#6619 = VECTOR ( 'NONE', #4949, 1.000000000000000000 ) ;
#6620 = CARTESIAN_POINT ( 'NONE',  ( 1.686279258222847794E-18, 0.01447799999999999782, 0.000000000000000000 ) ) ;
#6621 = CARTESIAN_POINT ( 'NONE',  ( 0.06293829927198590912, -0.0004111327656885649948, 0.02381863383957553981 ) ) ;
#6622 = ORIENTED_EDGE ( 'NONE', *, *, #4427, .T. ) ;
#6623 = CARTESIAN_POINT ( 'NONE',  ( 0.004788216862285592408, 0.002284167036999950554, 0.004025517040211836622 ) ) ;
#6624 = CARTESIAN_POINT ( 'NONE',  ( -0.003197088229404414575, 0.01020477095628782860, 0.001799354800895956079 ) ) ;
#6625 = CARTESIAN_POINT ( 'NONE',  ( 0.002566532955880561177, 0.009997302192063874798, 0.001003135599708517272 ) ) ;
#6626 = VERTEX_POINT ( 'NONE', #5974 ) ;
#6627 = CARTESIAN_POINT ( 'NONE',  ( -0.1300000000000000044, 0.0007819545719724310760, -0.01823623011988745671 ) ) ;
#6628 = AXIS2_PLACEMENT_3D ( 'NONE', #2872, #1179, #3406 ) ;
#6629 = CIRCLE ( 'NONE', #5263, 0.002032000000000005156 ) ;
#6630 =( GEOMETRIC_REPRESENTATION_CONTEXT ( 3 ) GLOBAL_UNCERTAINTY_ASSIGNED_CONTEXT ( ( #5193 ) ) GLOBAL_UNIT_ASSIGNED_CONTEXT ( ( #4579, #3005, #3533 ) ) REPRESENTATION_CONTEXT ( 'NONE', 'WORKASPACE' ) );
#6631 = CARTESIAN_POINT ( 'NONE',  ( -0.1239609124105162108, 0.008149535161773299036, -0.003118871095434341042 ) ) ;
#6632 = CARTESIAN_POINT ( 'NONE',  ( -1.204485184444895089E-17, 0.01015018309780834661, -0.002552700000000010169 ) ) ;
#6633 = CARTESIAN_POINT ( 'NONE',  ( -0.002837342021807459560, 0.009637286227302803432, 0.0008712328370615061513 ) ) ;
#6634 = CARTESIAN_POINT ( 'NONE',  ( -0.002287513562929171292, 0.01068395146838577864, -0.0008706478565152415451 ) ) ;
#6635 = CARTESIAN_POINT ( 'NONE',  ( -0.006144296475556112330, 0.004173139855861141695, -0.001250739771813181786 ) ) ;
#6636 = CARTESIAN_POINT ( 'NONE',  ( -0.003972383939486644200, 0.009015832299091974811, -0.0006611898603161857650 ) ) ;
#6637 = LINE ( 'NONE', #6176, #4324 ) ;
#6638 = CARTESIAN_POINT ( 'NONE',  ( -0.0002540000000000001566, 0.0002344904790593441547, -0.001449181636525680595 ) ) ;
#6639 = ORIENTED_EDGE ( 'NONE', *, *, #4470, .T. ) ;
#6640 = CARTESIAN_POINT ( 'NONE',  ( -0.002975152356587898537, 0.01161845903260176095, -0.001093103597755685228 ) ) ;
#6641 = CARTESIAN_POINT ( 'NONE',  ( 0.002523469016626391209, 0.01006514095996713549, 0.001012058519479625907 ) ) ;
#6642 = CARTESIAN_POINT ( 'NONE',  ( 0.002329923591208246225, 0.01015672691987406714, 0.001015999999999998024 ) ) ;
#6643 = CARTESIAN_POINT ( 'NONE',  ( 0.02674510002148541496, 0.008134473302033961781, -0.003093398849075164152 ) ) ;
#6644 = PLANE ( 'NONE',  #1297 ) ;
#6645 = CARTESIAN_POINT ( 'NONE',  ( 0.1302007651140567324, 0.005643377786513794833, 0.009424570123337730823 ) ) ;
#6646 = CARTESIAN_POINT ( 'NONE',  ( 0.005668339817290483224, 0.003024438538584873267, 0.002683179878365357825 ) ) ;
#6647 = VERTEX_POINT ( 'NONE', #4415 ) ;
#6648 = CARTESIAN_POINT ( 'NONE',  ( -0.001266273330375074137, 0.0007769883957697968670, -0.006151838881855672438 ) ) ;
#6649 = EDGE_CURVE ( 'NONE', #4187, #1222, #1028, .T. ) ;
#6650 = CARTESIAN_POINT ( 'NONE',  ( 0.002960459910740765709, 0.01154620854587126710, 0.001206651201017871176 ) ) ;
#6651 = CARTESIAN_POINT ( 'NONE',  ( -0.002355026210800628336, 0.009883465708888500983, 0.0009865185062197471405 ) ) ;
#6652 = ADVANCED_FACE ( 'NONE', ( #3857 ), #1682, .F. ) ;
#6653 = CARTESIAN_POINT ( 'NONE',  ( 0.003005376375326630160, 0.01070439119059082150, -0.001797478626854714327 ) ) ;
#6654 = EDGE_LOOP ( 'NONE', ( #4020, #2977 ) ) ;
#6655 = CARTESIAN_POINT ( 'NONE',  ( 0.005644717288710327831, 0.003440588478592410560, 0.002732585454137287720 ) ) ;
#6656 = CARTESIAN_POINT ( 'NONE',  ( -0.003440260630039129481, 0.009767628322561842241, 0.001628128137161114451 ) ) ;
#6657 = CARTESIAN_POINT ( 'NONE',  ( 0.002827390844916019032, 0.009649141941007200948, 0.0008783193042755830463 ) ) ;
#6658 = ORIENTED_EDGE ( 'NONE', *, *, #4583, .F. ) ;
#6659 = CARTESIAN_POINT ( 'NONE',  ( -0.04668888365207417290, -0.001489317466010477153, -0.01915909511730623516 ) ) ;
#6660 = ADVANCED_FACE ( 'NONE', ( #691 ), #1733, .F. ) ;
#6661 = CIRCLE ( 'NONE', #275, 0.002895600000000001645 ) ;
#6662 = CARTESIAN_POINT ( 'NONE',  ( -0.1249236889698223801, 0.007713328168878635233, -0.005151365160270217868 ) ) ;
#6663 = CARTESIAN_POINT ( 'NONE',  ( -0.004705164914168584976, 0.007932383614030372870, 0.004253490230611379347 ) ) ;
#6664 = CARTESIAN_POINT ( 'NONE',  ( 2.955072726342565266E-19, 0.006985000000000001624, -0.002413000000000001515 ) ) ;
#6665 = VECTOR ( 'NONE', #4025, 1.000000000000000000 ) ;
#6666 = CARTESIAN_POINT ( 'NONE',  ( -0.002498112746094502835, 0.01010761580307541034, -0.001015139983945785498 ) ) ;
#6667 = CARTESIAN_POINT ( 'NONE',  ( -0.03397741836241766761, 0.008919675312974870152, 0.003236467598532383628 ) ) ;
#6668 = CARTESIAN_POINT ( 'NONE',  ( 0.004522954726818718962, 0.007802176972681404248, -0.004353663230839880868 ) ) ;
#6669 = CARTESIAN_POINT ( 'NONE',  ( 0.002937827517145920331, 0.01107170734931833649, 0.001656435693942644822 ) ) ;
#6670 = DIRECTION ( 'NONE',  ( -0.000000000000000000, 1.000000000000000000, -0.000000000000000000 ) ) ;
#6671 = DIRECTION ( 'NONE',  ( 0.000000000000000000, 1.000000000000000000, 0.000000000000000000 ) ) ;
#6672 = EDGE_CURVE ( 'NONE', #2710, #4626, #3276, .T. ) ;
#6673 = VERTEX_POINT ( 'NONE', #2377 ) ;
#6674 = CARTESIAN_POINT ( 'NONE',  ( -0.003061662496963372514, 0.01189589244068543598, -1.302866838296184927E-05 ) ) ;
#6675 = CARTESIAN_POINT ( 'NONE',  ( 0.002361661718077612271, 0.01039080849187338541, -0.0009895783342603581799 ) ) ;
#6676 = CARTESIAN_POINT ( 'NONE',  ( 3.000384657911015166E-19, 0.000000000000000000, -0.002449999999999999921 ) ) ;
#6677 = CARTESIAN_POINT ( 'NONE',  ( 0.03754574432027078107, 0.009030719831240119691, -0.003466619584050623613 ) ) ;
#6678 = CARTESIAN_POINT ( 'NONE',  ( 0.003682445176985234530, 0.009404607500759854313, 0.001326866133071383453 ) ) ;
#6679 = CARTESIAN_POINT ( 'NONE',  ( 0.003137818498774768133, 0.001134295758456703700, 0.005437402449551256498 ) ) ;
#6680 = CARTESIAN_POINT ( 'NONE',  ( 0.1126445758760193511, 0.0002523962886764712912, 0.02207343113203299664 ) ) ;
#6681 = ORIENTED_EDGE ( 'NONE', *, *, #310, .T. ) ;
#6682 = DIRECTION ( 'NONE',  ( -0.000000000000000000, -1.000000000000000000, -0.000000000000000000 ) ) ;
#6683 = CARTESIAN_POINT ( 'NONE',  ( 0.003059548658620893976, 0.01189052847455867278, 0.0001614629879152143087 ) ) ;
#6684 = CARTESIAN_POINT ( 'NONE',  ( 0.002032000000000023371, 0.01117600000000004527, 3.184181620198244007E-18 ) ) ;
#6685 = CARTESIAN_POINT ( 'NONE',  ( 0.003977512000264487972, 0.001549419373203346061, 0.004880747991149225577 ) ) ;
#6686 = ADVANCED_FACE ( 'NONE', ( #114 ), #5545, .F. ) ;
#6687 = ORIENTED_EDGE ( 'NONE', *, *, #4108, .F. ) ;
#6688 = CARTESIAN_POINT ( 'NONE',  ( 0.002464854691658975583, 0.0009880259469008871413, 0.005752003532490175541 ) ) ;
#6689 = CARTESIAN_POINT ( 'NONE',  ( 0.003172745942114414946, 0.009269470967321920621, -0.0004893706793119337838 ) ) ;
#6690 = CARTESIAN_POINT ( 'NONE',  ( 0.08758279652900534396, 0.01016837828436505456, -0.002166273029765246935 ) ) ;
#6691 = CARTESIAN_POINT ( 'NONE',  ( -0.002957900452063979418, 0.01091857426902339417, 0.001730981929894620432 ) ) ;
#6692 = ORIENTED_EDGE ( 'NONE', *, *, #6150, .T. ) ;
#6693 = CARTESIAN_POINT ( 'NONE',  ( 0.006032499999999996199, 0.000000000000000000, 0.000000000000000000 ) ) ;
#6694 = EDGE_CURVE ( 'NONE', #4797, #1153, #2485, .T. ) ;
#6695 = CARTESIAN_POINT ( 'NONE',  ( 0.002283779814145799059, 0.01092680193773558697, 0.0006667599719423904529 ) ) ;
#6696 = CARTESIAN_POINT ( 'NONE',  ( -0.1278393595781454617, 0.007377809964494713192, -0.004832503459133593270 ) ) ;
#6697 = CARTESIAN_POINT ( 'NONE',  ( -0.005918200000000022748, 0.01016000000000000583, 0.000000000000000000 ) ) ;
#6698 = CARTESIAN_POINT ( 'NONE',  ( 0.0002539999999999996688, 0.02225040000000000351, 0.002884438135928730530 ) ) ;
#6699 = CARTESIAN_POINT ( 'NONE',  ( -0.002618097784243265166, 0.009921119280021145972, -0.0009876432785131730990 ) ) ;
#6700 = CARTESIAN_POINT ( 'NONE',  ( 0.000000000000000000, 9.999999999999939493E-05, 0.006150000000000000085 ) ) ;
#6701 = CARTESIAN_POINT ( 'NONE',  ( 0.003570789821857208151, 0.009566348508526702210, 0.001483058592282204607 ) ) ;
#6702 = CARTESIAN_POINT ( 'NONE',  ( -0.1033212965132494499, 0.009630712022690028282, 0.0002615715696374782935 ) ) ;
#6703 = FACE_OUTER_BOUND ( 'NONE', #678, .T. ) ;
#6704 = CARTESIAN_POINT ( 'NONE',  ( 0.000000000000000000, 0.000000000000000000, 0.000000000000000000 ) ) ;
#6705 = VERTEX_POINT ( 'NONE', #5091 ) ;
#6706 =( LENGTH_UNIT ( ) NAMED_UNIT ( * ) SI_UNIT ( $, .METRE. ) );
#6707 = CARTESIAN_POINT ( 'NONE',  ( -0.003050213223767986315, 0.01186617401690762304, 0.0003729633332424959623 ) ) ;
#6708 = CARTESIAN_POINT ( 'NONE',  ( 0.002283804911359130479, 0.01092702100653915147, -0.0006665100314527075583 ) ) ;
#6709 = CARTESIAN_POINT ( 'NONE',  ( -0.002295601128247076565, 0.01101390091596106055, 0.0005505535629898901254 ) ) ;
#6710 = CARTESIAN_POINT ( 'NONE',  ( 0.03349755830557044761, 0.008687041645324401068, -0.003273326816277170002 ) ) ;
#6711 = CARTESIAN_POINT ( 'NONE',  ( -0.004643745105038708972, 0.007741020651064483074, 0.004287909438224506500 ) ) ;
#6712 = CARTESIAN_POINT ( 'NONE',  ( 0.05048530208196763680, -0.0008611759169458016710, 0.01995830801063442142 ) ) ;
#6713 = VERTEX_POINT ( 'NONE', #5727 ) ;
#6714 = CARTESIAN_POINT ( 'NONE',  ( -0.004539646935707642925, 0.007664177277844318181, 0.004296116653424167202 ) ) ;
#6715 = SURFACE_SIDE_STYLE ('',( #4030 ) ) ;
#6716 = CARTESIAN_POINT ( 'NONE',  ( 0.002954670613136519373, 0.01151319373559086395, -0.001253214151839843757 ) ) ;
#6717 = DIRECTION ( 'NONE',  ( 1.123292760552739721E-17, -0.000000000000000000, 1.000000000000000000 ) ) ;
#6718 = CARTESIAN_POINT ( 'NONE',  ( -0.003061339652629327043, 0.01189507120221239625, -1.799449169056443702E-15 ) ) ;
#6719 = CARTESIAN_POINT ( 'NONE',  ( 0.003879644428855535086, 0.009136444777843066509, -0.0009336884146709180550 ) ) ;
#6720 = CIRCLE ( 'NONE', #6611, 0.002895600000000001645 ) ;
#6721 = CYLINDRICAL_SURFACE ( 'NONE', #5080, 0.002895600000000001645 ) ;
#6722 = CARTESIAN_POINT ( 'NONE',  ( 0.006346074075798908108, 0.006288359669724927735, -0.0006034219344603040935 ) ) ;
#6723 = CARTESIAN_POINT ( 'NONE',  ( 0.003753635288385170302, 0.009305695424637879659, -0.001205724215125340100 ) ) ;
#6724 = CARTESIAN_POINT ( 'NONE',  ( -0.002933472827854268546, 0.01131523242439700337, 0.001475464265581863691 ) ) ;
#6725 = CARTESIAN_POINT ( 'NONE',  ( -0.01075406328422112354, 0.004556744336698492596, -0.001210000908024610935 ) ) ;
#6726 = AXIS2_PLACEMENT_3D ( 'NONE', #3038, #5682, #6042 ) ;
#6727 = CARTESIAN_POINT ( 'NONE',  ( 0.002325712570083519632, 0.01114348909264952989, -0.0002572825464332784617 ) ) ;
#6728 = CARTESIAN_POINT ( 'NONE',  ( -0.1298863257153853035, 0.005772812613514670052, -0.008890081833713377180 ) ) ;
#6729 = CIRCLE ( 'NONE', #6507, 0.002413000000000001515 ) ;
#6730 = CARTESIAN_POINT ( 'NONE',  ( 0.002282801502190037052, 0.01091525291771103766, 0.0006795947544595774392 ) ) ;
#6731 = CARTESIAN_POINT ( 'NONE',  ( -0.002316355087703711024, 0.01110938980378429856, -0.0003622310852280825346 ) ) ;
#6732 = EDGE_CURVE ( 'NONE', #6414, #486, #1365, .T. ) ;
#6733 = PRODUCT_DEFINITION_FORMATION_WITH_SPECIFIED_SOURCE ( 'ANY', '', #3403, .NOT_KNOWN. ) ;
#6734 = CARTESIAN_POINT ( 'NONE',  ( -0.02266303645743385914, 0.008489714435469433718, 0.004072412112690948667 ) ) ;
#6735 = CARTESIAN_POINT ( 'NONE',  ( 0.003819265968916197782, 0.009216664481266918091, 0.001075720082030200836 ) ) ;
#6736 = CARTESIAN_POINT ( 'NONE',  ( -0.1263825403489343968, 0.007204570959533606635, -0.005817957371037585541 ) ) ;
#6737 = PLANE ( 'NONE',  #4388 ) ;
#6738 = CARTESIAN_POINT ( 'NONE',  ( -0.003223975995918409391, 0.009217362902583077500, -0.0003794456074372178317 ) ) ;
#6739 = ORIENTED_EDGE ( 'NONE', *, *, #6132, .T. ) ;
#6740 = CARTESIAN_POINT ( 'NONE',  ( -0.003017615799098844354, 0.01066204812977399052, -0.001805305000930121102 ) ) ;
#6741 = CARTESIAN_POINT ( 'NONE',  ( 0.002290285478154121309, 0.01098091486633037163, -0.0005988761575136121017 ) ) ;
#6742 = APPLICATION_CONTEXT ( 'automotive_design' ) ;
#6743 = CARTESIAN_POINT ( 'NONE',  ( 0.04285028109580260591, 0.009655829472878655825, -0.004502377262922217099 ) ) ;
#6744 = CARTESIAN_POINT ( 'NONE',  ( 0.003532574332362035593, 0.009623752089949226193, 0.001529342892305888624 ) ) ;
#6745 = CARTESIAN_POINT ( 'NONE',  ( 0.1300547681383061871, 0.005538539042548010563, 0.009428108736593825145 ) ) ;
#6746 = UNCERTAINTY_MEASURE_WITH_UNIT (LENGTH_MEASURE( 1.000000000000000082E-05 ), #5665, 'distance_accuracy_value', 'NONE');
#6747 = ORIENTED_EDGE ( 'NONE', *, *, #2928, .F. ) ;
#6748 = CARTESIAN_POINT ( 'NONE',  ( -1.204485184444895089E-17, 0.01015018309780834661, 0.000000000000000000 ) ) ;
#6749 = FACE_OUTER_BOUND ( 'NONE', #64, .T. ) ;
#6750 = CARTESIAN_POINT ( 'NONE',  ( 0.003029449666979110427, 0.01062307485150461653, -0.001811456914058970141 ) ) ;
#6751 = CARTESIAN_POINT ( 'NONE',  ( -0.004325241652987231629, 0.001685049490573043872, -0.004693378189183911378 ) ) ;
#6752 = CARTESIAN_POINT ( 'NONE',  ( 0.1299999999999998657, 0.001072457435249923310, 0.01786584610186448679 ) ) ;
#6753 = DIRECTION ( 'NONE',  ( -0.000000000000000000, -1.000000000000000000, -0.000000000000000000 ) ) ;
#6754 = CARTESIAN_POINT ( 'NONE',  ( 0.004631615120808906666, 0.008031864869413740324, -0.004196503469877542990 ) ) ;
#6755 = CARTESIAN_POINT ( 'NONE',  ( 0.003114432250569356807, 0.009329836262650817100, 0.0005859567645918710432 ) ) ;
#6756 = CARTESIAN_POINT ( 'NONE',  ( -0.003943439169871576847, 0.009053248091504042042, -0.0007468343721394097136 ) ) ;
#6757 = CARTESIAN_POINT ( 'NONE',  ( -0.05327344350638433396, 0.005292510282000338281, -0.01135476068322017681 ) ) ;
#6758 = CARTESIAN_POINT ( 'NONE',  ( 0.002332049331221769297, 0.01116456674713946912, -0.0001558732407374554185 ) ) ;
#6759 = CARTESIAN_POINT ( 'NONE',  ( -0.002282142272275590987, 0.01090792028534174826, 0.0006878783630492581397 ) ) ;
#6760 = CARTESIAN_POINT ( 'NONE',  ( -0.1302202420705673991, 0.005681955736171557560, -0.008743446967063684544 ) ) ;
#6761 = CARTESIAN_POINT ( 'NONE',  ( -1.204485184444895089E-17, 0.01046305122213599982, 0.000000000000000000 ) ) ;
#6762 = ORIENTED_EDGE ( 'NONE', *, *, #207, .T. ) ;
#6763 = DIRECTION ( 'NONE',  ( 1.347951312663287604E-16, 0.000000000000000000, -1.000000000000000000 ) ) ;
#6764 = MECHANICAL_DESIGN_GEOMETRIC_PRESENTATION_REPRESENTATION (  '', ( #5861 ), #725 ) ;
#6765 = CARTESIAN_POINT ( 'NONE',  ( -0.01454797697428184163, 0.007861535493201959532, 0.003346674707972188689 ) ) ;
#6766 = CARTESIAN_POINT ( 'NONE',  ( 0.003775428280363305866, 0.009275904301698008336, 0.001164853521191566016 ) ) ;
#6767 = CARTESIAN_POINT ( 'NONE',  ( -0.1292732251151225698, 0.006243126499232426983, -0.007876137277819566032 ) ) ;
#6768 = CARTESIAN_POINT ( 'NONE',  ( 0.003353492722193813450, 0.001300235774685171326, 0.005282684869355665745 ) ) ;
#6769 = CARTESIAN_POINT ( 'NONE',  ( -9.635881475559170419E-19, 0.01168400000000000168, 0.000000000000000000 ) ) ;
#6770 = CIRCLE ( 'NONE', #3756, 0.006250000000000000347 ) ;
#6771 = VERTEX_POINT ( 'NONE', #4555 ) ;
#6772 =( NAMED_UNIT ( * ) PLANE_ANGLE_UNIT ( ) SI_UNIT ( $, .RADIAN. ) );
#6773 = CARTESIAN_POINT ( 'NONE',  ( -0.002992471226451655190, 0.01168727846368335793, -0.0009604074825730309420 ) ) ;
#6774 = CARTESIAN_POINT ( 'NONE',  ( 0.002280218078016332198, 0.01076192556946825411, -0.0008192240939223348773 ) ) ;
#6775 = CIRCLE ( 'NONE', #284, 0.001650999999999998389 ) ;
#6776 = CARTESIAN_POINT ( 'NONE',  ( 0.05503222453132997072, 0.01016951547958929065, -0.004538068924917872463 ) ) ;
#6777 = PLANE ( 'NONE',  #5984 ) ;
#6778 = DIRECTION ( 'NONE',  ( 0.000000000000000000, 0.000000000000000000, -1.000000000000000000 ) ) ;
#6779 = ORIENTED_EDGE ( 'NONE', *, *, #5739, .T. ) ;
#6780 = CARTESIAN_POINT ( 'NONE',  ( -0.004559961703300041864, 0.007722113237491449317, 0.004274534570501854931 ) ) ;
#6781 = CARTESIAN_POINT ( 'NONE',  ( -0.004833698708430615373, 0.002258305033533944232, -0.004045615621969656135 ) ) ;
#6782 = CARTESIAN_POINT ( 'NONE',  ( 0.003247353270438689370, 0.01010511900660246952, -0.001774581899888748706 ) ) ;
#6783 = PLANE ( 'NONE',  #5431 ) ;
#6784 = CARTESIAN_POINT ( 'NONE',  ( 0.003990960766290547503, 0.008992209237763237190, 0.0005618635112646946537 ) ) ;
#6785 = FACE_OUTER_BOUND ( 'NONE', #2244, .T. ) ;
#6786 = B_SPLINE_CURVE_WITH_KNOTS ( 'NONE', 3,
 ( #6363, #3159, #1625, #1657 ),
 .UNSPECIFIED., .F., .F.,
 ( 4, 4 ),
 ( -5.999999149514520770E-08, 0.001051938527187261819 ),
 .UNSPECIFIED. ) ;
#6787 = CARTESIAN_POINT ( 'NONE',  ( 0.000000000000000000, 0.000000000000000000, 0.000000000000000000 ) ) ;
#6788 = CARTESIAN_POINT ( 'NONE',  ( 0.002801717586652521710, 0.009679977139040642914, 0.0008959830733683287092 ) ) ;
#6789 = CARTESIAN_POINT ( 'NONE',  ( -0.004038195380998271626, 0.008932264487106699249, -0.0002615800747908871601 ) ) ;
#6790 = CARTESIAN_POINT ( 'NONE',  ( 0.1063862299451138471, 0.009467123803108466046, 0.0002235711368214914107 ) ) ;
#6791 = CARTESIAN_POINT ( 'NONE',  ( -0.02297305825785929401, -6.618838861039471537E-05, -0.006358794152084536883 ) ) ;
#6792 = CARTESIAN_POINT ( 'NONE',  ( -0.05792343826331675799, 0.01031189203740056660, 0.003851985114936609320 ) ) ;
#6793 = CARTESIAN_POINT ( 'NONE',  ( 0.002417950199928866305, 0.01025899429547350201, -0.001011300756118061741 ) ) ;
#6794 = CARTESIAN_POINT ( 'NONE',  ( -0.002898463004431469075, 0.009565711414695466513, 0.0008246467272536214246 ) ) ;
#6795 = CARTESIAN_POINT ( 'NONE',  ( -0.1286141267449412984, 0.006539841686235289310, -0.007257558278060303840 ) ) ;
#6796 = CARTESIAN_POINT ( 'NONE',  ( -0.003421889539310983899, 0.009797367633435943857, -0.001645505034272620347 ) ) ;
#6797 = VERTEX_POINT ( 'NONE', #405 ) ;
#6798 = DIRECTION ( 'NONE',  ( 1.000000000000000000, -1.163719888839448470E-15, 0.000000000000000000 ) ) ;
#6799 = CARTESIAN_POINT ( 'NONE',  ( -0.002319231024487203221, 0.01112044001535699399, 0.0003331667198505545188 ) ) ;
#6800 = CYLINDRICAL_SURFACE ( 'NONE', #4374, 0.006032499999999997933 ) ;
#6801 = CARTESIAN_POINT ( 'NONE',  ( 0.003706351006946356341, 0.009371067612193901761, 0.001288527972283776309 ) ) ;
#6802 = CARTESIAN_POINT ( 'NONE',  ( -0.001451138256679907184, 0.000000000000000000, -0.0002540000000000002651 ) ) ;
#6803 = DIRECTION ( 'NONE',  ( -1.000000000000000000, -0.000000000000000000, -1.123292760552739721E-17 ) ) ;
#6804 = CARTESIAN_POINT ( 'NONE',  ( 0.001451138256679907184, 0.000000000000000000, -0.0002540000000000001024 ) ) ;
#6805 = ORIENTED_EDGE ( 'NONE', *, *, #6061, .F. ) ;
#6806 = CARTESIAN_POINT ( 'NONE',  ( -0.002954114387530287680, 0.01094187009728577430, 0.001721122944836090719 ) ) ;
#6807 = CARTESIAN_POINT ( 'NONE',  ( 0.002316985863297929809, 0.01111180270346635336, -0.0003558461915131551009 ) ) ;
#6808 = EDGE_CURVE ( 'NONE', #5029, #3815, #1249, .T. ) ;
#6809 = CARTESIAN_POINT ( 'NONE',  ( -0.005454502793924103504, 0.002660944264506204856, -0.003354926427215997216 ) ) ;
#6810 = CARTESIAN_POINT ( 'NONE',  ( 0.09293689007689238946, 0.005774766865610635874, 0.01624156727721253954 ) ) ;
#6811 = VERTEX_POINT ( 'NONE', #2555 ) ;
#6812 = CARTESIAN_POINT ( 'NONE',  ( -0.005644717288709630472, 0.003440588478591924404, -0.002732585454135047325 ) ) ;
#6813 = CARTESIAN_POINT ( 'NONE',  ( 0.002963120499670539830, 0.01088667919933024308, -0.001744422977665389431 ) ) ;
#6814 = DIRECTION ( 'NONE',  ( 0.000000000000000000, 0.000000000000000000, -1.000000000000000000 ) ) ;
#6815 = CARTESIAN_POINT ( 'NONE',  ( -0.005918200000000022748, 0.01016000000000000583, -0.001015999999999999976 ) ) ;
#6816 = ORIENTED_EDGE ( 'NONE', *, *, #143, .T. ) ;
#6817 = CARTESIAN_POINT ( 'NONE',  ( 0.003290216511735886192, 0.009151128647944425237, 0.0001204594325412790051 ) ) ;
#6818 = CARTESIAN_POINT ( 'NONE',  ( -0.002300054845834466431, 0.01060415797651127930, 0.0009144215389336624597 ) ) ;
#6819 = CARTESIAN_POINT ( 'NONE',  ( -0.003070485184504664986, 0.009376100612516395302, -0.0006471528141045824805 ) ) ;
#6820 = CARTESIAN_POINT ( 'NONE',  ( -0.01756029996261013540, 0.007414369570261522546, 0.001088935588565995713 ) ) ;
#6821 = ADVANCED_FACE ( 'NONE', ( #2446 ), #5044, .F. ) ;
#6822 = CARTESIAN_POINT ( 'NONE',  ( -0.01800625011562961494, 0.007881117948134223894, 0.003129230983605947331 ) ) ;
#6823 = CARTESIAN_POINT ( 'NONE',  ( 0.002301448367630593711, 0.01059867453915427742, -0.0009165810253048320942 ) ) ;
#6824 = CARTESIAN_POINT ( 'NONE',  ( -0.002279164603028865747, 0.01079403649285994894, 0.0007940727562037429039 ) ) ;
#6825 = CARTESIAN_POINT ( 'NONE',  ( -0.1302182343877095194, 0.005651675745954224707, -0.008825605798542919544 ) ) ;
#6826 = FACE_OUTER_BOUND ( 'NONE', #3697, .T. ) ;
#6827 = ORIENTED_EDGE ( 'NONE', *, *, #5327, .T. ) ;
#6828 = VECTOR ( 'NONE', #3009, 1.000000000000000000 ) ;
#6829 = CARTESIAN_POINT ( 'NONE',  ( -0.002302374769257612298, 0.01104960422271111797, 0.0004910825178881569452 ) ) ;
#6830 = CIRCLE ( 'NONE', #5252, 0.005016500000000010534 ) ;
#6831 = CARTESIAN_POINT ( 'NONE',  ( -0.005090252467748373859, 0.007935091606252969720, 0.004225267298467052721 ) ) ;
#6832 = CARTESIAN_POINT ( 'NONE',  ( 0.003020751890531188193, 0.01178228420377254275, 0.0007221772682718250640 ) ) ;
#6833 = FACE_OUTER_BOUND ( 'NONE', #595, .T. ) ;
#6834 = CARTESIAN_POINT ( 'NONE',  ( -0.005315674072912855708, 0.007244451643313999135, 0.003335601678175918305 ) ) ;
#6835 = ORIENTED_EDGE ( 'NONE', *, *, #779, .F. ) ;
#6836 = AXIS2_PLACEMENT_3D ( 'NONE', #5926, #2292, #2256 ) ;
#6837 = SHAPE_DEFINITION_REPRESENTATION ( #6064, #2233 ) ;
#6838 = AXIS2_PLACEMENT_3D ( 'NONE', #1915, #3550, #6227 ) ;
#6839 = CARTESIAN_POINT ( 'NONE',  ( -0.002950188498995124156, 0.01148461320057287544, 0.001290947613800367709 ) ) ;
#6840 = CARTESIAN_POINT ( 'NONE',  ( -0.004643745105029740451, 0.007741020651061117711, 0.004287909438217461788 ) ) ;
#6841 = CARTESIAN_POINT ( 'NONE',  ( -0.006146087982798737956, 0.006351659285239497771, 0.001598420509843422824 ) ) ;
#6842 = CARTESIAN_POINT ( 'NONE',  ( 0.03835802678916639535, 0.009378482947929952032, -0.004352954126073296792 ) ) ;
#6843 = ORIENTED_EDGE ( 'NONE', *, *, #1662, .T. ) ;
#6844 = CARTESIAN_POINT ( 'NONE',  ( -0.005890654715914512077, 0.007415703029948786558, 0.002107042649142949840 ) ) ;
#6845 = CARTESIAN_POINT ( 'NONE',  ( 0.003201455715815975257, 0.01019638358173858249, -0.001796985675101567606 ) ) ;
#6846 = CARTESIAN_POINT ( 'NONE',  ( 0.003597906215379685115, 0.001693388050948601989, 0.0002539999999999999398 ) ) ;
#6847 = ORIENTED_EDGE ( 'NONE', *, *, #4520, .T. ) ;
#6848 = CARTESIAN_POINT ( 'NONE',  ( 0.1267216925554207341, 0.007315699388413678984, 0.006044997554911443055 ) ) ;
#6849 = B_SPLINE_CURVE_WITH_KNOTS ( 'NONE', 3,
 ( #6249, #964, #5122, #6809, #2039, #5190, #2478, #2580, #2003, #4155, #3634, #5753, #1446, #5225, #6841, #4060, #329, #366, #4684, #6711 ),
 .UNSPECIFIED., .F., .F.,
 ( 4, 2, 2, 2, 2, 2, 2, 2, 2, 4 ),
 ( -5.999999999705094355E-08, 0.001476182390493624994, 0.002952424780987247029, 0.003690545976234057505, 0.004428667171480867547, 0.005904909561974486763, 0.007381151952468104245, 0.008857394342961722594, 0.01033363673345534355, 0.01180987912394896450 ),
 .UNSPECIFIED. ) ;
#6850 = CARTESIAN_POINT ( 'NONE',  ( 0.002368460107897980664, 0.01037304223401097625, 0.0009935559193488677828 ) ) ;
#6851 = CARTESIAN_POINT ( 'NONE',  ( -0.004032580742882453488, 0.008939355789306642139, 0.0003122191040780444957 ) ) ;
#6852 = CARTESIAN_POINT ( 'NONE',  ( -0.004139964805134774273, 0.007854645106463329848, 0.004603617608370684511 ) ) ;
#6853 = PRODUCT_RELATED_PRODUCT_CATEGORY ( 'part', '', ( #3403 ) ) ;
#6854 = CARTESIAN_POINT ( 'NONE',  ( 0.002488773034741722200, 0.01012415872151122519, -0.001015535190157773561 ) ) ;
#6855 = EDGE_CURVE ( 'NONE', #3815, #5029, #3943, .T. ) ;
#6856 = CARTESIAN_POINT ( 'NONE',  ( -0.02999360395943372407, 0.008573882665358059998, 0.003078052663881912510 ) ) ;
#6857 = CARTESIAN_POINT ( 'NONE',  ( 0.002335423039737791716, 0.01117528723334592321, -5.169474189803062962E-05 ) ) ;
#6858 = CARTESIAN_POINT ( 'NONE',  ( -0.003083865514015733927, 0.009361925814305390586, 0.0006295646436630680408 ) ) ;
#6859 = EDGE_CURVE ( 'NONE', #700, #5288, #1022, .T. ) ;
#6860 = CARTESIAN_POINT ( 'NONE',  ( -0.1303801673795369487, 0.005357410076657986332, -0.009939846962475552827 ) ) ;
#6861 = CARTESIAN_POINT ( 'NONE',  ( -0.003285590619230813018, 0.01003307119273390453, -0.001751918081717070488 ) ) ;
#6862 = ORIENTED_EDGE ( 'NONE', *, *, #5997, .T. ) ;
#6863 = CARTESIAN_POINT ( 'NONE',  ( -0.001431680676413782903, 0.002331647672120191160, -0.0002540000000000002651 ) ) ;
#6864 = CARTESIAN_POINT ( 'NONE',  ( -0.009144620604526629282, 0.007923112526648354650, 0.003857872993068812983 ) ) ;
#6865 = CARTESIAN_POINT ( 'NONE',  ( 0.002986835865823338990, 0.01166580092942262094, -0.001004141018738058909 ) ) ;
#6866 = CARTESIAN_POINT ( 'NONE',  ( -0.001964677505487365684, 0.0008620754761191383800, -0.005941323582071079794 ) ) ;
#6867 = VERTEX_POINT ( 'NONE', #2943 ) ;
#6868 = CARTESIAN_POINT ( 'NONE',  ( 0.000000000000000000, 0.000000000000000000, 0.000000000000000000 ) ) ;
#6869 = CARTESIAN_POINT ( 'NONE',  ( -0.003219660559766173141, 0.01015896818955057575, 0.001789278389373057066 ) ) ;
#6870 = CARTESIAN_POINT ( 'NONE',  ( -0.005719959116490426834, 0.006902589485411285593, 0.002535590992122560214 ) ) ;
#6871 = CARTESIAN_POINT ( 'NONE',  ( -0.003170360041895614253, 0.01025178127852084155, 0.001816789711075220918 ) ) ;
#6872 = DIRECTION ( 'NONE',  ( -0.000000000000000000, -1.000000000000000000, -0.000000000000000000 ) ) ;
#6873 = VECTOR ( 'NONE', #6454, 1.000000000000000000 ) ;
#6874 = CARTESIAN_POINT ( 'NONE',  ( 0.1024885154807276960, 0.01047622363640320076, -0.002298089056675977401 ) ) ;
#6875 = ORIENTED_EDGE ( 'NONE', *, *, #2718, .T. ) ;
#6876 = CARTESIAN_POINT ( 'NONE',  ( -0.1299999999999999767, 0.005755508000098029549, -0.008952434688442699115 ) ) ;
#6877 = CIRCLE ( 'NONE', #2989, 0.001650999999999999256 ) ;
#6878 = CARTESIAN_POINT ( 'NONE',  ( 0.003279641354377383147, 0.009161621775963520870, -0.0001892058142312201693 ) ) ;
#6879 = CARTESIAN_POINT ( 'NONE',  ( 0.03967421650238051045, -0.0006114436324195257448, 0.01421244208435756308 ) ) ;
#6880 = CARTESIAN_POINT ( 'NONE',  ( 0.1221115132414761356, 0.007998470693695792361, 0.003993663220271200312 ) ) ;
#6881 = CARTESIAN_POINT ( 'NONE',  ( 0.003228324449996007334, 0.009212975800058888914, 0.0003683568940342838013 ) ) ;
#6882 = CARTESIAN_POINT ( 'NONE',  ( -0.003866390285409193606, 0.009153876227319650977, 0.0009683398460032502288 ) ) ;
#6883 = CIRCLE ( 'NONE', #1066, 0.002552700000000010169 ) ;
#6884 = CARTESIAN_POINT ( 'NONE',  ( -1.071991814155956250E-17, 0.001397000000000005876, 0.000000000000000000 ) ) ;
#6885 = CARTESIAN_POINT ( 'NONE',  ( 0.005336084932498687261, 0.007866063682596595094, -0.003474426076438327099 ) ) ;
#6886 = CARTESIAN_POINT ( 'NONE',  ( -0.004643745105038708972, 0.007741020651064483074, 0.004287909438224506500 ) ) ;
#6887 = CARTESIAN_POINT ( 'NONE',  ( -0.04726569508601547592, 0.009894411678342280442, 0.003828357027315057448 ) ) ;
#6888 = EDGE_CURVE ( 'NONE', #2364, #4094, #4364, .T. ) ;
#6889 = CARTESIAN_POINT ( 'NONE',  ( -0.004596143813076096485, 0.008028005124639052068, 0.004235652596389519707 ) ) ;
#6890 = CARTESIAN_POINT ( 'NONE',  ( -0.003184887483900550233, 0.009257046532735633063, 0.0004660543802466002999 ) ) ;
#6891 = CARTESIAN_POINT ( 'NONE',  ( -0.1302460703500424033, 0.005308357454121791913, -0.009971510732744649080 ) ) ;
#6892 = EDGE_CURVE ( 'NONE', #1241, #4775, #2221, .T. ) ;
#6893 = CARTESIAN_POINT ( 'NONE',  ( -0.003767281135076068748, 0.009286912425972031551, -0.001181200116085551850 ) ) ;
#6894 = EDGE_LOOP ( 'NONE', ( #5058, #4532, #6552, #4120 ) ) ;
#6895 = CARTESIAN_POINT ( 'NONE',  ( -0.03349755830554691088, 0.008687041645321108563, 0.003273326816273464633 ) ) ;
#6896 = CARTESIAN_POINT ( 'NONE',  ( 0.002942822147794063765, 0.01102586199465124990, -0.001680832336390393781 ) ) ;
#6897 = CARTESIAN_POINT ( 'NONE',  ( -0.002277704705428190875, 0.01078627604724075040, 0.0008044788249295810973 ) ) ;
#6898 = CARTESIAN_POINT ( 'NONE',  ( 0.000000000000000000, 0.000000000000000000, 0.000000000000000000 ) ) ;
#6899 = ORIENTED_EDGE ( 'NONE', *, *, #3326, .T. ) ;
#6900 = ITEM_DEFINED_TRANSFORMATION ( 'NONE', 'NONE', #2142,  #3950 ) ;
#6901 = ORIENTED_EDGE ( 'NONE', *, *, #3451, .T. ) ;
#6902 = CARTESIAN_POINT ( 'NONE',  ( -0.003132728447372241671, 0.01034534133302931862, 0.001819521145817741287 ) ) ;
#6903 = CARTESIAN_POINT ( 'NONE',  ( -0.006250591993941839210, 0.005313405638391798837, 0.0002426584660036211960 ) ) ;
#6904 = DIRECTION ( 'NONE',  ( -1.347951312663287604E-16, -0.000000000000000000, 1.000000000000000000 ) ) ;
#6905 = CARTESIAN_POINT ( 'NONE',  ( 0.000000000000000000, 0.000000000000000000, 0.000000000000000000 ) ) ;
#6906 = PLANE ( 'NONE',  #1117 ) ;
#6907 = CARTESIAN_POINT ( 'NONE',  ( 0.1299999999999998657, 0.0009272060036111771930, 0.01805103811087642798 ) ) ;
#6908 = VERTEX_POINT ( 'NONE', #3355 ) ;
#6909 = CARTESIAN_POINT ( 'NONE',  ( -0.005788081644819820411, 0.007562180216400571885, 0.002376632363361966434 ) ) ;
#6910 = CARTESIAN_POINT ( 'NONE',  ( 0.003718702081091504116, 0.009353954015087694376, -0.001267151766715020247 ) ) ;
#6911 = CARTESIAN_POINT ( 'NONE',  ( -0.002323978452039403720, 0.01015999999999832142, -0.001016000000007534097 ) ) ;
#6912 = CARTESIAN_POINT ( 'NONE',  ( 0.003349150860987380306, 0.001146755730243781413, 0.005285613137359600026 ) ) ;
#6913 = CARTESIAN_POINT ( 'NONE',  ( 0.1283572795164283076, 0.006633875444305892440, 0.007058429578353960822 ) ) ;
#6914 = CARTESIAN_POINT ( 'NONE',  ( -0.003292009740108806093, 0.009149348996525273614, 0.0001097139801873422602 ) ) ;
#6915 = CARTESIAN_POINT ( 'NONE',  ( -0.002445228830612217706, 0.01020360670910386985, -0.001015571442872046379 ) ) ;
#6916 = CARTESIAN_POINT ( 'NONE',  ( 0.004573808175515054267, 0.007649285579366754684, -0.004259434090767421667 ) ) ;
#6917 = CARTESIAN_POINT ( 'NONE',  ( 0.006281663137173495483, 0.006560218563257468050, -0.0009911200883795103726 ) ) ;
#6918 = CARTESIAN_POINT ( 'NONE',  ( -0.005785399887507470390, 0.007565370623306769994, 0.002382990273052243771 ) ) ;
#6919 = CARTESIAN_POINT ( 'NONE',  ( -0.004524218918954311074, 0.001968272969243856692, -0.004380551281543132447 ) ) ;
#6920 = DIRECTION ( 'NONE',  ( 8.659560562355019140E-17, -0.7071067811865404673, 0.7071067811865545671 ) ) ;
#6921 = CARTESIAN_POINT ( 'NONE',  ( -0.003241643978088121561, 0.009199576010174839377, -0.0003318574085030673282 ) ) ;
#6922 = DIRECTION ( 'NONE',  ( 0.000000000000000000, -0.000000000000000000, 1.000000000000000000 ) ) ;
#6923 = CARTESIAN_POINT ( 'NONE',  ( -0.003721269701872048034, 0.009350285407418333292, -0.001263578789529923004 ) ) ;
#6924 = CARTESIAN_POINT ( 'NONE',  ( 0.004631615120808905799, 0.008031864869413738589, -0.004196503469877549929 ) ) ;
#6925 = ORIENTED_EDGE ( 'NONE', *, *, #2702, .T. ) ;
#6926 = CARTESIAN_POINT ( 'NONE',  ( 0.01135292548726809896, 0.007897306790226849005, -0.003638300110880011897 ) ) ;
#6927 = CARTESIAN_POINT ( 'NONE',  ( -0.04556962538101896887, 0.009795787863017903913, 0.004544450929922550647 ) ) ;
#6928 = CONICAL_SURFACE ( 'NONE', #3936, 0.003809999999999999585, 0.1090546584432373345 ) ;
#6929 = CARTESIAN_POINT ( 'NONE',  ( 0.002936491667490558760, 0.01136737453793745974, -0.001425996149608676046 ) ) ;
#6930 = DIRECTION ( 'NONE',  ( 9.484135310589723205E-16, 1.000000000000000000, -0.000000000000000000 ) ) ;
#6931 = CARTESIAN_POINT ( 'NONE',  ( -0.0002540000000000001024, 0.02225040000000000351, -0.002884438135928730530 ) ) ;
#6932 = ORIENTED_EDGE ( 'NONE', *, *, #693, .F. ) ;
#6933 =( LENGTH_UNIT ( ) NAMED_UNIT ( * ) SI_UNIT ( $, .METRE. ) );
#6934 = EDGE_LOOP ( 'NONE', ( #2590, #3436, #5490, #3427, #4560 ) ) ;
#6935 = CARTESIAN_POINT ( 'NONE',  ( -0.003414844324678404600, 0.009808832404104570954, 0.001651980905200398520 ) ) ;
#6936 = EDGE_CURVE ( 'NONE', #1321, #6811, #5826, .T. ) ;
#6937 = CIRCLE ( 'NONE', #5488, 0.002552700000000011470 ) ;
#6938 = CARTESIAN_POINT ( 'NONE',  ( 0.004516033713513188663, 0.007850831973517788040, -0.004357399238817985868 ) ) ;
#6939 = B_SPLINE_CURVE_WITH_KNOTS ( 'NONE', 3,
 ( #4518, #5582, #5473, #1763 ),
 .UNSPECIFIED., .F., .F.,
 ( 4, 4 ),
 ( 0.007917244418264276010, 0.01310866743548944925 ),
 .UNSPECIFIED. ) ;
#6940 = CARTESIAN_POINT ( 'NONE',  ( 0.0002539999999999998314, 0.0007034714342214828811, 0.001445268041901130772 ) ) ;
#6941 = DIRECTION ( 'NONE',  ( 0.000000000000000000, 0.000000000000000000, -1.000000000000000000 ) ) ;
#6942 = DIRECTION ( 'NONE',  ( -0.000000000000000000, 1.000000000000000000, -0.000000000000000000 ) ) ;
#6943 = CARTESIAN_POINT ( 'NONE',  ( 0.01084006560096540707, 0.007882900136151864065, -0.002081882532557415878 ) ) ;
#6944 = ADVANCED_FACE ( 'NONE', ( #1134 ), #5999, .F. ) ;
#6945 = AXIS2_PLACEMENT_3D ( 'NONE', #6602, #3287, #2219 ) ;
#6946 = CIRCLE ( 'NONE', #4707, 0.002449999999999999921 ) ;
#6947 = VERTEX_POINT ( 'NONE', #3428 ) ;
#6948 = CARTESIAN_POINT ( 'NONE',  ( -0.004643745105038708972, 0.007741020651064483074, 0.004287909438224506500 ) ) ;
#6949 = NEXT_ASSEMBLY_USAGE_OCCURRENCE ( 'NAUO1', ' ', ' ', #3231, #1158, $ ) ;
#6950 = NEXT_ASSEMBLY_USAGE_OCCURRENCE ( 'NAUO2', ' ', ' ', #3231, #3657, $ ) ;
#6951 = NEXT_ASSEMBLY_USAGE_OCCURRENCE ( 'NAUO3', ' ', ' ', #3231, #5393, $ ) ;
#6952 = NEXT_ASSEMBLY_USAGE_OCCURRENCE ( 'NAUO4', ' ', ' ', #3231, #2709, $ ) ;
ENDSEC;
END-ISO-10303-21;
